distinct_id,total_events,agent_usage_count,ai_adoption_index,days_active,session_count,session_depth_score,unique_event_types,onboarding_complete,has_used_agent,has_deployed,is_python_user,total_credits_used,unique_canvases,first_event_date,last_event_date,observation_days,time_to_first_agent_minutes,feature_breadth_score,churn_velocity,tool_diversity_count,avg_credit_per_transaction,python_sdk_share,churn_label
c6b7194076615a080564b652d1074060ebaed4f5b7d96802a309139f7dd47eb4,13,7,0.5385,1,2,6.5,10,0,1,0,0,0.0,1,2025-09-01 11:49:45.232,2025-09-01 11:52:26.452,1.0,0.9,0.0709,0.0,0,0.0,0.0,1
395cb81ce8c15979c62d3cec4f1ddf6194039bce9e6c444b7ef710d243e80bea,41,14,0.3415,1,5,8.2,25,1,1,0,1,0.0,2,2025-09-01 07:01:31.873,2025-09-01 18:46:51.246,1.0,594.87,0.1773,0.0,0,0.0,0.1951,1
a203c45ab8f85708273ff5dba350f7876d801fecf6d7b36dbd656bc22076d60f,10,0,0.0,1,2,5.0,10,1,0,0,0,0.0,1,2025-09-01 19:30:54.982,2025-09-01 19:32:06.038,1.0,-1.0,0.0709,0.0,0,0.0,0.0,1
3556400940f8e6b99c172ce4d4a04f40df0da1a299c58faa400fc2f4b9621950,7387,9,0.0012,67,303,24.38,58,0,1,1,1,0.0,26,2025-09-01 07:51:04.304,2025-12-08 16:43:07.955,98.37,95169.37,0.4113,-3.9469,0,0.0009844958785552318,0.3344,0
c61a6edc3c8f3d03f17f6dc4925871704b3fdef62f29ddf300c257bb25eb681d,28,12,0.4286,2,9,3.11,15,0,1,0,0,0.0,3,2025-09-01 00:29:07.495,2025-09-02 00:54:12.689,1.02,3.06,0.1064,0.0,0,0.0,0.0,1
4c21057ae52fca84e0c222d0eda6f861a78b71fcbbd4a4169a5fd2564b83d0ec,1943,902,0.4642,40,152,12.78,39,0,1,0,1,0.0,24,2025-09-01 14:02:24.838,2025-12-08 17:31:51.534,98.15,153.06,0.2766,0.6066,8,0.019675993118110236,0.7375,0
bef485e68423b5233eb5ed60295477cf0f0da28ccc889e6224ae96524dd4837a,51,1,0.0196,2,5,10.2,22,1,1,0,0,0.0,2,2025-09-01 20:30:33.369,2025-09-02 07:58:23.097,1.0,1.3,0.156,0.0,0,0.0,0.0,1
983eb4309f19406263c295eddfad7d157b7ccc450835d7f3f772dbf968e58bcf,1,0,0.0,1,1,1.0,1,0,0,0,0,0.0,0,2025-09-01 14:25:13.844,2025-09-01 14:25:13.844,1.0,-1.0,0.0071,0.0,0,0.0,0.0,1
b1856d6304a4e5adc81f56b609f4847136812d65821b926ec7cbeadd4009cfc6,14,1,0.0714,1,3,4.67,14,1,1,0,0,0.0,1,2025-09-01 14:52:03.963,2025-09-01 14:53:29.241,1.0,0.89,0.0993,0.0,0,0.0,0.0,1
fc9505d392a40ccc1708e3a8756d280966ec60f21aaf99917b0b803d46d88136,180,180,1.0,1,1,180.0,2,0,1,0,1,0.0,0,2025-09-01 15:19:53.788,2025-09-01 16:59:38.466,1.0,0.0,0.0142,0.0,0,0.0,1.0,1
805ccccbb9084a0ab86c9849781240e7a313ce62574512148315a5c0dd5be2c3,38,8,0.2105,1,4,9.5,24,1,1,0,0,0.0,2,2025-09-01 18:47:06.646,2025-09-01 18:59:12.309,1.0,1.46,0.1702,0.0,0,0.0,0.0,1
dc4c51771165a2f24ba7cb153473eedf32b016cc88afc7362a227e95b2bdadd9,24,1,0.0417,1,3,8.0,17,1,1,0,0,0.0,1,2025-09-01 08:30:50.410,2025-09-01 08:37:10.159,1.0,0.87,0.1206,0.0,0,0.0,0.0,1
8e54d78544c3b51febb377a8edee6e1550e2f92c3ce365b076ef3879ead46cf3,4930,1324,0.2686,68,276,17.86,69,1,1,1,1,0.0,31,2025-09-01 08:55:36.480,2025-12-08 16:28:42.924,98.31,230.75,0.4894,-4.2816,10,0.0009016187411167513,0.829,0
6c4690bc867f3883acb226e19347b281188b366b13c244712d3026ba8a9cefc0,2,1,0.5,1,1,2.0,2,0,1,0,0,0.0,0,2025-09-01 13:35:18.004,2025-09-01 13:42:46.947,1.0,0.0,0.0142,0.0,0,0.0,0.0,1
d7b9de9a0619285b46a3fe2568e01a69c03019a02fed48ea5f2116754d46a7f8,49,10,0.2041,1,8,6.12,27,1,1,0,1,0.0,2,2025-09-01 13:33:30.083,2025-09-01 13:47:27.474,1.0,1.57,0.1915,0.0,0,0.0,0.0612,1
6675cb542e5eb334d69ac1e8031cfd507fa72552eb76a43cd275d4baf99a983f,1,0,0.0,1,1,1.0,1,0,0,0,0,0.0,0,2025-09-01 13:16:56.592,2025-09-01 13:16:56.592,1.0,-1.0,0.0071,0.0,0,0.0,0.0,1
4a0e423ffdd35239b06e0b4d9e10348539d1e1642abcef37598ad7f90bbecc2c,196,190,0.9694,3,5,39.2,12,0,1,0,1,0.0,2,2025-09-01 13:51:56.277,2025-09-03 13:19:58.844,1.98,1.84,0.0851,0.0,0,0.0,0.9082,1
e4f777d1474982f7c31ad8ed015185231353826a57dd6a024fc8fd6000f05d70,549,544,0.9909,2,7,78.43,11,0,1,0,1,0.0,2,2025-09-01 13:42:46.956,2025-09-02 11:42:05.877,1.0,2.28,0.078,0.0,0,0.0,0.9763,1
513c8744d9a03c5b44dfc6d680b532d65f585558d9e01409d37485b8b1f266e5,2,1,0.5,2,2,1.0,2,0,1,0,0,0.0,0,2025-09-01 10:38:49.952,2025-11-09 09:30:20.207,68.95,0.0,0.0142,0.0,0,0.0,0.0,1
d222e2f9e497769e0cc84787ff118012762b23e999aff028dd3db197f208fd63,5,0,0.0,1,1,5.0,3,0,0,0,0,0.0,0,2025-09-01 12:58:29.527,2025-09-01 13:07:39.565,1.0,-1.0,0.0213,0.0,0,0.0,0.0,1
fb0a1b0c3f012184729d51343f13f46bc7c2bfedb08ef0e8d8397469c2ee36a8,1,0,0.0,1,1,1.0,1,0,0,0,0,0.0,0,2025-09-01 15:51:17.385,2025-09-01 15:51:17.385,1.0,-1.0,0.0071,0.0,0,0.0,0.0,1
0a8a599eaa43f801746a043b96c89bfc33d9d1861ed85f9a301f31e47f109c07,20,16,0.8,2,3,6.67,8,0,1,0,1,0.0,1,2025-09-01 23:49:24.000,2025-09-02 20:53:56.749,1.0,1.14,0.0567,0.0,0,0.0,0.6,1
b426d1e4f440db4e56438d490d7e27d41e5b595a21b986c564c837ac47c7860d,5837,3161,0.5415,55,303,19.26,68,1,1,0,1,0.0,78,2025-09-01 07:43:43.475,2025-12-08 15:34:39.682,98.33,0.2,0.4823,-0.1055,10,0.026255623248081842,0.7545,0
a25e19d01d347aa8701d11703d32f761dc25cb3d17763dfc1beb1b6ef2940dbb,28,1,0.0357,13,17,1.65,14,1,1,0,0,0.0,1,2025-09-01 18:41:33.989,2025-10-01 11:16:53.410,29.69,46.51,0.0993,0.8,0,0.0,0.0,1
ebc92ef75d7d611a880ee31af5af8762a9d3bba8ef65fbc391d3588af8145661,17395,1047,0.0602,69,379,45.9,63,0,1,0,1,0.0,31,2025-09-01 04:33:45.463,2025-12-08 13:31:06.432,98.37,10327.42,0.4468,-3.2874,9,0.0030137012816609,0.4667,0
26d8a778b07cd25f903ff4c16c6496c0c53c4141c95cdca7a6b32717f89f8ca5,4,0,0.0,1,1,4.0,2,0,0,0,0,0.0,1,2025-09-01 12:59:29.850,2025-09-01 13:00:07.412,1.0,-1.0,0.0142,0.0,0,0.0,0.0,1
ba72f7cddce5d7769c226216fb5032ea9a77564a9dd440a23041c2d0726e70f6,23,11,0.4783,1,2,11.5,10,0,1,0,1,0.0,1,2025-09-01 13:11:01.916,2025-09-01 13:20:18.515,1.0,1.13,0.0709,0.0,0,0.0,0.3043,1
49878fb1735090acc370094722410d790235188b1e0d4b434dc82f75ebfbafb7,4,1,0.25,1,2,2.0,4,0,1,0,0,0.0,1,2025-09-01 11:32:59.500,2025-09-01 11:37:28.386,1.0,2.93,0.0284,0.0,0,0.0,0.0,1
1743b5c6cb31bc836c4333a7789eac00e01b3ede7f1dbb061f7fec5f1753dd71,162,154,0.9506,2,4,40.5,14,0,1,0,1,0.0,1,2025-09-01 14:14:31.351,2025-09-02 08:39:50.981,1.0,0.61,0.0993,0.0,0,0.0,0.8951,1
4717158faaf81012fafbfb103a85a31ce2b0a46339d76961872994ead243912a,47,1,0.0213,2,6,7.83,19,1,1,0,0,0.0,3,2025-09-01 16:04:04.145,2025-09-03 22:02:32.283,2.25,0.43,0.1348,0.0,0,0.0,0.0,1
1e7b487f198cb247aee69c49afe737ede6166d4e445b6160173f05b0ede855ad,5979,15,0.0025,63,86,69.52,27,0,1,0,1,0.0,8,2025-09-01 03:24:45.750,2025-12-08 23:10:19.610,98.82,53569.55,0.1915,-5.0763,0,0.00099289174521951,0.9612,0
c23d1f41b2f378073e2eff48881a6e8d34397c8b2d8db1e0d22ff4706b647a3a,6,0,0.0,1,1,6.0,4,0,0,0,0,0.0,1,2025-09-01 02:03:24.764,2025-09-01 02:04:11.889,1.0,-1.0,0.0284,0.0,0,0.0,0.0,1
004e82f7910898ccd7aaa55b40b8be7915574c4a3894b5b57d83302c13c25372,12513,12,0.001,66,189,66.21,32,0,1,0,1,0.0,16,2025-09-01 11:49:52.062,2025-12-08 18:17:46.265,98.27,132452.16,0.227,-0.6112,0,0.0022059930881930478,0.3114,0
8e4f2e5e0c1034340b1130f71693bcbc2ddd157287ea704b56e07f551966eaf8,3229,931,0.2883,64,290,11.13,45,0,1,0,1,0.0,22,2025-09-01 00:03:11.704,2025-12-03 16:59:48.802,93.71,9.36,0.3191,0.7772,9,0.015804161033312447,0.3772,0
d79004d29a867e31285d48e13cb15242c9f88b88dbcb000d724c5af4b32dd9be,1,0,0.0,1,1,1.0,1,0,0,0,0,0.0,0,2025-09-01 04:30:29.719,2025-09-01 04:30:29.719,1.0,-1.0,0.0071,0.0,0,0.0,0.0,1
054a356243a9b2ab0189b180177043d3792e8e4f8d6a8128aece3262c413354f,3,1,0.3333,1,1,3.0,3,0,1,0,0,0.0,0,2025-09-01 11:26:21.301,2025-09-01 11:27:11.497,1.0,0.84,0.0213,0.0,0,0.0,0.0,1
31375f36f898346845939f92b350767a8abc9a1881b91a7c62623798a24a7349,22,20,0.9091,1,2,11.0,8,0,1,0,1,0.0,1,2025-09-01 13:16:56.600,2025-09-01 13:46:13.554,1.0,0.64,0.0567,0.0,0,0.0,0.8182,1
ee9e4b58f645c61e4879bc7830b0c2be7d9b4f2b7be0f1efc723d918360def17,13,1,0.0769,1,2,6.5,13,1,1,0,0,0.0,1,2025-09-01 11:29:29.761,2025-09-01 11:31:24.407,1.0,1.77,0.0922,0.0,0,0.0,0.0,1
96ae0a2b9175b2b8c1b89039b1cf760978d4a5ac80f48b0dcb16a2a108df4c1f,1,0,0.0,1,1,1.0,1,0,0,0,0,0.0,0,2025-09-01 12:40:38.590,2025-09-01 12:40:38.590,1.0,-1.0,0.0071,0.0,0,0.0,0.0,1
37ab319ad1765227b452c72e665cb4d814ed7d06c029a4640a03e07f74b5c199,1,0,0.0,1,1,1.0,1,0,0,0,0,0.0,0,2025-09-01 08:34:56.772,2025-09-01 08:34:56.772,1.0,-1.0,0.0071,0.0,0,0.0,0.0,1
1cf7078566eecd0d5cf248cb478eedcf210129481093984d56852b872a9e4625,1,0,0.0,1,1,1.0,1,0,0,0,0,0.0,0,2025-09-01 09:22:49.764,2025-09-01 09:22:49.764,1.0,-1.0,0.0071,0.0,0,0.0,0.0,1
010647bc73310c2a4b8c0b07422cb8d8e5c060e1ec0d9e3442da029833252b3a,257,257,1.0,1,1,257.0,3,0,1,0,1,0.0,0,2025-09-01 15:15:52.917,2025-09-01 17:22:46.109,1.0,0.0,0.0213,0.0,0,0.0,1.0,1
fe7f6adec0a94976bf4c0f57ed8adf5bed8a4c97e892378c179359b67cea5915,6172,2317,0.3754,71,510,12.1,87,1,1,1,1,0.0,77,2025-09-01 11:06:53.036,2025-12-08 23:52:30.085,98.53,4.15,0.617,-4.0397,9,0.027975090244037715,0.5972,0
d23ec551e9605e2bc6d019723dd4b709daabb4c33a8117d80da3e4e50f8963df,15,3,0.2,1,2,7.5,11,0,1,0,0,0.0,1,2025-09-01 14:42:57.147,2025-09-01 14:59:51.563,1.0,1.65,0.078,0.0,0,0.0,0.0,1
1e2c3eaab92e0d7edd42f3d4e485c8f7209d48fb96545af0f529ed78f75dc9e1,34,31,0.9118,2,5,6.8,6,0,1,0,1,0.0,2,2025-09-01 16:48:29.591,2025-09-03 10:25:13.145,1.73,7.79,0.0426,0.0,0,0.0,0.4706,1
9b1f2e40ea796cb10e73901c51b0169552043bca0c9b174ba1acc8533e6f57be,619,98,0.1583,28,85,7.28,34,0,1,1,1,0.0,15,2025-09-01 11:47:35.896,2025-12-04 09:39:21.278,93.91,40801.2,0.2411,0.881,8,0.00030850324675324675,0.2439,0
7024fa02112d8c525cc3668d1d6157d06db0938504013e63506ce1082e435944,2,0,0.0,1,1,2.0,2,0,0,0,0,0.0,0,2025-09-01 19:01:34.254,2025-09-01 19:01:34.436,1.0,-1.0,0.0142,0.0,0,0.0,0.0,1
d7bc4957dc14b70f7e619e2cdda346765513c5bcc1660af91a7101d5febdfcab,296,12,0.0405,35,101,2.93,37,1,1,1,1,0.0,12,2025-09-01 08:08:48.210,2025-12-08 12:18:34.454,98.17,0.06,0.2624,0.6207,0,0.0,0.0034,0
52a73261ee19451b45f04cba0bf2f3ac37079fec37502b3ce28cbb8ab88ee843,14,0,0.0,1,2,7.0,10,1,0,0,0,0.0,1,2025-09-01 07:39:08.409,2025-09-01 08:00:01.893,1.0,-1.0,0.0709,0.0,0,0.0,0.0,1
e1e8adbbb6529ecf125c22551088050d43afb29f515d112f3a66d9c1e39ed7a2,1,0,0.0,1,1,1.0,1,0,0,0,0,0.0,0,2025-09-01 10:37:57.519,2025-09-01 10:37:57.519,1.0,-1.0,0.0071,0.0,0,0.0,0.0,1
9e116a52de760a00fa982b69c76529bbb3cc7c1bc032922469a35ce675fad775,2,2,1.0,1,1,2.0,2,0,1,0,0,0.0,0,2025-09-01 22:31:46.263,2025-09-01 22:31:52.878,1.0,0.0,0.0142,0.0,0,0.0,0.0,1
006ca69f47725a686cd3dbeeb677a759e26fa39e7d28bf004f73488e060db491,16,1,0.0625,2,4,4.0,16,1,1,0,0,0.0,2,2025-09-01 11:12:18.523,2025-09-02 08:14:07.676,1.0,1.6,0.1135,0.0,0,0.0,0.0,1
248d3688bcf9d0404fdfdd70ab289e67dbfe9513e48a3b2748188576e9e3244c,3,1,0.3333,1,1,3.0,3,0,1,0,0,0.0,0,2025-09-01 23:22:09.715,2025-09-01 23:24:55.979,1.0,2.77,0.0213,0.0,0,0.0,0.0,1
ccc9b4c7700617eb240b613334f8090605ceda8e8ac85d6bc630d3f577443646,1,0,0.0,1,1,1.0,1,0,0,0,0,0.0,0,2025-09-01 16:32:16.136,2025-09-01 16:32:16.136,1.0,-1.0,0.0071,0.0,0,0.0,0.0,1
d36f5dccedb7df6e67f833efa0838a188cd5cabd9e6c531f4d8fc8986167da0e,2,0,0.0,1,1,2.0,2,0,0,0,0,0.0,0,2025-09-01 12:59:37.155,2025-09-01 12:59:37.216,1.0,-1.0,0.0142,0.0,0,0.0,0.0,1
b09e318a9ad3e0dd4d97d92002a517b12ec9df2954ef1d72e892ffc52d250ad7,4,1,0.25,1,1,4.0,4,0,1,0,0,0.0,0,2025-09-01 21:12:13.616,2025-09-01 21:12:53.671,1.0,0.52,0.0284,0.0,0,0.0,0.0,1
8bc10e461056eecadbdc8d334d788fa5bbefa79c7075ae4f72505a363fd905a5,3,2,0.6667,1,1,3.0,3,0,1,0,0,0.0,0,2025-09-01 15:53:31.618,2025-09-01 16:04:04.139,1.0,0.0,0.0213,0.0,0,0.0,0.0,1
e42bfc48b335bcb71d41a56d22f861b3f2fd73efb67fbfd1dc25c95d915ba4a7,6,4,0.6667,2,4,1.5,2,0,1,0,0,0.0,1,2025-09-01 17:29:35.791,2025-09-02 21:45:32.432,1.18,0.09,0.0142,0.0,0,0.0,0.0,1
8a039bf2c617f3b63da391177c267d16c5aab67a9819648174ebfcc34c436168,2,1,0.5,1,1,2.0,2,0,1,0,0,0.0,0,2025-09-01 22:04:17.080,2025-09-01 22:39:06.604,1.0,0.0,0.0142,0.0,0,0.0,0.0,1
12607c3ef9e0f596b7472825a45545a3cde3804d814ce8faeccfe0f13c26aa77,2,0,0.0,1,1,2.0,2,0,0,0,0,0.0,0,2025-09-01 20:52:29.902,2025-09-01 20:52:30.084,1.0,-1.0,0.0142,0.0,0,0.0,0.0,1
67ae175b64d4a7fa09100c742242a6744acd64366aeeed7cd4d2c473ac9c660e,5,3,0.6,1,2,2.5,4,0,1,0,0,0.0,1,2025-09-01 15:42:01.900,2025-09-01 15:52:00.302,1.0,0.36,0.0284,0.0,0,0.0,0.0,1
5f7abd088d3691d95d7fe71eeee01216d82a78ee3013ff71ad98cf8f2a1f67ef,7,2,0.2857,1,4,1.75,5,0,1,0,0,0.0,1,2025-09-01 21:52:35.609,2025-09-01 21:56:16.802,1.0,1.49,0.0355,0.0,0,0.0,0.0,1
93ca823bd512407e4ab4169cab6bd3cbe0913ba3ffc186356cef0a0ecf685e62,2,0,0.0,1,1,2.0,2,0,0,0,0,0.0,1,2025-09-01 16:32:38.410,2025-09-01 16:33:20.827,1.0,-1.0,0.0142,0.0,0,0.0,0.0,1
d5797032714ed7ee37287295820086a7f193bedd1b4114aa420191fcb2a5f9f8,13,0,0.0,8,13,1.0,1,0,0,0,0,0.0,0,2025-09-01 02:12:10.923,2025-09-23 20:58:53.577,22.78,-1.0,0.0071,0.2857,0,0.0,0.0,1
3ccb11dd9a6aedb96e4abdd7ef1c6600a6567e13b6a4f43a123f16a22876e996,1,1,1.0,1,1,1.0,1,0,1,0,0,0.0,0,2025-09-01 04:44:39.287,2025-09-01 04:44:39.287,1.0,0.0,0.0071,0.0,0,0.0,0.0,1
df7c6669e423d05d97c692d242afa5b8fab2eac5682262cd26bda21ab026499a,14,10,0.7143,1,2,7.0,8,0,1,0,0,0.0,1,2025-09-01 04:58:09.179,2025-09-01 05:00:33.644,1.0,0.38,0.0567,0.0,0,0.0,0.0,1
cd6c1387d978f99b7273d57caebac0df9bc2a340ce306d2c40ea925c94b93b96,7,2,0.2857,3,4,1.75,5,0,1,0,0,0.0,1,2025-09-01 09:16:37.515,2025-09-04 12:04:38.678,3.12,4.54,0.0355,0.0,0,0.0,0.0,1
11aabe21cbe26367d9dbd1ab5ee07f469974c5abdc3b61274edd4e3ec04bcb77,5,2,0.4,1,2,2.5,4,0,1,0,0,0.0,1,2025-09-01 07:58:05.119,2025-09-01 07:58:24.198,1.0,0.32,0.0284,0.0,0,0.0,0.0,1
578903567bab58b47aba6c6bc0f618482cb909406a73759b271a4087bf12ca53,225,2,0.0089,16,41,5.49,13,0,1,0,1,0.0,1,2025-09-01 13:22:09.921,2025-12-05 09:10:36.300,94.83,56043.05,0.0922,0.5741,0,0.001159491111111111,0.04,0
172c47aa926b129d381760fdaf38772a91b64217d24f084c65912ab6cf9999cb,34,27,0.7941,1,2,17.0,16,0,1,0,1,0.0,1,2025-09-01 14:50:28.230,2025-09-01 15:12:07.918,1.0,2.93,0.1135,0.0,0,0.0,0.5588,1
64d0b5e1067ccd09f8cce9dea846c34b5d9a602633b0b47fcd0c3cc8d361bbfa,6116,2954,0.483,37,138,44.32,64,0,1,0,1,0.0,58,2025-09-01 18:03:15.965,2025-12-04 18:12:28.675,94.01,1393.89,0.4539,-2.8271,10,0.025200753369796616,0.7987,0
e1cc4e33c8ad17c265da9d0e9b8724325cec975b9b44e0bd540f56e0419a5fd7,2,1,0.5,1,1,2.0,2,0,1,0,0,0.0,0,2025-09-01 15:39:52.341,2025-09-01 15:42:01.895,1.0,0.0,0.0142,0.0,0,0.0,0.0,1
a5ec30b601ca054ff124cc74d57daa6139c16cd376e1b00743f624a1344e7528,2,2,1.0,1,1,2.0,2,0,1,0,0,0.0,0,2025-09-01 23:12:48.260,2025-09-01 23:12:52.752,1.0,0.0,0.0142,0.0,0,0.0,0.0,1
c56cf59711c734c04779bdfb36df51684c6730652620a2af4690c371adfd23a1,2,0,0.0,1,1,2.0,2,0,0,0,0,0.0,0,2025-09-01 13:53:27.889,2025-09-01 13:53:27.978,1.0,-1.0,0.0142,0.0,0,0.0,0.0,1
d4fe0605afcfc66debf4c4f87d758e6a4be16358c7e3e91078aa3885c96d2080,3,0,0.0,1,1,3.0,3,0,0,0,0,0.0,0,2025-09-01 13:52:43.937,2025-09-01 13:55:04.630,1.0,-1.0,0.0213,0.0,0,0.0,0.0,1
804bb3a18e5c80695ee4d5c108de6da190422352f5998d203c32f82a2102ab1e,26,4,0.1538,2,4,6.5,14,0,1,0,0,0.0,1,2025-09-01 16:15:51.092,2025-10-04 12:00:30.776,32.82,0.51,0.0993,-0.1667,0,0.0,0.0,1
2b3169daf83d87474720aa3f437d1be6bcfb8b13687b4085efe4343be7e4887e,1,0,0.0,1,1,1.0,1,0,0,0,0,0.0,0,2025-09-01 14:50:28.221,2025-09-01 14:50:28.221,1.0,-1.0,0.0071,0.0,0,0.0,0.0,1
1ee2d71802f836666313bedce9e339c03ca7142289fb10c674276afb12cc4ba3,1,0,0.0,1,1,1.0,1,0,0,0,0,0.0,0,2025-09-01 13:51:56.268,2025-09-01 13:51:56.268,1.0,-1.0,0.0071,0.0,0,0.0,0.0,1
0172673f6dc88f4ed20d047790390f52af834a2570288e262baf554064da2b17,1,1,1.0,1,1,1.0,1,0,1,0,0,0.0,0,2025-09-01 20:15:06.718,2025-09-01 20:15:06.718,1.0,0.0,0.0071,0.0,0,0.0,0.0,1
bbd264d03eda07b691a98ee24142215d69c92c55630c54485c5a660a65d87531,1,1,1.0,1,1,1.0,1,0,1,0,0,0.0,0,2025-09-01 17:58:15.237,2025-09-01 17:58:15.237,1.0,0.0,0.0071,0.0,0,0.0,0.0,1
74a4534e64254baf36044bf55d9c8675542f59ae702e0c7d9f8a9ebcc6e931a4,1,0,0.0,1,1,1.0,1,0,0,0,0,0.0,1,2025-09-01 08:25:34.974,2025-09-01 08:25:34.974,1.0,-1.0,0.0071,0.0,0,0.0,0.0,1
bab21d2807489127812b04a22e7191c7783ca62398e865b6baec2d9d4e67fbb8,2,0,0.0,1,1,2.0,2,0,0,0,0,0.0,0,2025-09-01 04:30:29.733,2025-09-01 04:30:29.897,1.0,-1.0,0.0142,0.0,0,0.0,0.0,1
fa17710ed80d8662ba24aeaa22b5caf24efd0dd85e0b584cac4bdb3052a9f43b,2,0,0.0,1,1,2.0,2,0,0,0,0,0.0,0,2025-09-01 15:37:32.311,2025-09-01 15:37:32.383,1.0,-1.0,0.0142,0.0,0,0.0,0.0,1
727cb7f904742c5c5bbf8197b3298a9ce499d684f3404d48383521bf4a642abd,185,48,0.2595,23,38,4.87,19,0,1,0,1,0.0,8,2025-09-01 10:39:07.755,2025-12-01 09:09:28.280,90.94,8476.19,0.1348,-42.3333,1,0.0179508964,0.6216,0
4ece64fafa7ec0ec624c33a0bba39b6be6c6887fef9ec2d299c280967b078d58,1,0,0.0,1,1,1.0,1,0,0,0,0,0.0,0,2025-09-01 07:58:05.108,2025-09-01 07:58:05.108,1.0,-1.0,0.0071,0.0,0,0.0,0.0,1
6da9c7e3058451542efe28d6cc57e47a03469cfcf6f1b339b60db3edd2936647,2,0,0.0,1,1,2.0,2,0,0,0,0,0.0,0,2025-09-01 22:39:06.621,2025-09-01 22:39:06.944,1.0,-1.0,0.0142,0.0,0,0.0,0.0,1
7cfe078d6cf343a8d68e865a5f54f1e95bd1549a9aa6ff89c892f9c91a2b24c5,1,0,0.0,1,1,1.0,1,0,0,0,0,0.0,0,2025-09-01 11:49:45.226,2025-09-01 11:49:45.226,1.0,-1.0,0.0071,0.0,0,0.0,0.0,1
2abd545e16711c8e7cad7eb44fe31a97381e76790da97d6d7f3ba3c1f30b7011,3,0,0.0,1,1,3.0,3,0,0,0,0,0.0,0,2025-09-01 15:51:17.395,2025-09-01 15:53:12.747,1.0,-1.0,0.0213,0.0,0,0.0,0.0,1
04d781cceaf63e1d502eda1184dba6e51321119924297a550a1afce518a03114,1,0,0.0,1,1,1.0,1,0,0,0,0,0.0,0,2025-09-01 13:52:43.929,2025-09-01 13:52:43.929,1.0,-1.0,0.0071,0.0,0,0.0,0.0,1
ac6148edab00b349763abba2e2bc0e9a4bb872c8681c6329bc424102af982113,96,42,0.4375,3,4,24.0,18,0,1,0,1,0.0,3,2025-09-01 13:30:04.180,2025-11-18 07:03:38.915,77.73,0.64,0.1277,-8.6667,1,0.017816682916666667,0.7812,1
295f9bc2dc5c1168b0b9e267f5088c6e0ac5bf4e938ba9c0fa20fa1aa1be4369,1,0,0.0,1,1,1.0,1,0,0,0,0,0.0,0,2025-09-01 18:11:34.020,2025-09-01 18:11:34.020,1.0,-1.0,0.0071,0.0,0,0.0,0.0,1
139c5e9c3ea8c93b7abc51e31e70665d2928abf3d1d4d8101247d030e38d2feb,2,0,0.0,1,1,2.0,2,0,0,0,0,0.0,0,2025-09-01 14:19:49.766,2025-09-01 14:19:50.190,1.0,-1.0,0.0142,0.0,0,0.0,0.0,1
31be17c6c27613a94179f061e626f2304574b06b1a19621268abe9717d837aa9,1,0,0.0,1,1,1.0,1,0,0,0,0,0.0,0,2025-09-01 13:33:30.076,2025-09-01 13:33:30.076,1.0,-1.0,0.0071,0.0,0,0.0,0.0,1
309256b4edd0ef95ee8f3e4ef66899541e2773a44db1d919795fa6104cc3344c,1,1,1.0,1,1,1.0,1,0,1,0,0,0.0,0,2025-09-01 15:24:38.905,2025-09-01 15:24:38.905,1.0,0.0,0.0071,0.0,0,0.0,0.0,1
2683718c84cc06c1545e7f2f12d6ec6c85f0205a0f6ebaa8185a07ffcb1433da,2,0,0.0,1,1,2.0,2,0,0,0,0,0.0,0,2025-09-01 13:13:22.650,2025-09-01 13:13:22.894,1.0,-1.0,0.0142,0.0,0,0.0,0.0,1
69f6ce3b398107df5fcd941dd2bfef9ad8cc33012b60a0626adb7388956acdd1,1,0,0.0,1,1,1.0,1,0,0,0,0,0.0,0,2025-09-01 11:49:52.024,2025-09-01 11:49:52.024,1.0,-1.0,0.0071,0.0,0,0.0,0.0,1
d37e632ce05c17539ebc4638244859369cc41519e966c3f565ce39e560c37575,10,3,0.3,5,6,1.67,4,0,1,0,0,0.0,0,2025-09-01 05:11:21.677,2025-09-08 05:57:43.595,7.03,0.75,0.0284,0.25,0,0.0,0.0,1
9b3542ab08c1320ea94ba0175c4b7c61c61970747ce542d587460061946074be,2,0,0.0,1,1,2.0,2,0,0,0,0,0.0,0,2025-09-01 09:22:49.773,2025-09-01 09:22:49.868,1.0,-1.0,0.0142,0.0,0,0.0,0.0,1
6de2603c7a5322fe5ef562bace533dc1bba58a709a1d16c6e4b61fbe7aea081f,1,0,0.0,1,1,1.0,1,0,0,0,0,0.0,0,2025-09-01 19:01:34.235,2025-09-01 19:01:34.235,1.0,-1.0,0.0071,0.0,0,0.0,0.0,1
b3e2048da5c15738ff45f61d95e8bb0b5d8765e670d4cd8dd5cf02c531a2e22e,1,0,0.0,1,1,1.0,1,0,0,0,0,0.0,0,2025-09-01 23:22:09.711,2025-09-01 23:22:09.711,1.0,-1.0,0.0071,0.0,0,0.0,0.0,1
846346ea976092f676391fba8aec10ec387f29e94c1550f0460ee8a17b1273f9,31,0,0.0,12,27,1.15,6,0,0,0,0,0.0,1,2025-09-01 16:32:16.155,2025-09-23 17:52:07.779,22.06,-1.0,0.0426,-1.4,0,0.0,0.0,1
f1f536914dc516c3ef7e76c85d4e72b8528343ac2cb35398c39401e78fe62a35,2,0,0.0,2,2,1.0,1,0,0,0,0,0.0,0,2025-09-01 04:35:30.200,2025-09-02 01:45:18.659,1.0,-1.0,0.0071,0.0,0,0.0,0.0,1
98a50138cfa1e10bb7d70b746c00d766b6de5aa1b4a7012116aabc6a90ec7001,1,0,0.0,1,1,1.0,1,0,0,0,0,0.0,0,2025-09-01 19:30:54.979,2025-09-01 19:30:54.979,1.0,-1.0,0.0071,0.0,0,0.0,0.0,1
c791878d9b1e8af5592cf9395a64a6c205888d3caa7490288378abb82c3bd0eb,2,0,0.0,1,1,2.0,2,0,0,0,0,0.0,0,2025-09-01 08:34:56.776,2025-09-01 08:34:56.885,1.0,-1.0,0.0142,0.0,0,0.0,0.0,1
559633ef2a05ec47ce1759b0d538c9b5245b4ec0d49657a2199b6558d12bcd28,1,0,0.0,1,1,1.0,1,0,0,0,0,0.0,0,2025-09-01 14:52:03.950,2025-09-01 14:52:03.950,1.0,-1.0,0.0071,0.0,0,0.0,0.0,1
23158a919527fd8f649112e3a6856cc028306998af5eeac1476d0ca5f8d82d78,1,0,0.0,1,1,1.0,1,0,0,0,0,0.0,0,2025-09-01 14:42:57.129,2025-09-01 14:42:57.129,1.0,-1.0,0.0071,0.0,0,0.0,0.0,1
56b9ab75ca5aca906c70b2ab51e075a61a5551be2d6cf851b175380382057885,1,0,0.0,1,1,1.0,1,0,0,0,0,0.0,0,2025-09-01 12:40:38.580,2025-09-01 12:40:38.580,1.0,-1.0,0.0071,0.0,0,0.0,0.0,1
1c4efd161c45eb705e94b572d1d8ac2edc437a12628dde316baf73ebc63e7d42,2,0,0.0,1,1,2.0,2,0,0,0,0,0.0,0,2025-09-01 13:09:01.954,2025-09-01 13:09:02.355,1.0,-1.0,0.0142,0.0,0,0.0,0.0,1
973155e6a5965512d3d64a42368d72eba5575c0d75b8745c18f265f6f3a6956f,2,2,1.0,1,1,2.0,2,0,1,0,0,0.0,0,2025-09-01 13:26:39.389,2025-09-01 13:26:43.309,1.0,0.0,0.0142,0.0,0,0.0,0.0,1
16586cad6d5433d5250d7e277c8c041e33a89f636412f453504b2795614b4ad0,1,1,1.0,1,1,1.0,1,0,1,0,0,0.0,0,2025-09-01 08:14:37.878,2025-09-01 08:14:37.878,1.0,0.0,0.0071,0.0,0,0.0,0.0,1
040e98196c2285df99a08972dc15293a7c6ea41b90b74e2c8745fe673b3d7373,3307,65,0.0197,43,312,10.6,51,1,1,0,1,0.0,14,2025-09-01 11:53:17.707,2025-12-04 09:39:50.126,93.91,3421.26,0.3617,0.6362,1,0.012633443181818183,0.046,0
acff8cf1fd191e133be8f0042216e5f8b9ce40570d88ad7a95edce6abc85906e,2,1,0.5,1,1,2.0,2,0,1,0,0,0.0,0,2025-09-01 20:28:45.616,2025-09-01 20:30:33.365,1.0,0.0,0.0142,0.0,0,0.0,0.0,1
496a6fae7c6cad1ef81de1382063ffe42815feded6c332e69598db8c4b6e6198,1,0,0.0,1,1,1.0,1,0,0,0,0,0.0,0,2025-09-01 13:53:27.882,2025-09-01 13:53:27.882,1.0,-1.0,0.0071,0.0,0,0.0,0.0,1
fa0b9ef98a921b0dcac7aa0024366d914fea9c9fb4104751fa1f525a4e781ccf,1,0,0.0,1,1,1.0,1,0,0,0,0,0.0,0,2025-09-01 15:51:44.758,2025-09-01 15:51:44.758,1.0,-1.0,0.0071,0.0,0,0.0,0.0,1
04e56ef968d095393e216bafee90f3e2ee76762e6d3115a011f85f4f696327d8,1,1,1.0,1,1,1.0,1,0,1,0,0,0.0,0,2025-09-01 06:17:27.893,2025-09-01 06:17:27.893,1.0,0.0,0.0071,0.0,0,0.0,0.0,1
f32a9394b58d4f723a0d3714c29738bc935bbe25f5f06a375129de46d6c75ffd,1,0,0.0,1,1,1.0,1,0,0,0,0,0.0,0,2025-09-01 15:37:32.305,2025-09-01 15:37:32.305,1.0,-1.0,0.0071,0.0,0,0.0,0.0,1
6f94cc6269fc923d646c1bcff6c0821eaf936b66a10ffe9f19a7df3479397868,1,0,0.0,1,1,1.0,1,0,0,0,0,0.0,0,2025-09-01 07:39:08.404,2025-09-01 07:39:08.404,1.0,-1.0,0.0071,0.0,0,0.0,0.0,1
4801a76dbe9138bfca45f9d87af6204278593142f305f1e4e48f001e13772b5a,1,0,0.0,1,1,1.0,1,0,0,0,0,0.0,0,2025-09-01 09:16:37.506,2025-09-01 09:16:37.506,1.0,-1.0,0.0071,0.0,0,0.0,0.0,1
0287a61ce3172a04ea1f855f6c88a8d7de31b12e3281f1245bf460c9e0f95ef8,1,0,0.0,1,1,1.0,1,0,0,0,0,0.0,0,2025-09-01 21:52:35.601,2025-09-01 21:52:35.601,1.0,-1.0,0.0071,0.0,0,0.0,0.0,1
d024a19a620c6b6419b5d312ce034b43d0ae7dc139e4ad7f2e43716c9211af68,2,0,0.0,1,1,2.0,2,0,0,0,0,0.0,0,2025-09-01 17:59:33.495,2025-09-01 17:59:55.939,1.0,-1.0,0.0142,0.0,0,0.0,0.0,1
30f904587038f20cd3173cbf20b63ecb038eaa76a7d16cf27f54b0c27fbae67a,4,0,0.0,3,4,1.0,1,0,0,0,0,0.0,0,2025-09-01 14:21:15.397,2025-09-07 16:30:46.797,6.09,-1.0,0.0071,0.0,0,0.0,0.0,1
27118230aa5c5ad08919fd49111cda36241bd7dac07ab6599f96e44c75ea7e9a,1,0,0.0,1,1,1.0,1,0,0,0,0,0.0,0,2025-09-01 13:13:22.639,2025-09-01 13:13:22.639,1.0,-1.0,0.0071,0.0,0,0.0,0.0,1
a86d9cd4bf0b23195d930e35e8f63e58887456a2d9378f931f5bd481050254f7,1,0,0.0,1,1,1.0,1,0,0,0,0,0.0,0,2025-09-01 13:30:04.170,2025-09-01 13:30:04.170,1.0,-1.0,0.0071,0.0,0,0.0,0.0,1
0946f149d30ebb7e60b78d73a8c30ae69be3f74ee9c0119ac89fecdd6e378ef0,359,90,0.2507,27,75,4.79,26,0,1,0,1,0.0,20,2025-09-01 08:24:24.265,2025-12-03 14:10:15.853,93.24,11900.49,0.1844,-21.6,1,0.01380730323943662,0.3092,0
0d77e809f474e039ddfff1e033c99108757f71350a7ebbda6eaf885783bb30f3,1,0,0.0,1,1,1.0,1,0,0,0,0,0.0,0,2025-09-01 18:41:33.979,2025-09-01 18:41:33.979,1.0,-1.0,0.0071,0.0,0,0.0,0.0,1
8592481b040597a0e90112797dcdb94589a7c2c7512c2128623f445eca349c50,1,0,0.0,1,1,1.0,1,0,0,0,0,0.0,0,2025-09-01 13:09:01.928,2025-09-01 13:09:01.928,1.0,-1.0,0.0071,0.0,0,0.0,0.0,1
060593c49d7fdb3557816cb3f34f67152d794477353cf050609f9ac86fa6f1c2,2,0,0.0,1,1,2.0,1,0,0,0,0,0.0,0,2025-09-01 19:23:55.261,2025-09-01 19:26:54.241,1.0,-1.0,0.0071,0.0,0,0.0,0.0,1
7488c26c5ad7bf4e28fe74cece0874d4be48902629c7bd5676a23da245818887,1,0,0.0,1,1,1.0,1,0,0,0,0,0.0,0,2025-09-01 14:19:49.759,2025-09-01 14:19:49.759,1.0,-1.0,0.0071,0.0,0,0.0,0.0,1
3bb658777cb87682ff4869ef77e043cdb4e5b92d95f1bc07e1f50ed35f03d8e1,1,1,1.0,1,1,1.0,1,0,1,0,0,0.0,0,2025-09-01 13:48:57.050,2025-09-01 13:48:57.050,1.0,0.0,0.0071,0.0,0,0.0,0.0,1
b8dc9d85c55a296d792df2b7b9cb904a66a2052fb4fae78b693534263fc4d396,1,0,0.0,1,1,1.0,1,0,0,0,0,0.0,0,2025-09-01 11:32:59.496,2025-09-01 11:32:59.496,1.0,-1.0,0.0071,0.0,0,0.0,0.0,1
1d560f78284eea48a30d285143bc57aae24145fcb5e0a29371edd71c1831b925,2,1,0.5,1,2,1.0,2,0,1,0,0,0.0,0,2025-09-01 00:29:07.489,2025-09-01 19:35:59.444,1.0,1146.87,0.0142,0.0,0,0.0,0.0,1
3008ab108ed2d281f7ed2c7f69911bbefa1a78cb84aadf3fce7738787ff7a2d6,1,0,0.0,1,1,1.0,1,0,0,0,0,0.0,0,2025-09-01 04:58:09.170,2025-09-01 04:58:09.170,1.0,-1.0,0.0071,0.0,0,0.0,0.0,1
6f15c7b8ad8f3cac53f23c569a4da8e40a55e4639494d8eb52b663e0ad126b76,1,0,0.0,1,1,1.0,1,0,0,0,0,0.0,0,2025-09-01 11:29:29.757,2025-09-01 11:29:29.757,1.0,-1.0,0.0071,0.0,0,0.0,0.0,1
d29d5b91e22eaafc1d0fe43f1e000e74d915faf0f2b9a7961f988f6b34b89237,1,0,0.0,1,1,1.0,1,0,0,0,0,0.0,0,2025-09-01 20:52:29.885,2025-09-01 20:52:29.885,1.0,-1.0,0.0071,0.0,0,0.0,0.0,1
fb2eee256e92ae76b94693edc16e9f02c04db73294697bd739d339328920aa98,1,0,0.0,1,1,1.0,1,0,0,0,0,0.0,0,2025-09-01 05:11:21.672,2025-09-01 05:11:21.672,1.0,-1.0,0.0071,0.0,0,0.0,0.0,1
cd452a96d9084a0281ddac70d1e521144eedc7f5e4f1228a6c81596677b8283e,2,2,1.0,1,1,2.0,1,0,1,0,0,0.0,0,2025-09-01 11:47:54.761,2025-09-01 11:47:57.243,1.0,0.0,0.0071,0.0,0,0.0,0.0,1
1f1c965101c1e72f8193d41bc0531a2916302d6ee308548bf48c899e3e2a7bdf,1,0,0.0,1,1,1.0,1,0,0,0,0,0.0,0,2025-09-01 12:59:37.150,2025-09-01 12:59:37.150,1.0,-1.0,0.0071,0.0,0,0.0,0.0,1
7208a78522070329a0b85b5d8be17393b3ca2b4f83624f879664914c295fb034,1,1,1.0,1,1,1.0,1,0,1,0,0,0.0,0,2025-09-01 11:39:29.354,2025-09-01 11:39:29.354,1.0,0.0,0.0071,0.0,0,0.0,0.0,1
3ea3036b1cc1c5b3d2dba6dc168d3391d63f19645128f8556defd06219721421,1,0,0.0,1,1,1.0,1,0,0,0,0,0.0,0,2025-09-01 14:14:31.336,2025-09-01 14:14:31.336,1.0,-1.0,0.0071,0.0,0,0.0,0.0,1
7f495c49bc60cdd2afcd27ad41a556dcafefb170e4691826d303b7c58282b287,1,1,1.0,1,1,1.0,1,0,1,0,0,0.0,0,2025-09-01 16:47:36.310,2025-09-01 16:47:36.310,1.0,0.0,0.0071,0.0,0,0.0,0.0,1
a7c0d5a1e271841ca58e4611e203e5ab55f382a7bce78032a8a7e680800dc5d3,1,0,0.0,1,1,1.0,1,0,0,0,0,0.0,0,2025-09-01 11:26:21.290,2025-09-01 11:26:21.290,1.0,-1.0,0.0071,0.0,0,0.0,0.0,1
ad42ed03487f5d3b555ba4726c78d70cfc6d546b075954aeed58789a557961e0,1,0,0.0,1,1,1.0,1,0,0,0,0,0.0,0,2025-09-01 21:12:13.605,2025-09-01 21:12:13.605,1.0,-1.0,0.0071,0.0,0,0.0,0.0,1
291e7e42e376144aa701525dd168d680593ddb6b433355988fe0e4e922de0a44,1,0,0.0,1,1,1.0,1,0,0,0,0,0.0,1,2025-09-01 20:10:02.879,2025-09-01 20:10:02.879,1.0,-1.0,0.0071,0.0,0,0.0,0.0,1
268e7454461ffc1b2d8ac7ddabc49f7772d04edb86f15ac81aefa4314b8eca91,1,0,0.0,1,1,1.0,1,0,0,0,0,0.0,0,2025-09-01 16:15:51.087,2025-09-01 16:15:51.087,1.0,-1.0,0.0071,0.0,0,0.0,0.0,1
e75c77c6dd983743e74e9d05e7d60c527b76faa248c618dc5d42964c3c9cfd6d,1,1,1.0,1,1,1.0,1,0,1,0,0,0.0,0,2025-09-01 18:32:12.260,2025-09-01 18:32:12.260,1.0,0.0,0.0071,0.0,0,0.0,0.0,1
ded7774f32d01b89c3715c95c40899a986fb8da137d45beddc8c3df9f6ace476,1,1,1.0,1,1,1.0,1,0,1,0,0,0.0,0,2025-09-01 14:05:41.768,2025-09-01 14:05:41.768,1.0,0.0,0.0071,0.0,0,0.0,0.0,1
c808f7c848fd31a832b90db07d1fbcf77c000abe3b7e38c9add11b816b846c10,1,0,0.0,1,1,1.0,1,0,0,0,0,0.0,0,2025-09-01 11:53:17.675,2025-09-01 11:53:17.675,1.0,-1.0,0.0071,0.0,0,0.0,0.0,1
727224b4ebc51cccb479856857d05b510cef9edb3b2333b7dc6f455db8b85dac,1,0,0.0,1,1,1.0,1,0,0,0,0,0.0,0,2025-09-01 11:12:18.511,2025-09-01 11:12:18.511,1.0,-1.0,0.0071,0.0,0,0.0,0.0,1
6713aaeaa13737b81b26222277d820f064af08ded880ea72c1eb91858be85e1c,1,0,0.0,1,1,1.0,1,0,0,0,0,0.0,0,2025-09-01 10:37:57.515,2025-09-01 10:37:57.515,1.0,-1.0,0.0071,0.0,0,0.0,0.0,1
d1ac4a89bf96870b01d01af577b8b517522914f0004e71f926460ad22669fe89,1,0,0.0,1,1,1.0,1,0,0,0,0,0.0,0,2025-09-01 18:47:06.638,2025-09-01 18:47:06.638,1.0,-1.0,0.0071,0.0,0,0.0,0.0,1
12bf2ea5b2ad6e7e8e183394c401d5602010916e4110fc97ae5d8841bd22fb13,1,0,0.0,1,1,1.0,1,0,0,0,0,0.0,0,2025-09-01 12:16:46.870,2025-09-01 12:16:46.870,1.0,-1.0,0.0071,0.0,0,0.0,0.0,1
0cfb4f21e01fc6b30abe5263f8d97a74835276837d51da3f9429dc5bdca095c5,16,0,0.0,1,2,8.0,7,0,0,0,0,0.0,1,2025-09-02 05:27:09.027,2025-09-02 05:30:16.062,1.0,-1.0,0.0496,0.0,0,0.0,0.0,1
cd54f49d63b537025abaeacf05d09281621ec03fc3eb445b0eba140809f5a9ed,23,9,0.3913,2,4,5.75,9,0,1,0,0,0.0,1,2025-09-02 19:01:03.149,2025-09-16 19:18:46.663,14.01,3.56,0.0638,0.9545,0,0.0,0.0,1
3febcd89d1c29fb5b1c2ba54001cee44fba5267c9c734c209e0cd7ea930894a1,1,1,1.0,1,1,1.0,1,0,1,0,0,0.0,0,2025-09-02 11:25:27.763,2025-09-02 11:25:27.763,1.0,0.0,0.0071,0.0,0,0.0,0.0,1
1c334f014068a66daf552d18624d0e7978fa9a916898b2b4c57fda06b1c556a4,3,0,0.0,1,2,1.5,2,0,0,0,0,0.0,1,2025-09-02 15:55:02.357,2025-09-02 15:58:27.450,1.0,-1.0,0.0142,0.0,0,0.0,0.0,1
240fc7a506990467e6ad5b956fe7892b4f49e49ffacb9b44d181f66fe76ceb9c,46,5,0.1087,1,8,5.75,21,1,1,0,0,0.0,4,2025-09-02 11:09:45.210,2025-09-02 11:17:33.406,1.0,0.83,0.1489,0.0,0,0.0,0.0,1
faa54fbae18a0d26ba6aef7fb63f9f8c0f7e4ed126daba88c1db615405232aa7,1,0,0.0,1,1,1.0,1,0,0,0,0,0.0,0,2025-09-02 11:09:45.199,2025-09-02 11:09:45.199,1.0,-1.0,0.0071,0.0,0,0.0,0.0,1
0c52ced60ca6d00580bc1bd35330b5457c568bef040e7173f96e72788b06eeda,5,1,0.2,1,2,2.5,4,0,1,0,0,0.0,1,2025-09-02 06:19:05.926,2025-09-02 06:20:50.301,1.0,0.37,0.0284,0.0,0,0.0,0.0,1
80137549ad01447b51960be09befbd84c2fbadc014e75796ec4c0abc4b11aaf6,16,1,0.0625,1,5,3.2,9,0,1,0,0,0.0,1,2025-09-02 07:31:26.763,2025-09-02 10:08:54.219,1.0,16.38,0.0638,0.0,0,0.0,0.0,1
be0fa2cd1d6f83edfed3705c8770717cf59fd473299dad4fad5104f81d5b6160,2,0,0.0,1,1,2.0,2,0,0,0,0,0.0,0,2025-09-02 11:51:05.889,2025-09-02 11:51:05.949,1.0,-1.0,0.0142,0.0,0,0.0,0.0,1
507c6e87fcb405f8687c59db4fd36b987d22be29b0080762e50e9f47b1062e5d,2,0,0.0,1,1,2.0,2,0,0,0,0,0.0,0,2025-09-02 08:29:45.268,2025-09-02 08:29:46.178,1.0,-1.0,0.0142,0.0,0,0.0,0.0,1
2673abb342c0aaaa4a9278deada0b41a093dec6e4972ca4927c9f35caf1ee16f,88,88,1.0,1,1,88.0,8,0,1,0,1,0.0,0,2025-09-02 17:05:12.650,2025-09-02 17:16:17.108,1.0,0.0,0.0567,0.0,7,0.0,1.0,1
732ad3636b4725dd9381634e3047ac558e6245ad2394b71ca8d58593cb41c04f,806,250,0.3102,2,2,403.0,16,0,1,0,1,4.84739906,0,2025-09-02 13:56:31.899,2025-12-07 19:36:19.627,96.24,0.0,0.1135,-24.8667,1,0.03624417167785235,1.0,0
b5e15b18b5eff2679a6074d5361ddca51391a088dee934b360c351a8165013c2,37,33,0.8919,1,2,18.5,9,0,1,0,1,0.0,1,2025-09-02 13:40:24.263,2025-09-02 15:22:11.299,1.0,9.73,0.0638,0.0,0,0.0,0.6486,1
ba705ae394144753d3f022603e0a974f8b8658781f2cfc8118799754245429c7,20,17,0.85,2,4,5.0,5,0,1,0,1,0.0,1,2025-09-02 08:53:57.653,2025-09-04 04:17:21.418,1.81,0.54,0.0355,0.0,0,0.0,0.7,1
ed4b7346d3c2b3dae9452817e0beccc2ca3ada2e494a25397e561705e5090bc5,25,1,0.04,1,2,12.5,15,1,1,0,0,0.0,1,2025-09-02 07:10:54.209,2025-09-02 07:13:13.528,1.0,0.98,0.1064,0.0,0,0.0,0.0,1
f6d4e3f569fd516242be7cd1ea08fd54d40c5c415c218330e7e6fbf2e59fc9b3,8,3,0.375,2,3,2.67,7,0,1,0,0,0.0,1,2025-09-02 17:00:41.437,2025-09-03 12:29:36.278,1.0,0.86,0.0496,0.0,0,0.0,0.0,1
a1e5721df1ae7e419982f01e624169218cc5c3f1c45f665e5ef51251111f5414,177,156,0.8814,1,2,88.5,19,0,1,0,1,0.0,1,2025-09-02 17:51:37.726,2025-09-02 18:03:24.974,1.0,0.0,0.1348,0.0,10,0.0,0.8701,1
217a1013598071ac3e3824f5b4aa5b7210e2db06d6da0f1ba8afdc1a958938e4,8,8,1.0,1,1,8.0,5,0,1,0,1,0.0,0,2025-09-02 15:45:47.317,2025-09-02 15:46:26.567,1.0,0.0,0.0355,0.0,4,0.0,1.0,1
7cc68da3775d1bc25baf1e18838ef7f24679ac1a79eb022dc9265b75c3fc6df7,20,13,0.65,1,2,10.0,10,0,1,0,1,0.0,1,2025-09-02 07:49:05.504,2025-09-02 08:32:47.189,1.0,3.61,0.0709,0.0,0,0.0,0.35,1
bbfaf2cc00bbb54978819dc105e6e69879c214cc02fd6570e9c6550a91681fea,1,0,0.0,1,1,1.0,1,0,0,0,0,0.0,0,2025-09-02 07:49:05.495,2025-09-02 07:49:05.495,1.0,-1.0,0.0071,0.0,0,0.0,0.0,1
e30c1e1d3f1717c8cb56883f5e0b1516cf4dc133bb0bc7a2ee3030fac420ec9c,316,226,0.7152,2,16,19.75,24,0,1,0,1,0.0,2,2025-09-02 11:20:37.509,2025-09-10 10:36:57.092,7.97,0.42,0.1702,-2.5797,7,0.0,0.5601,1
62605cc147bc5234b26cbe108d208fea6632539a2df3f9ca3d46dd2be06b0442,15,11,0.7333,1,4,3.75,9,0,1,0,1,0.0,1,2025-09-02 11:53:14.042,2025-09-02 20:12:20.096,1.0,47.55,0.0638,0.0,0,0.0,0.2667,1
d7c77802188e724c32f50fc6eb651467cf6d145afaf3812c80e1659b37ed4b56,4,0,0.0,1,2,2.0,4,0,0,0,0,0.0,1,2025-09-02 19:24:50.394,2025-09-02 19:25:47.964,1.0,-1.0,0.0284,0.0,0,0.0,0.0,1
31e66e1ff835e6ccf2f5de47db218ec91e028ec9023432a5fbcb85ca8b8d91ad,13,1,0.0769,1,2,6.5,13,1,1,0,0,0.0,1,2025-09-02 11:10:25.945,2025-09-02 11:11:18.738,1.0,0.71,0.0922,0.0,0,0.0,0.0,1
ff29faf7db5093dcb2939bbd47e7c712afffc48b4264359b5445d6e9fc78859c,5,2,0.4,1,2,2.5,5,0,1,0,0,0.0,0,2025-09-02 09:23:43.173,2025-09-02 10:39:47.159,1.0,0.23,0.0355,0.0,0,0.0,0.0,1
89dedda367fd3bacd7a1592a8b072c26e50950689d406787f380fdbaa77b4ea8,16,1,0.0625,2,4,4.0,14,1,1,0,0,0.0,1,2025-09-02 12:04:43.185,2025-09-03 10:25:15.837,1.0,1340.41,0.0993,0.0,0,0.0,0.0,1
f0a9d84e53ec7d8d4105adacc16b83299e61d6287bf1ed35769ccbccb0b58a36,1,0,0.0,1,1,1.0,1,0,0,0,0,0.0,0,2025-09-02 11:20:37.499,2025-09-02 11:20:37.499,1.0,-1.0,0.0071,0.0,0,0.0,0.0,1
1d56529ac42c6ad013186f953e4b71858f1f14d8ed7e8ebe525e6769eaf754dc,21,19,0.9048,1,2,10.5,6,0,1,0,1,0.0,1,2025-09-02 09:34:35.492,2025-09-02 10:39:15.208,1.0,0.1,0.0426,0.0,0,0.0,0.619,1
e75ed96126bbf088ef68a774cfdd2c6b9c96ccb1e6ffd1f3c0a6c576d8144dfb,2,2,1.0,1,1,2.0,1,0,1,0,0,0.0,0,2025-09-02 10:12:40.775,2025-09-02 10:21:58.611,1.0,0.0,0.0071,0.0,0,0.0,0.0,1
f8df34503cdd50e8efe0f769f7614b7b3bd6639261d350ced3b9ffda37d19de1,34813,80,0.0023,66,59,590.05,34,0,1,0,1,0.0,9,2025-09-02 15:22:19.652,2025-12-08 23:55:06.433,97.36,11215.72,0.2411,-36.6698,7,6.881566884608588e-05,0.9946,0
0f244e6bfda0853a143f775e05036cb7e8c8c7cd8beaef19a58ab2effe3bddcf,68,42,0.6176,2,10,6.8,26,1,1,0,1,0.0,3,2025-09-02 15:04:02.311,2025-12-04 14:12:51.184,92.96,3.51,0.1844,0.9851,0,0.0,0.2353,0
07fc19c73d6f506965f6341f090ab596837c4bbc2f1b73855cf8c0a567ac2e1a,39,23,0.5897,1,4,9.75,16,0,1,0,1,0.0,1,2025-09-02 14:39:31.365,2025-09-02 17:09:58.067,1.0,3.21,0.1135,0.0,0,0.0,0.2051,1
8e6dabea4b662eb0fc2f4fb71d60dbd43452cf18796e80348e7136f2953cadba,5,5,1.0,1,1,5.0,1,0,1,0,0,0.0,0,2025-09-02 00:39:26.877,2025-09-02 00:41:48.194,1.0,0.0,0.0071,0.0,0,0.0,0.0,1
60b42dc40e5c9860b763511981ae9cc29181a456b57c29faf9db079e9d8b4b89,17,9,0.5294,1,2,8.5,10,0,1,0,1,0.0,1,2025-09-02 10:12:16.645,2025-09-02 10:25:02.400,1.0,0.85,0.0709,0.0,0,0.0,0.2941,1
f5ad2ebd166ed3118f8c66a3ab79d0b37aee53a4d947b87ff823af90bb06516e,85,61,0.7176,2,4,21.25,14,0,1,0,1,0.0,1,2025-09-02 17:48:09.939,2025-09-03 12:27:01.392,1.0,3.52,0.0993,0.0,6,0.0,0.6706,1
d146c040cd92cda088644ea9f40778de8df5d088fcebb7ea9b9d5a53eb7b304e,147,133,0.9048,1,2,73.5,24,0,1,0,1,0.0,1,2025-09-02 17:10:58.791,2025-09-02 19:09:30.210,1.0,21.95,0.1702,0.0,8,0.0,0.8571,1
a8b2eb4e7587d85754294380cbff0bdab4b7d0ff973aa4ff8f51c0990ab00d10,1,0,0.0,1,1,1.0,1,0,0,0,0,0.0,0,2025-09-02 20:22:35.102,2025-09-02 20:22:35.102,1.0,-1.0,0.0071,0.0,0,0.0,0.0,1
c1855a4b1a9260b13c92b5875275fcdce7258a513b2fe58afa1e612b7d2c01ef,387,116,0.2997,31,90,4.3,36,0,1,0,1,0.0,14,2025-09-02 16:58:40.390,2025-12-08 15:38:25.894,96.94,38237.97,0.2553,-2.9333,8,0.005624075961538462,0.2145,0
0b9dc94f2819bdeb0170dec13cbab439560104f93d4d5612139b8a3f67341b47,14,9,0.6429,1,3,4.67,8,0,1,0,1,0.0,1,2025-09-02 09:10:32.331,2025-09-02 09:19:02.101,1.0,1.04,0.0567,0.0,0,0.0,0.2857,1
441925e7ea3a4b19b5e8c064f4c4a52744393db265f9867b9c088f5c0ad17e2d,5,2,0.4,1,2,2.5,4,0,1,0,0,0.0,1,2025-09-02 03:13:24.633,2025-09-02 03:15:38.518,1.0,2.23,0.0284,0.0,0,0.0,0.0,1
533fc1f7f722f794db2b2c918d45e30e41a4753fbac3c973d164442666d29676,10,8,0.8,1,2,5.0,5,0,1,0,1,0.0,1,2025-09-02 11:08:46.135,2025-09-02 11:10:19.744,1.0,0.36,0.0355,0.0,0,0.0,0.6,1
1b20fd9a02e79ff38ba0d286ef856956d93225818a506f2249c0f43e672db9e0,2,2,1.0,1,1,2.0,2,0,1,0,0,0.0,0,2025-09-02 11:20:08.182,2025-09-02 11:20:19.268,1.0,0.0,0.0142,0.0,0,0.0,0.0,1
29bbf91fc89745537475ab921f5283dffa8210d5f12da5a99ef4488f3a3a2f14,1,0,0.0,1,1,1.0,1,0,0,0,0,0.0,0,2025-09-02 09:09:40.448,2025-09-02 09:09:40.448,1.0,-1.0,0.0071,0.0,0,0.0,0.0,1
3e9e54e118e196efbf79a23acad6161875cfb71f1db5041197909821a92b7b1e,5,3,0.6,1,1,5.0,3,0,1,0,0,0.0,0,2025-09-02 19:22:07.933,2025-09-02 19:22:53.291,1.0,0.25,0.0213,0.0,0,0.0,0.0,1
a9abd2c7a878f76b1dbf19cc8fa491fcb866bc7cb59ceaa06f22c1c6acfee030,203,75,0.3695,13,60,3.38,24,0,1,0,1,0.0,5,2025-09-02 11:27:03.963,2025-09-18 13:25:58.843,16.08,4770.94,0.1702,0.6351,7,0.0,0.2611,1
ed920267665580d8d28337fe5b8e066f45d0af1e3548d0a0d5350b2a80250862,1,0,0.0,1,1,1.0,1,0,0,0,0,0.0,0,2025-09-02 07:10:54.203,2025-09-02 07:10:54.203,1.0,-1.0,0.0071,0.0,0,0.0,0.0,1
03a8beb21ded901ca390bff7f8bf7f045967bdd700cae2cc5829e70324707be3,1,0,0.0,1,1,1.0,1,0,0,0,0,0.0,0,2025-09-02 17:10:58.786,2025-09-02 17:10:58.786,1.0,-1.0,0.0071,0.0,0,0.0,0.0,1
5a816f29cdae9dcb81cb5ba5c1c9d07edcf2a6d9c4095b451f6b0eded2255330,4,0,0.0,2,3,1.33,3,0,0,0,0,0.0,0,2025-09-02 02:25:51.197,2025-09-08 02:37:35.662,6.01,-1.0,0.0213,0.0,0,0.0,0.0,1
693f6067edadb014abe44dc357fcd991d890bb91a0312296da7239e781c31d38,6,2,0.3333,1,3,2.0,5,0,1,0,0,0.0,1,2025-09-02 22:53:00.028,2025-09-02 23:05:40.623,1.0,11.21,0.0355,0.0,0,0.0,0.0,1
c8e810721236a9d77219b787a0e1485f7aaa6b59d7031e5a3da217095c5d5e92,2,0,0.0,1,1,2.0,2,0,0,0,0,0.0,0,2025-09-02 16:32:15.559,2025-09-02 16:32:15.802,1.0,-1.0,0.0142,0.0,0,0.0,0.0,1
0e891a212353aa2b6bff06602c695cbc8732bc49bfdbae48b37d5a71c5b76885,1,0,0.0,1,1,1.0,1,0,0,0,0,0.0,0,2025-09-02 02:25:51.191,2025-09-02 02:25:51.191,1.0,-1.0,0.0071,0.0,0,0.0,0.0,1
502283fd2c32b6b4b7e8d3ad1d68e0bd98e74157abdddfb08b22972a3564664f,2,0,0.0,1,1,2.0,2,0,0,0,0,0.0,1,2025-09-02 10:54:15.843,2025-09-02 10:54:20.223,1.0,-1.0,0.0142,0.0,0,0.0,0.0,1
49b3fc35331463bc0dab1a12901094890e8fde807419a706fc5d63b380a8015d,83,54,0.6506,2,5,16.6,29,1,1,0,1,0.0,2,2025-09-02 10:57:52.614,2025-09-03 07:10:27.789,1.0,1143.93,0.2057,0.0,7,0.0,0.5904,1
7767325b2c6243d574dd0c1d724463d941a057e51eb278afec0232039ebc865d,3,1,0.3333,1,1,3.0,3,0,1,0,0,0.0,0,2025-09-02 12:56:44.989,2025-09-02 12:57:10.524,1.0,0.43,0.0213,0.0,0,0.0,0.0,1
923980396755a89bae71abab83f4b838b41c026660354e2582160bc5d8557eb2,264,240,0.9091,9,26,10.15,14,0,1,0,1,0.0,1,2025-09-02 02:01:59.470,2025-09-24 16:15:48.721,22.59,9891.76,0.0993,-16.2143,6,0.0,0.8106,1
2c1869933aabb600a53ebb20cab9d0815c0c9578a951eac0d1140f48f82d95ce,5,2,0.4,1,2,2.5,4,0,1,0,0,0.0,1,2025-09-02 11:15:12.033,2025-09-02 11:15:46.940,1.0,0.58,0.0284,0.0,0,0.0,0.0,1
ca526b656a8dde05f4f493a6a53526eeeb762b5f30a679120b665004ed87b9ae,2,1,0.5,1,1,2.0,2,0,1,0,0,0.0,0,2025-09-02 19:20:17.692,2025-09-02 19:22:07.921,1.0,0.0,0.0142,0.0,0,0.0,0.0,1
6b134f07a6df8c6ceb2f176ea60959a9b523687ec3115a38653a64a13870ff81,7,5,0.7143,1,2,3.5,5,0,1,0,1,0.0,1,2025-09-02 07:46:14.110,2025-09-02 07:53:24.023,1.0,1.14,0.0355,0.0,0,0.0,0.4286,1
955c7762e14c8a884b0d6b1cf8f2b85207ef1abaa5ecb607e70ffe1f586997c6,1,0,0.0,1,1,1.0,1,0,0,0,0,0.0,0,2025-09-02 07:43:25.789,2025-09-02 07:43:25.789,1.0,-1.0,0.0071,0.0,0,0.0,0.0,1
7beaa568dd2d645b3958b677a4ad5c5feb1dc150bf7b255f9040b10e1c7f74ca,250,0,0.0,49,7,35.71,3,0,0,0,1,0.0,4,2025-09-02 15:21:27.636,2025-12-08 00:00:29.651,96.36,-1.0,0.0213,-4.0,0,0.0003422212083333333,0.96,0
fdf7e1be4b572c6fff26ec7e3a1dcdbc8c020452c040b970548ac4c767ffa339,25,3,0.12,4,7,3.57,19,1,1,0,0,0.0,2,2025-09-02 17:45:35.662,2025-09-11 05:19:50.413,8.48,525.14,0.1348,0.375,0,0.0,0.0,1
06a765f5c9e765714e040a544b50219f4fe3a220a04be96e08a37a6a1d80d58e,1,0,0.0,1,1,1.0,1,0,0,0,0,0.0,0,2025-09-02 10:57:52.606,2025-09-02 10:57:52.606,1.0,-1.0,0.0071,0.0,0,0.0,0.0,1
7bbf21fb327140e1bd77ba6d6ab07d7ceac903e36d24e17f7ca2d980e9f2fffd,1,0,0.0,1,1,1.0,1,0,0,0,0,0.0,0,2025-09-02 10:12:16.641,2025-09-02 10:12:16.641,1.0,-1.0,0.0071,0.0,0,0.0,0.0,1
41f86643e05196eac45298326f0edb08a49acd8144c7739f6a1f05fd7d4b102c,1,1,1.0,1,1,1.0,1,0,1,0,0,0.0,0,2025-09-02 11:54:46.046,2025-09-02 11:54:46.046,1.0,0.0,0.0071,0.0,0,0.0,0.0,1
a3506fb57c10548b0457bfefb541ea68018ebf6c86992f05ab7da75e97b8e3b4,193,45,0.2332,22,50,3.86,25,0,1,0,1,0.0,6,2025-09-02 14:30:26.281,2025-12-03 13:20:26.571,91.95,5671.07,0.1773,0.6842,6,0.13578455977272727,0.2539,0
7aa9f486316088ab98007b69773c3374db605cfe4701dbf8e3b05f06dc797973,2,0,0.0,1,1,2.0,2,0,0,0,0,0.0,0,2025-09-02 14:53:00.315,2025-09-02 14:53:00.838,1.0,-1.0,0.0142,0.0,0,0.0,0.0,1
cb5e562990e5a8efe534c49474ebf46609d32274833219fbacc81bbaf42ac70e,2,0,0.0,1,1,2.0,2,0,0,0,0,0.0,0,2025-09-02 07:43:25.797,2025-09-02 07:43:26.175,1.0,-1.0,0.0142,0.0,0,0.0,0.0,1
5383c7f8bcc487189e3324d00a7cfb5c0d49a04b8c1f2d3ffbdf73105de198f3,2,0,0.0,1,1,2.0,2,0,0,0,0,0.0,0,2025-09-02 16:01:25.537,2025-09-02 16:01:25.645,1.0,-1.0,0.0142,0.0,0,0.0,0.0,1
8bd140a99aa3d9ffd25393d9cff7b6065f7677edf3d8c0bca9abaf7253c75095,1,0,0.0,1,1,1.0,1,0,0,0,0,0.0,0,2025-09-02 19:01:03.140,2025-09-02 19:01:03.140,1.0,-1.0,0.0071,0.0,0,0.0,0.0,1
edd314db6bb02186fea20e124e5f99e2a919960cd3ad9ec553494f5ff931ccaf,1,0,0.0,1,1,1.0,1,0,0,0,0,0.0,0,2025-09-02 14:39:31.356,2025-09-02 14:39:31.356,1.0,-1.0,0.0071,0.0,0,0.0,0.0,1
1614f3ba8bde4acc8b6f168d945960ff08f4da0a8b7dcbdbc5769f3cc6bbe561,2,2,1.0,1,1,2.0,2,0,1,0,0,0.0,0,2025-09-02 05:45:50.361,2025-09-02 05:45:59.953,1.0,0.0,0.0142,0.0,0,0.0,0.0,1
79a153b19cd723d375491120bb3353a15695b99dc74a062aa16afd5ec80a934d,104,58,0.5577,5,10,10.4,30,1,1,0,1,0.0,3,2025-09-02 18:36:11.756,2025-09-15 06:29:11.675,12.5,329.9,0.2128,-3.4737,7,0.0,0.5096,1
c6c341871a635dd8b39839a3e0969b2d63616c0e9e53f06a370ae3eb6f2a8e42,1,0,0.0,1,1,1.0,1,0,0,0,0,0.0,0,2025-09-02 06:19:05.919,2025-09-02 06:19:05.919,1.0,-1.0,0.0071,0.0,0,0.0,0.0,1
0666161a46b88ba9d9313cb625b867a758c46ceff829255ae72ee2dbfa991fca,5,3,0.6,1,4,1.25,2,0,1,0,0,0.0,1,2025-09-02 15:47:02.516,2025-09-02 16:22:30.266,1.0,0.09,0.0142,0.0,0,0.0,0.0,1
2c992ef9807e51a98944343edf704538a20b9fe26513ccac234968b31c2d6d88,9,3,0.3333,1,2,4.5,8,0,1,0,0,0.0,1,2025-09-02 13:13:34.279,2025-09-02 13:14:10.981,1.0,0.57,0.0567,0.0,0,0.0,0.0,1
1a4a7a5a0cc2dba0f29d03f07f13e9105f55dd90b766506bd4de5a18a74c8ec2,1,0,0.0,1,1,1.0,1,0,0,0,0,0.0,0,2025-09-02 07:21:41.813,2025-09-02 07:21:41.813,1.0,-1.0,0.0071,0.0,0,0.0,0.0,1
5fde7ca01cfbf7ffe17bec1c0c177f37f22f8579ddeffd3885fc3351febc2fce,1,0,0.0,1,1,1.0,1,0,0,0,0,0.0,0,2025-09-02 11:15:12.022,2025-09-02 11:15:12.022,1.0,-1.0,0.0071,0.0,0,0.0,0.0,1
7079d276ebd71a73f3a9fea915ab7861cb652c6affded0ef26d03dda24720f40,4,0,0.0,2,3,1.33,3,0,0,0,0,0.0,0,2025-09-02 08:38:54.028,2025-09-12 13:36:45.718,10.21,-1.0,0.0213,0.6667,0,0.0,0.0,1
28faf0b0370fbc9526ea44639d655f2452266c9f54478c5fd3cd2b3a794fdef6,2,1,0.5,1,1,2.0,2,0,1,0,0,0.0,0,2025-09-02 10:14:29.659,2025-09-02 10:38:34.503,1.0,24.08,0.0142,0.0,0,0.0,0.0,1
f18ef8a7aa6396b321b4fe3b37456e8b38b4cd82e818a0cb10118bb19a832ba9,2,2,1.0,1,1,2.0,1,0,1,0,0,0.0,0,2025-09-02 19:44:28.554,2025-09-02 19:44:36.227,1.0,0.0,0.0071,0.0,0,0.0,0.0,1
f11cce87db07f6d0a98a658c1464c2cf8e3bc82191df24548509f8ba591baaa5,1,1,1.0,1,1,1.0,1,0,1,0,0,0.0,0,2025-09-02 09:02:08.770,2025-09-02 09:02:08.770,1.0,0.0,0.0071,0.0,0,0.0,0.0,1
03563083aa9d3d8de7a2fd9dfc650cca000a30e3ee3ee2353e78840beb6b447c,1,1,1.0,1,1,1.0,1,0,1,0,0,0.0,0,2025-09-02 12:06:01.424,2025-09-02 12:06:01.424,1.0,0.0,0.0071,0.0,0,0.0,0.0,1
7fb04c85972597cc46dbb95bf9fa9db066ef1774f0cece1ac598579a74056bcc,2,0,0.0,1,1,2.0,2,0,0,0,0,0.0,0,2025-09-02 09:09:40.455,2025-09-02 09:09:40.703,1.0,-1.0,0.0142,0.0,0,0.0,0.0,1
0c8eb7359792f338bbfb9964a23a312d250d082468f71b1341907acc0737de3e,1,1,1.0,1,1,1.0,1,0,1,0,0,0.0,0,2025-09-02 23:43:31.299,2025-09-02 23:43:31.299,1.0,0.0,0.0071,0.0,0,0.0,0.0,1
f11dd0e1189f36472349e1be8ca5cb8bbae1466e7173d4af702f597b5e2a5a77,1,1,1.0,1,1,1.0,1,0,1,0,0,0.0,0,2025-09-02 06:51:02.547,2025-09-02 06:51:02.547,1.0,0.0,0.0071,0.0,0,0.0,0.0,1
85d6f670147393f28c81ae415e11a9f58cf6ba64e2961e55bfcf6efd4912d1c5,6,2,0.3333,1,2,3.0,5,0,1,0,0,0.0,1,2025-09-02 19:17:04.567,2025-09-02 19:18:25.500,1.0,0.63,0.0355,0.0,0,0.0,0.0,1
23415a9f2e7b792bc4c5ce8c4610c931b521ff967d6c682486b8fee2ac6e3571,2,0,0.0,1,1,2.0,2,0,0,0,0,0.0,0,2025-09-02 11:21:24.601,2025-09-02 11:21:24.713,1.0,-1.0,0.0142,0.0,0,0.0,0.0,1
04963b032a6f380a60df382615b8015d0762040a42c2e0961162cdffa285cfb0,1,0,0.0,1,1,1.0,1,0,0,0,0,0.0,0,2025-09-02 14:53:00.310,2025-09-02 14:53:00.310,1.0,-1.0,0.0071,0.0,0,0.0,0.0,1
97665f250b6eb268113a49bf47bba3b8348b471407d611a324384265759544b5,2,0,0.0,1,1,2.0,2,0,0,0,0,0.0,0,2025-09-02 07:21:41.821,2025-09-02 07:21:41.912,1.0,-1.0,0.0142,0.0,0,0.0,0.0,1
e0a3905403ba5945021304ce54344b409c71d191c184b4b0c4d22a34daf6355f,3,0,0.0,1,1,3.0,3,0,0,0,0,0.0,1,2025-09-02 10:14:29.666,2025-09-02 10:38:40.011,1.0,-1.0,0.0213,0.0,0,0.0,0.0,1
5009a1e9d7fd6497a7cb26b15b73f2f18c27ecd1c2cda496fee7abc35d1fcf4a,1,0,0.0,1,1,1.0,1,0,0,0,0,0.0,0,2025-09-02 16:05:51.209,2025-09-02 16:05:51.209,1.0,-1.0,0.0071,0.0,0,0.0,0.0,1
b4a9e37ffb936f4059facac0b15b2038168a4254c50cf008693995dfdc8b49a1,2,2,1.0,1,1,2.0,1,0,1,0,0,0.0,0,2025-09-02 13:28:11.153,2025-09-02 13:28:13.218,1.0,0.0,0.0071,0.0,0,0.0,0.0,1
58cbdd0e00dc4a3fdf20dd8d751237811b6fb5fc26807f3e7aa58b3810007899,2,2,1.0,1,1,2.0,2,0,1,0,0,0.0,0,2025-09-02 04:12:34.856,2025-09-02 04:13:02.711,1.0,0.0,0.0142,0.0,0,0.0,0.0,1
0a766902022ca7140de0f8143663456c51bab703dd22773d2c14f477eee585e5,2,0,0.0,1,1,2.0,2,0,0,0,0,0.0,0,2025-09-02 11:26:25.387,2025-09-02 11:26:25.773,1.0,-1.0,0.0142,0.0,0,0.0,0.0,1
e870359e0462ed9128df0439e79f81a1998b9a78e647ee6707595fc0338933ff,10,7,0.7,2,3,3.33,5,0,1,0,1,0.0,1,2025-09-02 06:09:16.026,2025-09-04 10:15:49.834,2.17,57.34,0.0355,0.0,0,0.0,0.6,1
4f9ac971fb27f6d6e059be92710ac6790fce9bbdd05ea1baa4b9294a448d604c,2,1,0.5,1,1,2.0,2,0,1,0,0,0.0,0,2025-09-02 08:53:03.033,2025-09-02 08:53:57.643,1.0,0.0,0.0142,0.0,0,0.0,0.0,1
549187831d3022da22a2f7544ce97cdd8896aa1e11fdc3b7fc8abebf9914e67a,2,2,1.0,1,1,2.0,2,0,1,0,0,0.0,0,2025-09-02 07:36:00.931,2025-09-02 07:36:22.535,1.0,0.0,0.0142,0.0,0,0.0,0.0,1
7c1da73cd1920ca3aee3a6ca6e73394febbd8717a1d3aa21d9a37ce32fd70040,1,0,0.0,1,1,1.0,1,0,0,0,0,0.0,0,2025-09-02 12:56:44.984,2025-09-02 12:56:44.984,1.0,-1.0,0.0071,0.0,0,0.0,0.0,1
c892e672780b35af4ffbb02442155b3aa650683c2df7ff39d42d70316b7d4bc3,1,0,0.0,1,1,1.0,1,0,0,0,0,0.0,0,2025-09-02 11:10:25.937,2025-09-02 11:10:25.937,1.0,-1.0,0.0071,0.0,0,0.0,0.0,1
3c2aa364fef6eae2bde643780f7b392a6743ec50b5fa3ba41c7180b1fa4fb64a,1,1,1.0,1,1,1.0,1,0,1,0,0,0.0,0,2025-09-02 11:24:58.375,2025-09-02 11:24:58.375,1.0,0.0,0.0071,0.0,0,0.0,0.0,1
5b45f8626757c0643c953f68e7f452cc633ef7040e2dc1b3100a349496d6a088,1,0,0.0,1,1,1.0,1,0,0,0,0,0.0,0,2025-09-02 03:13:24.625,2025-09-02 03:13:24.625,1.0,-1.0,0.0071,0.0,0,0.0,0.0,1
ca84dc245cfcd8204d51200087fc58a27f05a073892c516c31f58c2a08e69900,1,1,1.0,1,1,1.0,1,0,1,0,0,0.0,0,2025-09-02 15:45:34.415,2025-09-02 15:45:34.415,1.0,0.0,0.0071,0.0,0,0.0,0.0,1
02430833bbd9dbf0733e8d8f8100290c92c8bdb3320d53a1fa62b9e59a33ae1f,1,0,0.0,1,1,1.0,1,0,0,0,0,0.0,0,2025-09-02 08:29:45.248,2025-09-02 08:29:45.248,1.0,-1.0,0.0071,0.0,0,0.0,0.0,1
5a3874b9e9bc8324f70394ab99392511eeba5dc50c4a848e396fae100fa9c681,2,1,0.5,1,1,2.0,2,0,1,0,0,0.0,0,2025-09-02 09:34:17.398,2025-09-02 09:34:35.485,1.0,0.0,0.0142,0.0,0,0.0,0.0,1
ea09868dfc880db00e40d701cdbc7baca08177b69d61086328a54b2ab3ed7715,5,3,0.6,1,2,2.5,5,0,1,0,0,0.0,1,2025-09-02 08:39:43.818,2025-09-02 08:44:03.197,1.0,1.44,0.0355,0.0,0,0.0,0.0,1
18da9876c570945c61a77554fc98ae6d7b74f715b4184752279990bfa460c73d,1,0,0.0,1,1,1.0,1,0,0,0,0,0.0,0,2025-09-02 07:46:14.102,2025-09-02 07:46:14.102,1.0,-1.0,0.0071,0.0,0,0.0,0.0,1
1aaa0a913a56f87d1a90fb6190ae8589f0f48fec6b50afff0016b4445c6e8a12,2,2,1.0,1,1,2.0,1,0,1,0,0,0.0,0,2025-09-02 22:23:05.077,2025-09-02 22:24:20.545,1.0,0.0,0.0071,0.0,0,0.0,0.0,1
da5ace3694a1d9e12272065a71a6bc3983c8b64c940103be5153cc771dd3973b,2,1,0.5,1,1,2.0,2,0,1,0,0,0.0,0,2025-09-02 11:20:38.197,2025-09-02 11:21:24.589,1.0,0.0,0.0142,0.0,0,0.0,0.0,1
dc157c9897d0359d62c5216623b37f6eeebf819b5f4b084e253a313b3ea288f7,2,1,0.5,1,1,2.0,2,0,1,0,0,0.0,0,2025-09-02 09:22:09.921,2025-09-02 09:23:43.167,1.0,0.0,0.0142,0.0,0,0.0,0.0,1
bd680ce476dadcb4183fabe6851e3137188d2e85417cfdc7b8f8cc323e64dd84,1,1,1.0,1,1,1.0,1,0,1,0,0,0.0,0,2025-09-02 04:00:06.633,2025-09-02 04:00:06.633,1.0,0.0,0.0071,0.0,0,0.0,0.0,1
410cd22426c29b9a4f35d5d146ca06b91725a506733f09a6013cbec2c28c51c9,1,1,1.0,1,1,1.0,1,0,1,0,0,0.0,0,2025-09-02 11:18:53.670,2025-09-02 11:18:53.670,1.0,0.0,0.0071,0.0,0,0.0,0.0,1
d7e8bad93b0954b12c75f7c4dc1835ae0146540085d9a3b46fc0cd57efe8805b,1,0,0.0,1,1,1.0,1,0,0,0,0,0.0,0,2025-09-02 13:40:24.249,2025-09-02 13:40:24.249,1.0,-1.0,0.0071,0.0,0,0.0,0.0,1
72129bfe50b9285eb44773db25558dd109d150c5360db61b5e6c8a67f265d744,1,1,1.0,1,1,1.0,1,0,1,0,0,0.0,0,2025-09-02 09:54:32.956,2025-09-02 09:54:32.956,1.0,0.0,0.0071,0.0,0,0.0,0.0,1
64ad49e98094b549af5105cda608670fdc23cecf4178acdc8059c33835421a5e,1,0,0.0,1,1,1.0,1,0,0,0,0,0.0,0,2025-09-02 07:31:26.754,2025-09-02 07:31:26.754,1.0,-1.0,0.0071,0.0,0,0.0,0.0,1
3eb49f1227c3ca86bf677d850a5b2e5131fbeb069da1d6c954b45bae38445588,1,1,1.0,1,1,1.0,1,0,1,0,0,0.0,0,2025-09-02 09:55:18.376,2025-09-02 09:55:18.376,1.0,0.0,0.0071,0.0,0,0.0,0.0,1
c619d093452bc3404f135e00f24654f6874a83af5f575f2709b74de1a5bb45f8,1,0,0.0,1,1,1.0,1,0,0,0,0,0.0,0,2025-09-02 16:01:25.531,2025-09-02 16:01:25.531,1.0,-1.0,0.0071,0.0,0,0.0,0.0,1
024e0ca8be49098b27a64089210abc1de0d89120425f2c0551663b7401d27108,4,0,0.0,2,2,2.0,2,0,0,0,0,0.0,0,2025-09-02 15:04:02.271,2025-12-04 14:08:56.255,92.96,-1.0,0.0142,-2.0,0,0.0,0.0,0
232a56ddf2cc959b054df8171f3db4619d04433e3ef9d7de6380b7271c7242ed,1,0,0.0,1,1,1.0,1,0,0,0,0,0.0,0,2025-09-02 21:08:52.350,2025-09-02 21:08:52.350,1.0,-1.0,0.0071,0.0,0,0.0,0.0,1
122ee8d0a0161750adaaea4d3a89895f8dcc85000b5c0afa7ccb355517f07236,1,0,0.0,1,1,1.0,1,0,0,0,0,0.0,0,2025-09-02 22:52:59.998,2025-09-02 22:52:59.998,1.0,-1.0,0.0071,0.0,0,0.0,0.0,1
4c7b08e42a40711c6e5e0d77ee3e31cc93e2f3193d3c34ea21c5a9cacbeebf07,2,2,1.0,1,1,2.0,2,0,1,0,0,0.0,0,2025-09-02 11:30:54.051,2025-09-02 11:31:00.531,1.0,0.0,0.0142,0.0,0,0.0,0.0,1
af1cf36f418415f96763b3ebaf882dd35e0574e934f70cc1c1d237b6bf8d8464,1,0,0.0,1,1,1.0,1,0,0,0,0,0.0,0,2025-09-02 11:08:46.131,2025-09-02 11:08:46.131,1.0,-1.0,0.0071,0.0,0,0.0,0.0,1
fe23bb615885ac4053707b4d749aebc1a7c2cd467da8a6cc964abcca124ded70,1,0,0.0,1,1,1.0,1,0,0,0,0,0.0,0,2025-09-02 11:53:14.026,2025-09-02 11:53:14.026,1.0,-1.0,0.0071,0.0,0,0.0,0.0,1
b90ca2814a46cfcbd0d29dddfaed9dd26b6c3ab0e4f1929bc3bca16f011b2ba6,1,0,0.0,1,1,1.0,1,0,0,0,0,0.0,0,2025-09-02 05:27:09.012,2025-09-02 05:27:09.012,1.0,-1.0,0.0071,0.0,0,0.0,0.0,1
f0885963ce43458e07b73a27fa42f53ffc14acc2669985c64e2aca1090e29d3c,1,0,0.0,1,1,1.0,1,0,0,0,0,0.0,0,2025-09-02 06:04:16.531,2025-09-02 06:04:16.531,1.0,-1.0,0.0071,0.0,0,0.0,0.0,1
3733e9cd215634feef57324db5a26ed51679da93db1aa553c67ee6f1f1a16424,2,0,0.0,1,1,2.0,2,0,0,0,0,0.0,0,2025-09-02 15:11:59.742,2025-09-02 15:12:00.293,1.0,-1.0,0.0142,0.0,0,0.0,0.0,1
a6bda9d9a3658f8ed7be4b6132db04810c2047ac49c1de4ebb66bce0985955bd,1,1,1.0,1,1,1.0,1,0,1,0,0,0.0,0,2025-09-02 10:14:04.414,2025-09-02 10:14:04.414,1.0,0.0,0.0071,0.0,0,0.0,0.0,1
da4dbce27fe6c6d1afef5b0f8091ad76172a1e941a216c3232420a2216232ce1,1,1,1.0,1,1,1.0,1,0,1,0,0,0.0,0,2025-09-02 08:38:44.015,2025-09-02 08:38:44.015,1.0,0.0,0.0071,0.0,0,0.0,0.0,1
999eb0b752503f3d65f76e7c4405b53969936651b97e22d151b02469a3b4f70b,1,0,0.0,1,1,1.0,1,0,0,0,0,0.0,0,2025-09-02 17:48:09.934,2025-09-02 17:48:09.934,1.0,-1.0,0.0071,0.0,0,0.0,0.0,1
a9d8caa2889e2cac80ee936190a131d761ac02b23ce10fefea125037ce63d496,1,0,0.0,1,1,1.0,1,0,0,0,0,0.0,0,2025-09-02 16:05:51.217,2025-09-02 16:05:51.217,1.0,-1.0,0.0071,0.0,0,0.0,0.0,1
d4dbb992e8485293c54f429ecf5c5a656a17044d7c172b9801c64d4362b8253f,1,0,0.0,1,1,1.0,1,0,0,0,0,0.0,0,2025-09-02 19:24:50.388,2025-09-02 19:24:50.388,1.0,-1.0,0.0071,0.0,0,0.0,0.0,1
f9c52d89028548c8589d9b5a29eaf5ad7756b1634ab0acc0b4df39bc89c570e8,1,1,1.0,1,1,1.0,1,0,1,0,0,0.0,0,2025-09-02 11:39:05.162,2025-09-02 11:39:05.162,1.0,0.0,0.0071,0.0,0,0.0,0.0,1
b5998f35694a7b39527e5d13743fdbc377c3ded07d13b5e0e01e39b339c0c1dd,1,0,0.0,1,1,1.0,1,0,0,0,0,0.0,0,2025-09-02 17:00:41.430,2025-09-02 17:00:41.430,1.0,-1.0,0.0071,0.0,0,0.0,0.0,1
d7de7a96404bc1b433c9c56c1d033719c760f7477f49ea73c1d8120e57625dc5,1,1,1.0,1,1,1.0,1,0,1,0,0,0.0,0,2025-09-02 04:04:54.496,2025-09-02 04:04:54.496,1.0,0.0,0.0071,0.0,0,0.0,0.0,1
67332aa5d39975a3bccaeb496d9d7b07452d002e11b7578c2590ad7802189ed2,1,1,1.0,1,1,1.0,1,0,1,0,0,0.0,0,2025-09-02 03:19:27.312,2025-09-02 03:19:27.312,1.0,0.0,0.0071,0.0,0,0.0,0.0,1
a5a13dd2c53ce8ed3fddd8d58b86ded979b5a0313c5acfa04ce4ff05002bc2c8,1,1,1.0,1,1,1.0,1,0,1,0,0,0.0,0,2025-09-02 22:52:12.580,2025-09-02 22:52:12.580,1.0,0.0,0.0071,0.0,0,0.0,0.0,1
5e4728de4048da25cc6ae76fb78570eed3564b4942cbd271a5c2c3b69e2e45e6,1,0,0.0,1,1,1.0,1,0,0,0,0,0.0,0,2025-09-02 11:26:25.372,2025-09-02 11:26:25.372,1.0,-1.0,0.0071,0.0,0,0.0,0.0,1
8996991000be84b3f67dba0b091983979431cc383b153518f6e689dda6429bbf,1,1,1.0,1,1,1.0,1,0,1,0,0,0.0,0,2025-09-02 09:53:52.656,2025-09-02 09:53:52.656,1.0,0.0,0.0071,0.0,0,0.0,0.0,1
ef1f6ebebc28d902f4cb58c3db5ab3ef0249e1ef5538398910782a27222bc43d,1,0,0.0,1,1,1.0,1,0,0,0,0,0.0,0,2025-09-02 16:32:15.549,2025-09-02 16:32:15.549,1.0,-1.0,0.0071,0.0,0,0.0,0.0,1
e80c2c67a892b0452ee130318cdae5a572eebadc320c6200ea1dc4156f33450e,2,1,0.5,2,2,1.0,2,0,1,0,0,0.0,0,2025-09-02 06:09:16.014,2025-09-04 10:15:07.128,2.17,3125.85,0.0142,0.0,0,0.0,0.0,1
aa35ea73195201e3b7cf1b0dba53f5ca73d82c665fd41eb2af090c15053617f4,1,0,0.0,1,1,1.0,1,0,0,0,0,0.0,0,2025-09-02 09:10:32.298,2025-09-02 09:10:32.298,1.0,-1.0,0.0071,0.0,0,0.0,0.0,1
0bbbb04237acb783047de0c1dbc09566e20461bcd8395c9a7b72f535c4b487dc,1,0,0.0,1,1,1.0,1,0,0,0,0,0.0,0,2025-09-02 08:39:43.810,2025-09-02 08:39:43.810,1.0,-1.0,0.0071,0.0,0,0.0,0.0,1
11c001edb1d4072cc87f430113bbd4804d9d445cee11c4f01b8c76bda1d16af6,2,0,0.0,1,1,2.0,2,0,0,0,0,0.0,0,2025-09-02 21:08:52.354,2025-09-02 21:08:52.575,1.0,-1.0,0.0142,0.0,0,0.0,0.0,1
d2818372f170e235cf759f82620fd3a8f65b7982f79667c058bf1ce8c9904b33,1,0,0.0,1,1,1.0,1,0,0,0,0,0.0,0,2025-09-02 17:45:35.650,2025-09-02 17:45:35.650,1.0,-1.0,0.0071,0.0,0,0.0,0.0,1
899bb1cd777d33c81879e2851393b18ba3ab21569c97b6f206508b492772b7f4,1,0,0.0,1,1,1.0,1,0,0,0,0,0.0,0,2025-09-02 12:04:43.179,2025-09-02 12:04:43.179,1.0,-1.0,0.0071,0.0,0,0.0,0.0,1
67009b37e237ecdcfd8d577fad559726d9ad27752d4e881427de0a61e31d6a48,1,0,0.0,1,1,1.0,1,0,0,0,0,0.0,0,2025-09-02 15:11:59.727,2025-09-02 15:11:59.727,1.0,-1.0,0.0071,0.0,0,0.0,0.0,1
f361ece0779d1ddf01957a07ff7aca81a3f93461469586b2b008d0f445f85e23,1,0,0.0,1,1,1.0,1,0,0,0,0,0.0,0,2025-09-02 11:51:05.884,2025-09-02 11:51:05.884,1.0,-1.0,0.0071,0.0,0,0.0,0.0,1
dad2782812fb4dd4b158e208f9fc9e0bf26aeb8287ac77dc600d1db6987e6c48,1,0,0.0,1,1,1.0,1,0,0,0,0,0.0,0,2025-09-02 18:36:11.749,2025-09-02 18:36:11.749,1.0,-1.0,0.0071,0.0,0,0.0,0.0,1
147abad0e11979eb9c55a380e9d20362d665a48a8224ff21c9eaee4bc07f7dd5,1,0,0.0,1,1,1.0,1,0,0,0,0,0.0,0,2025-09-02 13:13:34.274,2025-09-02 13:13:34.274,1.0,-1.0,0.0071,0.0,0,0.0,0.0,1
44b7443e7bc8d05d978699fe7529ddb74a9ab7d125943c80c00ef616e8e7da82,1,0,0.0,1,1,1.0,1,0,0,0,0,0.0,0,2025-09-02 16:45:03.994,2025-09-02 16:45:03.994,1.0,-1.0,0.0071,0.0,0,0.0,0.0,1
01143bb30ccaa634fd99506f79302c5e2b1117fb88ee360187b914bf1400c3d9,1,0,0.0,1,1,1.0,1,0,0,0,0,0.0,0,2025-09-02 19:17:04.558,2025-09-02 19:17:04.558,1.0,-1.0,0.0071,0.0,0,0.0,0.0,1
4d7944754133bee6f3220d3447131390c5db04b2d88ef49bcc55dcb17b7a17a8,1,0,0.0,1,1,1.0,1,0,0,0,0,0.0,0,2025-09-02 08:38:54.024,2025-09-02 08:38:54.024,1.0,-1.0,0.0071,0.0,0,0.0,0.0,1
8c4ee0b9f79684eeebcedf6fa57a3ac495536a297e9e7d684e717aecb37a4b63,307,241,0.785,3,16,19.19,26,0,1,0,1,0.0,3,2025-09-03 10:48:31.859,2025-09-10 14:11:39.467,7.14,74.13,0.1844,0.9638,7,0.0,0.7296,1
cc51e4fb18b1134e6bf9bb49684a3c27e1e32270305209d4798050f3a8aae0e0,244,227,0.9303,3,3,81.33,20,0,1,0,1,0.0,1,2025-09-03 06:39:38.628,2025-10-03 03:49:06.731,29.88,0.0,0.1418,0.9953,8,0.0,0.9139,1
addd6031ffa4689bedf6f2e651e8e170ed941e6beaf4ce45df74d5dab54f6698,890,226,0.2539,30,142,6.27,59,1,1,0,1,0.0,27,2025-09-03 09:47:19.534,2025-12-02 16:54:55.379,90.3,38.08,0.4184,-0.5278,8,0.153355844,0.2764,0
3bca3bbf0ce87ceadb8889e1b01143f989fe1baf56f987fdc1cf2ace9d336624,53,51,0.9623,1,2,26.5,12,0,1,0,1,0.0,1,2025-09-03 02:41:44.846,2025-09-03 03:06:32.141,1.0,0.97,0.0851,0.0,7,0.0,0.9245,1
d6a3298916d230d8c57cef2c50964fec2c3989b0e3cd4948dc5a45880b6a13fb,30,2,0.0667,2,4,7.5,18,1,1,0,1,0.0,2,2025-09-03 14:46:11.713,2025-11-24 16:11:42.847,82.06,1.99,0.1277,-0.1429,0,0.0014447333333333333,0.1,1
65c2c72a940bf2131437fccdffc7e762f8e2e169890ef0eec3a991df1fc147db,1421,766,0.5391,54,125,11.37,48,0,1,0,1,0.0,52,2025-09-03 09:38:06.748,2025-12-08 16:06:04.519,96.27,68.42,0.3404,0.4462,9,0.00878152587537092,0.6587,0
286ee58a2d6796039df16d2206c473a86c5f65ed4a67e0ed99b51d9167b8ccd6,20,2,0.1,1,2,10.0,16,1,1,0,0,0.0,1,2025-09-03 10:43:38.126,2025-09-03 10:50:57.826,1.0,4.57,0.1135,0.0,0,0.0,0.0,1
29057f96d8d837856e30eadcf9afece9189adfb53d41bf3a4cb8b08706da20a3,9,4,0.4444,1,6,1.5,6,0,1,0,0,0.0,1,2025-09-03 21:31:31.411,2025-09-03 21:47:59.227,1.0,0.74,0.0426,0.0,0,0.0,0.0,1
45cce9e1379453a7fc4e011a254a066453854c86628246cacd6e5fdca67b7bbd,245,242,0.9878,2,3,81.67,14,0,1,0,1,0.0,1,2025-09-03 09:17:05.193,2025-09-09 03:59:03.675,5.78,1.94,0.0993,0.0,8,0.0,0.9755,1
f6c41d2accfc959e9d1e927908300dbb11fd2e83f1e5ef827732ae235c0df1ca,138,91,0.6594,3,6,23.0,22,0,1,0,1,0.0,1,2025-09-03 00:02:56.725,2025-10-08 22:04:12.402,35.92,0.37,0.156,-1.6316,7,0.02685761514285714,0.8478,1
036da9d96c27bdd3744ce5c8d81759b92867ad761ab0a6c97af1915a3b2a63a3,29,3,0.1034,1,5,5.8,18,1,1,0,0,0.0,2,2025-09-03 07:23:41.985,2025-09-03 07:42:09.102,1.0,5.24,0.1277,0.0,0,0.0,0.0,1
68bfb0a09f8163eb69793494c2b139d7c17427e09e689ba4737729b45f5056ad,2,0,0.0,1,1,2.0,2,0,0,0,0,0.0,0,2025-09-03 06:31:18.674,2025-09-03 06:31:18.729,1.0,-1.0,0.0142,0.0,0,0.0,0.0,1
42d6a0fa90553005041904a9d547eaf855e261a89bddc6e01d27d4e3853944ab,1,0,0.0,1,1,1.0,1,0,0,0,0,0.0,0,2025-09-03 08:17:03.998,2025-09-03 08:17:03.998,1.0,-1.0,0.0071,0.0,0,0.0,0.0,1
978141b6f723f9481d43763637fdc6e860bd2db25551fcefedb16eb48b15f4e9,77,65,0.8442,5,8,9.62,13,0,1,0,1,0.0,2,2025-09-03 18:02:42.668,2025-09-23 07:01:25.811,19.54,0.0,0.0922,-8.5714,6,0.0,0.8182,1
57392a856b7ed33578b6bd82e91fc9ea72a16be97ff6bb866b122968987d526a,1,0,0.0,1,1,1.0,1,0,0,0,0,0.0,0,2025-09-03 15:20:27.597,2025-09-03 15:20:27.597,1.0,-1.0,0.0071,0.0,0,0.0,0.0,1
a532dc9f1587b59c83374136887343605823bef0d75143e2f22304907aa6c688,19,1,0.0526,1,2,9.5,15,1,1,0,0,0.0,1,2025-09-03 14:34:56.661,2025-09-03 14:36:39.542,1.0,0.6,0.1064,0.0,0,0.0,0.0,1
7453f3f13fff2f67ebcb67b8b6f8d9c76d29e898eb1a6fc2826f7adf978a4085,15,1,0.0667,1,3,5.0,15,1,1,0,0,0.0,1,2025-09-03 08:17:04.014,2025-09-03 10:25:21.355,1.0,127.81,0.1064,0.0,0,0.0,0.0,1
22f8f883bd6abf3bea3dbb50817bfdf25e9706876558cfc4664cadcd3915f985,1,0,0.0,1,1,1.0,1,0,0,0,0,0.0,0,2025-09-03 02:41:44.841,2025-09-03 02:41:44.841,1.0,-1.0,0.0071,0.0,0,0.0,0.0,1
a11451f9289507e0f6083ff4e6a606cde09fc1e8e7c6a8f7e13a238fcc1628c5,116,112,0.9655,1,4,29.0,16,0,1,0,1,0.0,2,2025-09-03 06:57:27.710,2025-09-03 13:16:48.068,1.0,1.74,0.1135,0.0,7,0.0,0.8879,1
8bee004decf22d6668873550349805a7b704b340f6364b9f89095dc1704a152e,1700,1378,0.8106,23,107,15.89,31,0,1,0,1,0.0,8,2025-09-03 13:32:42.871,2025-12-08 17:25:01.953,96.16,13.96,0.2199,0.9841,9,0.03800580086956522,0.7559,0
06af9828923a102ca104011b9bc9751d7a311ad20bb8250b3e4b63d8643e4ecd,218,145,0.6651,4,17,12.82,33,1,1,0,1,0.0,3,2025-09-03 15:15:18.483,2025-09-19 14:56:37.791,15.99,0.37,0.234,-0.202,7,0.0,0.6239,1
0997a25b86b6b3453bee8095c24fe92e60a54f24158581f6cfa12650ea73a47c,253,253,1.0,1,1,253.0,9,0,1,0,1,0.0,0,2025-09-03 07:35:06.831,2025-09-03 08:00:40.434,1.0,0.0,0.0638,0.0,8,0.0,1.0,1
4af1f76d44991f85ffe67ef04bce05fad7ddd7f304b515e7c38a3d44983b42df,2,2,1.0,1,1,2.0,1,0,1,0,0,0.0,0,2025-09-03 08:03:25.010,2025-09-03 08:03:27.707,1.0,0.0,0.0071,0.0,0,0.0,0.0,1
3e06eeaf9a6b591900fa6d5821ac32eaa7eed81756459c3106dd7d994002eb89,87,85,0.977,1,2,43.5,12,0,1,0,1,0.0,1,2025-09-03 08:07:49.318,2025-09-03 08:22:09.049,1.0,1.09,0.0851,0.0,7,0.0,0.954,1
2b54d8bd6b9d258d6efc7daff0d8eb912448121c415d8b541acbed034a1167c8,1,1,1.0,1,1,1.0,1,0,1,0,0,0.0,0,2025-09-03 15:19:03.956,2025-09-03 15:19:03.956,1.0,0.0,0.0071,0.0,0,0.0,0.0,1
ffeeabe06f75e52abfa93b6603da3929d00d904eea3d63e446bd4219699ac5ff,266,239,0.8985,3,16,16.62,21,0,1,0,1,0.0,5,2025-09-03 14:31:24.538,2025-10-03 15:55:48.714,30.06,0.78,0.1489,0.9924,8,0.0,0.8647,1
1102f3faee24473aeaf804cc15929eb8048f834a9c55cc621a340ceb68589e5a,17,1,0.0588,1,2,8.5,13,1,1,0,0,0.0,1,2025-09-03 08:14:03.296,2025-09-03 08:16:03.531,1.0,1.08,0.0922,0.0,0,0.0,0.0,1
5ae7cabb5c31c2fc32ee7272a251b0be20135e2d60e81f030223c699a2f44ee9,1,1,1.0,1,1,1.0,1,0,1,0,0,0.0,0,2025-09-03 12:01:56.113,2025-09-03 12:01:56.113,1.0,0.0,0.0071,0.0,0,0.0,0.0,1
10870a2080452d77ff45da162e3765c4a339eed01753f80da712d4de1ab9508e,2,1,0.5,2,2,1.0,2,0,1,0,0,0.0,1,2025-09-03 10:48:31.854,2025-09-10 14:09:15.567,7.14,10280.73,0.0142,0.0,0,0.0,0.0,1
ecb94620c9086df3ad2b10a6a7084a42f57bb76921f4ea468032c1405393e1ba,1,0,0.0,1,1,1.0,1,0,0,0,0,0.0,0,2025-09-03 06:31:18.663,2025-09-03 06:31:18.663,1.0,-1.0,0.0071,0.0,0,0.0,0.0,1
084711101a69883c28b9ceb8a85c4194a74221bb813f3dd89bbbdd633feea991,2,0,0.0,2,2,1.0,1,0,0,0,0,0.0,0,2025-09-03 03:15:21.657,2025-12-01 19:52:05.372,89.69,-1.0,0.0071,0.0,0,0.0,0.0,0
5f5a872aef1fdc755b0e5fb7d008174b9cdcb84d29aae8e0f6613de31bf78e3b,1,0,0.0,1,1,1.0,1,0,0,0,0,0.0,0,2025-09-03 12:46:39.691,2025-09-03 12:46:39.691,1.0,-1.0,0.0071,0.0,0,0.0,0.0,1
5b4a4b16a23eca3a54537ba5859ebaf9d1a2f8a8230d97f2b2420dc2aaa7f612,189,38,0.2011,20,86,2.2,24,0,1,0,1,0.0,15,2025-09-03 09:44:55.938,2025-11-25 15:21:01.243,83.23,9140.46,0.1702,0.6757,5,0.014077785,0.1587,0
426bd629c56935cc64367fbc425d6a2e03ea12f1f0c045ed7b2b4ee2df76227a,1,1,1.0,1,1,1.0,1,0,1,0,0,0.0,0,2025-09-03 12:48:53.580,2025-09-03 12:48:53.580,1.0,0.0,0.0071,0.0,0,0.0,0.0,1
f00c087f17c76da635468a7cde0e046621defc0e843629c15ff5e5f091abe34a,1,1,1.0,1,1,1.0,1,0,1,0,0,0.0,0,2025-09-03 10:30:15.002,2025-09-03 10:30:15.002,1.0,0.0,0.0071,0.0,0,0.0,0.0,1
442f9eb30be40c9af9e43bd1c937956f422799c5c08d5f7101aca4dc2cb10835,5,0,0.0,1,4,1.25,3,0,0,0,0,0.0,0,2025-09-03 06:36:30.834,2025-09-03 10:13:41.812,1.0,-1.0,0.0213,0.0,0,0.0,0.0,1
9ed2eb591137517b693c653c6f68f14a34ad710c93dba3465d2f257b3aa5c7c5,5,3,0.6,1,2,2.5,5,0,1,0,0,0.0,1,2025-09-03 08:59:51.392,2025-09-03 09:03:47.201,1.0,1.34,0.0355,0.0,0,0.0,0.0,1
fd3083c29f8817433dc6d45f8a80ec819f3d0524485ac8c540ba6a269150eef7,420,149,0.3548,2,4,105.0,28,0,1,0,1,0.0,2,2025-09-03 06:03:19.162,2025-11-12 08:21:51.367,70.1,31.47,0.1986,-68.0,1,0.037019161032258066,0.9476,1
b25606e2a7973deebab950b8018879ad123bae0ba8e7061826e051717cae418c,5,0,0.0,1,1,5.0,2,0,0,0,0,0.0,1,2025-09-03 13:33:07.698,2025-09-03 13:35:47.459,1.0,-1.0,0.0142,0.0,0,0.0,0.0,1
86354f4e870444202830bf16f34c2cfc9139490e9e7a168d3f2e796360313ba4,4,2,0.5,1,2,2.0,4,0,1,0,0,0.0,1,2025-09-03 16:24:19.142,2025-09-03 16:27:49.507,1.0,2.36,0.0284,0.0,0,0.0,0.0,1
200621d3c44654413885bba010722611f76bc98aac2001be089f72fd507f8c24,2,1,0.5,1,1,2.0,2,0,1,0,0,0.0,0,2025-09-03 15:22:11.127,2025-09-03 15:22:51.974,1.0,0.68,0.0142,0.0,0,0.0,0.0,1
f4f43ed0b40484fcd16ef4aeaf76509362b1e67cd51fed15d84ba05d58ca1d9f,2,0,0.0,1,1,2.0,2,0,0,0,0,0.0,0,2025-09-03 00:16:18.340,2025-09-03 00:16:18.469,1.0,-1.0,0.0142,0.0,0,0.0,0.0,1
66f391fdcda3ca645d1c2b1a7b447909aa0aa851986ce0227b5440e511b187ae,1,0,0.0,1,1,1.0,1,0,0,0,0,0.0,0,2025-09-03 12:09:29.651,2025-09-03 12:09:29.651,1.0,-1.0,0.0071,0.0,0,0.0,0.0,1
22bbc61d74c0562cb709a94e11a4bfe28ef93416f06fad2a4f8b66eec7ea784f,2,0,0.0,1,1,2.0,2,0,0,0,0,0.0,0,2025-09-03 20:34:36.366,2025-09-03 20:34:36.475,1.0,-1.0,0.0142,0.0,0,0.0,0.0,1
4ec2744b68dc655d931d2ea67a5f4ba27af480fcfd5411da41ed223111964ed6,6533,1780,0.2725,43,130,50.25,49,0,1,0,1,0.0,37,2025-09-03 13:52:49.384,2025-12-08 19:59:27.201,96.25,1276.63,0.3475,-3.8243,9,0.006001544034296029,0.9276,0
59a47c650a0cc85bbf026c8d5e2b2babb6c8c2f30c50f2c067bc555c836026a3,1,0,0.0,1,1,1.0,1,0,0,0,0,0.0,1,2025-09-03 16:24:05.021,2025-09-03 16:24:05.021,1.0,-1.0,0.0071,0.0,0,0.0,0.0,1
40a87f6115da71a53e69faed401939c1fe8550da5648e3235f85222c2cebac8c,16,13,0.8125,1,5,3.2,8,0,1,0,1,0.0,1,2025-09-03 09:23:42.957,2025-09-03 14:54:16.028,1.0,1.57,0.0567,0.0,0,0.0,0.5,1
25fa33bc16da54bc63331509ccd8e375fb6f2544c8cfc6a2c5dbe5dcf43db187,1,0,0.0,1,1,1.0,1,0,0,0,0,0.0,0,2025-09-03 14:34:56.658,2025-09-03 14:34:56.658,1.0,-1.0,0.0071,0.0,0,0.0,0.0,1
175450c1331805cc009911a48767a7d1d6ec43ae4537103f55718640998e0962,2,0,0.0,1,1,2.0,2,0,0,0,0,0.0,0,2025-09-03 08:37:13.982,2025-09-03 08:37:14.650,1.0,-1.0,0.0142,0.0,0,0.0,0.0,1
ac820cdee549b375599e7fe722a02c0b88c79b460b80e3b0105e385b3e33a26d,1,0,0.0,1,1,1.0,1,0,0,0,0,0.0,0,2025-09-03 08:37:13.977,2025-09-03 08:37:13.977,1.0,-1.0,0.0071,0.0,0,0.0,0.0,1
3020701e7667f8b70d4163b1e2f5873ff07877d3e399fba605dc8c9a43c2279d,1,0,0.0,1,1,1.0,1,0,0,0,0,0.0,0,2025-09-03 21:31:31.404,2025-09-03 21:31:31.404,1.0,-1.0,0.0071,0.0,0,0.0,0.0,1
464d0f1876c810a9573c99ab94c8a1f0e45a2393e74b04c310b70bc03232823f,1,0,0.0,1,1,1.0,1,0,0,0,0,0.0,0,2025-09-03 09:23:42.953,2025-09-03 09:23:42.953,1.0,-1.0,0.0071,0.0,0,0.0,0.0,1
48eb0d7b5280105485f7d46a8758bfcf9fe536f58c2a94cf73baf60d50f1277b,1,0,0.0,1,1,1.0,1,0,0,0,0,0.0,0,2025-09-03 08:59:51.379,2025-09-03 08:59:51.379,1.0,-1.0,0.0071,0.0,0,0.0,0.0,1
47763693ad29025b792427b366230cc56f0de8eb6b5e2c664cd070f4650a371c,1,0,0.0,1,1,1.0,1,0,0,0,0,0.0,0,2025-09-03 14:31:53.522,2025-09-03 14:31:53.522,1.0,-1.0,0.0071,0.0,0,0.0,0.0,1
b9053828ba6b026fb0ad70b33b63ffa0cec3355aac05f46cb305865ccdcd0c36,2,0,0.0,1,1,2.0,2,0,0,0,0,0.0,0,2025-09-03 12:46:39.697,2025-09-03 12:46:40.356,1.0,-1.0,0.0142,0.0,0,0.0,0.0,1
e96a510fb715445670a69da73528b7c31d3fef533dce226d1891edec693f9486,1,0,0.0,1,1,1.0,1,0,0,0,0,0.0,0,2025-09-03 10:45:00.561,2025-09-03 10:45:00.561,1.0,-1.0,0.0071,0.0,0,0.0,0.0,1
c4fb726f3e8e80cd5d8918507faae5014c537adc1a626257ab06cdb2f148b65b,1,0,0.0,1,1,1.0,1,0,0,0,0,0.0,0,2025-09-03 00:16:18.335,2025-09-03 00:16:18.335,1.0,-1.0,0.0071,0.0,0,0.0,0.0,1
1e06b11afb9fb4369d18e6f5e1ae5923916b4a224d50cbfb843f22f2116f9ad7,2,0,0.0,1,1,2.0,2,0,0,0,0,0.0,0,2025-09-03 13:41:55.171,2025-09-03 13:41:55.295,1.0,-1.0,0.0142,0.0,0,0.0,0.0,1
1da712b6e29824df919638d3a64358ad238acf71d3077256650a19ab1bffef13,1,0,0.0,1,1,1.0,1,0,0,0,0,0.0,0,2025-09-03 08:07:49.312,2025-09-03 08:07:49.312,1.0,-1.0,0.0071,0.0,0,0.0,0.0,1
6c4e818064c626eb0cdf2981cf17244109dbbb26882f35206dff9980da181836,2,1,0.5,1,2,1.0,2,0,1,0,0,0.0,0,2025-09-03 05:16:36.952,2025-09-03 06:36:30.825,1.0,0.0,0.0142,0.0,0,0.0,0.0,1
68de3493fdce6e56b1edd83b7ba00674e18d89484792fc71d2fd13663afd04d0,5,4,0.8,1,1,5.0,2,0,1,0,0,0.0,0,2025-09-03 10:36:23.169,2025-09-03 10:43:38.116,1.0,0.0,0.0142,0.0,0,0.0,0.0,1
17f2a593c2ee260f07950e7f06632708f83b36ed9f80e31793e141e9751bd4fd,1,0,0.0,1,1,1.0,1,0,0,0,0,0.0,0,2025-09-03 00:02:56.719,2025-09-03 00:02:56.719,1.0,-1.0,0.0071,0.0,0,0.0,0.0,1
dbb8d86f1efed9384d7fc1186ff39d0b495dadf4f0f8e1aecd3a3de99c9afc3f,2,2,1.0,1,1,2.0,2,0,1,0,0,0.0,0,2025-09-03 05:52:35.517,2025-09-03 05:52:44.087,1.0,0.0,0.0142,0.0,0,0.0,0.0,1
c9fef7d4e8aabb32bc6333b035f6689959a3e77b9760a77cc987beab58e3b7a8,2,2,1.0,1,1,2.0,2,0,1,0,0,0.0,0,2025-09-03 16:14:22.746,2025-09-03 16:16:23.756,1.0,0.0,0.0142,0.0,0,0.0,0.0,1
b41e5392654077eaccf9131218de8e8e5f636dfa10b1101fe34e05f34f8ce923,1,0,0.0,1,1,1.0,1,0,0,0,0,0.0,0,2025-09-03 08:14:03.283,2025-09-03 08:14:03.283,1.0,-1.0,0.0071,0.0,0,0.0,0.0,1
b74fb4dfb4de1caab99278e751f5bccdaf0f951c470c655d8cf4c257e772db7a,1,0,0.0,1,1,1.0,1,0,0,0,0,0.0,0,2025-09-03 07:23:41.980,2025-09-03 07:23:41.980,1.0,-1.0,0.0071,0.0,0,0.0,0.0,1
ff3138039e3ceef220909602142762645e706fe615d921c1cfaccc8ba081e025,2,1,0.5,1,1,2.0,2,0,1,0,0,0.0,0,2025-09-03 09:09:48.855,2025-09-03 09:17:05.165,1.0,0.0,0.0142,0.0,0,0.0,0.0,1
5084d29c0b41c6107eff6405a3c50f21245e045d5ac7aaf2899b6e529af50da7,1,1,1.0,1,1,1.0,1,0,1,0,0,0.0,0,2025-09-03 04:25:10.797,2025-09-03 04:25:10.797,1.0,0.0,0.0071,0.0,0,0.0,0.0,1
210e8dcc52c4e830023aa4a964909d72b5af1e14ab43b6b99323966c884709fe,4,2,0.5,3,3,1.33,3,0,1,0,0,0.0,0,2025-09-03 14:43:17.735,2025-11-24 16:10:41.052,82.06,0.0,0.0213,0.6667,0,0.0,0.0,1
a18908ae5a094d90372adbbe9c70531e71f0d4a6990398fa557508b531e5ff0b,7,2,0.2857,3,4,1.75,4,0,1,0,0,0.0,1,2025-09-03 09:31:50.242,2025-09-15 13:05:11.726,12.15,10374.89,0.0284,-1.5,0,0.0,0.0,1
ce8543af7c95c9fb34451c1de9fae399a668f007d9b142399317be8df8799c69,1,0,0.0,1,1,1.0,1,0,0,0,0,0.0,0,2025-09-03 15:22:11.115,2025-09-03 15:22:11.115,1.0,-1.0,0.0071,0.0,0,0.0,0.0,1
a7123cf47d0a67a2ecf3e93b9f3835d65aed4ea98bcb617f203aaf4d2de9d92e,2,0,0.0,1,1,2.0,2,0,0,0,0,0.0,0,2025-09-03 11:21:01.456,2025-09-03 11:21:01.543,1.0,-1.0,0.0142,0.0,0,0.0,0.0,1
c53939f75399e5b9887726d668430c72b6bced048970e0cd1efb40fbe1236914,1,1,1.0,1,1,1.0,1,0,1,0,0,0.0,0,2025-09-03 15:45:33.284,2025-09-03 15:45:33.284,1.0,0.0,0.0071,0.0,0,0.0,0.0,1
a6dee8ec5b5e5b4939f6a8a2e62864fcf7dd422a8deed320960be0d8355280a6,1,0,0.0,1,1,1.0,1,0,0,0,0,0.0,0,2025-09-03 11:21:01.452,2025-09-03 11:21:01.452,1.0,-1.0,0.0071,0.0,0,0.0,0.0,1
90520dc78cd671843680f3ca2f0d1bcb0175d089fbd03d0de6476a84ccc11de1,1,0,0.0,1,1,1.0,1,0,0,0,0,0.0,0,2025-09-03 12:01:58.434,2025-09-03 12:01:58.434,1.0,-1.0,0.0071,0.0,0,0.0,0.0,1
ede2adf4fe1d7c01851db8e6abf3d4f085475b8462bbe15802e91f9c39c68ae3,1,1,1.0,1,1,1.0,1,0,1,0,0,0.0,0,2025-09-03 08:38:42.425,2025-09-03 08:38:42.425,1.0,0.0,0.0071,0.0,0,0.0,0.0,1
67f6f561e7c1b74763d06d114b3f03dd4b2da39cffd2a8f60b803efde7409de7,1,0,0.0,1,1,1.0,1,0,0,0,0,0.0,0,2025-09-03 06:57:27.706,2025-09-03 06:57:27.706,1.0,-1.0,0.0071,0.0,0,0.0,0.0,1
1a5a209d825b5fa2aeda6f78b154ea3c827937d53a8ad821957d286632256007,1,0,0.0,1,1,1.0,1,0,0,0,0,0.0,0,2025-09-03 20:34:36.360,2025-09-03 20:34:36.360,1.0,-1.0,0.0071,0.0,0,0.0,0.0,1
f8b715bc972035d0eef04c34e4fe2ea6285447501a27555c29aa229cc0de556c,1,0,0.0,1,1,1.0,1,0,0,0,0,0.0,0,2025-09-03 13:41:55.163,2025-09-03 13:41:55.163,1.0,-1.0,0.0071,0.0,0,0.0,0.0,1
efdce2b93814df17155f3a842ee8508727e0d17bf28c2ff82b014466850782e1,1,0,0.0,1,1,1.0,1,0,0,0,0,0.0,0,2025-09-03 15:15:18.477,2025-09-03 15:15:18.477,1.0,-1.0,0.0071,0.0,0,0.0,0.0,1
b82f013694c5bc9375af7c96cd3dc216b580de268b40ba0f60f711f5eafc271b,1,0,0.0,1,1,1.0,1,0,0,0,0,0.0,0,2025-09-03 16:24:19.125,2025-09-03 16:24:19.125,1.0,-1.0,0.0071,0.0,0,0.0,0.0,1
0e965eaf799eb3525cc8f3eac22aefba32218eda41502aa18b592b3e1d713a0e,3,0,0.0,2,2,1.5,2,0,0,0,0,0.0,0,2025-09-03 06:03:19.157,2025-11-12 07:54:00.133,70.08,-1.0,0.0142,-1.0,0,0.0,0.0,1
b8649760a4824fc7eda3f8764d257c4b15d33e83b8019cf6bcef7386ce5bc68c,94,94,1.0,1,1,94.0,8,0,1,0,1,0.0,0,2025-09-04 15:04:28.720,2025-09-04 15:53:50.353,1.0,0.0,0.0567,0.0,7,0.0,1.0,1
d032426b491e5d24aa3a4b4ebbae02131f7683541c5074bace11d52d1a1368d4,64,31,0.4844,2,5,12.8,24,0,1,0,1,0.0,1,2025-09-04 16:51:42.898,2025-09-06 01:34:02.392,1.36,64.37,0.1702,0.0,5,0.0,0.2031,1
239b1aaf2feaf8ffb9a2fe3ee3599f41c68dc1889a145090faa6e261bef1e07b,61,25,0.4098,1,4,15.25,28,1,1,0,1,0.0,2,2025-09-04 05:07:35.418,2025-09-04 06:26:09.009,1.0,69.72,0.1986,0.0,4,0.0,0.3279,1
6405acd61f0cb9a8e0fc9fa2bcf36ddfe7ba66fbe22ac46ba5aafdf5fe291830,11,7,0.6364,1,3,3.67,6,0,1,0,1,0.0,0,2025-09-04 05:25:52.673,2025-09-04 09:48:42.663,1.0,10.24,0.0426,0.0,0,0.0,0.5455,1
66cf731519fcc18db014ffd6e5845a06a57d380c9481257699ae969b9eeb496f,20,3,0.15,1,5,4.0,16,1,1,0,0,0.0,3,2025-09-04 10:41:00.759,2025-09-04 12:30:43.577,1.0,0.64,0.1135,0.0,0,0.0,0.0,1
168f8878b2bdffd9c7ef6328a65f60e540586b40be3623dd280130530c092dc7,2,0,0.0,1,1,2.0,2,0,0,0,0,0.0,0,2025-09-04 11:15:19.002,2025-09-04 11:15:19.744,1.0,-1.0,0.0142,0.0,0,0.0,0.0,1
10ddcbcb6264a3dd8298abf3098a1e9f76b36c553647b18c134f21a81cb972fd,95,89,0.9368,3,4,23.75,19,0,1,0,1,0.0,1,2025-09-04 09:59:14.218,2025-09-10 17:24:42.923,6.31,12.38,0.1348,0.0,9,0.0,0.8947,1
6ae432b2cb764068e1c5adf544fe5e3a8c449e0e41248c46e9153f1215deaf19,134,132,0.9851,1,2,67.0,13,0,1,0,1,0.0,1,2025-09-04 07:31:20.405,2025-09-04 08:14:40.823,1.0,0.26,0.0922,0.0,8,0.0,0.9627,1
f46f4805ec707e4705197abd3ff07a148a4e09561d1b85c3543863b96f3ad9f6,5,0,0.0,2,2,2.5,3,0,0,0,0,0.0,0,2025-09-04 03:12:11.496,2025-09-30 02:55:08.187,25.99,-1.0,0.0213,0.75,0,0.0,0.0,1
e8980188cef86f99ac451207eef09c93dfebd51c9c39c049473e30a99c1b21eb,1529,892,0.5834,6,27,56.63,38,0,1,0,1,0.0,5,2025-09-04 15:04:53.331,2025-11-27 19:58:36.224,84.2,11.06,0.2695,-2.2784,9,0.017633929942307693,0.8954,0
c6e737df2e1a5733de0cbff7532bdc720635c100da9ca10f32c6a1151f36c989,10,5,0.5,1,4,2.5,9,0,1,0,0,0.0,1,2025-09-04 02:57:12.804,2025-09-04 04:08:35.186,1.0,6.71,0.0638,0.0,0,0.0,0.0,1
58f2149f7a5e0d328d952384ec28113f325b02b95a8ea44ce23a50023728e06a,80,63,0.7875,1,2,40.0,25,1,1,0,1,0.0,1,2025-09-04 08:17:29.879,2025-09-04 09:04:58.991,1.0,4.73,0.1773,0.0,7,0.0,0.7625,1
d54dd295434472a9f440fd404630d4da146cd33dbd5795d281ca4491cb7c47ab,8628,4,0.0005,68,236,36.56,36,0,1,1,1,0.0,12,2025-09-04 10:08:55.053,2025-12-08 09:00:12.662,94.95,87863.58,0.2553,0.4641,0,0.003542769890675083,0.4089,0
8f76e0617f0ea65bbabab22b3fba00b1da0ddeec0e1ee0ed50ad5d950e93741b,3,1,0.3333,1,1,3.0,3,0,1,0,0,0.0,0,2025-09-04 14:34:48.637,2025-09-04 14:36:42.658,1.0,1.9,0.0213,0.0,0,0.0,0.0,1
d410a767217bd84dcd3ae245b8ae6d800230754e25d16630fb86754c88520628,1,0,0.0,1,1,1.0,1,0,0,0,0,0.0,0,2025-09-04 02:09:10.962,2025-09-04 02:09:10.962,1.0,-1.0,0.0071,0.0,0,0.0,0.0,1
e82abbb90f6123e7243f0986e713b3b6510a6ae514617a6543727d4b47a1d1c4,11,4,0.3636,1,3,3.67,8,0,1,0,0,0.0,1,2025-09-04 05:56:48.048,2025-09-04 05:58:43.546,1.0,0.45,0.0567,0.0,0,0.0,0.0,1
56f66b84452eaafac71c73a9a4d6c35613fa354f72edd080159f4fbc4a1c827b,2,2,1.0,1,1,2.0,2,0,1,0,0,0.0,0,2025-09-04 15:03:41.793,2025-09-04 15:03:45.489,1.0,0.0,0.0142,0.0,0,0.0,0.0,1
aa4d26bb8c3829637d1546d02908f87eb00be21b72077bd29a7b8bb2315bea8b,177,110,0.6215,2,3,59.0,26,0,1,0,1,0.0,1,2025-09-04 07:46:50.395,2025-09-15 05:31:42.277,10.91,15665.76,0.1844,-86.5,7,0.0,0.5876,1
efb957c4c34cd5fae7adcf1de4ac84d2d30b857305257a25d7d01e5157a2050f,2,2,1.0,1,1,2.0,2,0,1,0,0,0.0,1,2025-09-04 06:02:23.674,2025-09-04 06:02:23.706,1.0,0.0,0.0142,0.0,0,0.0,0.0,1
44c429ac96dd7ef14f3d1422287954f9992bd60df41f343c88f88f0ec7a1cf91,282,277,0.9823,2,6,47.0,17,0,1,0,1,0.0,1,2025-09-04 06:20:19.784,2025-09-05 10:02:34.969,1.15,1.43,0.1206,0.0,8,0.0,0.9574,1
8e44a6154c60096ea601d2d891c28410c088c275cdad98ee535fd3bb61f791c7,40,1,0.025,3,6,6.67,20,1,1,0,0,0.0,1,2025-09-04 02:26:51.685,2025-10-09 02:42:43.555,35.01,11.73,0.1418,0.9474,0,0.0,0.0,1
10672501c600ad37ec468de1ecfa32f2d16b90066842106f5d62a723e4947d66,1,1,1.0,1,1,1.0,1,0,1,0,0,0.0,0,2025-09-04 08:43:17.145,2025-09-04 08:43:17.145,1.0,0.0,0.0071,0.0,0,0.0,0.0,1
a410fcfeb345e024b15d1c2985fe533b50cf5104c9487e96ad62e03fc673c48d,1,0,0.0,1,1,1.0,1,0,0,0,0,0.0,0,2025-09-04 16:51:42.888,2025-09-04 16:51:42.888,1.0,-1.0,0.0071,0.0,0,0.0,0.0,1
749b0a820503504ae69fc36fc5dad4f5889ceb8f64cc73f074d19d0af7176007,1,0,0.0,1,1,1.0,1,0,0,0,0,0.0,0,2025-09-04 21:06:28.910,2025-09-04 21:06:28.910,1.0,-1.0,0.0071,0.0,0,0.0,0.0,1
4f10f5b83bf910f4dbf40703b0d37580e4be8e6c735e3fa7fb89c49dca448115,1,0,0.0,1,1,1.0,1,0,0,0,0,0.0,0,2025-09-04 16:20:44.201,2025-09-04 16:20:44.201,1.0,-1.0,0.0071,0.0,0,0.0,0.0,1
06733399b00ed3515f094ada5339c0449a24c48aadfc337b9fa40bddd0e426c5,1,0,0.0,1,1,1.0,1,0,0,0,0,0.0,0,2025-09-04 16:12:20.599,2025-09-04 16:12:20.599,1.0,-1.0,0.0071,0.0,0,0.0,0.0,1
187e6437a94dbbaf34064be1da2e3949847faab80a198441a07fe1a60934a0e2,1,1,1.0,1,1,1.0,1,0,1,0,0,0.0,0,2025-09-04 10:25:58.967,2025-09-04 10:25:58.967,1.0,0.0,0.0071,0.0,0,0.0,0.0,1
a598818e34b46a2b43da7b7b08fb0a62c759b3267979e969a8b6f02c27466d27,1,1,1.0,1,1,1.0,1,0,1,0,0,0.0,0,2025-09-04 13:41:07.302,2025-09-04 13:41:07.302,1.0,0.0,0.0071,0.0,0,0.0,0.0,1
4899a637170922c76376ba79b26ce311e6a856e22b3a4eea534b4d7deebeda5f,2,2,1.0,1,1,2.0,1,0,1,0,0,0.0,0,2025-09-04 08:24:10.581,2025-09-04 08:24:11.476,1.0,0.0,0.0071,0.0,0,0.0,0.0,1
b1ee03ea5de97929e8b92a17a24d77e9dac1cb23eef55ba9a9b042f3ab2f4d67,1,0,0.0,1,1,1.0,1,0,0,0,0,0.0,0,2025-09-04 04:53:30.855,2025-09-04 04:53:30.855,1.0,-1.0,0.0071,0.0,0,0.0,0.0,1
2d70fb323c0814b1f3c1adb060bae723e485b72dc4c3647a95d2f227215bf1dd,1,0,0.0,1,1,1.0,1,0,0,0,0,0.0,0,2025-09-04 18:52:36.950,2025-09-04 18:52:36.950,1.0,-1.0,0.0071,0.0,0,0.0,0.0,1
2d77d720e99ff42e6b42f95087994f6954cf6da9255758fe9da83312973899a9,4,0,0.0,3,4,1.0,1,0,0,0,0,0.0,1,2025-09-04 04:06:36.078,2025-09-16 04:21:38.152,12.01,-1.0,0.0071,0.3333,0,0.0,0.0,1
a637a7f083b4c908e33c04a93393036a3d50dacd1c342434197b618d5f014803,7,2,0.2857,1,2,3.5,6,0,1,0,0,0.0,1,2025-09-04 18:52:36.955,2025-09-04 18:53:42.859,1.0,0.69,0.0426,0.0,0,0.0,0.0,1
91aa247bde7cf7e05e5bce4817ed6d89fcb99f523d548871ea5509016f4872d2,1,1,1.0,1,1,1.0,1,0,1,0,0,0.0,0,2025-09-04 21:22:19.339,2025-09-04 21:22:19.339,1.0,0.0,0.0071,0.0,0,0.0,0.0,1
5df524771860dba00cc4a477dbf9084bb0bedeaaacef47c6f730fa25fd5a6320,1,0,0.0,1,1,1.0,1,0,0,0,0,0.0,0,2025-09-04 11:15:18.993,2025-09-04 11:15:18.993,1.0,-1.0,0.0071,0.0,0,0.0,0.0,1
6a438867611c2fc8d336d1b57bd415643153649a68f0e56e47720eab29c1a482,1,1,1.0,1,1,1.0,1,0,1,0,0,0.0,0,2025-09-04 20:02:58.998,2025-09-04 20:02:58.998,1.0,0.0,0.0071,0.0,0,0.0,0.0,1
43f59391fcecf410e7791602b18bcae99ebaf5d769e7a01b74cea658b41eca22,2,0,0.0,1,1,2.0,2,0,0,0,0,0.0,0,2025-09-04 16:20:44.208,2025-09-04 16:20:44.340,1.0,-1.0,0.0142,0.0,0,0.0,0.0,1
0edca97dad25ef4a628669d126753214ec02ac613791111393fb74fa6170554d,1,0,0.0,1,1,1.0,1,0,0,0,0,0.0,0,2025-09-04 00:23:10.056,2025-09-04 00:23:10.056,1.0,-1.0,0.0071,0.0,0,0.0,0.0,1
580189716c7dd6eed06fad038fe75c20aa5222e075d246cabaf868a00572eeb7,15,1,0.0667,2,4,3.75,15,1,1,0,0,0.0,1,2025-09-04 00:23:10.060,2025-09-16 16:46:58.069,12.68,41.8,0.1064,0.9286,0,0.0,0.0,1
b0f55a97ab5e9fd3b966843042482769679123cd75888508a9ed817a61b2db81,1,1,1.0,1,1,1.0,1,0,1,0,0,0.0,0,2025-09-04 12:39:27.242,2025-09-04 12:39:27.242,1.0,0.0,0.0071,0.0,0,0.0,0.0,1
0d80db748dc61673cffefa149932e952fb60dbc64d46d288d6eb7825b3e5448c,2,0,0.0,1,2,1.0,2,0,0,0,0,0.0,0,2025-09-04 04:45:04.817,2025-09-04 13:41:18.035,1.0,-1.0,0.0142,0.0,0,0.0,0.0,1
6097889ac4265e71bbe210ac9444cb198140c4e39a33f3d700dad8aaf6128f45,1,0,0.0,1,1,1.0,1,0,0,0,0,0.0,0,2025-09-04 05:25:52.658,2025-09-04 05:25:52.658,1.0,-1.0,0.0071,0.0,0,0.0,0.0,1
2df90acf367e3425ef30078c5b5b344bbee9a1eddf7c934903852cfba1877c6a,1,0,0.0,1,1,1.0,1,0,0,0,0,0.0,0,2025-09-04 02:26:51.680,2025-09-04 02:26:51.680,1.0,-1.0,0.0071,0.0,0,0.0,0.0,1
2a4c526ebedd9e94a47b39e2a51cb59dbf031939290fd12d6a170e527ba8fc40,1,0,0.0,1,1,1.0,1,0,0,0,0,0.0,0,2025-09-04 04:45:04.804,2025-09-04 04:45:04.804,1.0,-1.0,0.0071,0.0,0,0.0,0.0,1
246dc9d1620f611a63963750d8e73b4d45fbf140717ef42faae79264841883fc,13,1,0.0769,1,2,6.5,13,1,1,0,0,0.0,1,2025-09-04 04:53:30.864,2025-09-04 04:54:27.844,1.0,0.89,0.0922,0.0,0,0.0,0.0,1
62205c719f9fc11118034e571bb75041ff3aa7cf6ff49d57e7421d6035893998,1,0,0.0,1,1,1.0,1,0,0,0,0,0.0,0,2025-09-04 06:20:19.774,2025-09-04 06:20:19.774,1.0,-1.0,0.0071,0.0,0,0.0,0.0,1
d78011e245b0c88f5e9103f3757d5def97087a6270177f48ab9e0c3d1217bfac,50,48,0.96,2,1,50.0,10,0,1,0,1,0.0,0,2025-09-04 21:06:28.913,2025-09-15 16:35:29.260,10.81,15385.33,0.0709,-23.0,7,0.0,0.96,1
bd7204b67b5f355c1908a6df44a2511a9771a2fb8490f02b7b631be1bbc578f0,1,0,0.0,1,1,1.0,1,0,0,0,0,0.0,0,2025-09-04 09:59:14.213,2025-09-04 09:59:14.213,1.0,-1.0,0.0071,0.0,0,0.0,0.0,1
2a696ab32c0bb3f83f65153d3aa5246653efa0d88a5bc962d63d862bc2002f52,1,1,1.0,1,1,1.0,1,0,1,0,0,0.0,0,2025-09-04 13:26:31.640,2025-09-04 13:26:31.640,1.0,0.0,0.0071,0.0,0,0.0,0.0,1
caa2a5e163982b7ccb44fce5ff3060ede1f118fdcad2300cea0fd3d7c5295635,858,315,0.3671,30,77,11.14,25,0,1,0,1,0.0,11,2025-09-04 18:13:23.703,2025-12-08 19:16:05.962,95.04,8854.69,0.1773,-6.6923,1,0.021810976573604063,0.7949,0
a2ebbed0b15e37b52090e2a8540267c9721e39ae200ea8670fabb9cb26753e1f,1,0,0.0,1,1,1.0,1,0,0,0,0,0.0,0,2025-09-04 02:57:12.789,2025-09-04 02:57:12.789,1.0,-1.0,0.0071,0.0,0,0.0,0.0,1
fc46e46cc941e37100a04b84f4ce83009c3f4ec64ed61e431b984023b699311c,1,0,0.0,1,1,1.0,1,0,0,0,0,0.0,0,2025-09-04 14:34:48.572,2025-09-04 14:34:48.572,1.0,-1.0,0.0071,0.0,0,0.0,0.0,1
e1d7718aacb655ce77c6860b1f6fe8f381b52b45fa3e8ee21c9a6dced267088e,2,0,0.0,1,1,2.0,2,0,0,0,0,0.0,0,2025-09-04 02:09:10.974,2025-09-04 02:09:11.184,1.0,-1.0,0.0142,0.0,0,0.0,0.0,1
aeec66b6ca930518351670587fa1f53de6e12882d28fd06f78241d2fedf4c65d,1,0,0.0,1,1,1.0,1,0,0,0,0,0.0,0,2025-09-04 05:56:48.040,2025-09-04 05:56:48.040,1.0,-1.0,0.0071,0.0,0,0.0,0.0,1
123358a04edffe6b73532d54da0a5657f22fcf285ad991beacf84893bfe40ef2,1,0,0.0,1,1,1.0,1,0,0,0,0,0.0,0,2025-09-04 08:17:29.874,2025-09-04 08:17:29.874,1.0,-1.0,0.0071,0.0,0,0.0,0.0,1
b6ad6b0c7101fc26ab11205f00feb56f02db7200480f0fbacc31ef04bbd51891,1,1,1.0,1,1,1.0,1,0,1,0,0,0.0,0,2025-09-04 23:26:33.976,2025-09-04 23:26:33.976,1.0,0.0,0.0071,0.0,0,0.0,0.0,1
5d4c4c5feb9be4c8fc96b795c2f69454fc79a2c6d843081308f29cbc3056d421,2,1,0.5,1,2,1.0,2,0,1,0,0,0.0,1,2025-09-04 23:10:38.588,2025-09-04 23:10:45.332,1.0,0.11,0.0142,0.0,0,0.0,0.0,1
c097f64b458b584e18485d43f2216b865b845dd6e3b01f52c532b7667cd4572b,1,1,1.0,1,1,1.0,1,0,1,0,0,0.0,0,2025-09-04 06:43:25.189,2025-09-04 06:43:25.189,1.0,0.0,0.0071,0.0,0,0.0,0.0,1
928e6471bd887c96bb38949e5200fed03735109d36e04769a89ba47715c4c487,1,0,0.0,1,1,1.0,1,0,0,0,0,0.0,0,2025-09-04 03:12:11.482,2025-09-04 03:12:11.482,1.0,-1.0,0.0071,0.0,0,0.0,0.0,1
a6a087601090aa123fc7b0579a91980b5f9eba5125c9b0b6d136f24916011718,1,0,0.0,1,1,1.0,1,0,0,0,0,0.0,0,2025-09-04 05:07:35.409,2025-09-04 05:07:35.409,1.0,-1.0,0.0071,0.0,0,0.0,0.0,1
2cd572886732d9a880341ef11211d4775d82dc75d8415bfe7b0133d83f786e19,2,0,0.0,1,1,2.0,2,0,0,0,0,0.0,0,2025-09-04 16:12:20.603,2025-09-04 16:12:20.666,1.0,-1.0,0.0142,0.0,0,0.0,0.0,1
9176e10ba2a7027f3c0377994fafe4c64a9ac0d84e2d31699495cd12c5c44d63,1,0,0.0,1,1,1.0,1,0,0,0,0,0.0,0,2025-09-04 10:41:00.754,2025-09-04 10:41:00.754,1.0,-1.0,0.0071,0.0,0,0.0,0.0,1
92cd90571cf4e22a8ce8c5fc51acddd7e107bd960c80faa4e8969361e0e3e5aa,1,1,1.0,1,1,1.0,1,0,1,0,0,0.0,0,2025-09-04 17:43:02.751,2025-09-04 17:43:02.751,1.0,0.0,0.0071,0.0,0,0.0,0.0,1
b51ee9300a17fba850058b5024700ac62eefac399023b210fe4ceea13d95a37d,1,0,0.0,1,1,1.0,1,0,0,0,0,0.0,1,2025-09-04 22:02:38.457,2025-09-04 22:02:38.457,1.0,-1.0,0.0071,0.0,0,0.0,0.0,1
74facd8dcabb6a5415c07a90f35d165d49ddcf3e3f07ab3990d23bb72d561efe,4384,1480,0.3376,14,38,115.37,46,0,1,0,1,20.31655486334005,6,2025-09-04 10:45:09.435,2025-12-08 09:40:53.092,94.96,7442.42,0.3262,-46.0161,8,0.04058014142720141,0.9122,0
d8bfc2a7b16082bd2f6bb8d07f826fb2ad982d7de9cf97a168e18b844cc1f204,138,132,0.9565,1,4,34.5,19,0,1,0,1,0.0,1,2025-09-05 16:45:59.350,2025-09-05 17:43:31.636,1.0,0.42,0.1348,0.0,7,0.0,0.9058,1
ae433a2f80006aa37d80203a3e055f953023db3ae84752e7bdb5e75ba928ed44,199,163,0.8191,1,2,99.5,30,0,1,0,1,0.0,1,2025-09-05 16:37:22.330,2025-09-05 17:33:14.604,1.0,1.91,0.2128,0.0,7,0.0,0.7387,1
2cc5985e210165dbc1744aec2a44f1a155f13321fe96b383e201e8cb27a45eac,388,386,0.9948,3,1,388.0,12,0,1,0,1,0.0,0,2025-09-05 12:10:36.425,2025-09-08 16:32:08.285,3.18,6.19,0.0851,0.0,8,0.0,0.9923,1
9a0e40d0c1ed1cf194c94cf470d1555a43a3ca2bb2480da6c5f81afbe2b5564e,305,91,0.2984,19,61,5.0,40,1,1,0,1,0.0,3,2025-09-05 13:20:29.233,2025-11-13 11:21:44.490,68.92,9989.49,0.2837,-0.0312,7,0.00071681,0.3213,1
37cdb8ddbd301f114d4a8c85359fc8d9cc112bf0b6cf8f7f7b9278930e754adf,378,365,0.9656,2,5,75.6,25,0,1,0,1,0.0,1,2025-09-05 19:10:08.287,2025-09-08 16:32:16.717,2.89,1.79,0.1773,0.0,8,0.0,0.8942,1
ba83425ecc836f16b6f88c160ca10183fec116a2ae800f37ff4b50faa99a750a,2,0,0.0,1,1,2.0,2,0,0,0,0,0.0,0,2025-09-05 17:40:12.063,2025-09-05 17:40:12.129,1.0,-1.0,0.0142,0.0,0,0.0,0.0,1
46b98b75bcbd102dc47077d80eeec3520c08b73a45c18ff5a5fbf63d21ffe492,1,1,1.0,1,1,1.0,1,0,1,0,0,0.0,0,2025-09-05 04:01:15.737,2025-09-05 04:01:15.737,1.0,0.0,0.0071,0.0,0,0.0,0.0,1
e45fc1d6c996b915b3a4429f1b030c1117152bec5327cb7aeab34b8fc8d9fd50,2,1,0.5,2,2,1.0,2,0,1,0,0,0.0,0,2025-09-05 09:44:06.773,2025-09-07 20:37:29.919,2.45,0.0,0.0142,0.0,0,0.0,0.0,1
2df1ec66f159906fb6c190f0ed83c2aa61099892594dac2e01277b7a9d91a6de,1,0,0.0,1,1,1.0,1,0,0,0,0,0.0,0,2025-09-05 13:00:59.229,2025-09-05 13:00:59.229,1.0,-1.0,0.0071,0.0,0,0.0,0.0,1
a92448dfb888c8eb4d6dba6476e9a2401806c906502558c1be1809dd734a8920,1,0,0.0,1,1,1.0,1,0,0,0,0,0.0,0,2025-09-05 18:17:46.971,2025-09-05 18:17:46.971,1.0,-1.0,0.0071,0.0,0,0.0,0.0,1
0b9a80b61bb152ea1afb55ffc9d4bdce9976022585e81e636dd0e827581b7e7a,1,0,0.0,1,1,1.0,1,0,0,0,0,0.0,0,2025-09-05 16:37:22.301,2025-09-05 16:37:22.301,1.0,-1.0,0.0071,0.0,0,0.0,0.0,1
03d1ba8ceffc40c9e9a5961bca5c3af3956334897da59437eb70e10f783cf947,9,6,0.6667,2,3,3.0,6,0,1,0,1,0.0,1,2025-09-05 18:17:46.986,2025-09-17 05:38:38.548,11.47,16520.02,0.0426,-2.5,0,0.0,0.4444,1
f24c8d5a1620bdd99ae6316a9a8c79f144f525d3e1f4d924f962aeba25a87da6,2,0,0.0,1,1,2.0,2,0,0,0,0,0.0,0,2025-09-05 11:27:28.619,2025-09-05 11:27:28.860,1.0,-1.0,0.0142,0.0,0,0.0,0.0,1
27474b576cd55e89bbbdff56d4f118185e2717b45a223ff4298b3a4e3ffd71d5,1,0,0.0,1,1,1.0,1,0,0,0,0,0.0,0,2025-09-05 17:40:12.056,2025-09-05 17:40:12.056,1.0,-1.0,0.0071,0.0,0,0.0,0.0,1
fde0118926afa8e69885cd636f10c303989e18f5a06766d9554708c06ede9683,1,0,0.0,1,1,1.0,1,0,0,0,0,0.0,0,2025-09-05 12:10:36.412,2025-09-05 12:10:36.412,1.0,-1.0,0.0071,0.0,0,0.0,0.0,1
bfa20db0c581ebc3fe4a58c2c90aac067499880b35adea142d04e2ad80c50f18,1,0,0.0,1,1,1.0,1,0,0,0,0,0.0,0,2025-09-05 03:38:32.861,2025-09-05 03:38:32.861,1.0,-1.0,0.0071,0.0,0,0.0,0.0,1
fb50a0011db5f5b22eb20ca17bfd718ea05d2652f528887ad84d3aea43a24d00,1,0,0.0,1,1,1.0,1,0,0,0,0,0.0,0,2025-09-05 09:33:01.451,2025-09-05 09:33:01.451,1.0,-1.0,0.0071,0.0,0,0.0,0.0,1
4433e9be445728d922c8b9e93edbea5b6e71fb156101e46bd2ecfb4d5d8c6be6,2,2,1.0,1,1,2.0,2,0,1,0,0,0.0,0,2025-09-05 19:42:41.501,2025-09-05 19:42:46.813,1.0,0.0,0.0142,0.0,0,0.0,0.0,1
b42338e0a6cae9adb023e99395efc93daf01e279b29571a8669cc322730ede22,2,0,0.0,1,1,2.0,2,0,0,0,0,0.0,0,2025-09-05 01:54:20.450,2025-09-05 01:54:20.542,1.0,-1.0,0.0142,0.0,0,0.0,0.0,1
62741cf85962400066093658c39a79e5732b0e8a55c817cec1dd290451afce73,1,0,0.0,1,1,1.0,1,0,0,0,0,0.0,0,2025-09-05 19:10:08.268,2025-09-05 19:10:08.268,1.0,-1.0,0.0071,0.0,0,0.0,0.0,1
87a084a062a4cbd7b4e65be8e3ea503e1a5f4fe296eff358400068f92df105d8,1,1,1.0,1,1,1.0,1,0,1,0,0,0.0,0,2025-09-05 12:28:30.122,2025-09-05 12:28:30.122,1.0,0.0,0.0071,0.0,0,0.0,0.0,1
18147363e9930621ff54a036e32928779b2621f10fa266eee6501eb4d00027aa,692,607,0.8772,5,14,49.43,43,1,1,0,1,0.0,2,2025-09-05 13:00:59.234,2025-09-19 15:18:37.170,14.1,4539.96,0.305,-3.3643,8,0.0,0.841,1
cf22f2b6b5874e622ef855a9b57060fc640cf8aa76a96bd4d2092daeaae05364,1,1,1.0,1,1,1.0,1,0,1,0,0,0.0,0,2025-09-05 19:38:18.517,2025-09-05 19:38:18.517,1.0,0.0,0.0071,0.0,0,0.0,0.0,1
3f17867654feb6ea939303def4c395c3d6df825242f4a0c0dc3e238a3b25421c,2,0,0.0,1,1,2.0,2,0,0,0,0,0.0,0,2025-09-05 03:38:32.874,2025-09-05 03:38:33.018,1.0,-1.0,0.0142,0.0,0,0.0,0.0,1
1ce226eda8e09d889d68d35143618606c9acf13db8d70ab6f48c15c2f6830325,1,0,0.0,1,1,1.0,1,0,0,0,0,0.0,0,2025-09-05 11:26:49.786,2025-09-05 11:26:49.786,1.0,-1.0,0.0071,0.0,0,0.0,0.0,1
40487151d342303361e30da168b9f2ae50523a41bd24ab059855f5d4aa85591d,1,1,1.0,1,1,1.0,1,0,1,0,0,0.0,0,2025-09-05 10:50:03.735,2025-09-05 10:50:03.735,1.0,0.0,0.0071,0.0,0,0.0,0.0,1
8d82cd63ae02dc0f6c61b4a9d408e2b8cf7d9094158dccde975b12caf8e146cf,1,0,0.0,1,1,1.0,1,0,0,0,0,0.0,0,2025-09-05 11:27:28.615,2025-09-05 11:27:28.615,1.0,-1.0,0.0071,0.0,0,0.0,0.0,1
9209134c3a598109b73113623a003def6f6294d52ee2df45c5eed4fb5b4639b6,164,7,0.0427,22,56,2.93,19,0,1,0,1,0.0236,6,2025-09-05 15:07:32.810,2025-12-04 11:54:56.705,89.87,5733.08,0.1348,0.5417,0,10.418633333333334,0.0793,0
200011b316dc113490848911036f7b3241a74ab9f773b4aeb356fd8336c0e3da,1,0,0.0,1,1,1.0,1,0,0,0,0,0.0,0,2025-09-05 01:54:20.447,2025-09-05 01:54:20.447,1.0,-1.0,0.0071,0.0,0,0.0,0.0,1
e13e3c03671308ac136765f81f3410ff5c3ac1e051fa3015fafc5d56eb2554c4,1,0,0.0,1,1,1.0,1,0,0,0,0,0.0,0,2025-09-05 16:45:59.232,2025-09-05 16:45:59.232,1.0,-1.0,0.0071,0.0,0,0.0,0.0,1
3d116a4c4f77f36e779d74f9b4605be3ba4617fd55c86b44d5355469c7b33507,66,60,0.9091,4,7,9.43,12,0,1,0,1,0.0,1,2025-09-06 13:44:41.285,2025-09-22 11:37:11.632,15.91,1.16,0.0851,0.9,6,0.0,0.8333,1
8ca54a6a7a61d265d4226377860c92bcc54142c0195ac3e921c2d039e0a4311c,2,0,0.0,1,1,2.0,2,0,0,0,0,0.0,0,2025-09-06 16:24:41.834,2025-09-06 16:24:41.977,1.0,-1.0,0.0142,0.0,0,0.0,0.0,1
8429c92645476ec95f737dc30dc05e05059d49a6fcc8de0651976ac6640ac1e0,49,48,0.9796,1,1,49.0,2,0,1,0,0,0.0,0,2025-09-06 18:57:34.905,2025-09-06 18:58:43.270,1.0,0.0,0.0142,0.0,0,0.0,0.0,1
cfcb367a1f1c56d85525dac576b95038e112df1366a7cb1d9d74373e7e00d7b9,76,68,0.8947,1,2,38.0,15,0,1,0,1,0.0,1,2025-09-06 18:58:43.277,2025-09-06 19:40:28.709,1.0,1.09,0.1064,0.0,7,0.0,0.8816,1
469ee16ad3e60d5876eb07d05a9f86be9267e4e4ec82d0d073fdb535a845f9f1,17,2,0.1176,1,2,8.5,16,1,1,0,0,0.0,1,2025-09-06 09:21:25.043,2025-09-06 09:26:44.935,1.0,1.11,0.1135,0.0,0,0.0,0.0,1
b8ac6f32223a0865969bae5eac4bfdcb8e60286362e5492a2b3ae97450f5309a,2,2,1.0,1,1,2.0,1,0,1,0,0,0.0,0,2025-09-06 04:50:22.196,2025-09-06 04:53:22.848,1.0,0.0,0.0071,0.0,0,0.0,0.0,1
52b5e68013946f173d4e289e0587f3ea6f03fbb59d94461e483b7b221b421b94,1,1,1.0,1,1,1.0,1,0,1,0,0,0.0,0,2025-09-06 08:00:47.754,2025-09-06 08:00:47.754,1.0,0.0,0.0071,0.0,0,0.0,0.0,1
76e30a686a997f494ddf4714a4582329fd85366b437f5ce08e1c91d1564710f3,370,24,0.0649,21,101,3.66,31,0,1,0,1,0.0,8,2025-09-06 11:59:13.652,2025-12-01 06:36:36.656,85.78,42771.59,0.2199,-9.5,1,0.0001538402857142857,0.127,0
b29d133ff2f22dc9552d18a3137517c670130d689e928e050fb85240f57f6f72,8,0,0.0,2,3,2.67,7,1,0,0,0,0.0,1,2025-09-06 22:16:48.916,2025-09-08 12:42:31.989,1.6,-1.0,0.0496,0.0,0,0.0,0.0,1
b905eef5c7075cbe419784d12d37e551bdd5ddafb166c2851033a8f27568f5df,1,1,1.0,1,1,1.0,1,0,1,0,0,0.0,0,2025-09-06 15:21:42.143,2025-09-06 15:21:42.143,1.0,0.0,0.0071,0.0,0,0.0,0.0,1
93b7074b1edb8f1b825b719e4741f42f753dddd8f2d69a0bbb45448e68c54bd1,3,1,0.3333,2,2,1.5,3,0,1,0,0,0.0,1,2025-09-06 08:27:41.203,2025-09-07 06:02:39.949,1.0,0.33,0.0213,0.0,0,0.0,0.0,1
1f5ca47879fefea398b7be5451fe469a6c67d44d157521bb7707468b0875969c,3,3,1.0,1,1,3.0,1,0,1,0,0,0.0,0,2025-09-06 16:12:22.669,2025-09-06 16:12:42.061,1.0,0.0,0.0071,0.0,0,0.0,0.0,1
9595cb71e2fdc52476beb4253bc7b8ee8bac07d013bf75b4ce864bd01680531d,1,0,0.0,1,1,1.0,1,0,0,0,0,0.0,0,2025-09-06 13:44:41.280,2025-09-06 13:44:41.280,1.0,-1.0,0.0071,0.0,0,0.0,0.0,1
61b226802f6cbf58e18d629b8e5f067cbd01e1c6c470e366a51fba70d0a076ec,2,2,1.0,1,1,2.0,1,0,1,0,0,0.0,0,2025-09-06 08:26:43.952,2025-09-06 08:26:44.903,1.0,0.0,0.0071,0.0,0,0.0,0.0,1
538180afdf9c1f5e52d2600a6503327db16a35d537ea06873c1dfe9c1df9203d,1,0,0.0,1,1,1.0,1,0,0,0,0,0.0,0,2025-09-06 22:16:48.910,2025-09-06 22:16:48.910,1.0,-1.0,0.0071,0.0,0,0.0,0.0,1
d043063889718576e2887ae121c0f0755f7a6e83c75b3e32ae06fd7c865525b3,1,1,1.0,1,1,1.0,1,0,1,0,0,0.0,0,2025-09-06 10:28:58.418,2025-09-06 10:28:58.418,1.0,0.0,0.0071,0.0,0,0.0,0.0,1
33ddf06326a2717ab404f802c433565f058d40edf45b8450f101011cc71a61de,1,0,0.0,1,1,1.0,1,0,0,0,0,0.0,1,2025-09-06 16:49:10.546,2025-09-06 16:49:10.546,1.0,-1.0,0.0071,0.0,0,0.0,0.0,1
ae2550540bd5d05b641fb5cf70ff4868e00aff4eab78772e1540f5b191f02270,1,1,1.0,1,1,1.0,1,0,1,0,0,0.0,0,2025-09-06 16:42:59.905,2025-09-06 16:42:59.905,1.0,0.0,0.0071,0.0,0,0.0,0.0,1
823aa655f7309279aa8fc4bb53d904245bba060eb648e6d80b19b970d76f48c7,1,0,0.0,1,1,1.0,1,0,0,0,0,0.0,0,2025-09-06 09:21:25.027,2025-09-06 09:21:25.027,1.0,-1.0,0.0071,0.0,0,0.0,0.0,1
55d8ed9d8d589105c1df918cdb15706fcba6ab196d6874244e22258d0ebe35e1,1,0,0.0,1,1,1.0,1,0,0,0,0,0.0,0,2025-09-06 08:27:41.191,2025-09-06 08:27:41.191,1.0,-1.0,0.0071,0.0,0,0.0,0.0,1
c63468df4a34301adec561d0525eda5abe13fdd10465d515609312067832b86b,1,0,0.0,1,1,1.0,1,0,0,0,0,0.0,0,2025-09-06 16:24:41.823,2025-09-06 16:24:41.823,1.0,-1.0,0.0071,0.0,0,0.0,0.0,1
6967ffffc36a6d238276b11d51a8d81eba87c91d9a9acb7df1732954419cdc39,4,4,1.0,1,1,4.0,1,0,1,0,0,0.0,0,2025-09-07 09:38:28.539,2025-09-07 09:38:34.064,1.0,0.0,0.0071,0.0,0,0.0,0.0,1
8776ed77db06b486e3c24dd8e71b04dc5d3d19aee50c808ddb8c774f471c7059,1,1,1.0,1,1,1.0,1,0,1,0,0,0.0,0,2025-09-07 08:35:47.580,2025-09-07 08:35:47.580,1.0,0.0,0.0071,0.0,0,0.0,0.0,1
ec1924759fc4bea5ba05437222f02a64e0c139dca2e99ffed142e0ce2abb774b,30,1,0.0333,2,5,6.0,19,1,1,0,0,0.0,2,2025-09-07 20:37:29.927,2025-09-09 06:54:10.304,1.43,2.15,0.1348,0.0,0,0.0,0.0,1
a9df7cfb63b6a3a714e39dc2110fe3492a0e1e05be2d8a72f633117cb52f5305,2,2,1.0,1,1,2.0,2,0,1,0,0,0.0,0,2025-09-07 12:35:17.692,2025-09-07 12:35:37.247,1.0,0.0,0.0142,0.0,0,0.0,0.0,1
4c4f03fff08d0134fff9f3e3e61980417e254f17dcead85e31926682e8e7f773,1,0,0.0,1,1,1.0,1,0,0,0,0,0.0,0,2025-09-07 14:58:47.362,2025-09-07 14:58:47.362,1.0,-1.0,0.0071,0.0,0,0.0,0.0,1
0bc976818d2e5b06199691e64a5c1ed4bb280340fd82b77db073da74e47a2c57,73,68,0.9315,2,4,18.25,16,0,1,0,1,0.0,1,2025-09-07 08:38:10.503,2025-09-08 04:04:45.559,1.0,0.43,0.1135,0.0,7,0.0,0.863,1
a57cb62fdb8edfe8cd5e3775d73be8c3dae9b1a357d4af46b18ff100a9622205,60,57,0.95,2,3,20.0,13,0,1,0,1,0.0,1,2025-09-07 10:48:47.649,2025-09-08 04:33:34.824,1.0,1046.37,0.0922,0.0,7,0.0,0.8667,1
1ce7ba30ad1737620edb12c603ce794c34a2d674317b565159fe8088bdf770fa,13,2,0.1538,2,4,3.25,8,1,1,0,0,0.0,2,2025-09-07 06:18:36.322,2025-10-01 09:42:08.073,24.14,34762.54,0.0567,-0.1667,0,0.0,0.0,1
5b92eaa33561fb8a1711d587fafefb59f400f5954352603af33e44d4188e6650,2,0,0.0,1,2,1.0,2,0,0,0,0,0.0,0,2025-09-07 09:40:55.553,2025-09-07 13:37:29.948,1.0,-1.0,0.0142,0.0,0,0.0,0.0,1
306c3497669b36f028e9ab1447b8c973f0a14f4bf69d0368a887985f36993a00,2,0,0.0,1,1,2.0,2,0,0,0,0,0.0,0,2025-09-07 14:58:47.375,2025-09-07 14:58:47.482,1.0,-1.0,0.0142,0.0,0,0.0,0.0,1
8f30ab4b82684773d591bd9782f79f3bd2c4e5385853bb439d80b7effb81d03d,2,2,1.0,1,1,2.0,1,0,1,0,0,0.0,0,2025-09-07 18:45:52.368,2025-09-07 18:45:52.721,1.0,0.0,0.0071,0.0,0,0.0,0.0,1
77ddf70267a79e9575d8f0b99c14b16b87471f0302601bf91f97f8d1f10b0a8a,1,0,0.0,1,1,1.0,1,0,0,0,0,0.0,0,2025-09-07 16:48:02.497,2025-09-07 16:48:02.497,1.0,-1.0,0.0071,0.0,0,0.0,0.0,1
f0df5a7677a327d3648e2a0db821794a4ed397334b77a81329243e4a8444a08a,9,7,0.7778,1,1,9.0,4,0,1,0,1,0.0,0,2025-09-07 17:29:31.868,2025-09-07 17:32:13.249,1.0,2.25,0.0284,0.0,0,0.0,0.6667,1
1b205895923e3051783fe1f9ee1aefd97d693f02553cc83bc42e345f7e376f7c,112,108,0.9643,2,3,37.33,17,0,1,0,1,0.0,1,2025-09-07 04:44:25.422,2025-09-10 05:45:25.896,3.04,4351.2,0.1206,0.0,8,0.0,0.9286,1
0d6c5ea1ad68eb65557e98cd411b0869e2eecc135db7174d0c9c69929b2ab535,1,0,0.0,1,1,1.0,1,0,0,0,0,0.0,0,2025-09-07 06:18:36.298,2025-09-07 06:18:36.298,1.0,-1.0,0.0071,0.0,0,0.0,0.0,1
3a0c127bb8b55fa548dc4d57322258c4631152a7bf983990fdf5671ee13b812d,1,0,0.0,1,1,1.0,1,0,0,0,0,0.0,0,2025-09-07 08:38:10.486,2025-09-07 08:38:10.486,1.0,-1.0,0.0071,0.0,0,0.0,0.0,1
e78ca31be446226a06e3a0baf9b6cac5f51674ef58e221634282a1af8754fdc7,1,0,0.0,1,1,1.0,1,0,0,0,0,0.0,0,2025-09-07 10:48:47.640,2025-09-07 10:48:47.640,1.0,-1.0,0.0071,0.0,0,0.0,0.0,1
0d1a821848d478b15be9c661a996496915a5b60f981497c9a183c6addd2a1a4e,83,52,0.6265,11,19,4.37,17,0,1,0,1,0.0,2,2025-09-07 21:12:58.355,2025-11-19 10:37:09.096,72.56,15385.53,0.1206,0.2,8,0.0,0.5422,1
37e7f6483af42026f645856c2681cc60222e741f19f98e10ab1e70f8b1d1c2cb,1,0,0.0,1,1,1.0,1,0,0,0,0,0.0,0,2025-09-07 04:44:25.414,2025-09-07 04:44:25.414,1.0,-1.0,0.0071,0.0,0,0.0,0.0,1
3f4e477e04a8d82a612f7614476b26f110080764a77b92bedc92b0ed3cd1b995,1,1,1.0,1,1,1.0,1,0,1,0,0,0.0,0,2025-09-07 08:39:24.047,2025-09-07 08:39:24.047,1.0,0.0,0.0071,0.0,0,0.0,0.0,1
f2548ab08b739161e9cff9596777f9078fbb3fe0422b0c885082346b5611959c,2,0,0.0,1,1,2.0,2,0,0,0,0,0.0,0,2025-09-07 16:48:02.504,2025-09-07 16:48:02.608,1.0,-1.0,0.0142,0.0,0,0.0,0.0,1
05fc9ee4c2b6c2e86eb7cbffa6a0ade5e5a6527e1bf19258f4ff743721031037,1,0,0.0,1,1,1.0,1,0,0,0,0,0.0,0,2025-09-07 17:29:31.860,2025-09-07 17:29:31.860,1.0,-1.0,0.0071,0.0,0,0.0,0.0,1
58414f44c0d4c038b1b843c7f29c2ff4527f0e41949223455318978c59dbeaed,2,1,0.5,2,2,1.0,2,0,1,0,0,0.0,0,2025-09-07 17:32:15.169,2025-09-25 17:33:35.127,18.0,0.0,0.0142,0.0,0,0.0,0.0,1
9c5c1eb49a8b3c60c8259b90e08c0a4190cac231d35bfb0841af1b4c173f2819,1,0,0.0,1,1,1.0,1,0,0,0,0,0.0,0,2025-09-07 09:40:55.542,2025-09-07 09:40:55.542,1.0,-1.0,0.0071,0.0,0,0.0,0.0,1
4ddfa6fe533ad97e0a919c67820c0ab3cc10725ef55cbb4e864553a739a20884,21,0,0.0,1,2,10.5,9,0,0,0,0,0.0,1,2025-09-08 14:53:57.343,2025-09-08 14:57:44.238,1.0,-1.0,0.0638,0.0,0,0.0,0.0,1
d0999ac66b77a9528ad981c94300ca53ffa885afd27d736c16cfcaf3ba6eaafb,37,34,0.9189,1,4,9.25,12,0,1,0,1,0.0,1,2025-09-08 16:25:52.995,2025-09-08 16:35:54.150,1.0,0.67,0.0851,0.0,6,0.0,0.8378,1
6ddbc4ee2ca7b76755cffc03c4b778ee8d1b618dfa9f4dd8ecb7df8aebc0a6be,2,0,0.0,1,1,2.0,2,0,0,0,0,0.0,0,2025-09-08 02:11:58.470,2025-09-08 02:11:58.580,1.0,-1.0,0.0142,0.0,0,0.0,0.0,1
38a4efcb99d01afce45e858728e31e5536600745dca16bb114dad0cebe65079d,12,8,0.6667,1,3,4.0,8,0,1,0,0,0.0,1,2025-09-08 13:16:57.155,2025-09-08 14:30:43.467,1.0,0.97,0.0567,0.0,0,0.0,0.0,1
94aed91dd11c1b891bba67a51b65e0195d6e48fce5b2e68fd9766edfc23bad47,2,0,0.0,2,2,1.0,2,0,0,0,0,0.0,0,2025-09-08 16:18:54.131,2025-09-11 19:31:17.488,3.13,-1.0,0.0142,0.0,0,0.0,0.0,1
104eca0a0f8fb3aa584be3e699b84304606fec955c74ed4a9905c77f283651a9,109,98,0.8991,6,9,12.11,13,0,1,0,1,0.0,1,2025-09-08 07:47:22.157,2025-10-06 05:57:11.302,27.92,1.23,0.0922,0.9712,7,0.0,0.8899,1
9b113bbaa05e39a8dbeffd971e140ce512f2e43b5ca7f5ff0ec7e30698ba31f6,12,3,0.25,1,5,2.4,12,0,1,0,0,0.0,1,2025-09-08 10:23:55.387,2025-09-08 18:21:43.173,1.0,0.16,0.0851,0.0,0,0.0,0.0,1
a8a26b674168dd45951403e646bb4eba76662b8d7b85c1e2ecdc69c52590d7d5,5607,17,0.003,43,19,295.11,20,0,1,0,1,0.0,6,2025-09-08 13:24:32.958,2025-12-08 23:06:10.903,91.4,86627.03,0.1418,-160.6667,1,0.0005084081785195935,0.9848,0
e2721a0258cb78d98287154042835841e1b4d85bd4b3fb00fbf7ddefb9e3eeef,1,0,0.0,1,1,1.0,1,0,0,0,0,0.0,0,2025-09-08 07:47:22.151,2025-09-08 07:47:22.151,1.0,-1.0,0.0071,0.0,0,0.0,0.0,1
9de61412e7b43417b8db1bea02f9a7ed3956ad02191847c8d4ebc37207d38dab,15,1,0.0667,1,2,7.5,12,1,1,0,0,0.0,1,2025-09-08 10:21:57.734,2025-09-08 10:24:00.559,1.0,1.34,0.0851,0.0,0,0.0,0.0,1
247a33c568a35a9f96270858c6ac7a99c3c991f8957262db59c9150bd7ae666b,162,141,0.8704,1,2,81.0,18,0,1,0,1,0.0,1,2025-09-08 09:30:36.136,2025-09-08 13:25:17.622,1.0,2.46,0.1277,0.0,7,0.0,0.8333,1
c1ec76a28828ebec13648dbfbd247cfc881d66b17619a47a3fcef9ee582c048a,118,86,0.7288,3,11,10.73,35,1,1,0,1,0.0,3,2025-09-08 09:03:42.164,2025-09-17 03:14:15.172,8.76,0.77,0.2482,0.9828,7,0.0,0.6525,1
12c804c4fa754883561ecf1e1b3c7f57884ab401edfabc91935cae695be26534,11,0,0.0,3,5,2.2,3,0,0,0,0,0.0,1,2025-09-08 16:57:51.709,2025-09-12 18:43:39.634,4.07,-1.0,0.0213,0.0,0,0.0,0.0,1
3915377a6cb7b8d7f4901f4c2af4560755850e37b8169bc16ba19879f5ae776a,1,1,1.0,1,1,1.0,1,0,1,0,0,0.0,0,2025-09-08 06:13:02.992,2025-09-08 06:13:02.992,1.0,0.0,0.0071,0.0,0,0.0,0.0,1
9542f8c172fb0e2a447b532bb23289622e558d80e206a8ac8f8b04786d61a613,14,1,0.0714,2,3,4.67,5,0,1,0,0,0.0,3,2025-09-08 13:59:23.476,2025-11-10 01:14:50.480,62.47,89953.69,0.0355,0.4444,0,0.0,0.0,1
234038c879e109ed34d5c317ad99e94b258f29816a68c42aceae9dc9ded7d51e,1,0,0.0,1,1,1.0,1,0,0,0,0,0.0,0,2025-09-08 10:35:31.625,2025-09-08 10:35:31.625,1.0,-1.0,0.0071,0.0,0,0.0,0.0,1
4783f96b8a39a39c5eb2f30721b188f1c356202417d0b1571da302e232d0ebdb,1,0,0.0,1,1,1.0,1,0,0,0,0,0.0,0,2025-09-08 09:03:42.159,2025-09-08 09:03:42.159,1.0,-1.0,0.0071,0.0,0,0.0,0.0,1
d2900d57dc7278fe75090f534f60dda2d23cd034463fc43a2f17d0508f9fef70,1,0,0.0,1,1,1.0,1,0,0,0,0,0.0,0,2025-09-08 04:52:18.322,2025-09-08 04:52:18.322,1.0,-1.0,0.0071,0.0,0,0.0,0.0,1
f1394cd7abd2e47f5a924692322fb35ea30ac5f34a8e2ad10dfac0d471d98208,3,2,0.6667,1,1,3.0,3,0,1,0,0,0.0,0,2025-09-08 14:10:31.393,2025-09-08 14:15:32.101,1.0,0.0,0.0213,0.0,0,0.0,0.0,1
8a9d8fd7317cf3462216009bdac21786daa8239c2a8af75ccddddd94a28e3b99,40,4,0.1,8,15,2.67,4,0,1,0,0,0.0,4,2025-09-08 13:25:18.750,2025-11-07 17:16:45.741,60.16,31603.94,0.0284,-2.75,0,0.0,0.0,1
b36a0ed733c48aa7fb1f0e5c3928181d7ee983a7b3dc84fff152c5d849e14d49,1,1,1.0,1,1,1.0,1,0,1,0,0,0.0,0,2025-09-08 10:49:50.044,2025-09-08 10:49:50.044,1.0,0.0,0.0071,0.0,0,0.0,0.0,1
b459113e02550d9b2caf7845e5020c4db887f5ec6f9bc2ddd67d620b2ee16b57,1,0,0.0,1,1,1.0,1,0,0,0,0,0.0,0,2025-09-08 14:53:57.337,2025-09-08 14:53:57.337,1.0,-1.0,0.0071,0.0,0,0.0,0.0,1
405f13674fa9f1542f1267bc244aac888cac82e3f94a00f59a7564ca1ebc6d91,3,2,0.6667,1,2,1.5,3,0,1,0,0,0.0,0,2025-09-08 08:37:13.835,2025-09-08 11:57:56.156,1.0,0.0,0.0213,0.0,0,0.0,0.0,1
fcfc676b12ef12fe35783657550ddb9e0d3031f9e209ee53b57abfb76381ee47,2,2,1.0,1,1,2.0,2,0,1,0,0,0.0,0,2025-09-08 20:26:17.973,2025-09-08 20:26:21.247,1.0,0.0,0.0142,0.0,0,0.0,0.0,1
f103556adb181566c7f8e47e973154f4a6c2a682142c8f81ce837438c0c75d52,2,0,0.0,1,1,2.0,2,0,0,0,0,0.0,1,2025-09-08 13:25:18.163,2025-09-08 13:25:22.511,1.0,-1.0,0.0142,0.0,0,0.0,0.0,1
a9caf9eb11ea71295afc93c4b48c852a1d516415f19cc31127593810d022d6a4,2,0,0.0,1,1,2.0,2,0,0,0,0,0.0,0,2025-09-08 10:35:31.630,2025-09-08 10:35:32.428,1.0,-1.0,0.0142,0.0,0,0.0,0.0,1
1fe865c03e7d7b5d08e8e4b673a039e2262682ddb16a0b6a5cd9be3c8134e0fa,1,0,0.0,1,1,1.0,1,0,0,0,0,0.0,0,2025-09-08 13:16:57.146,2025-09-08 13:16:57.146,1.0,-1.0,0.0071,0.0,0,0.0,0.0,1
a096d0b400fd6ee67b8ea8511aff159b5d2e77505d53bc927342fc9bff237075,1,0,0.0,1,1,1.0,1,0,0,0,0,0.0,0,2025-09-08 17:21:59.373,2025-09-08 17:21:59.373,1.0,-1.0,0.0071,0.0,0,0.0,0.0,1
42f81445b937d4a4ddf2ccbcb70ad7e511469036d77805f65bf19062feceaaf3,1,1,1.0,1,1,1.0,1,0,1,0,0,0.0,0,2025-09-08 19:34:21.633,2025-09-08 19:34:21.633,1.0,0.0,0.0071,0.0,0,0.0,0.0,1
3b42a5cfba93a56e708a60cda50fa919311853b80f097300e19c93e8a98bed17,47,1,0.0213,3,11,4.27,25,1,1,0,0,0.0,2,2025-09-08 12:32:25.024,2025-09-10 12:18:45.844,1.99,2842.89,0.1773,0.0,0,0.0,0.0,1
3303632aaa26c5e5cbfcc520779eeddc8dce3dc4951a01e5deaedfd92e041e10,2,0,0.0,1,1,2.0,2,0,0,0,0,0.0,0,2025-09-08 06:52:33.924,2025-09-08 06:52:34.217,1.0,-1.0,0.0142,0.0,0,0.0,0.0,1
d02a9b4621a1ae0b15a9e504a094c0d72f83b15ea295c34ef2482beff231a8da,3,0,0.0,1,1,3.0,3,0,0,0,0,0.0,0,2025-09-08 17:06:51.825,2025-09-08 17:07:06.463,1.0,-1.0,0.0213,0.0,0,0.0,0.0,1
23c46aff3bddf42bb5ff66f3c712a11a6801d9e6c173c75a7a4d91f1a98bd308,4,1,0.25,2,2,2.0,4,0,1,0,0,0.0,1,2025-09-08 10:49:34.719,2025-09-25 06:47:00.993,16.83,24237.44,0.0284,0.0,0,0.0,0.0,1
668ad41cd6b63efc51b83542b9273b701739885fec595c9357cc632056e1a142,1,0,0.0,1,1,1.0,1,0,0,0,0,0.0,0,2025-09-08 06:52:33.912,2025-09-08 06:52:33.912,1.0,-1.0,0.0071,0.0,0,0.0,0.0,1
705b07dba789b1845499a53e14500ca351e78a500172aeca70b9b71c5f2a2cff,1,0,0.0,1,1,1.0,1,0,0,0,0,0.0,0,2025-09-08 12:34:54.354,2025-09-08 12:34:54.354,1.0,-1.0,0.0071,0.0,0,0.0,0.0,1
eb1db6126da2983764e50f512048e8081b7abf0dd695d693f5e2d6bc656e9506,20,1,0.05,5,8,2.5,9,1,1,0,1,0.0,1,2025-09-08 17:51:08.481,2025-12-08 10:59:43.873,90.71,125165.33,0.0638,-0.6667,0,5.0,0.05,0
d96c433be2fab18b4f3dd7ac3a1f46f9cea022f91d84f1f26413ee96effb8d4e,2,0,0.0,1,1,2.0,2,0,0,0,0,0.0,0,2025-09-08 04:52:18.328,2025-09-08 04:52:18.403,1.0,-1.0,0.0142,0.0,0,0.0,0.0,1
1de6db7cc947e44cf045ab8990925825318bde1997ac403b16971e05740c35d6,1,0,0.0,1,1,1.0,1,0,0,0,0,0.0,0,2025-09-08 10:23:55.378,2025-09-08 10:23:55.378,1.0,-1.0,0.0071,0.0,0,0.0,0.0,1
6cff14a72809445a6292a794cf600c0f2655474f43a029bb436dd83621e8fa77,2,0,0.0,1,1,2.0,2,0,0,0,0,0.0,0,2025-09-08 12:34:54.381,2025-09-08 12:34:54.554,1.0,-1.0,0.0142,0.0,0,0.0,0.0,1
19a8204daefd6c5af9c3c12005dd66cc93ed89469c4ed62580ba264168c241aa,1,0,0.0,1,1,1.0,1,0,0,0,0,0.0,0,2025-09-08 02:11:58.452,2025-09-08 02:11:58.452,1.0,-1.0,0.0071,0.0,0,0.0,0.0,1
2ad93862936865554bd8d68fc06369197945eeb470d0929e403db491a5ccd413,1,0,0.0,1,1,1.0,1,0,0,0,0,0.0,0,2025-09-08 09:30:36.120,2025-09-08 09:30:36.120,1.0,-1.0,0.0071,0.0,0,0.0,0.0,1
4902200e4ac54d0679ce687ee5223c8c2c957fcd141fd1d9ef967a14a9c3a78e,1,0,0.0,1,1,1.0,1,0,0,0,0,0.0,0,2025-09-08 14:15:32.109,2025-09-08 14:15:32.109,1.0,-1.0,0.0071,0.0,0,0.0,0.0,1
989b718e4dfe98539ac4f373baf40fde69ed9ec7f1d338363936023a9c66cf74,1,0,0.0,1,1,1.0,1,0,0,0,0,0.0,0,2025-09-08 12:32:25.017,2025-09-08 12:32:25.017,1.0,-1.0,0.0071,0.0,0,0.0,0.0,1
b60f341652ead8e1869a160e3de07ab23db3c836d0d7c9af6345f70440f7743c,1,0,0.0,1,1,1.0,1,0,0,0,0,0.0,0,2025-09-08 10:49:34.707,2025-09-08 10:49:34.707,1.0,-1.0,0.0071,0.0,0,0.0,0.0,1
bc399014f3f013ee03b62d96eefca27580dabca789ab87732603f8bc7876e2c7,1,0,0.0,1,1,1.0,1,0,0,0,0,0.0,0,2025-09-08 11:57:56.164,2025-09-08 11:57:56.164,1.0,-1.0,0.0071,0.0,0,0.0,0.0,1
4c92619dfa5a80836a889ef3d1d78dc502ee83576813e96e5616f6008b7e796a,534,87,0.1629,35,107,4.99,52,1,1,1,1,0.0,25,2025-09-08 19:06:17.797,2025-12-08 19:57:52.038,91.04,11465.04,0.3688,-7.5,1,0.025564960864197534,0.1966,0
f7a579d587f600f3c0d250f453f0a41c9552f879ccd1f0cd1483a19205b6dfc0,3,0,0.0,3,3,1.0,2,0,0,0,0,0.0,0,2025-09-08 19:34:53.921,2025-09-11 09:29:45.016,2.58,-1.0,0.0142,0.0,0,0.0,0.0,1
8371a5326f3fd04a4041ca927a961b6088627bff375a85fe3e0bf3648199a36a,1,0,0.0,1,1,1.0,1,0,0,0,0,0.0,0,2025-09-08 06:51:32.080,2025-09-08 06:51:32.080,1.0,-1.0,0.0071,0.0,0,0.0,0.0,1
e5b3368b6ab0ef58a21e9a42188f2a92f735f3661e2eab62cc87a8647d23b4b8,1,1,1.0,1,1,1.0,1,0,1,0,0,0.0,0,2025-09-08 22:54:23.942,2025-09-08 22:54:23.942,1.0,0.0,0.0071,0.0,0,0.0,0.0,1
bf18ba15222fec3d90c16c81b5769af9da53ba4e332fe222c5733f239d24f63f,8,2,0.25,1,2,4.0,8,1,1,0,0,0.0,1,2025-09-09 05:34:50.453,2025-09-09 05:40:11.560,1.0,5.35,0.0567,0.0,0,0.0,0.0,1
8db2b8a015193810d7b6e02810ec513328c05a3c49bbf4ce49c04d6c459f17b8,115,59,0.513,4,25,4.6,38,1,1,0,1,0.0,6,2025-09-09 19:15:23.921,2025-12-06 00:30:14.180,87.22,91.89,0.2695,0.9912,6,0.0,0.313,0
3c1f525935dfb55c427a8ee979ef82fcd43421a789f3abaab23fcaecbbb8d1a2,146,136,0.9315,1,4,36.5,16,0,1,0,1,0.0,1,2025-09-09 18:16:54.183,2025-09-09 19:51:40.652,1.0,0.73,0.1135,0.0,9,0.0,0.8699,1
b8d0f1752fd343f73ae70b7125a9cb02733628b3a1e572989830a64257241176,4,4,1.0,1,1,4.0,2,0,1,0,0,0.0,0,2025-09-09 20:07:41.910,2025-09-09 20:08:11.164,1.0,0.0,0.0142,0.0,0,0.0,0.0,1
aa132242ac9890deb419f89a179b09a03fb2f0ef9b7b9e3eaa47fc4588335397,13,1,0.0769,1,2,6.5,13,1,1,0,0,0.0,1,2025-09-09 09:24:20.111,2025-09-09 09:29:05.854,1.0,4.71,0.0922,0.0,0,0.0,0.0,1
0b33e690a0f34c85aada96c1c53d6d5113f90337df8a63bb16c188c53a6bb83d,21,1,0.0476,1,2,10.5,14,1,1,0,0,0.0,1,2025-09-09 17:38:33.987,2025-09-09 17:40:18.086,1.0,0.81,0.0993,0.0,0,0.0,0.0,1
0e1f6135f4aa587b7a4226b37074b621e1380002ad82c6d4f555dc396d5f5c79,114,78,0.6842,3,12,9.5,23,0,1,0,1,0.0,2,2025-09-09 14:53:21.618,2025-09-11 11:55:34.688,1.88,1868.35,0.1631,0.0,7,0.0,0.6228,1
37b92177010e1ab835f9dbdc109468b7393dda50d51e713f86ad6f8a63bedfc6,20,8,0.4,5,7,2.86,4,0,1,0,1,0.0,0,2025-09-09 14:47:16.407,2025-11-06 14:20:31.429,57.98,0.38,0.0284,0.9474,0,0.0,0.25,1
841cb74b8b7f59e37cf18901f6e270032345038db0c00e2941ddfe399d3541c8,7,6,0.8571,1,1,7.0,3,0,1,0,1,0.0,0,2025-09-09 05:17:53.395,2025-09-09 05:25:52.593,1.0,7.53,0.0213,0.0,0,0.0,0.7143,1
fec5237362e00141985934c80e9bb77cc2b17af365ab628b811a816a9bb29bdf,77,72,0.9351,2,4,19.25,14,0,1,0,1,0.0,1,2025-09-09 10:13:03.695,2025-09-10 10:22:05.672,1.01,0.39,0.0993,0.0,7,0.0,0.8571,1
e665250eed62f51512b95bfcf6f5617ed957a00fa4ee20a25df89f653ef458c9,22,1,0.0455,4,7,3.14,16,1,1,0,0,0.0,1,2025-09-09 13:01:13.454,2025-09-17 20:28:09.942,8.31,8.74,0.1135,0.7619,0,0.0,0.0,1
e7709cd00dd9c62e0a7dfc1b6a7388c925d55fcf07693db2f4d908faedd3a7ff,2,0,0.0,1,1,2.0,2,0,0,0,0,0.0,0,2025-09-09 08:41:18.546,2025-09-09 08:41:52.675,1.0,-1.0,0.0142,0.0,0,0.0,0.0,1
fac56ea5a09eda74b81dd8c4ca98497cdf7a43a877c281fadbd1027a1cd7d433,42,28,0.6667,1,3,14.0,19,0,1,0,1,0.0,1,2025-09-09 11:12:50.354,2025-09-09 11:28:26.540,1.0,1.9,0.1348,0.0,5,0.0,0.4762,1
c51e9b58edda73424f8b0869851412678a99ed3c2691c5ad60c5df5617ae49f7,52,51,0.9808,1,4,13.0,10,0,1,0,1,0.0,2,2025-09-09 01:49:55.177,2025-09-09 01:58:10.183,1.0,0.27,0.0709,0.0,6,0.0,0.9038,1
7ae15aaf09f7449a4fc64758e989dc2e6db5907b2f91409b11828ddfa26077e5,18,4,0.2222,1,2,9.0,14,1,1,0,0,0.0,1,2025-09-09 05:19:04.291,2025-09-09 05:29:08.557,1.0,7.14,0.0993,0.0,0,0.0,0.0,1
a4efb732e2f7922e51c68c510865a897f35a9131298ddc4b7fbe5aee8d7ca3fb,95,40,0.4211,2,6,15.83,16,0,1,0,1,0.0,1,2025-09-09 19:10:57.092,2025-11-14 07:44:44.606,65.52,0.47,0.1135,-4.3333,1,0.02663604953488372,0.9053,1
32299922a3c1695e309027610f03d299c2fa48d250192a1a4c169c05b242f645,4,2,0.5,1,2,2.0,3,0,1,0,0,0.0,1,2025-09-09 04:28:58.371,2025-09-09 04:29:34.559,1.0,0.6,0.0213,0.0,0,0.0,0.0,1
5382eb447e19b874dd98386f3de5af17e88805d61501b0c216552c0f672d08e9,6,0,0.0,1,3,2.0,6,1,0,0,0,0.0,1,2025-09-09 09:30:50.680,2025-09-09 14:59:40.591,1.0,-1.0,0.0426,0.0,0,0.0,0.0,1
422022d0c1bd69e064f3e3e737a2cfce2307405f7710226d0ddfb5e4973a0079,1,0,0.0,1,1,1.0,1,0,0,0,0,0.0,0,2025-09-09 04:25:56.446,2025-09-09 04:25:56.446,1.0,-1.0,0.0071,0.0,0,0.0,0.0,1
3a652e802275926e118b4312cc25fefb18462bab989ac70bcc1de678282df095,1,1,1.0,1,1,1.0,1,0,1,0,0,0.0,0,2025-09-09 15:13:59.720,2025-09-09 15:13:59.720,1.0,0.0,0.0071,0.0,0,0.0,0.0,1
5887328f4d940255fad14c89c57f8304b9b43c1f273f9181dcf1f7df5598b1c0,1,1,1.0,1,1,1.0,1,0,1,0,0,0.0,0,2025-09-09 09:25:33.772,2025-09-09 09:25:33.772,1.0,0.0,0.0071,0.0,0,0.0,0.0,1
56e717701688933d373df799c1becd55c5c24c5bfb5c61339975680697699cfe,8,2,0.25,1,2,4.0,6,0,1,0,0,0.0,1,2025-09-09 09:55:34.513,2025-09-09 10:23:05.918,1.0,26.27,0.0426,0.0,0,0.0,0.0,1
f0091ba66d9c14c4e4879f07e40531648674cb83f34a2b372952f7482758d559,1,1,1.0,1,1,1.0,1,0,1,0,0,0.0,0,2025-09-09 12:48:39.925,2025-09-09 12:48:39.925,1.0,0.0,0.0071,0.0,0,0.0,0.0,1
5d5a0044e7835f0f9fe871e184155853ff7c8be074b6c32868e6afecabb3d082,2,1,0.5,1,1,2.0,2,0,1,0,0,0.0,0,2025-09-09 11:49:13.002,2025-09-09 11:49:51.224,1.0,0.64,0.0142,0.0,0,0.0,0.0,1
3a34e23395cb308feb54d8465ec9d1d396bc184493804cca05736d8f714a554d,143,22,0.1538,16,22,6.5,22,1,1,0,1,0.0,7,2025-09-09 13:01:52.568,2025-12-03 10:43:42.109,84.9,14249.38,0.156,-2.5714,0,0.003442104347826087,0.2028,0
bd57e66490f18e03668ebddccc6837bbe3e3793d20d6a7019f1e8f4fe9610838,2,1,0.5,1,1,2.0,2,0,1,0,0,0.0,0,2025-09-09 08:41:10.807,2025-09-09 08:41:18.521,1.0,0.13,0.0142,0.0,0,0.0,0.0,1
38110595260568165ba179b77dbf26dce0e4caed263f23e3bfed3a5f9f730970,1,0,0.0,1,1,1.0,1,0,0,0,0,0.0,0,2025-09-09 09:34:41.718,2025-09-09 09:34:41.718,1.0,-1.0,0.0071,0.0,0,0.0,0.0,1
edeea7073d02545ff1515e032895e793831dfe2e098a18d01b0bf22708402bdb,1,0,0.0,1,1,1.0,1,0,0,0,0,0.0,0,2025-09-09 14:07:55.453,2025-09-09 14:07:55.453,1.0,-1.0,0.0071,0.0,0,0.0,0.0,1
cd99ab5a89d3ba8c3e2717eaa90be0674ffb2efda7100c1b6a2df73434e518fe,1,1,1.0,1,1,1.0,1,0,1,0,0,0.0,0,2025-09-09 10:48:54.043,2025-09-09 10:48:54.043,1.0,0.0,0.0071,0.0,0,0.0,0.0,1
f7d8106dab6532c628dc2f918945302878962d76d7d86732ab25c9f32a109565,1,1,1.0,1,1,1.0,1,0,1,0,0,0.0,0,2025-09-09 10:52:12.932,2025-09-09 10:52:12.932,1.0,0.0,0.0071,0.0,0,0.0,0.0,1
a67031f2d6e97ae697b2883b5f4103646e566b826ff33685b9073c10b14f4e4e,1,1,1.0,1,1,1.0,1,0,1,0,0,0.0,0,2025-09-09 09:36:01.779,2025-09-09 09:36:01.779,1.0,0.0,0.0071,0.0,0,0.0,0.0,1
3724e6a257d3bd5b653154f8cb4b092d2f5d78cf3e4704f6fda478eca76360a9,1,1,1.0,1,1,1.0,1,0,1,0,0,0.0,0,2025-09-09 10:11:57.639,2025-09-09 10:11:57.639,1.0,0.0,0.0071,0.0,0,0.0,0.0,1
d71a64a575e091de0cd4378e2c371fb55309f2c778bcc1ab65a71a4877be2ac6,1,0,0.0,1,1,1.0,1,0,0,0,0,0.0,0,2025-09-09 09:01:35.800,2025-09-09 09:01:35.800,1.0,-1.0,0.0071,0.0,0,0.0,0.0,1
8b2635993f3e7c0598b653652bf7b3456adfc390161b974e17d4ad869f1c3bbe,1,0,0.0,1,1,1.0,1,0,0,0,0,0.0,0,2025-09-09 14:19:55.133,2025-09-09 14:19:55.133,1.0,-1.0,0.0071,0.0,0,0.0,0.0,1
ac0d4049ebc5441f07a1116badb81fb9b7b298db1caecab69cfa75597643628c,1,1,1.0,1,1,1.0,1,0,1,0,0,0.0,0,2025-09-09 12:53:52.989,2025-09-09 12:53:52.989,1.0,0.0,0.0071,0.0,0,0.0,0.0,1
f206626a5e5e8a59be5d6e2f8f11e3da923bbcdc1a98fc578b950dccbd0a07ae,1,1,1.0,1,1,1.0,1,0,1,0,0,0.0,0,2025-09-09 14:46:01.149,2025-09-09 14:46:01.149,1.0,0.0,0.0071,0.0,0,0.0,0.0,1
1b453021b1ab6e3292a5a766ff852c9f6b19efdad20d485cc258e2306775fb88,1,1,1.0,1,1,1.0,1,0,1,0,0,0.0,0,2025-09-09 07:26:12.343,2025-09-09 07:26:12.343,1.0,0.0,0.0071,0.0,0,0.0,0.0,1
bb6cf1cf26372d705d9ddbe39d31c01d750f6679bdeba7038becafb3c12d66f5,1,1,1.0,1,1,1.0,1,0,1,0,0,0.0,0,2025-09-09 16:24:53.957,2025-09-09 16:24:53.957,1.0,0.0,0.0071,0.0,0,0.0,0.0,1
6866e7d21a7d117712d2ea5e1d48b85d1b14891ddd45d7f11bacdfe60ece726e,1,1,1.0,1,1,1.0,1,0,1,0,0,0.0,0,2025-09-09 11:47:06.670,2025-09-09 11:47:06.670,1.0,0.0,0.0071,0.0,0,0.0,0.0,1
42967459d5570b93b6ba0d8965001be6ad6f63825fa7e26dbd5377821d759e20,2,0,0.0,1,1,2.0,2,0,0,0,0,0.0,0,2025-09-10 14:20:18.192,2025-09-10 14:20:49.257,1.0,-1.0,0.0142,0.0,0,0.0,0.0,1
32590d2462f0e052580a54fc933fbcb366dcacbce199c2eed980954763da40f5,5,5,1.0,1,1,5.0,2,0,1,0,0,0.0,0,2025-09-10 07:24:18.848,2025-09-10 07:24:20.764,1.0,0.0,0.0142,0.0,0,0.0,0.0,1
aaea98d516522e23f185737112befcff2ab21f3d1168323dea2fb87814143e66,312,286,0.9167,2,9,34.67,21,0,1,0,1,0.0,2,2025-09-10 11:20:18.070,2025-09-11 08:23:38.200,1.0,2.0,0.1489,0.0,7,0.0,0.8974,1
f4732f84fdd77414ed3ce14304d5ed119385202491beab473adc44753955a048,25,2,0.08,3,7,3.57,16,1,1,0,0,0.0,1,2025-09-10 20:14:34.110,2025-09-12 16:30:35.406,1.84,3.28,0.1135,0.0,0,0.0,0.0,1
bd2696c828f137c53a8946ead350f70ce681f12b43877ccf64e09e59ab6ceaef,9,0,0.0,1,3,3.0,7,0,0,0,0,0.0,1,2025-09-10 06:46:13.460,2025-09-10 06:58:35.715,1.0,-1.0,0.0496,0.0,0,0.0,0.0,1
675ab6510780e5fd81287543169a1cad1c84d5b92c6da7ca39c328086fe93f4b,21,1,0.0476,1,4,5.25,16,1,1,0,0,0.0,1,2025-09-10 18:53:55.345,2025-09-10 19:01:48.559,1.0,4.81,0.1135,0.0,0,0.0,0.0,1
d2ac1cdb7859851e6afb212cc49bf95f093b1473b6b759ade36717d8c416acf8,3,3,1.0,1,1,3.0,2,0,1,0,0,0.0,0,2025-09-10 12:59:16.736,2025-09-10 13:00:32.524,1.0,0.0,0.0142,0.0,0,0.0,0.0,1
9be5d6716489fd206fb98dfb4508114d04eb871c4065b29cc8d3b8fa1b0bd1df,6,0,0.0,1,1,6.0,2,0,0,0,0,0.0,1,2025-09-10 12:16:22.711,2025-09-10 12:17:36.080,1.0,-1.0,0.0142,0.0,0,0.0,0.0,1
7eb7bcb76c48b895181733c1cd5c48d40d79b03d706ec45793a5146f96d54a02,2,0,0.0,1,1,2.0,2,0,0,0,0,0.0,0,2025-09-10 12:35:17.029,2025-09-10 12:36:21.174,1.0,-1.0,0.0142,0.0,0,0.0,0.0,1
ae4090fd64aa339e1f5e8acd49ec1de18490fed2807edd577d23b32200f01ac8,1,1,1.0,1,1,1.0,1,0,1,0,0,0.0,0,2025-09-10 11:02:59.143,2025-09-10 11:02:59.143,1.0,0.0,0.0071,0.0,0,0.0,0.0,1
8263604ef3bc0937234ea00f23c9bd56bc2e3f2b3175be6c7476a546dcef226f,85,75,0.8824,2,3,28.33,20,0,1,0,1,0.0,1,2025-09-10 08:30:12.495,2025-09-11 13:18:06.411,1.2,1695.05,0.1418,0.0,7,0.0,0.8118,1
564a8c72b3425efd25b1c0bc923628b473b09faf3ab17b596021dd09a31908c8,1,1,1.0,1,1,1.0,1,0,1,0,0,0.0,0,2025-09-10 04:14:08.818,2025-09-10 04:14:08.818,1.0,0.0,0.0071,0.0,0,0.0,0.0,1
e01aaf8a03758725abc6f4ebc541a5f9556100023d41c34e2036552c5a1d55b0,2,2,1.0,1,1,2.0,2,0,1,0,0,0.0,0,2025-09-10 12:37:03.566,2025-09-10 12:37:16.898,1.0,0.0,0.0142,0.0,0,0.0,0.0,1
3e973c34142fe6d2fbc1fcf9b20e4e5583211fe2b8e9d1dd87f71f65255d89a6,4,0,0.0,1,2,2.0,4,0,0,0,0,0.0,1,2025-09-10 05:06:51.657,2025-09-10 05:07:35.150,1.0,-1.0,0.0284,0.0,0,0.0,0.0,1
b47bf9856da28ae33d05874f8f5add4d29e50d4ad8dc28d1f3fbb38853fb684b,2,2,1.0,1,1,2.0,1,0,1,0,0,0.0,0,2025-09-10 14:38:44.978,2025-09-10 14:39:02.790,1.0,0.0,0.0071,0.0,0,0.0,0.0,1
11367324b3b77c0cad9be3b9313debc6706bef0aa6b7cda614729037c146ed39,1,1,1.0,1,1,1.0,1,0,1,0,0,0.0,0,2025-09-10 16:34:33.021,2025-09-10 16:34:33.021,1.0,0.0,0.0071,0.0,0,0.0,0.0,1
87cad06244bcd892aa0bb730da8fea641c4ed4a93f1f1cde8880f64f50584624,2,0,0.0,1,1,2.0,2,0,0,0,0,0.0,0,2025-09-10 09:27:15.519,2025-09-10 09:27:38.192,1.0,-1.0,0.0142,0.0,0,0.0,0.0,1
da1395dbaf0af231f994193b5aa9c3d5a8a51b9ab2193234f20a25e00a51bc34,1,1,1.0,1,1,1.0,1,0,1,0,0,0.0,0,2025-09-10 11:21:52.253,2025-09-10 11:21:52.253,1.0,0.0,0.0071,0.0,0,0.0,0.0,1
6625f4e1b11ce6d5584edb3164622c446de1f65a95cf137e7fb8f864c512cb04,2,1,0.5,1,1,2.0,2,0,1,0,0,0.0,1,2025-09-10 19:40:30.055,2025-09-10 19:43:01.097,1.0,0.0,0.0142,0.0,0,0.0,0.0,1
1d93b2de3b1e6dca4eeda51df16870f80de03096a531e163d8b4f5750a9fc74e,4,4,1.0,2,3,1.33,2,0,1,0,0,0.0,0,2025-09-10 07:26:37.344,2025-09-15 06:05:40.705,4.94,0.0,0.0142,0.0,0,0.0,0.0,1
8d21ebe1f3ca46f8037b8b1e1770349293d798a8d3dc7bd766e3f86eaad2fbcd,71,63,0.8873,1,3,23.67,15,0,1,0,1,0.0,1,2025-09-11 06:52:12.444,2025-09-11 07:26:02.316,1.0,4.8,0.1064,0.0,8,0.0,0.831,1
2bb39bbb580a496d8a6be7aca2675963f18a15f945dad02165c8195553ac33c1,607,70,0.1153,3,45,13.49,43,0,1,0,1,0.0,4,2025-09-11 22:18:34.323,2025-09-13 14:44:33.740,1.68,18.82,0.305,0.0,7,0.0,0.0857,1
a8e66e07a914ee90b300cf4d2dc7060c4506daab489aea0e831059300756cb2d,25,22,0.88,2,4,6.25,14,0,1,0,1,0.0,1,2025-09-11 16:48:50.324,2025-09-12 16:56:58.458,1.01,6.66,0.0993,0.0,7,0.0,0.76,1
e32a900b05da6cbbe1f23d9f70f75d16821e5114ef2437884228f3176b725af7,8,0,0.0,1,3,2.67,5,0,0,0,0,0.0,1,2025-09-11 01:41:08.205,2025-09-11 01:53:50.700,1.0,-1.0,0.0355,0.0,0,0.0,0.0,1
74110805781bccabe71a65f89699453c04f1e37e304f029af16f1485bb81e9e8,109,41,0.3761,7,16,6.81,36,1,1,0,1,0.0,2,2025-09-11 07:07:58.434,2025-12-04 14:04:07.156,84.29,1.79,0.2553,0.9792,6,0.0,0.2661,0
85b20a62e59074ec8121ec1168645bdf6e99ff4ee254e148749f39470a5fa6fc,20,16,0.8,3,6,3.33,6,0,1,0,0,0.0,1,2025-09-11 23:28:24.343,2025-09-13 18:27:35.973,1.79,2.22,0.0426,0.0,0,0.0,0.0,1
7be0cb5ead4d81f08e97fc0d7893a34b6b5824a3b642b4a257c5792791b1c537,114,102,0.8947,2,7,16.29,21,0,1,0,1,0.0,1,2025-09-11 18:09:23.993,2025-09-12 17:36:48.080,1.0,1.11,0.1489,0.0,7,0.0,0.8421,1
e19e4ef054ab4f230860a8017941f87166b91766db09b86cce0da9301e1462a3,95,92,0.9684,1,3,31.67,12,0,1,0,1,0.0,1,2025-09-11 00:36:59.022,2025-09-11 00:51:09.748,1.0,0.97,0.0851,0.0,7,0.0,0.9474,1
7b396cc9e6609d51936024c4595c5a9ef41a6f4e11125b3d99061e98c6f80c4c,1,1,1.0,1,1,1.0,1,0,1,0,0,0.0,0,2025-09-11 06:58:57.204,2025-09-11 06:58:57.204,1.0,0.0,0.0071,0.0,0,0.0,0.0,1
6ec838caf3d02ef29f84c0c93ec558d92103a99ddcf102b4959fad2d3040d92d,55,46,0.8364,1,3,18.33,14,0,1,0,1,0.0,1,2025-09-11 19:31:43.174,2025-09-11 19:42:42.906,1.0,1.43,0.0993,0.0,7,0.0,0.8182,1
f8ac9c850a88be10dda6f75b513d5b803ea693cdfe7c4d25138c628a133e91c2,73,69,0.9452,1,3,24.33,14,0,1,0,1,0.0,1,2025-09-11 04:07:58.660,2025-09-11 04:26:55.334,1.0,1.75,0.0993,0.0,8,0.0,0.9178,1
b615688a84d800116989666ead6924a3d8c91bd955df62d6387cb56e711553c2,2,1,0.5,1,2,1.0,2,0,1,0,0,0.0,1,2025-09-11 17:17:32.659,2025-09-11 17:17:37.366,1.0,0.08,0.0142,0.0,0,0.0,0.0,1
34d23f010e697d8f8776b35a5fe6bd0bb3de15a77542e80f453e632f009a649e,4,1,0.25,1,3,1.33,4,0,1,0,0,0.0,1,2025-09-11 20:07:24.142,2025-09-11 23:17:28.768,1.0,4.74,0.0284,0.0,0,0.0,0.0,1
0324071da37d0ffd6f747e180c8afad78393b89d03a1f24151b6fee45ad589d9,10,1,0.1,2,3,3.33,8,0,1,0,0,0.0,1,2025-09-11 00:42:21.169,2025-09-12 06:52:46.265,1.26,1787.93,0.0567,0.0,0,0.0,0.0,1
26bf6d510fdea91f5b65508d5170685a98b57007f7c9dcfef45b842e1bd874e9,3,0,0.0,1,1,3.0,3,0,0,0,0,0.0,0,2025-09-11 07:17:41.679,2025-09-11 07:18:05.964,1.0,-1.0,0.0213,0.0,0,0.0,0.0,1
f70b7fe0287e043b92878239a8af97c6a3ba4f1a3764f3328cfa69394fdfd808,10,8,0.8,1,3,3.33,5,0,1,0,1,0.0,1,2025-09-11 03:32:37.280,2025-09-11 03:49:53.457,1.0,0.63,0.0355,0.0,0,0.0,0.5,1
ea5220e352d689b487b34fea02ecbf840f4e4834bc9f09971d571c4d6be0da2f,1,0,0.0,1,1,1.0,1,0,0,0,0,0.0,0,2025-09-11 12:36:32.196,2025-09-11 12:36:32.196,1.0,-1.0,0.0071,0.0,0,0.0,0.0,1
8f0e92a43961498b51938265152f9ff301bf90da9eb35c8b31163eaec6e5d51c,2,2,1.0,1,1,2.0,1,0,1,0,0,0.0,0,2025-09-11 11:09:59.319,2025-09-11 11:10:01.006,1.0,0.0,0.0071,0.0,0,0.0,0.0,1
de22f3e0f8423dba76890191eea75e1c3d193629497705a7bc8f82cd08b9082e,3,0,0.0,2,3,1.0,1,0,0,0,0,0.0,0,2025-09-11 17:49:46.144,2025-12-08 09:20:07.935,87.65,-1.0,0.0071,0.5,0,0.0,0.0,0
12c24e422e5cd74b06302ede1520c40a2b317a7aa7293c4948b9d7c019d99f55,1,1,1.0,1,1,1.0,1,0,1,0,0,0.0,0,2025-09-11 03:32:16.281,2025-09-11 03:32:16.281,1.0,0.0,0.0071,0.0,0,0.0,0.0,1
f5bea30532bc1e9ff748033e5cf95fc6bc0003d6c7037e52080de93fc2188f74,1,1,1.0,1,1,1.0,1,0,1,0,0,0.0,0,2025-09-11 07:45:23.916,2025-09-11 07:45:23.916,1.0,0.0,0.0071,0.0,0,0.0,0.0,1
b36c41275c928fd84fccfcdbec909b653572eca6cf82b2815c0866f8037562ff,2,2,1.0,1,1,2.0,1,0,1,0,0,0.0,0,2025-09-11 12:17:14.029,2025-09-11 12:17:15.425,1.0,0.0,0.0071,0.0,0,0.0,0.0,1
8e4a7a56b06503c325405711fd4a526fd2bb3b4152daba2e1ddf6aac7960d414,2,0,0.0,1,1,2.0,2,0,0,0,0,0.0,0,2025-09-11 06:35:52.351,2025-09-11 06:36:04.910,1.0,-1.0,0.0142,0.0,0,0.0,0.0,1
f4ad32452e7cfdecba4b2bbf920102504a91303f9a94eb3958dd8ecb7bed558c,1,1,1.0,1,1,1.0,1,0,1,0,0,0.0,0,2025-09-11 01:58:52.412,2025-09-11 01:58:52.412,1.0,0.0,0.0071,0.0,0,0.0,0.0,1
2ed75ba792d4a4161ad468ccacceb9dfd7fa89df8c791afcbb4a73532fe64104,1,1,1.0,1,1,1.0,1,0,1,0,0,0.0,0,2025-09-11 01:38:35.413,2025-09-11 01:38:35.413,1.0,0.0,0.0071,0.0,0,0.0,0.0,1
e50feb9cdd4eee2f7aee7420a68e5fddc0e2529a2757f95503ba074a667a8b73,1,1,1.0,1,1,1.0,1,0,1,0,0,0.0,0,2025-09-11 14:58:12.687,2025-09-11 14:58:12.687,1.0,0.0,0.0071,0.0,0,0.0,0.0,1
ae34c21c85a7900442d54a4a6a8ad7cb20ba6420da4e9decd244300d8f50ed66,3,1,0.3333,1,2,1.5,3,0,1,0,0,0.0,0,2025-09-11 05:25:15.841,2025-09-11 05:26:15.050,1.0,0.99,0.0213,0.0,0,0.0,0.0,1
9a9b5007af7ae12fc758952b698aff74f772ef0b45a2a96f20e2db2bcf6ee5a2,1,1,1.0,1,1,1.0,1,0,1,0,0,0.0,0,2025-09-11 14:26:44.270,2025-09-11 14:26:44.270,1.0,0.0,0.0071,0.0,0,0.0,0.0,1
cbd0b85958377b1d62ac2daa145ac413a22666aac80080269a8f405573ad3b89,2,0,0.0,1,1,2.0,2,0,0,0,0,0.0,0,2025-09-11 16:25:15.116,2025-09-11 16:25:27.804,1.0,-1.0,0.0142,0.0,0,0.0,0.0,1
b2abf87db7d240d939640847585293204abc9ffb1c092e665e3b58517c697e00,764,297,0.3887,9,15,50.93,29,1,1,0,1,0.0,4,2025-09-11 14:58:56.790,2025-12-02 15:05:34.747,82.0,38502.01,0.2057,-50.0,1,0.034736515941558445,0.9372,0
0c64dc7ed548e8f16e6d2d1af5589996caf878f3405efc0c2a81776d01693930,108,97,0.8981,1,3,36.0,19,0,1,0,1,0.0,1,2025-09-12 03:41:53.615,2025-09-12 10:03:12.202,1.0,310.6,0.1348,0.0,9,0.0,0.8519,1
de4ae1df7defd4ef5c4b8e80dad6948d384d210a5f1efcee4f8591b11f38a086,97,87,0.8969,1,3,32.33,16,0,1,0,1,0.0,1,2025-09-12 09:57:14.623,2025-09-12 10:46:40.179,1.0,1.42,0.1135,0.0,7,0.0,0.8557,1
c0c633cc88ed1ca7dd66301c8bbc5117f418c7e1ab34fc54d1e936583ff45859,12,3,0.25,1,3,4.0,10,0,1,0,0,0.0,1,2025-09-12 07:14:22.216,2025-09-12 07:18:11.228,1.0,3.39,0.0709,0.0,0,0.0,0.0,1
f2b683f6fd07628e99baa6284f508b35c6ae48eafd974bbdede22e53ab61871a,4,0,0.0,1,4,1.0,4,0,0,0,0,0.0,1,2025-09-12 11:49:21.734,2025-09-12 15:26:07.003,1.0,-1.0,0.0284,0.0,0,0.0,0.0,1
9803511be1b107186e062976f51ea04b30b6375fef8ffc5389e22b543790a94c,13,0,0.0,1,5,2.6,8,1,0,0,0,0.0,3,2025-09-12 13:54:17.233,2025-09-12 14:50:15.406,1.0,-1.0,0.0567,0.0,0,0.0,0.0,1
ea2397a6a597ec018fd3029cac654a8370e852ac8ec5a7867fb38c3a827ba47e,172,169,0.9826,3,4,43.0,13,0,1,0,1,0.0,1,2025-09-12 16:16:08.204,2025-09-16 05:07:00.206,3.54,4054.31,0.0922,0.0,7,0.0,0.9593,1
896ccec7078c97d55fea70dc662ccfd9e15766198555676f2c960a7e206136ac,1,1,1.0,1,1,1.0,1,0,1,0,0,0.0,0,2025-09-12 10:39:30.220,2025-09-12 10:39:30.220,1.0,0.0,0.0071,0.0,0,0.0,0.0,1
db09384bb5ce7ded74c3edb0b3e0a8539e2952248d4dd41d9be4139a34aeb5b1,3,1,0.3333,1,2,1.5,3,0,1,0,0,0.0,0,2025-09-12 06:48:18.590,2025-09-12 06:49:11.734,1.0,0.89,0.0213,0.0,0,0.0,0.0,1
cb102da3cc36e5ccc60ba76201ad56c7510ca5fe67565e61dd5d680c8acc42fb,2,2,1.0,1,1,2.0,1,0,1,0,0,0.0,0,2025-09-12 00:09:24.399,2025-09-12 00:09:27.067,1.0,0.0,0.0071,0.0,0,0.0,0.0,1
acaf72eb350c7e6f20e81cd209f8db7f641298f107f768ed1c83de4a3181496c,1,1,1.0,1,1,1.0,1,0,1,0,0,0.0,0,2025-09-12 13:38:22.276,2025-09-12 13:38:22.276,1.0,0.0,0.0071,0.0,0,0.0,0.0,1
cb0fc23453a9bbc83c6548d14f694caca2d98e8a833ca72288f324c4840bfb4c,1,1,1.0,1,1,1.0,1,0,1,0,0,0.0,0,2025-09-12 10:12:35.785,2025-09-12 10:12:35.785,1.0,0.0,0.0071,0.0,0,0.0,0.0,1
b14b2d4999eb77f3345dfe9064c0cb4109f577f273102e256a99afd79e32c81a,1,1,1.0,1,1,1.0,1,0,1,0,0,0.0,0,2025-09-12 13:52:25.112,2025-09-12 13:52:25.112,1.0,0.0,0.0071,0.0,0,0.0,0.0,1
a952f376310512876f786ce8afa6c8d131be8264db6d1469ad1a547560c51a9b,1,1,1.0,1,1,1.0,1,0,1,0,0,0.0,0,2025-09-12 08:08:26.674,2025-09-12 08:08:26.674,1.0,0.0,0.0071,0.0,0,0.0,0.0,1
6e8a0074ea75b6746314708ddb00292a580d687219881d058ad67c729f74cf97,1,1,1.0,1,1,1.0,1,0,1,0,0,0.0,0,2025-09-12 03:12:59.206,2025-09-12 03:12:59.206,1.0,0.0,0.0071,0.0,0,0.0,0.0,1
92e3f7b80671a8f9e9b01342268656f833ee1837e168179b525755f3bc3de0e1,2,0,0.0,1,1,2.0,2,0,0,0,0,0.0,0,2025-09-12 16:17:07.005,2025-09-12 16:18:02.524,1.0,-1.0,0.0142,0.0,0,0.0,0.0,1
22c22c49d5ad2444addb2b898507243a1580a330a6b1b59fe6b284f9073d1ca3,2,2,1.0,1,1,2.0,2,0,1,0,0,0.0,0,2025-09-12 12:08:50.717,2025-09-12 12:08:54.284,1.0,0.0,0.0142,0.0,0,0.0,0.0,1
0186f3050e62a33ec3e1602491d670daa19dd0eac075ff6d70d91bcc4969b48a,57,36,0.6316,1,7,8.14,20,0,1,0,1,0.0,1,2025-09-13 10:16:46.910,2025-09-13 17:49:48.410,1.0,2.12,0.1418,0.0,7,0.0,0.5614,1
9ea7d5a6a7db98f424d65551e1d766d022985a3f2c617d348b353d8981cfb7e1,2,0,0.0,1,1,2.0,2,0,0,0,0,0.0,0,2025-09-13 09:02:04.250,2025-09-13 09:02:32.719,1.0,-1.0,0.0142,0.0,0,0.0,0.0,1
95d9c67eed2cef931f12baba727882c0a97c2e504bd30e2c81a1b254bfd9c70a,268,260,0.9701,2,3,89.33,17,0,1,0,1,0.0,1,2025-09-13 23:00:26.089,2025-09-14 00:56:01.053,1.0,6.18,0.1206,0.0,7,0.0,0.9478,1
d8fe49672767095c43e1969096c8198f74ec6aeccd6ee76ca52876939cd24b66,19,1,0.0526,3,7,2.71,15,1,1,0,0,0.0,1,2025-09-13 14:43:02.275,2025-09-15 10:33:20.545,1.83,1.68,0.1064,0.0,0,0.0,0.0,1
23308c67b43d1be4cb0ad83899b935e38740c381f5f8048b21512764339da4be,88,79,0.8977,1,3,29.33,17,0,1,0,1,0.0,1,2025-09-13 21:07:43.146,2025-09-13 21:57:51.484,1.0,1.47,0.1206,0.0,7,0.0,0.8409,1
cbc9e7fafde3f5cfa433277c9df9a39f71cebb23f3660c30eafddab2c2f94b60,1,1,1.0,1,1,1.0,1,0,1,0,0,0.0,0,2025-09-13 05:15:06.434,2025-09-13 05:15:06.434,1.0,0.0,0.0071,0.0,0,0.0,0.0,1
a466947639d7db6571726329627a2258410947d7b54096090701b8481ab23a10,1,1,1.0,1,1,1.0,1,0,1,0,0,0.0,0,2025-09-13 15:32:56.208,2025-09-13 15:32:56.208,1.0,0.0,0.0071,0.0,0,0.0,0.0,1
d87fd9f7088d6dddacd1698ec269b00c360c80c8d0039396a3250a558d36d024,3,0,0.0,1,1,3.0,3,0,0,0,0,0.0,0,2025-09-13 10:01:07.683,2025-09-13 10:01:27.113,1.0,-1.0,0.0213,0.0,0,0.0,0.0,1
50a3a3a423f531b5b845678c7943d028db4cc6bccd754351b90f58c0daebb5e8,1,1,1.0,1,1,1.0,1,0,1,0,0,0.0,0,2025-09-13 23:33:56.366,2025-09-13 23:33:56.366,1.0,0.0,0.0071,0.0,0,0.0,0.0,1
9de5a9a9d7b65e118df2fc882a0e3ef1f9acd0126217aac5a3ca39e4aa8dba61,2,2,1.0,1,1,2.0,2,0,1,0,0,0.0,0,2025-09-13 11:43:16.204,2025-09-13 11:43:25.762,1.0,0.0,0.0142,0.0,0,0.0,0.0,1
bec9cd82c7d41ae71593f5778e877b70a9dd209787580c6efdabbb3488920963,2,0,0.0,1,1,2.0,2,0,0,0,0,0.0,0,2025-09-13 10:33:19.092,2025-09-13 10:33:35.310,1.0,-1.0,0.0142,0.0,0,0.0,0.0,1
1f9dfe9ad49469f06dc5c0c5f4b12c4d89a5e3e1d5ed984e92cbec22d404fd62,2,0,0.0,1,1,2.0,2,0,0,0,0,0.0,0,2025-09-13 11:11:09.242,2025-09-13 11:11:35.997,1.0,-1.0,0.0142,0.0,0,0.0,0.0,1
c188c4705fb1497572b0241bec505bff4d425598bb59867b5479368c52d41ae8,1,1,1.0,1,1,1.0,1,0,1,0,0,0.0,0,2025-09-13 15:32:50.311,2025-09-13 15:32:50.311,1.0,0.0,0.0071,0.0,0,0.0,0.0,1
52744534b2eff7fd794006212aa699b3c9eb2bca673fde8cfed00c5be9c52b6f,1,1,1.0,1,1,1.0,1,0,1,0,0,0.0,0,2025-09-13 12:22:44.157,2025-09-13 12:22:44.157,1.0,0.0,0.0071,0.0,0,0.0,0.0,1
08d3ed4a5fe25cc7ea60d4539d981410065f0ad9e1a471f0babf1c18b54a2cb9,2,0,0.0,1,1,2.0,2,0,0,0,0,0.0,1,2025-09-13 14:34:29.078,2025-09-13 14:34:35.459,1.0,-1.0,0.0142,0.0,0,0.0,0.0,1
95011049d7b899974647e62a8f15ecc64120ebc113b8ed3e72f33d8295580c70,90,77,0.8556,1,8,11.25,13,0,1,0,1,0.0,1,2025-09-14 18:11:10.310,2025-09-14 23:58:38.239,1.0,0.19,0.0922,0.0,6,0.0,0.8444,1
7b7dad2a81e56a76e05d170f4147ed848a20061bc084934ce81f754d70ad6073,210,187,0.8905,4,20,10.5,16,0,1,0,1,0.0,2,2025-09-14 09:32:06.157,2025-10-03 19:15:20.622,19.41,6.42,0.1135,0.9855,7,0.0,0.8571,1
1922b040d8997b3f92f104f7f62af98d36706e144200c618d1b23bba4b31e1b7,83,80,0.9639,1,3,27.67,14,0,1,0,1,0.0,1,2025-09-14 02:48:15.559,2025-09-14 03:10:11.129,1.0,4.72,0.0993,0.0,7,0.0,0.9277,1
daaf9d5cba086375d30eef250055e5ad78ac7d55b0cfb8b5736a76235bb4a79b,33,1,0.0303,1,3,11.0,17,1,1,0,0,0.0,1,2025-09-14 15:10:10.124,2025-09-14 15:17:03.298,1.0,1.5,0.1206,0.0,0,0.0,0.0,1
400f96316abb390b19267901ba6100022b196cec413504ae874af97f67e88452,50,45,0.9,3,7,7.14,15,0,1,0,1,0.0,1,2025-09-14 16:16:08.736,2025-10-01 07:08:29.232,16.62,0.89,0.1064,0.9583,7,0.0,0.78,1
aa5dae560ba8d3d0c020b594d1c6ea4ba6a37d3f9e9db79675471e1719b8d5cf,1,1,1.0,1,1,1.0,1,0,1,0,0,0.0,0,2025-09-14 03:22:33.460,2025-09-14 03:22:33.460,1.0,0.0,0.0071,0.0,0,0.0,0.0,1
322fd503a2d7daa369d871875434b0e1f65987905e96f88da5a3a7ecd1019992,1,1,1.0,1,1,1.0,1,0,1,0,0,0.0,0,2025-09-14 18:53:16.642,2025-09-14 18:53:16.642,1.0,0.0,0.0071,0.0,0,0.0,0.0,1
3c7ae290a57b2331537ebca5a96434b6254a70735719d8154b252a23ab995ad1,3,1,0.3333,1,2,1.5,3,0,1,0,0,0.0,0,2025-09-14 20:25:57.947,2025-09-14 20:26:53.033,1.0,0.92,0.0213,0.0,0,0.0,0.0,1
e423b9bcfd4578579ebdd16662b0823d4a5053e9db3e98918bc9a483a10f75af,1,1,1.0,1,1,1.0,1,0,1,0,0,0.0,0,2025-09-14 10:17:07.704,2025-09-14 10:17:07.704,1.0,0.0,0.0071,0.0,0,0.0,0.0,1
e44e4eb94aa5f3032461388db6bede7a6d9f2f80263810db37634fea82b749b3,8,2,0.25,3,4,2.0,3,0,1,0,0,0.0,1,2025-09-14 18:26:39.489,2025-11-29 10:29:07.668,75.67,88855.0,0.0213,0.0,0,0.0,0.0,0
13b64b62acf675e7f94c49c1e80bb220eb2765b02d3584714d32e1da340548c0,3,1,0.3333,1,1,3.0,3,0,1,0,0,0.0,0,2025-09-14 21:46:20.892,2025-09-14 21:46:56.209,1.0,0.59,0.0213,0.0,0,0.0,0.0,1
13aea0f45d7c5244009ff825ee453d14381474d1941e4f2cf1e227d352396ff3,2,2,1.0,1,1,2.0,2,0,1,0,0,0.0,0,2025-09-14 06:23:08.590,2025-09-14 06:23:33.947,1.0,0.0,0.0142,0.0,0,0.0,0.0,1
3e8a249352bd22b42c637905434ebd88eec4a519e10e5dc870391cba9642f9c3,2,0,0.0,1,1,2.0,2,0,0,0,0,0.0,0,2025-09-14 21:58:22.611,2025-09-14 21:58:52.265,1.0,-1.0,0.0142,0.0,0,0.0,0.0,1
21869a5425b9047d6b3322a957bfa353d0934766d3b3b687ec98c03aefb3395b,4,0,0.0,1,2,2.0,4,0,0,0,0,0.0,0,2025-09-14 10:45:34.281,2025-09-14 14:26:32.867,1.0,-1.0,0.0284,0.0,0,0.0,0.0,1
7514e04329c1af58802efc104f1984e8bdde2fcffeda5510fd7f8c8193b27874,2,2,1.0,1,1,2.0,1,0,1,0,0,0.0,0,2025-09-14 21:39:45.242,2025-09-14 21:39:47.418,1.0,0.0,0.0071,0.0,0,0.0,0.0,1
e787a870a1587fc7f01d0692fd9e211433e8f64d433077d8710515d717294a55,1,0,0.0,1,1,1.0,1,0,0,0,0,0.0,0,2025-09-14 04:33:01.285,2025-09-14 04:33:01.285,1.0,-1.0,0.0071,0.0,0,0.0,0.0,1
a1576034f0367305acdcf56b0b73e499377c43e1b003bf427955e90fdef18e4f,3,0,0.0,1,1,3.0,3,0,0,0,0,0.0,0,2025-09-14 05:40:35.812,2025-09-14 05:41:06.149,1.0,-1.0,0.0213,0.0,0,0.0,0.0,1
f23c9f7a7ec2e1d971a95abe0033ea031d45f8de749a7d916972c70fbf4b3095,1,1,1.0,1,1,1.0,1,0,1,0,0,0.0,0,2025-09-14 20:24:03.983,2025-09-14 20:24:03.983,1.0,0.0,0.0071,0.0,0,0.0,0.0,1
dcbca6137c1b9a620797a54a15eccb430feb173ba7ab59084cb7b70f5e057466,1,1,1.0,1,1,1.0,1,0,1,0,0,0.0,0,2025-09-14 18:10:26.890,2025-09-14 18:10:26.890,1.0,0.0,0.0071,0.0,0,0.0,0.0,1
dc8f4d7617a05bf9f230ed9b7b52a790214446159c9754b552ac024c88ec2698,2,2,1.0,1,1,2.0,2,0,1,0,0,0.0,0,2025-09-14 06:23:50.257,2025-09-14 06:24:30.396,1.0,0.0,0.0142,0.0,0,0.0,0.0,1
24600c42aa5c244ecc6678a6773c5f7f5bfb0d812c63cab6f6e04a36d081539d,2,2,1.0,1,1,2.0,2,0,1,0,0,0.0,0,2025-09-14 06:23:14.704,2025-09-14 06:23:42.894,1.0,0.0,0.0142,0.0,0,0.0,0.0,1
b98401e9825cdfc8f39c555cc29a9a504bafac373bc194a4ebd41f288d71cb4d,2,2,1.0,1,1,2.0,2,0,1,0,0,0.0,0,2025-09-14 06:23:49.529,2025-09-14 06:24:26.307,1.0,0.0,0.0142,0.0,0,0.0,0.0,1
370ae89a35b87c209c012b5b6f4ac3b88878d4ba69db19a5492831bf40d71eb7,3,3,1.0,1,1,3.0,2,0,1,0,0,0.0,0,2025-09-14 13:57:59.528,2025-09-14 13:58:21.726,1.0,0.0,0.0142,0.0,0,0.0,0.0,1
5941f7961dd8d06eb492ba0ba11a5353409eefee25b3b572a86c44cd07028cfc,45,37,0.8222,2,4,11.25,14,0,1,0,1,0.0,1,2025-09-15 11:23:40.118,2025-09-16 11:30:21.895,1.0,0.49,0.0993,0.0,6,0.0,0.7111,1
3fe9790db304bc0610be6f8cd1e1a181bd3345eb1175d6dd835c3462a6b17a98,3,1,0.3333,1,2,1.5,3,0,1,0,0,0.0,0,2025-09-15 17:01:10.202,2025-09-15 17:06:38.222,1.0,5.47,0.0213,0.0,0,0.0,0.0,1
0e2f162eb268e3bf491b724fe7f0a350a0983942a8882c60d0e284b9b79d342d,41,7,0.1707,2,9,4.56,19,1,1,0,1,0.0,2,2025-09-15 15:00:48.692,2025-09-22 03:30:56.889,6.52,0.84,0.1348,0.0,0,0.0,0.0976,1
cb7133610c1ba80534badeb869a448bd637f54287e063e6bb7623745331bc566,23,3,0.1304,1,5,4.6,17,1,1,0,0,0.0,2,2025-09-15 01:22:26.031,2025-09-15 01:24:44.273,1.0,0.69,0.1206,0.0,0,0.0,0.0,1
c1ffe3a98d1deb818e97a1e457aa4829f60fc1fe1c447b5ef04631439936a3a7,2,0,0.0,1,1,2.0,1,0,0,0,0,0.0,0,2025-09-15 07:52:05.094,2025-09-15 07:53:28.340,1.0,-1.0,0.0071,0.0,0,0.0,0.0,1
cc21d872fef4f4a0ee69fe7c9d34f86a7e03f4c6912c9040275e0363d38e2cf0,6,0,0.0,1,3,2.0,6,1,0,0,0,0.0,1,2025-09-15 12:20:07.032,2025-09-15 12:21:58.203,1.0,-1.0,0.0426,0.0,0,0.0,0.0,1
05dea1c5d091b123024d3d899eaa0c376898198a8e07adb3e9e7c20925cb5316,5,0,0.0,1,1,5.0,3,0,0,0,0,0.0,0,2025-09-15 08:17:57.383,2025-09-15 08:18:43.426,1.0,-1.0,0.0213,0.0,0,0.0,0.0,1
216f5fe3ae3bd5c20e9c272778227dcd4aa3e3901cfb2b6afc5b3bf8a976ae28,26,7,0.2692,1,5,5.2,21,1,1,0,0,0.0,2,2025-09-15 09:45:28.579,2025-09-15 10:02:46.082,1.0,1.52,0.1489,0.0,0,0.0,0.0,1
0fddaeedc1c7eea70b519279eaee1a94cc53d2a993e7850b36c21007275ba1ed,46,7,0.1522,12,26,1.77,9,0,1,0,1,0.0,2,2025-09-15 21:11:26.448,2025-12-08 20:09:41.003,83.96,24741.63,0.0638,-1.25,0,0.0,0.0217,0
3b10fe92fe4b4262ed494f5e2a275267134432b438718b0a44955f583ddfc5e0,547,378,0.691,4,14,39.07,30,0,1,0,1,0.0,2,2025-09-15 08:30:04.934,2025-10-01 14:58:28.870,16.27,4.76,0.2128,0.9963,8,0.0,0.6417,1
b9d321a1fe5250560fd2c21892380c962e94633617aa19416c3b7e3356349900,18,1,0.0556,1,3,6.0,16,1,1,0,0,0.0,1,2025-09-15 10:36:48.447,2025-09-15 10:39:53.278,1.0,1.84,0.1135,0.0,0,0.0,0.0,1
2b8ed12bcd30b99ab9005e36a170ea2b0ae70ecfc825967044aa0c70341eb78e,60,55,0.9167,1,3,20.0,14,0,1,0,1,0.0,1,2025-09-15 02:55:46.245,2025-09-15 03:05:08.441,1.0,0.55,0.0993,0.0,7,0.0,0.8833,1
8bc33df273c997784f5239f06283f3613ab78de7da470e96045daec9330f2ac5,6,0,0.0,1,1,6.0,3,0,0,0,0,0.0,0,2025-09-15 11:26:09.184,2025-09-15 11:28:34.487,1.0,-1.0,0.0213,0.0,0,0.0,0.0,1
68dcb66cc70d44c77afa89a929717f245fcb3fe0de0524f96b146d119d339761,1,1,1.0,1,1,1.0,1,0,1,0,0,0.0,0,2025-09-15 12:43:48.260,2025-09-15 12:43:48.260,1.0,0.0,0.0071,0.0,0,0.0,0.0,1
a7a69bdc6aef6facd91652997d131a0e990949bd71f348fc1dabd9c9a159759b,57,26,0.4561,2,3,19.0,21,0,1,0,1,0.0,1,2025-09-15 14:17:31.967,2025-09-16 13:48:35.045,1.0,1372.48,0.1489,0.0,6,0.0,0.386,1
836c2aa0450471f9982030d1acd05107c108d43800b27848d4e8a73ad04285ee,1,1,1.0,1,1,1.0,1,0,1,0,0,0.0,0,2025-09-15 03:30:55.602,2025-09-15 03:30:55.602,1.0,0.0,0.0071,0.0,0,0.0,0.0,1
ddc41aa2943b89615b18fe8ac512c02373c711faea87c7a344b6a13a6649b2bd,1,1,1.0,1,1,1.0,1,0,1,0,0,0.0,0,2025-09-15 20:41:08.169,2025-09-15 20:41:08.169,1.0,0.0,0.0071,0.0,0,0.0,0.0,1
dd22aa39aa1e8978b438b246a9df335e22496e1467918fbd7497d48b87030dec,8,0,0.0,1,3,2.67,7,1,0,0,0,0.0,1,2025-09-15 08:34:07.978,2025-09-15 08:34:50.922,1.0,-1.0,0.0496,0.0,0,0.0,0.0,1
8364be694516e463158e11a324287a79801ad17435fe6dfc69f07e1262bbb2ed,1,0,0.0,1,1,1.0,1,0,0,0,0,0.0,0,2025-09-15 14:33:57.195,2025-09-15 14:33:57.195,1.0,-1.0,0.0071,0.0,0,0.0,0.0,1
7406870b48565717704dc0d29fbe810652b54d3862d2234001a1b7ca904dbcba,1,1,1.0,1,1,1.0,1,0,1,0,0,0.0,0,2025-09-15 18:42:47.119,2025-09-15 18:42:47.119,1.0,0.0,0.0071,0.0,0,0.0,0.0,1
9e739584e6ef8add5a02c7bd5384bad551190adf45bdd68c4f8d572b0a671c33,272,31,0.114,22,54,5.04,30,1,1,0,1,0.0,12,2025-09-15 13:19:25.001,2025-12-08 16:43:07.876,84.14,71856.39,0.2128,-0.25,1,0.005700502682926829,0.1838,0
3cc7bb1b0e17f5a0e3d9e22e97eaf7e082a3bc5a4f1382485a7fc0e4b19267bf,1,1,1.0,1,1,1.0,1,0,1,0,0,0.0,0,2025-09-15 11:21:53.867,2025-09-15 11:21:53.867,1.0,0.0,0.0071,0.0,0,0.0,0.0,1
7efcfb9f421e641a5ac51d0fa4355831c58bca1613f72507305bcea3c0f5d45c,1,1,1.0,1,1,1.0,1,0,1,0,0,0.0,0,2025-09-15 05:16:51.039,2025-09-15 05:16:51.039,1.0,0.0,0.0071,0.0,0,0.0,0.0,1
e655ab405045017396d3eae5bc27ad9bb0b5f7a641fc3fa845f5ee5ed38f053c,1,1,1.0,1,1,1.0,1,0,1,0,0,0.0,0,2025-09-15 16:42:30.561,2025-09-15 16:42:30.561,1.0,0.0,0.0071,0.0,0,0.0,0.0,1
376896bea6aebdd7cb598e1438b9556a513ff27b725c4eb006f3e5344b0becca,1,0,0.0,1,1,1.0,1,0,0,0,0,0.0,0,2025-09-15 12:45:34.113,2025-09-15 12:45:34.113,1.0,-1.0,0.0071,0.0,0,0.0,0.0,1
be8b840ab56373efa7896ba705c6ccfbcf20249711a20bc753794cd356319490,4,0,0.0,1,2,2.0,3,0,0,0,0,0.0,0,2025-09-16 05:15:01.881,2025-09-16 05:16:46.103,1.0,-1.0,0.0213,0.0,0,0.0,0.0,1
1090976fc9fa751c7ef48373ee1e8854979af7e208fe9d75ce4a9d4fa3f5b2a5,9,6,0.6667,1,3,3.0,5,0,1,0,1,0.0,1,2025-09-16 21:03:50.540,2025-09-16 21:05:48.365,1.0,0.94,0.0355,0.0,0,0.0,0.4444,1
c725fcb5d1a404e9689836c3ad4428212a57bd2ae4efb10b13bdfae62c2c2d35,25,1,0.04,1,3,8.33,18,1,1,0,0,0.0,1,2025-09-16 19:10:26.597,2025-09-16 19:13:06.223,1.0,0.86,0.1277,0.0,0,0.0,0.0,1
5228ac71a8e4b6b36f9274885ecfb05fbe32e2748b6d9579293e14620c965e7e,4,0,0.0,3,3,1.33,3,0,0,0,0,0.0,0,2025-09-16 18:44:04.353,2025-10-03 13:57:14.423,16.8,-1.0,0.0213,0.6667,0,0.0,0.0,1
b2cf9ebd33eb49e4c6f129564d3db886a156816ada9a2ddb8401df6fa1d49723,211,211,1.0,2,2,105.5,10,0,1,0,1,0.0,0,2025-09-16 20:42:00.751,2025-09-17 06:33:19.504,1.0,0.0,0.0709,0.0,9,0.0,1.0,1
5a4f6fc9415fd1a475d0bde31a92bc07e1a0ad641636b06a1e4163f9de11f160,7,0,0.0,1,2,3.5,4,0,0,0,0,0.0,0,2025-09-16 19:31:23.644,2025-09-16 19:31:53.817,1.0,-1.0,0.0284,0.0,0,0.0,0.0,1
db11492c460dbb17107ad4ca8c629f41096ab7c8e40c118cb83f6fcd863da7a6,2,0,0.0,1,1,2.0,2,0,0,0,0,0.0,0,2025-09-16 21:41:25.848,2025-09-16 21:41:52.321,1.0,-1.0,0.0142,0.0,0,0.0,0.0,1
c0fd103a282e20b158073d0a8dcac83c6ef46621b9a4ac183628e282c452c03c,2,0,0.0,1,1,2.0,2,0,0,0,0,0.0,0,2025-09-16 10:27:19.847,2025-09-16 10:27:45.713,1.0,-1.0,0.0142,0.0,0,0.0,0.0,1
33f04e32397ca3b1cb3463c8d8af51653835346a5fa810aca405da7409674928,38,4,0.1053,1,3,12.67,20,1,1,0,0,0.0,1,2025-09-16 19:01:36.832,2025-09-16 19:22:58.562,1.0,2.21,0.1418,0.0,0,0.0,0.0,1
ae627b69c8ce10ea1014f2e278897bf012a637c9900f986bf447a4bd9c4c010b,17,8,0.4706,1,3,5.67,10,0,1,0,0,0.0,1,2025-09-16 18:18:09.715,2025-09-16 18:39:21.618,1.0,16.1,0.0709,0.0,0,0.0,0.0,1
c24fb2fcb8ae680534fc9d216801dc95172a16121c3eea7c9f91f77c8361cf25,13,6,0.4615,4,8,1.62,6,0,1,0,1,0.0,1,2025-09-16 23:21:44.688,2025-09-27 23:38:50.428,11.01,1.41,0.0426,0.6667,0,0.0,0.3077,1
9779dd7f215097a2385aec3ffe13db0b60296693c6a297616953d3511a2e4929,8,2,0.25,1,3,2.67,5,0,1,0,0,0.0,1,2025-09-16 18:27:40.858,2025-09-16 18:34:07.951,1.0,3.58,0.0355,0.0,0,0.0,0.0,1
18d9648855ea97d83d55dbd422490cb3b279c5be16af44662ac2766d1cbc8491,2,0,0.0,1,1,2.0,2,0,0,0,0,0.0,0,2025-09-16 18:50:09.288,2025-09-16 18:50:40.602,1.0,-1.0,0.0142,0.0,0,0.0,0.0,1
c36b341524f59030dd3c4ea8ddacc372c024232c387126aeec2fe874f707d711,102,83,0.8137,2,7,14.57,25,1,1,0,1,0.0,2,2025-09-16 14:22:40.396,2025-09-20 13:00:46.755,3.94,1.36,0.1773,0.0,6,0.0,0.7843,1
0a685f2624a6132014d8f03045fa53eb9e6508fd62609562b0dc88d08830fde7,14,1,0.0714,1,3,4.67,13,1,1,0,0,0.0,2,2025-09-16 20:58:05.180,2025-09-16 21:02:02.583,1.0,3.6,0.0922,0.0,0,0.0,0.0,1
d7d344fd0ff32ad3b3751d7f88107c9d703d6434c76d8b15e8aefc17e1225f76,318,197,0.6195,1,14,22.71,41,1,1,0,1,0.0,1,2025-09-16 16:45:35.672,2025-09-16 19:55:31.301,1.0,0.63,0.2908,0.0,9,0.0,0.5283,1
38b71b5bdc98b9fce6749610bb599ecb7c34b7e34f16426c9dd508729352ba1f,22,1,0.0455,3,5,4.4,18,1,1,0,0,0.0,1,2025-09-16 03:36:25.042,2025-09-18 07:54:26.589,2.18,1671.72,0.1277,0.0,0,0.0,0.0,1
8627ee1ed48792ced4f4df7e55d9ce50316e5783c08fb8252f3bd7c1d0ad2dee,59,17,0.2881,3,18,3.28,28,0,1,0,0,0.0,4,2025-09-16 14:20:57.939,2025-09-28 01:12:18.172,11.45,1.01,0.1986,0.9649,0,0.0,0.0,1
f072074056718ec7db7ad128b6d1d9373cceeef6b42c8598e6c93fa30122e96e,4,1,0.25,2,2,2.0,4,0,1,0,0,0.0,1,2025-09-16 06:54:39.798,2025-10-07 07:51:47.642,21.04,30297.13,0.0284,0.0,0,0.0,0.0,1
f43f4e22b5f0ce9124f025b3d443a41b4bf9fde5bf2e37662ce9ce9656a3c5a6,89,87,0.9775,1,4,22.25,13,0,1,0,1,0.0,1,2025-09-16 08:27:28.562,2025-09-16 09:22:58.355,1.0,32.05,0.0922,0.0,8,0.0,0.9551,1
bde3e7af92ad9328b45833165b1b80b2162f1408f722648f9ada3cf7394df7c6,13,1,0.0769,1,3,4.33,13,1,1,0,0,0.0,1,2025-09-16 20:43:28.264,2025-09-16 20:46:15.700,1.0,2.55,0.0922,0.0,0,0.0,0.0,1
0e492a60fcb0f3bd43ffa5668c3e6daa6609ef04a1ea9eec756d7025220eaaf7,8,2,0.25,1,3,2.67,6,0,1,0,0,0.0,1,2025-09-16 07:17:40.170,2025-09-16 07:21:41.985,1.0,1.96,0.0426,0.0,0,0.0,0.0,1
a3bb18712007e7f11a2aa1cd4f63d6a4727c1a770c3659e85d20e939ab26f90e,3,0,0.0,1,2,1.5,3,0,0,0,0,0.0,0,2025-09-16 19:55:51.379,2025-09-16 19:56:32.274,1.0,-1.0,0.0213,0.0,0,0.0,0.0,1
b4a543c2e2ef22a01472f6028f95d382f5e7900245afa5bc3a58ee5e80f6d3d7,47,12,0.2553,8,12,3.92,11,0,1,0,1,0.0,5,2025-09-16 10:20:07.557,2025-12-01 15:18:38.593,76.21,173.67,0.078,-3.1429,0,0.010679999999999999,0.383,0
18f5a9bb91e398a4ef1a68d209e0dd7167a6a2ac4bc97550963ec7a5d89788b6,2,0,0.0,1,1,2.0,2,0,0,0,0,0.0,0,2025-09-16 18:32:44.381,2025-09-16 18:33:03.582,1.0,-1.0,0.0142,0.0,0,0.0,0.0,1
9245130fd78f19ac8bfa04949d51148b7bd6c7d569f0ebebdf199f1acfadd69a,2,0,0.0,1,2,1.0,2,0,0,0,0,0.0,0,2025-09-16 15:14:29.921,2025-09-16 15:45:03.359,1.0,-1.0,0.0142,0.0,0,0.0,0.0,1
b0aa8ddc3f3235f1cf686c5d94c7b12b632e84cf3a2000a8a2f8746150509ac3,2,0,0.0,1,1,2.0,2,0,0,0,0,0.0,0,2025-09-16 14:15:23.601,2025-09-16 14:18:19.827,1.0,-1.0,0.0142,0.0,0,0.0,0.0,1
00e119762e81280f66b1414c15ebbb8f178b1bf491542216297e5ce2e3b22813,6,3,0.5,1,3,2.0,5,0,1,0,0,0.0,1,2025-09-16 19:22:32.329,2025-09-16 19:28:27.259,1.0,2.77,0.0355,0.0,0,0.0,0.0,1
58c3e8cf6ae40005f576ea7d9b3c014386afc8fe2a568f32953d2264a98e1b51,2,0,0.0,1,1,2.0,2,0,0,0,0,0.0,0,2025-09-16 18:25:47.479,2025-09-16 18:26:09.942,1.0,-1.0,0.0142,0.0,0,0.0,0.0,1
01973f317f21b1dd9c2a7f6af61a410cc2b34504259abeff0514eaae729c4166,10,0,0.0,1,3,3.33,5,0,0,0,0,0.0,1,2025-09-16 11:54:49.747,2025-09-16 12:43:17.168,1.0,-1.0,0.0355,0.0,0,0.0,0.0,1
4d932a0a0f0a18c6aee5302659744d12df58074bce5b5b347a467685271d3c93,12,3,0.25,2,5,2.4,10,0,1,0,0,0.0,1,2025-09-16 05:55:07.609,2025-09-17 13:33:28.139,1.32,1.66,0.0709,0.0,0,0.0,0.0,1
dd93085071e65f067a58b23dbb3b4f512a22c5c481c319f9d0983111da3aa054,4,0,0.0,1,2,2.0,4,0,0,0,0,0.0,0,2025-09-16 18:39:23.925,2025-09-16 18:40:25.093,1.0,-1.0,0.0284,0.0,0,0.0,0.0,1
2a135ff3d2341c4de03a97fdf4217aae02d77991ff07683abd272d84adf769b1,2,0,0.0,1,1,2.0,2,0,0,0,0,0.0,0,2025-09-16 20:16:42.656,2025-09-16 20:17:01.120,1.0,-1.0,0.0142,0.0,0,0.0,0.0,1
a4e64774062f50589aac6df7ddde740d363bb43ba4409736dc37814f4efee651,2,0,0.0,1,1,2.0,2,0,0,0,0,0.0,0,2025-09-16 19:11:51.064,2025-09-16 19:12:24.125,1.0,-1.0,0.0142,0.0,0,0.0,0.0,1
1f65bfe63de0748da40bef329d9c32f9c7e97ed4878d1dba7951559aed6503ef,2,2,1.0,1,1,2.0,1,0,1,0,0,0.0,0,2025-09-16 18:23:51.609,2025-09-16 18:23:54.479,1.0,0.0,0.0071,0.0,0,0.0,0.0,1
ce54f10f739dda3f9987b6e5c131e1d1802acdb2506870358a2b1e0f0cb7cad8,2,2,1.0,1,1,2.0,1,0,1,0,0,0.0,0,2025-09-16 19:24:33.497,2025-09-16 19:24:35.552,1.0,0.0,0.0071,0.0,0,0.0,0.0,1
9caeeb4ba793c907ee03a7bdeaf7e943d4e0229b255dfe64039be292dbcbda47,6,0,0.0,1,2,3.0,5,0,0,0,0,0.0,1,2025-09-16 18:35:31.207,2025-09-16 18:38:00.092,1.0,-1.0,0.0355,0.0,0,0.0,0.0,1
1a05449bc3e3e67421c77c219f2b489247f5af25256887a202291a4fec8c4586,1,1,1.0,1,1,1.0,1,0,1,0,0,0.0,0,2025-09-16 19:44:52.287,2025-09-16 19:44:52.287,1.0,0.0,0.0071,0.0,0,0.0,0.0,1
e35d9f65052bfcd3692080fb0ab180263239063b1df55c542028996a98be66fc,1,0,0.0,1,1,1.0,1,0,0,0,0,0.0,1,2025-09-16 18:32:13.616,2025-09-16 18:32:13.616,1.0,-1.0,0.0071,0.0,0,0.0,0.0,1
66caf7c98ac7b96ba856889b634f47bfb06321986307c3ff0276bbb4262329fe,1,1,1.0,1,1,1.0,1,0,1,0,0,0.0,0,2025-09-16 08:07:06.051,2025-09-16 08:07:06.051,1.0,0.0,0.0071,0.0,0,0.0,0.0,1
2aefaf06d324abf6e255ddf27afa11c3f1f8d8db0da077ef1e26c36650b553c5,1,1,1.0,1,1,1.0,1,0,1,0,0,0.0,0,2025-09-16 13:10:09.480,2025-09-16 13:10:09.480,1.0,0.0,0.0071,0.0,0,0.0,0.0,1
a3255c28e34ce98ca0d4a4605b7472ce485f82404103e3c66fb0e6b717c3537c,1,1,1.0,1,1,1.0,1,0,1,0,0,0.0,0,2025-09-16 08:04:55.974,2025-09-16 08:04:55.974,1.0,0.0,0.0071,0.0,0,0.0,0.0,1
93d37f8e68a5cfdce50735aadf25c493c05e39a00eef05ac5551b0327a11f555,1,1,1.0,1,1,1.0,1,0,1,0,0,0.0,0,2025-09-16 04:59:58.725,2025-09-16 04:59:58.725,1.0,0.0,0.0071,0.0,0,0.0,0.0,1
cafc483afa81ed17802a7f7b494e7697c3fe8cdd8ace3f8a26742de257479b90,1,1,1.0,1,1,1.0,1,0,1,0,0,0.0,0,2025-09-16 20:30:01.276,2025-09-16 20:30:01.276,1.0,0.0,0.0071,0.0,0,0.0,0.0,1
4a949b84beb2af4622bcb8865eabd87af7fca888e2ff01faa8426f8a14314763,2,2,1.0,2,2,1.0,1,0,1,0,0,0.0,0,2025-09-16 00:02:14.405,2025-10-07 13:35:09.776,21.56,0.0,0.0071,0.0,0,0.0,0.0,1
afe7c5a33f8edfba1175c952e52dfc20efd49e626c0c77432f830e41b300cb23,1,1,1.0,1,1,1.0,1,0,1,0,0,0.0,0,2025-09-16 04:45:05.073,2025-09-16 04:45:05.073,1.0,0.0,0.0071,0.0,0,0.0,0.0,1
04d50c3918f66588c3d5f1a506edc3a73b5cb57a0484729147a01159e28051ee,1,1,1.0,1,1,1.0,1,0,1,0,0,0.0,0,2025-09-16 13:48:58.370,2025-09-16 13:48:58.370,1.0,0.0,0.0071,0.0,0,0.0,0.0,1
4c43d3877ad4573ef47c937642064e7feb5fcba09e9913a09c00e5ee3fa12a33,1,1,1.0,1,1,1.0,1,0,1,0,0,0.0,0,2025-09-16 08:25:11.075,2025-09-16 08:25:11.075,1.0,0.0,0.0071,0.0,0,0.0,0.0,1
02694e13709572f63b8c397a97abd7f7e5dc56dd142bb7360eb4a06119141df8,1,0,0.0,1,1,1.0,1,0,0,0,0,0.0,0,2025-09-16 08:58:05.326,2025-09-16 08:58:05.326,1.0,-1.0,0.0071,0.0,0,0.0,0.0,1
c662484c70b9575950524706f3112462504bb92d121853449f01546b31e91a19,1,1,1.0,1,1,1.0,1,0,1,0,0,0.0,0,2025-09-16 08:49:59.753,2025-09-16 08:49:59.753,1.0,0.0,0.0071,0.0,0,0.0,0.0,1
a850efab6d8a86d18767021ad7ba71b8b3255bc833cd40e12ae32ae11f8eb828,1,1,1.0,1,1,1.0,1,0,1,0,0,0.0,0,2025-09-16 19:02:54.369,2025-09-16 19:02:54.369,1.0,0.0,0.0071,0.0,0,0.0,0.0,1
9f14e7484e570004594c0cbe4c5405e5b03451eed4fc7cc9281f6ab9185e08e6,99,77,0.7778,4,20,4.95,17,0,1,0,1,0.0,1,2025-09-16 20:10:05.046,2025-09-22 02:39:27.583,5.27,244.32,0.1206,0.0,7,0.0,0.7071,1
02b9b0c663307cf8e880d69b7eb17411401d323fdbdfea091dce551028ca832f,2,0,0.0,1,1,2.0,2,0,0,0,0,0.0,0,2025-09-17 08:30:45.434,2025-09-17 08:31:08.316,1.0,-1.0,0.0142,0.0,0,0.0,0.0,1
56a9f007b3945338df81218b9a4d076d9531ae4d98715778d2ee98c4daed0e12,2,0,0.0,1,1,2.0,2,0,0,0,0,0.0,0,2025-09-17 13:34:22.272,2025-09-17 13:34:32.620,1.0,-1.0,0.0142,0.0,0,0.0,0.0,1
e2ecf2aa7e47fde31fcf9deda37156e80d9d46e55569ce8cc6194161679e4e01,304,229,0.7533,3,10,30.4,27,0,1,0,1,0.0,1,2025-09-17 17:47:20.550,2025-09-20 21:08:10.391,3.14,1.23,0.1915,0.0,8,0.0,0.7237,1
47207af46899b256cc3660d5630058f46b4fe37da66742e96c8a385b1d182c0a,1,1,1.0,1,1,1.0,1,0,1,0,0,0.0,0,2025-09-17 09:05:39.684,2025-09-17 09:05:39.684,1.0,0.0,0.0071,0.0,0,0.0,0.0,1
bcaf6c7618a9c757c801e7034f7f6056c35c501c0d80ad1b784c342403c2b800,2,0,0.0,1,1,2.0,2,0,0,0,0,0.0,0,2025-09-17 10:47:51.912,2025-09-17 10:48:12.148,1.0,-1.0,0.0142,0.0,0,0.0,0.0,1
0c7dd706ccbd887cd9f9f1e1f7754ed7914de7d45cf393da7eb36e74052b5263,172,155,0.9012,2,7,24.57,29,1,1,0,1,0.0,2,2025-09-17 08:13:05.622,2025-09-18 06:28:06.936,1.0,1.71,0.2057,0.0,7,0.0,0.8314,1
7e9bb81817a7efcb6e576bdfe2fbe1406081b6ebc687d0b7e790d0ae0fee3c30,125,100,0.8,1,3,41.67,21,0,1,0,1,0.0,1,2025-09-17 07:44:09.130,2025-09-17 08:23:28.978,1.0,1.37,0.1489,0.0,7,0.0,0.6,1
bec79672b775b65e8425b8803d3afe1b18665f051b9179821294168bd9094473,17,3,0.1765,1,4,4.25,16,1,1,0,0,0.0,1,2025-09-17 01:26:57.825,2025-09-17 01:48:37.146,1.0,1.42,0.1135,0.0,0,0.0,0.0,1
e7e827ab6a22b47a4dd92affbb52d53ee63e9da06d12edd0315a8fc8bec5314e,299,219,0.7324,5,24,12.46,18,0,1,0,1,0.0,1,2025-09-17 15:23:31.706,2025-09-26 09:49:37.005,8.77,11.48,0.1277,0.802,7,0.0,0.7057,1
1f342837021a7bc21ac0659e67708fb5e3068c8d3d2c2261ad3e731bce7e837f,39,1,0.0256,3,7,5.57,20,1,1,0,0,0.0,1,2025-09-17 12:43:58.839,2025-09-19 13:15:27.140,2.02,1.77,0.1418,0.0,0,0.0,0.0,1
4376823df181b46befb534ef53cb83b853dd4ad48d537ed6f1eaf81cf8bc8c8b,258,209,0.8101,1,15,17.2,33,1,1,0,1,0.0,5,2025-09-17 06:56:31.177,2025-09-17 09:36:47.887,1.0,15.03,0.234,0.0,8,0.0,0.7636,1
5a0479a3e262526f7d44f3ded54ef695cfc7572b39591b1e53ce333b6db9669b,8,2,0.25,1,3,2.67,5,0,1,0,0,0.0,1,2025-09-17 16:08:19.853,2025-09-17 16:09:16.544,1.0,0.59,0.0355,0.0,0,0.0,0.0,1
0c49862183154983603919433d6a8e132691143bc1ab424e59b843ad3cbf848a,92,86,0.9348,1,2,46.0,13,0,1,0,1,0.0,0,2025-09-17 09:10:21.478,2025-09-17 09:33:02.115,1.0,0.59,0.0922,0.0,8,0.0,0.9239,1
3c34d03cbadfdea1fb17711d55c6f47cbac3fb70b17c9352d92d7588bd4e66ad,88,88,1.0,2,2,44.0,10,0,1,0,1,0.0,0,2025-09-17 06:42:53.164,2025-09-24 16:51:52.621,7.42,0.0,0.0709,0.5085,9,0.0,1.0,1
33ed8a1152aa2c9657a7006f8395a754d4ff2da1738376641f1f950f455f1595,3,0,0.0,1,2,1.5,3,0,0,0,0,0.0,1,2025-09-17 17:50:31.231,2025-09-17 17:52:24.107,1.0,-1.0,0.0213,0.0,0,0.0,0.0,1
6734dd26232d4e20bc0c5dbf4f477b866ffdf1fcd121d65b4bded7b17cc32274,9,4,0.4444,1,3,3.0,8,0,1,0,0,0.0,1,2025-09-17 06:33:54.292,2025-09-17 06:38:20.490,1.0,2.63,0.0567,0.0,0,0.0,0.0,1
516475de81d5dab54bf4c507648c7215464d31ff24f899f3798800c137c91f0e,27,2,0.0741,1,4,6.75,19,1,1,0,0,0.0,1,2025-09-17 03:10:51.385,2025-09-17 06:34:00.538,1.0,73.08,0.1348,0.0,0,0.0,0.0,1
d1f72abda459d1aff3faef1b1668e9f9b2dd1c8c9535d4160fbc9505d2883815,3,0,0.0,1,2,1.5,2,0,0,0,0,0.0,0,2025-09-17 08:31:08.789,2025-09-17 08:50:40.626,1.0,-1.0,0.0142,0.0,0,0.0,0.0,1
810e3ef8680c3d7fcd2ea7c12de28330f4885c71d4f2b72fd12a746d833c6683,44,5,0.1136,2,9,4.89,27,1,1,0,0,0.0,3,2025-09-17 10:21:40.754,2025-10-01 11:28:18.223,14.05,1.11,0.1915,0.9268,0,0.0,0.0,1
cc6e849e3920a788ebf777ae0ee3c7323c61326372fd5edead81c5472b194360,139,139,1.0,1,1,139.0,9,0,1,0,1,0.0,0,2025-09-17 20:20:30.638,2025-09-17 20:57:41.867,1.0,0.0,0.0638,0.0,8,0.0,1.0,1
f4e4849944979c8bc2d312c42d24e1e72dc1d0fe96f8cbc9f9f349a2711475a6,86,77,0.8953,1,3,28.67,16,0,1,0,1,0.0,1,2025-09-17 18:47:16.294,2025-09-17 19:06:33.033,1.0,1.83,0.1135,0.0,7,0.0,0.8605,1
1fc7a12bb04c1cd56915167e8a8c0758ff6430a486fb9d970d189babfd44a588,5,5,1.0,1,1,5.0,1,0,1,0,1,0.0,0,2025-09-17 18:13:36.344,2025-09-17 18:13:36.351,1.0,0.0,0.0071,0.0,0,0.0,1.0,1
2b29a662c401d8a8efb8e4040fbe37ccef126b7588583982af216456150e1726,4,0,0.0,1,3,1.33,4,0,0,0,0,0.0,1,2025-09-17 14:59:00.694,2025-09-17 15:00:13.480,1.0,-1.0,0.0284,0.0,0,0.0,0.0,1
efefb5b03b21f326f246f2cd6d292019f9fc0ecd0ca45333a158f001fb441c57,2,0,0.0,1,1,2.0,2,0,0,0,0,0.0,0,2025-09-17 14:27:20.906,2025-09-17 14:27:35.878,1.0,-1.0,0.0142,0.0,0,0.0,0.0,1
0e01fe2f67bae9776c8a29757e67581796849a65f8989a6695552ea34d4a8e28,21,2,0.0952,1,4,5.25,15,1,1,0,0,0.0,2,2025-09-17 07:22:17.374,2025-09-17 07:31:52.210,1.0,0.37,0.1064,0.0,0,0.0,0.0,1
73d28483f1f01f0fb1bb50dd4d285e1a4f22233ea3dda9df023ac7c76c792cb0,52,12,0.2308,1,4,13.0,14,0,1,0,1,0.0,1,2025-09-17 14:18:00.494,2025-09-17 15:59:33.837,1.0,84.06,0.0993,0.0,0,0.0,0.0962,1
c3244b6b2ee649203dafced4cd30dae43ecf2f1ef12808eb0692ee7c87b7aba5,84,62,0.7381,2,5,16.8,24,1,1,0,1,0.0,2,2025-09-17 18:16:31.001,2025-09-18 10:02:30.559,1.0,1.83,0.1702,0.0,6,0.0,0.7262,1
0be44959562075cdd4fd55659828e8c73d51ad583d97e654c5eecf39fb162353,7,0,0.0,1,2,3.5,4,0,0,0,0,0.0,0,2025-09-17 10:06:23.314,2025-09-17 10:06:33.495,1.0,-1.0,0.0284,0.0,0,0.0,0.0,1
0070461135c5a95c98ff80d1728ea143afe633fecabf7b304e04200dd3fe9ada,266,250,0.9398,6,14,19.0,14,0,1,0,1,0.0,2,2025-09-17 13:36:20.189,2025-09-26 07:19:19.529,8.74,1551.1,0.0993,0.9733,6,0.0,0.9173,1
5b6c2530e23117e19ce85ac420be5620d42ed900d7251cac26249c315d3b1c15,606,225,0.3713,3,7,86.57,24,0,1,0,1,0.0,2,2025-09-17 14:13:45.224,2025-10-10 02:37:37.806,22.52,27980.0,0.1702,-99.0,8,0.02684868319248826,0.967,1
e6f926a0ee782faf9b708667a3f1f0ab0af48c31f88c849043fa5404e7563729,3,0,0.0,2,2,1.5,3,0,0,0,0,0.0,0,2025-09-17 18:34:29.851,2025-09-20 07:35:29.789,2.54,-1.0,0.0213,0.0,0,0.0,0.0,1
3115f5c301a554b723b87df263344aac1c3d17b6c8304856fb52a9640f4530af,2,0,0.0,1,1,2.0,2,0,0,0,0,0.0,0,2025-09-17 06:38:12.940,2025-09-17 06:38:41.733,1.0,-1.0,0.0142,0.0,0,0.0,0.0,1
8c49e715980b9c47b69340ca21df58898c33e7b7100288ba2faa5c3b376a96f7,2,0,0.0,1,1,2.0,2,0,0,0,0,0.0,0,2025-09-17 03:09:25.160,2025-09-17 03:10:19.415,1.0,-1.0,0.0142,0.0,0,0.0,0.0,1
a2ded832daec1cc99051850f6b833e325fb514c2cbdefc7a54de302e3c207ed0,2,0,0.0,1,1,2.0,2,0,0,0,0,0.0,0,2025-09-17 09:58:20.364,2025-09-17 09:58:48.680,1.0,-1.0,0.0142,0.0,0,0.0,0.0,1
f578b277f1c71cc4ced760a9bddaa184eb6216757c4c204dceef7d073fd9129a,2,0,0.0,1,1,2.0,2,0,0,0,0,0.0,0,2025-09-17 11:18:27.074,2025-09-17 11:18:42.442,1.0,-1.0,0.0142,0.0,0,0.0,0.0,1
a71e9492f626a587299bda0c54ccef399a3cf69fc1d0ee6ab8a5716e96042afc,14,1,0.0714,1,4,3.5,14,1,1,0,0,0.0,1,2025-09-17 00:27:51.205,2025-09-17 00:32:13.761,1.0,1.44,0.0993,0.0,0,0.0,0.0,1
3e92037c694231de97fe4c48e2dc53a13bc79ba80f53ed89d96f455a27a8c06e,1,0,0.0,1,1,1.0,1,0,0,0,0,0.0,0,2025-09-17 10:36:37.303,2025-09-17 10:36:37.303,1.0,-1.0,0.0071,0.0,0,0.0,0.0,1
b0ffe87c0ab23f949ed2bef94ab3064b9ffd986ee394bfcaa5fe26d3e9a59a14,2,0,0.0,1,1,2.0,2,0,0,0,0,0.0,0,2025-09-17 08:32:04.376,2025-09-17 08:32:15.263,1.0,-1.0,0.0142,0.0,0,0.0,0.0,1
d2df00b1e67aa34b5ad80df12cf0f5ea042310af1154ba5867d01107f3c03e81,3,3,1.0,1,1,3.0,1,0,1,0,0,0.0,0,2025-09-17 00:26:28.738,2025-09-17 00:26:30.389,1.0,0.0,0.0071,0.0,0,0.0,0.0,1
cb86daab0e8c0d8478c20dd0fe90ed597173398b8365c749b42b997cfd16e1c0,14,2,0.1429,1,3,4.67,9,0,1,0,0,0.0,1,2025-09-17 04:36:56.077,2025-09-17 08:26:56.136,1.0,227.3,0.0638,0.0,0,0.0,0.0,1
40a95bd76116db777848bb55f8d328be23a2caec9a4ffdad56f531e9c93a447a,6,2,0.3333,2,4,1.5,5,0,1,0,0,0.0,1,2025-09-17 13:42:56.773,2025-09-23 01:51:54.637,5.51,16.91,0.0355,0.0,0,0.0,0.0,1
0fb828b7388a4cee43c7af1a58dc4f336e117f5ebb43e7eeaddc999031f714c3,2,0,0.0,1,1,2.0,2,0,0,0,0,0.0,0,2025-09-17 08:51:55.163,2025-09-17 08:57:47.939,1.0,-1.0,0.0142,0.0,0,0.0,0.0,1
9afe7406179810f1fcf6deb861a1bfbe6602d3bcb648e71c1d6607f30f18c1e0,2,0,0.0,1,2,1.0,2,0,0,0,0,0.0,0,2025-09-17 10:43:25.901,2025-09-17 11:20:35.546,1.0,-1.0,0.0142,0.0,0,0.0,0.0,1
ed84332116c27bd171b7ed183f9573b195ec74565b80705018c65ef5a96c3ab3,2,0,0.0,1,1,2.0,2,0,0,0,0,0.0,0,2025-09-17 04:57:56.172,2025-09-17 04:58:27.237,1.0,-1.0,0.0142,0.0,0,0.0,0.0,1
58b78dc28c2634c9993eff4f16cbdaca41441437a1f9cbe62c64a7a953d53e5a,1,1,1.0,1,1,1.0,1,0,1,0,0,0.0,0,2025-09-17 14:42:02.750,2025-09-17 14:42:02.750,1.0,0.0,0.0071,0.0,0,0.0,0.0,1
ff4b9d0d4e1e3c0c3f1fcb7f24781c442424dcb7fc1e396a21e9cd6b07db296d,4,0,0.0,1,1,4.0,2,0,0,0,0,0.0,1,2025-09-17 10:38:13.893,2025-09-17 10:42:41.845,1.0,-1.0,0.0142,0.0,0,0.0,0.0,1
22e5a4a2d6d94d101f05e33c9f8946d85a0eab05a68eb7b6d75b8868f74046dd,1,1,1.0,1,1,1.0,1,0,1,0,0,0.0,0,2025-09-17 13:16:29.831,2025-09-17 13:16:29.831,1.0,0.0,0.0071,0.0,0,0.0,0.0,1
72583a0984aad66115961b1ead3dc5a1c90e20440e2241c2b00dbca538175a8a,1,1,1.0,1,1,1.0,1,0,1,0,0,0.0,0,2025-09-17 23:15:59.001,2025-09-17 23:15:59.001,1.0,0.0,0.0071,0.0,0,0.0,0.0,1
ba6af009bca7676ff7514855e2d75f8369485f7e5c3c5f007a02098575772488,4,0,0.0,2,3,1.33,3,0,0,0,0,0.0,0,2025-09-17 20:42:30.767,2025-09-18 20:29:47.299,1.0,-1.0,0.0213,0.0,0,0.0,0.0,1
7791a5f6ecd331b20fbb31f7d951165e35d075e9745e7f9359fec2e771d413fa,1,1,1.0,1,1,1.0,1,0,1,0,0,0.0,0,2025-09-17 12:37:07.078,2025-09-17 12:37:07.078,1.0,0.0,0.0071,0.0,0,0.0,0.0,1
1220154d88a261e1e8fbed86d10419857857c5e823dbb26ebd7195a44ae9af87,1,1,1.0,1,1,1.0,1,0,1,0,0,0.0,0,2025-09-17 04:01:48.762,2025-09-17 04:01:48.762,1.0,0.0,0.0071,0.0,0,0.0,0.0,1
302fd631ba5eed89abfe45a0e2c3cacb269b781bb1e47b04ebba80519e77752f,1,1,1.0,1,1,1.0,1,0,1,0,0,0.0,0,2025-09-17 11:46:54.528,2025-09-17 11:46:54.528,1.0,0.0,0.0071,0.0,0,0.0,0.0,1
c1392db703a5b940db9ca3cf9fe22639bb638cb94a832e460bb39a5b29b94c96,5,2,0.4,1,3,1.67,5,0,1,0,0,0.0,1,2025-09-17 14:09:49.848,2025-09-17 14:30:10.964,1.0,1.86,0.0355,0.0,0,0.0,0.0,1
ba6115abf919d924106dbc38306845b9d6cf9d5ab16fb8911cc928c2972aa85f,1,1,1.0,1,1,1.0,1,0,1,0,0,0.0,0,2025-09-17 19:10:11.449,2025-09-17 19:10:11.449,1.0,0.0,0.0071,0.0,0,0.0,0.0,1
97468c4caad0e6d76a7ca494b155f16a1c6a83710e1aa178f0181b07b113507c,2,2,1.0,1,1,2.0,2,0,1,0,0,0.0,0,2025-09-17 07:52:09.607,2025-09-17 07:52:17.075,1.0,0.0,0.0142,0.0,0,0.0,0.0,1
a8278bfc5840c1ab82d8c34e5bfcb8f39074a94f7cf3ac80b6cd37a87d119215,1,1,1.0,1,1,1.0,1,0,1,0,0,0.0,0,2025-09-17 07:43:34.360,2025-09-17 07:43:34.360,1.0,0.0,0.0071,0.0,0,0.0,0.0,1
b518ed902174bdc3bbf6b8206fedc5ab98476463e51ede0f5eb5ede163c6ec62,2,2,1.0,1,1,2.0,1,0,1,0,0,0.0,0,2025-09-17 04:01:47.327,2025-09-17 04:01:49.600,1.0,0.0,0.0071,0.0,0,0.0,0.0,1
efa80cdd8d29025639618408f5150a20c1dc946ef08a0d38e32a5ac47fbee850,1,0,0.0,1,1,1.0,1,0,0,0,0,0.0,0,2025-09-17 18:25:58.606,2025-09-17 18:25:58.606,1.0,-1.0,0.0071,0.0,0,0.0,0.0,1
1b0d35d4a541c20b60468a414a3eca267a957fd62ff690e9db327052638c67d9,1,1,1.0,1,1,1.0,1,0,1,0,0,0.0,0,2025-09-17 08:16:38.914,2025-09-17 08:16:38.914,1.0,0.0,0.0071,0.0,0,0.0,0.0,1
e6112f01392e41569f7940fed9eed714d425f2344e8e3f63201f9387db71ea7c,1,0,0.0,1,1,1.0,1,0,0,0,0,0.0,0,2025-09-17 16:22:03.941,2025-09-17 16:22:03.941,1.0,-1.0,0.0071,0.0,0,0.0,0.0,1
b66abcb5d01dff0c7cec0dc68272c7d66aefb9ae1806c4b2b3afe50bbb52e9f7,25,0,0.0,5,11,2.27,7,0,0,0,1,0.0,3,2025-09-17 09:09:27.072,2025-11-25 15:00:58.083,69.24,-1.0,0.0496,-2.25,0,0.0,0.08,0
736bdc2f4a0126bf52442d019730abd3336e429b3ddf0c6beb0a97aa49b6c7c1,4,2,0.5,1,3,1.33,4,0,1,0,0,0.0,1,2025-09-17 09:45:45.407,2025-09-17 09:58:01.498,1.0,2.44,0.0284,0.0,0,0.0,0.0,1
0044d6e782ede45cbeb6a9c5ab5982ad49891517fa2f38c99fc8830086f53777,1,1,1.0,1,1,1.0,1,0,1,0,0,0.0,0,2025-09-17 20:32:06.819,2025-09-17 20:32:06.819,1.0,0.0,0.0071,0.0,0,0.0,0.0,1
5b651e29af3c49b0a678663a66469001c8710b5200f725f39478621518a0750a,1,1,1.0,1,1,1.0,1,0,1,0,0,0.0,0,2025-09-17 14:09:03.151,2025-09-17 14:09:03.151,1.0,0.0,0.0071,0.0,0,0.0,0.0,1
4ba2460efc90ac56c459dbdd0207758976e589edc426859fcc09a3cdf7556f3b,1,0,0.0,1,1,1.0,1,0,0,0,0,0.0,0,2025-09-17 13:09:24.070,2025-09-17 13:09:24.070,1.0,-1.0,0.0071,0.0,0,0.0,0.0,1
10e4c5714f5db168e51816659eb8ffeb27209be6592a142d6857aedf826f9023,2,0,0.0,1,1,2.0,2,0,0,0,0,0.0,0,2025-09-17 01:54:30.472,2025-09-17 01:56:00.995,1.0,-1.0,0.0142,0.0,0,0.0,0.0,1
b0c8c522ef9ba71f5f0747a1487a0671310a15af8388e6738acd039ee46dac9b,1,1,1.0,1,1,1.0,1,0,1,0,0,0.0,0,2025-09-17 18:46:46.686,2025-09-17 18:46:46.686,1.0,0.0,0.0071,0.0,0,0.0,0.0,1
06e61b629a2be03dd4fd490991b22698af27c4d278796591ebd0acbaddde9175,1,1,1.0,1,1,1.0,1,0,1,0,0,0.0,0,2025-09-17 17:49:07.374,2025-09-17 17:49:07.374,1.0,0.0,0.0071,0.0,0,0.0,0.0,1
d03c7d52c7f07efdd35b8be63c9e255c50cbf6a199a3d968730e3e45b53113f1,1,1,1.0,1,1,1.0,1,0,1,0,0,0.0,0,2025-09-17 16:14:03.977,2025-09-17 16:14:03.977,1.0,0.0,0.0071,0.0,0,0.0,0.0,1
b410cf268d6f9a74489bdc2a3114507ace57c1eebf4fcc72913ed79d1b60db0b,1,1,1.0,1,1,1.0,1,0,1,0,0,0.0,0,2025-09-17 16:49:07.085,2025-09-17 16:49:07.085,1.0,0.0,0.0071,0.0,0,0.0,0.0,1
0034875c3c3950c1bc3bc435f7543f84087fca45e2b66e38726f0d138c1851c4,19,6,0.3158,1,3,6.33,15,1,1,0,1,0.0,1,2025-09-18 04:02:18.423,2025-09-18 04:04:50.815,1.0,1.44,0.1064,0.0,0,0.0,0.2632,1
e8de2a93f823393a16bb32643d9d33897a592bd43fae5e4c0f6974331a2af9bb,44,41,0.9318,2,3,14.67,12,0,1,0,1,0.0,1,2025-09-18 10:02:40.632,2025-09-19 03:53:17.347,1.0,1.01,0.0851,0.0,7,0.0,0.9091,1
bcf851aea8470626afab7ba2ae36e45efdff0e2a6af5ac518b467362354d52cb,2,0,0.0,1,1,2.0,2,0,0,0,0,0.0,0,2025-09-18 04:20:08.057,2025-09-18 04:20:22.226,1.0,-1.0,0.0142,0.0,0,0.0,0.0,1
2f3845c416ee6e28bb96c74e802a4db2e4604fd699af0a830d68fa23c2219ccb,40,11,0.275,1,5,8.0,25,1,1,0,1,0.0,1,2025-09-18 10:27:27.998,2025-09-18 13:26:32.034,1.0,0.96,0.1773,0.0,0,0.0,0.025,1
819af2de165593ef54e3ebfd06bf2d20e24c9e1c50e0ece5fb9bda4c4b1514d9,73,34,0.4658,10,20,3.65,17,0,1,0,1,0.0,6,2025-09-18 09:30:01.612,2025-12-04 16:32:14.779,77.29,0.33,0.1206,0.8214,5,0.0,0.274,0
dd15472a0171efff7e30205c0bdeac8729ad450e58d7d4678392135ded15b599,218,173,0.7936,2,10,21.8,39,1,1,1,1,0.0,2,2025-09-18 04:15:18.542,2025-10-08 10:55:27.459,20.28,2.86,0.2766,0.9907,7,0.0,0.7248,1
da3b31bb4cc37c7f97e33e266d3e2b0c86982caaf245716f5668ec2ac3a2bf19,71,68,0.9577,1,3,23.67,15,0,1,0,1,0.0,1,2025-09-18 10:35:43.538,2025-09-18 10:56:54.764,1.0,1.3,0.1064,0.0,7,0.0,0.8873,1
738396e185a8cb77454f725653fb95635c3e28f278b258b6d636a7a2a78c86ab,61,61,1.0,1,1,61.0,8,0,1,0,1,0.0,0,2025-09-18 15:14:07.087,2025-09-18 15:32:12.247,1.0,0.0,0.0567,0.0,7,0.0,1.0,1
437d979ca5aa0bb199a8dfb48ec72786592b4509029c5f1516d9eb4c58becfc3,5,2,0.4,1,3,1.67,4,0,1,0,0,0.0,1,2025-09-18 03:48:54.748,2025-09-18 03:49:47.715,1.0,0.88,0.0284,0.0,0,0.0,0.0,1
ed65db0d6adab824d8fa0552edacb767ac0c1175a2b22fcc1900b7a2a771c58b,9,0,0.0,3,5,1.8,1,0,0,0,0,0.0,0,2025-09-18 14:14:08.120,2025-09-25 11:02:57.493,6.87,-1.0,0.0071,0.0,0,0.0,0.0,1
21eda249d3a2f5a804406376f6ddef981ae78760ab2fe659ab1de6cd498cf4e3,3,0,0.0,1,1,3.0,2,0,0,0,0,0.0,0,2025-09-18 11:33:53.575,2025-09-18 12:01:54.304,1.0,-1.0,0.0142,0.0,0,0.0,0.0,1
fdcb09640d5f3a27ff67624b5b75ab71a2deb01f3e12b3e1a400a644c0373135,10,1,0.1,2,3,3.33,7,0,1,0,0,0.0,1,2025-09-18 09:29:44.019,2025-09-24 11:02:03.809,6.06,8726.2,0.0496,0.0,0,0.0,0.0,1
129228081aff3093dce5f9e588a32a620a854f62731df39d9b8396a4dbcaad15,6,6,1.0,1,1,6.0,2,0,1,0,0,0.0,0,2025-09-18 05:28:00.688,2025-09-18 05:37:48.494,1.0,0.0,0.0142,0.0,0,0.0,0.0,1
6032cc02d7a1aa4783255938e38b40704de755e6e141ecc669d5aacac3ba94aa,2,0,0.0,1,1,2.0,2,0,0,0,0,0.0,0,2025-09-18 05:48:18.701,2025-09-18 05:48:42.843,1.0,-1.0,0.0142,0.0,0,0.0,0.0,1
464d3c1471381398eaf03697a9efb820592c4571dd703af18109f89e987a94e7,8,0,0.0,1,3,2.67,4,0,0,0,0,0.0,0,2025-09-18 10:10:11.628,2025-09-18 11:26:13.096,1.0,-1.0,0.0284,0.0,0,0.0,0.0,1
8f1a4651856b7ef431f8eca40b5df97b0867f4f8997ac4d45c3bb3ed65d9f30f,55,52,0.9455,1,3,18.33,13,0,1,0,1,0.0,1,2025-09-18 14:16:28.598,2025-09-18 14:30:22.434,1.0,0.33,0.0922,0.0,7,0.0,0.9091,1
0187fd09acd90582eb9d8743626c5ad0918167000742a86413ed726ee7bb6e73,31,8,0.2581,1,5,6.2,17,1,1,0,0,0.0,2,2025-09-18 09:26:40.164,2025-09-18 17:42:24.675,1.0,4.76,0.1206,0.0,0,0.0,0.0,1
c5d3bb855904cc5d01f6d9e4ac4a41f9088278f00549d7c5eab1c8b88945307c,11,5,0.4545,1,3,3.67,6,0,1,0,1,0.0,1,2025-09-18 06:05:17.563,2025-09-18 06:06:19.117,1.0,0.41,0.0426,0.0,0,0.0,0.2727,1
6bc0b2ab471552168de91e14a92039b035ce3cfc6214ef996f79bfa6f6abe6a4,2,0,0.0,1,2,1.0,2,0,0,0,0,0.0,0,2025-09-18 14:37:59.128,2025-09-18 15:34:28.578,1.0,-1.0,0.0142,0.0,0,0.0,0.0,1
df456dc3911f2e59f60a4a3650a773455a09b2a3aa6621da50bb41ef918aeb26,7,0,0.0,3,5,1.4,5,0,0,0,0,0.0,1,2025-09-18 16:34:00.553,2025-09-22 15:20:05.548,3.95,-1.0,0.0355,0.0,0,0.0,0.0,1
44532f8b61b491acd0e6cf3f5ba3813022700628d2d2420320e5b4e8b52506fd,4,0,0.0,2,3,1.33,3,0,0,0,0,0.0,0,2025-09-18 04:43:21.043,2025-10-02 05:55:17.833,14.05,-1.0,0.0213,0.6667,0,0.0,0.0,1
de1d6a2de04511c7452860607cef0b6c034cda03256facb4dfd25630b9baed64,2,2,1.0,1,1,2.0,2,0,1,0,0,0.0,0,2025-09-18 00:09:03.736,2025-09-18 00:09:06.955,1.0,0.0,0.0142,0.0,0,0.0,0.0,1
6899645df164fe22da68513541e8dfb444572f5f3bca0ee8296a997e1669856c,3,3,1.0,2,2,1.5,2,0,1,0,0,0.0,0,2025-09-18 04:30:58.466,2025-09-19 13:22:56.547,1.37,0.0,0.0142,0.0,0,0.0,0.0,1
eabade2a308b45c6b9630fd0dc2b768a2fcaa33e2e49afdcfb32456d15e776a6,7,0,0.0,1,2,3.5,4,0,0,0,0,0.0,0,2025-09-18 08:27:52.480,2025-09-18 08:43:56.243,1.0,-1.0,0.0284,0.0,0,0.0,0.0,1
7504d4a033eea0167ffc5d214e1b2fa35c7bc6f50cba5b4138ed6d253d763db2,2,2,1.0,1,1,2.0,2,0,1,0,0,0.0,0,2025-09-18 10:35:28.460,2025-09-18 10:35:59.421,1.0,0.0,0.0142,0.0,0,0.0,0.0,1
c76f47942faf6cf2d945d839762739692740c7f006be1280dbef3ca85a7a399a,1,1,1.0,1,1,1.0,1,0,1,0,0,0.0,0,2025-09-18 23:29:37.392,2025-09-18 23:29:37.392,1.0,0.0,0.0071,0.0,0,0.0,0.0,1
39d10367112bc2788f5c99945da2f3f00920d0eb7707c7b45b71b860743b54e4,1,0,0.0,1,1,1.0,1,0,0,0,0,0.0,0,2025-09-18 09:12:57.154,2025-09-18 09:12:57.154,1.0,-1.0,0.0071,0.0,0,0.0,0.0,1
0d0d966166883aed27908b89e47cc707deeba2a2bfcef37ee0e3da287047418b,1,1,1.0,1,1,1.0,1,0,1,0,0,0.0,0,2025-09-18 01:57:39.579,2025-09-18 01:57:39.579,1.0,0.0,0.0071,0.0,0,0.0,0.0,1
8f340e8a34e519065a93ca29373855926f6567d8cf32a1fea0b9e3873251a29d,2,0,0.0,1,1,2.0,2,0,0,0,0,0.0,0,2025-09-18 08:36:37.921,2025-09-18 08:36:51.609,1.0,-1.0,0.0142,0.0,0,0.0,0.0,1
4ba83eb93f9cf5ad1fe0731624805a6c21abfa6a6adfa0833d224a48f39acb61,1,0,0.0,1,1,1.0,1,0,0,0,0,0.0,0,2025-09-18 11:29:09.878,2025-09-18 11:29:09.878,1.0,-1.0,0.0071,0.0,0,0.0,0.0,1
0bc43ab203b8f4774c60baccac7dadffcc166e557de556141852cea6e133d59a,2,0,0.0,1,1,2.0,2,0,0,0,0,0.0,0,2025-09-18 09:41:57.498,2025-09-18 09:42:19.430,1.0,-1.0,0.0142,0.0,0,0.0,0.0,1
bccb79fbc4f0ae26946e53c00159d809853bb9bdff6c535afb4264cc020297a7,1,1,1.0,1,1,1.0,1,0,1,0,0,0.0,0,2025-09-18 06:47:55.862,2025-09-18 06:47:55.862,1.0,0.0,0.0071,0.0,0,0.0,0.0,1
a3ebed6c54e200347ac399bf744807f2960682840c3ceda170be81dedb9d9cce,5,0,0.0,2,3,1.67,3,0,0,0,0,0.0,0,2025-09-18 07:04:00.534,2025-09-19 00:03:53.936,1.0,-1.0,0.0213,0.0,0,0.0,0.0,1
923d609a5dcfa899cb527879abe991e6c2c6cc25ae8df87385c7eaf910a66178,2,2,1.0,1,1,2.0,1,0,1,0,0,0.0,0,2025-09-18 22:38:42.627,2025-09-18 22:38:45.638,1.0,0.0,0.0071,0.0,0,0.0,0.0,1
65bcd432ae1fba0ed73063ef7d6de34e5de6384dd59880783985cf796cc4ef85,1,1,1.0,1,1,1.0,1,0,1,0,0,0.0,0,2025-09-18 05:58:50.121,2025-09-18 05:58:50.121,1.0,0.0,0.0071,0.0,0,0.0,0.0,1
b362f95abaa48c61da7bfd9f2f9f9e0fe2867c8ac66131012d059879c56e5b66,2,0,0.0,1,2,1.0,2,0,0,0,0,0.0,0,2025-09-18 09:21:30.921,2025-09-18 10:08:41.461,1.0,-1.0,0.0142,0.0,0,0.0,0.0,1
8b83eb0c178fdd781f4009a6ade63e97487d79856933f73a1cdb8b18c300b109,1,0,0.0,1,1,1.0,1,0,0,0,0,0.0,0,2025-09-18 09:01:57.372,2025-09-18 09:01:57.372,1.0,-1.0,0.0071,0.0,0,0.0,0.0,1
8272dfccb84bb4078ee54b2ffb42f60a20e7ece4e3e338bc8af728872ff693e4,1,1,1.0,1,1,1.0,1,0,1,0,0,0.0,0,2025-09-18 17:18:13.415,2025-09-18 17:18:13.415,1.0,0.0,0.0071,0.0,0,0.0,0.0,1
1b9a15e6cbed56bb4d4f7ea469ede11087f4f81fbda3a99eb2638588e4bca14c,2,2,1.0,1,1,2.0,2,0,1,0,0,0.0,0,2025-09-18 14:13:34.318,2025-09-18 14:13:36.619,1.0,0.0,0.0142,0.0,0,0.0,0.0,1
5d0ca909ec5c06c80c3e0cf9593c85e917cbe3e5b7906bc5240b4864ea2b469b,1,1,1.0,1,1,1.0,1,0,1,0,0,0.0,0,2025-09-18 00:47:05.832,2025-09-18 00:47:05.832,1.0,0.0,0.0071,0.0,0,0.0,0.0,1
5f4db00620701e71ed2aa424d24c2a91120b86ff8710758575d0f275e0666889,1,1,1.0,1,1,1.0,1,0,1,0,0,0.0,0,2025-09-18 08:14:51.733,2025-09-18 08:14:51.733,1.0,0.0,0.0071,0.0,0,0.0,0.0,1
b33a3f1657cf7d44a898e4f3f6fcbef61937eddb446d8add610c194f0b5a09b7,1,0,0.0,1,1,1.0,1,0,0,0,0,0.0,0,2025-09-18 08:25:29.062,2025-09-18 08:25:29.062,1.0,-1.0,0.0071,0.0,0,0.0,0.0,1
37eadd5ba6c3c4083e27c57bb45e2938f753dba0229ce858e8a0c22bd0fc5351,2,0,0.0,1,1,2.0,2,0,0,0,0,0.0,1,2025-09-18 16:43:24.822,2025-09-18 16:43:45.863,1.0,-1.0,0.0142,0.0,0,0.0,0.0,1
15bb03d478b136986c36a8afdeaea7d255cb93f0962d393c8482014cf9378fcf,2,0,0.0,1,1,2.0,2,0,0,0,0,0.0,0,2025-09-18 08:49:19.112,2025-09-18 08:49:47.443,1.0,-1.0,0.0142,0.0,0,0.0,0.0,1
231d72ac2c53add23a0caaece898de6e2fa257b3271c3714f94a069be0d97c6a,1,1,1.0,1,1,1.0,1,0,1,0,0,0.0,0,2025-09-18 16:23:55.394,2025-09-18 16:23:55.394,1.0,0.0,0.0071,0.0,0,0.0,0.0,1
9e9203e981371b53d663d963360093529e2f3a20552306013c3b3e4c98e69097,1,1,1.0,1,1,1.0,1,0,1,0,0,0.0,0,2025-09-18 05:42:34.365,2025-09-18 05:42:34.365,1.0,0.0,0.0071,0.0,0,0.0,0.0,1
bc9469d31bdd34513ed3f0def0ef083e5c0cdcf577cf118fa13b805c3214690f,2,0,0.0,1,1,2.0,2,0,0,0,0,0.0,0,2025-09-18 07:34:33.380,2025-09-18 07:35:05.214,1.0,-1.0,0.0142,0.0,0,0.0,0.0,1
0f52e734d30a231d5d8adf0d547ffef4ab8ef461f8ea0a95e4c9711e2686cca4,99,83,0.8384,9,12,8.25,18,0,1,0,1,0.0,1,2025-09-19 13:23:56.197,2025-10-09 03:43:03.969,19.6,0.52,0.1277,0.9457,7,0.0,0.798,1
0a262e753aeabe62c11d40ba7233b98e69150c044afa74a6dd987aad126b7af0,10,0,0.0,1,3,3.33,10,1,0,0,0,0.0,1,2025-09-19 15:12:52.847,2025-09-19 15:15:27.402,1.0,-1.0,0.0709,0.0,0,0.0,0.0,1
01e827a6a7ceb0683b97e7015e43165ca16037005e7d2f65857308ce91275bec,64,48,0.75,2,6,10.67,25,1,1,0,1,0.0,2,2025-09-19 17:24:19.110,2025-09-25 20:37:11.885,6.13,3.57,0.1773,0.0,7,0.0,0.6719,1
7e665354d10d5ebf30b669733cf5cb9483682af54152be5d38f8d1908da90307,25,2,0.08,3,4,6.25,18,1,1,0,0,0.0,1,2025-09-19 05:07:24.043,2025-09-22 06:23:55.313,3.05,3739.67,0.1277,0.0,0,0.0,0.0,1
664b2fd4a9d265659fbfd5c0f5249c8ac795149510abeb204257a3f787562489,6,0,0.0,1,2,3.0,5,0,0,0,0,0.0,1,2025-09-19 09:21:01.019,2025-09-19 09:39:21.486,1.0,-1.0,0.0355,0.0,0,0.0,0.0,1
2fa53a03d1f571a89f3b52989b142d48add3155cad533a8befdd258edc703c4c,180,169,0.9389,10,12,15.0,16,0,1,0,1,0.0,2,2025-09-19 15:53:11.387,2025-09-29 04:38:47.629,9.53,29.56,0.1135,0.9379,7,0.0,0.8611,1
b7bcc6f69efd7d256e3727ecc2424e16a8bdab82fedb302f102d00da4d4b1d12,6,0,0.0,1,1,6.0,3,0,0,0,0,0.0,0,2025-09-19 08:53:09.363,2025-09-19 08:53:12.848,1.0,-1.0,0.0213,0.0,0,0.0,0.0,1
0a17c0bb16077ecf39c779471271c3f23103a44eee2a6df549a199b6f83505f7,117,108,0.9231,3,7,16.71,18,0,1,0,1,0.0,1,2025-09-19 06:04:51.054,2025-10-06 10:07:29.493,17.17,4.43,0.1277,0.9646,7,0.0,0.8803,1
dd4b924b2c7bd2a157092923af5779d629d09050afdf53455a007f14dfd99b79,94,71,0.7553,2,7,13.43,15,0,1,0,1,0.0,1,2025-09-19 16:46:41.662,2025-09-20 15:10:37.638,1.0,1.55,0.1064,0.0,7,0.0,0.7447,1
8b0cc4e76198004683616fb7045ab8c31ab15f9446aa28ac13d64dedeefce63f,18,6,0.3333,1,3,6.0,14,1,1,0,1,0.0,1,2025-09-19 08:52:07.149,2025-09-19 08:55:45.954,1.0,2.1,0.0993,0.0,0,0.0,0.2778,1
06f6f8de3d0d3003b04dc9e22faef7d07ac6de6a588d99ef54b6ccfb600945d0,7,0,0.0,1,2,3.5,4,0,0,0,0,0.0,0,2025-09-19 17:45:51.838,2025-09-19 17:46:12.071,1.0,-1.0,0.0284,0.0,0,0.0,0.0,1
f4a8799d61bd53e10c2cf6ae7cc25885138f6f787fb8b1c57649b6af5a3d9b42,3,0,0.0,1,2,1.5,3,0,0,0,0,0.0,0,2025-09-19 18:36:26.876,2025-09-19 18:36:56.441,1.0,-1.0,0.0213,0.0,0,0.0,0.0,1
ad500b923b8bb64fd480950540a743b3563c9152bb02fe1c3f017334b0fcc785,1,1,1.0,1,1,1.0,1,0,1,0,0,0.0,0,2025-09-19 06:03:36.929,2025-09-19 06:03:36.929,1.0,0.0,0.0071,0.0,0,0.0,0.0,1
979aacd465d077e5b172f9e8188f3b53bc1508ab6f84d652dd35961c48fb9105,2,0,0.0,1,1,2.0,2,0,0,0,0,0.0,0,2025-09-19 11:00:45.159,2025-09-19 11:01:09.415,1.0,-1.0,0.0142,0.0,0,0.0,0.0,1
f4ac5fd5633dbe57c3bee0e11e920a787cf7810a2e79766627591a431ece8bac,1,1,1.0,1,1,1.0,1,0,1,0,0,0.0,0,2025-09-19 17:59:58.941,2025-09-19 17:59:58.941,1.0,0.0,0.0071,0.0,0,0.0,0.0,1
b41b56fe538feab07b5b63ea6412051e437c02e5a29ecba3ab57d4a921bb2afe,8,0,0.0,5,5,1.6,5,0,0,0,0,0.0,1,2025-09-19 11:49:01.174,2025-11-17 13:08:16.986,59.06,-1.0,0.0355,-1.0,0,0.0,0.0,1
784ba0fad3c929a129151bc8fc0af85e47f9987cb2e81973510194ab7c96fdad,1,0,0.0,1,1,1.0,1,0,0,0,0,0.0,0,2025-09-19 08:37:49.383,2025-09-19 08:37:49.383,1.0,-1.0,0.0071,0.0,0,0.0,0.0,1
d325ffb7ce02f7a464c8c904259ff9adba4a635067acf57add74e8b5b7258709,1,1,1.0,1,1,1.0,1,0,1,0,0,0.0,0,2025-09-19 10:10:36.188,2025-09-19 10:10:36.188,1.0,0.0,0.0071,0.0,0,0.0,0.0,1
f7e61f8bee1b99148b141b618c1abd39649f769c6a7855bb6c7b835da862d220,1,1,1.0,1,1,1.0,1,0,1,0,0,0.0,0,2025-09-19 06:26:37.820,2025-09-19 06:26:37.820,1.0,0.0,0.0071,0.0,0,0.0,0.0,1
83295674ef109c44ae1535b1e2696f41b53502ab213cb950138b72549bc9b900,2,0,0.0,1,1,2.0,2,0,0,0,0,0.0,0,2025-09-19 06:54:59.513,2025-09-19 06:55:32.607,1.0,-1.0,0.0142,0.0,0,0.0,0.0,1
9fa49044bf3952ff4b95feba2820f64144dbe638851470a6708110c3dc64e359,1,1,1.0,1,1,1.0,1,0,1,0,0,0.0,0,2025-09-19 17:05:05.609,2025-09-19 17:05:05.609,1.0,0.0,0.0071,0.0,0,0.0,0.0,1
96526cd736cb810d934a0a7b3d1acdd17d06bf52958a69f5d60417ea8c4f72fb,2,0,0.0,1,1,2.0,2,0,0,0,0,0.0,0,2025-09-19 15:59:54.301,2025-09-19 16:00:12.896,1.0,-1.0,0.0142,0.0,0,0.0,0.0,1
1c4302c2cb632090b16c5d8c24124b34b2cc1695f56b27408b8336a3ac8858d8,1,1,1.0,1,1,1.0,1,0,1,0,0,0.0,0,2025-09-19 15:52:24.497,2025-09-19 15:52:24.497,1.0,0.0,0.0071,0.0,0,0.0,0.0,1
c3d09e81cba02974190ddd5da8dc2e22a6a237381f6cb861ef43323072807755,1,1,1.0,1,1,1.0,1,0,1,0,0,0.0,0,2025-09-19 22:28:11.027,2025-09-19 22:28:11.027,1.0,0.0,0.0071,0.0,0,0.0,0.0,1
2d1b98f35eb162f6815bb5f14126fdf9bc1f3235c57b22ab2ef46e84505ea18f,12,1,0.0833,1,3,4.0,12,0,1,0,0,0.0,1,2025-09-20 03:19:59.715,2025-09-20 03:22:59.150,1.0,2.99,0.0851,0.0,0,0.0,0.0,1
b1865ef8a7285cb6157e56a9dfb9360d4d1dcc84a080a6bdea9c6283ff772008,74,69,0.9324,1,2,37.0,12,0,1,0,1,0.0,0,2025-09-20 03:20:35.225,2025-09-20 03:33:52.954,1.0,2.26,0.0851,0.0,7,0.0,0.9189,1
de201e21a3f4cefd6ab6031c5ea9a390a1fe9ea27b3fc31d0cb40b98a1e9c5ab,536,412,0.7687,2,15,35.73,40,1,1,0,1,0.0,3,2025-09-20 16:38:51.007,2025-09-22 09:12:14.164,1.69,1.13,0.2837,0.0,8,0.0,0.7108,1
6a08b1f8f6ceae68412c5dc0a6ecae8ace7e95f026452b3a15fea920b9fd4846,2,0,0.0,1,1,2.0,2,0,0,0,0,0.0,0,2025-09-20 18:17:18.098,2025-09-20 18:18:15.794,1.0,-1.0,0.0142,0.0,0,0.0,0.0,1
82351f74ea08bc59e552e6c42bca778164bce3bf85c47e9cfb386f099b60c3b6,2,2,1.0,1,1,2.0,1,0,1,0,0,0.0,0,2025-09-20 03:18:14.323,2025-09-20 03:18:15.810,1.0,0.0,0.0071,0.0,0,0.0,0.0,1
20602c6c4d13691634d79feaa905505457fab7772db877392a1aa269076aaf88,1,1,1.0,1,1,1.0,1,0,1,0,0,0.0,0,2025-09-20 04:18:29.058,2025-09-20 04:18:29.058,1.0,0.0,0.0071,0.0,0,0.0,0.0,1
85dd23e2c8f5dc04103338aca8d50e8b280e5dc01a1168a78db6c0b98cebebf9,1,1,1.0,1,1,1.0,1,0,1,0,0,0.0,0,2025-09-20 19:07:46.343,2025-09-20 19:07:46.343,1.0,0.0,0.0071,0.0,0,0.0,0.0,1
da91b0b14fbf9eebb0cad4d0510c2dcc0a0df1ec6bd124ffccd7c4c3fa31abd9,19,1,0.0526,2,5,3.8,15,1,1,0,0,0.0,1,2025-09-21 05:32:19.878,2025-09-27 13:38:59.137,6.34,17.88,0.1064,0.0,0,0.0,0.0,1
a7b5c957e226356511e8976c9653425be7627f6b17e04f5e055f6a0a63455b71,36,1,0.0278,2,6,6.0,14,0,1,0,0,0.0,1,2025-09-21 11:03:38.251,2025-09-23 06:16:55.316,1.8,2582.24,0.0993,0.0,0,0.0,0.0,1
51f4cb6f89c3e9ab82fc0702e8eecf2896ed06483978372a6c763c08696d77dc,80,66,0.825,1,3,26.67,19,0,1,0,1,0.0,1,2025-09-21 00:49:56.163,2025-09-21 01:08:42.287,1.0,1.67,0.1348,0.0,7,0.0,0.7625,1
269838be5cbb814786e28a31a88abf8322d8d222e9a9add3678afdfdf5a6f77e,74,69,0.9324,3,5,14.8,11,0,1,0,1,0.0,1,2025-09-21 19:25:50.834,2025-09-23 11:52:31.861,1.69,0.39,0.078,0.0,7,0.0,0.9189,1
0ba0a73b692df7433aa00f786d504898a3bab72547e961b0074a80d4d24f8f62,4,0,0.0,1,2,2.0,4,0,0,0,0,0.0,0,2025-09-21 14:32:44.835,2025-09-21 14:34:45.075,1.0,-1.0,0.0284,0.0,0,0.0,0.0,1
70c4e92d69353b13a9abcb560dd32c45a4d67ee30fddc50dc66814516a7422d5,3,3,1.0,1,1,3.0,1,0,1,0,0,0.0,0,2025-09-21 13:36:07.240,2025-09-21 13:36:09.513,1.0,0.0,0.0071,0.0,0,0.0,0.0,1
8bfe560979c01fc8604b29f1d234b920ae4856cd7b7c7f5d6e338b4a271d07b7,4,0,0.0,1,2,2.0,3,0,0,0,0,0.0,0,2025-09-21 13:44:25.824,2025-09-21 13:48:22.495,1.0,-1.0,0.0213,0.0,0,0.0,0.0,1
6aec0141f73e2e2a034b06af333152ef5f45d95224a1b02b7d5e6ccecaf2b3d9,1,1,1.0,1,1,1.0,1,0,1,0,0,0.0,0,2025-09-21 00:19:27.828,2025-09-21 00:19:27.828,1.0,0.0,0.0071,0.0,0,0.0,0.0,1
f859e1a3f4f3ebe9650ac7b291f9a9c7d60d09fd38efe4e528da738ee3740fda,6,0,0.0,1,1,6.0,3,0,0,0,0,0.0,0,2025-09-21 13:56:10.580,2025-09-21 13:58:41.576,1.0,-1.0,0.0213,0.0,0,0.0,0.0,1
1701756c9896a9b7e10af5388edb46f1ce4d9d2111d6c69ce4bc71c1613e1e7a,2,2,1.0,1,1,2.0,1,0,1,0,0,0.0,0,2025-09-21 19:21:05.003,2025-09-21 19:25:43.730,1.0,0.0,0.0071,0.0,0,0.0,0.0,1
75a88cde705f4bbb2add023f12b69521e63506fb660d65824514f9aa50985124,1,1,1.0,1,1,1.0,1,0,1,0,0,0.0,0,2025-09-21 10:07:25.494,2025-09-21 10:07:25.494,1.0,0.0,0.0071,0.0,0,0.0,0.0,1
8cf5a83cfc4a5717b2aa156b3f26d38236b369c4560167f56a3efacb9aa884cf,1,1,1.0,1,1,1.0,1,0,1,0,0,0.0,0,2025-09-21 15:22:23.636,2025-09-21 15:22:23.636,1.0,0.0,0.0071,0.0,0,0.0,0.0,1
3808ccc24bc1d7c8017dda1a856bbbec35152bb080a68b5629ff51b8e8a29cbf,1,0,0.0,1,1,1.0,1,0,0,0,0,0.0,0,2025-09-21 23:59:54.876,2025-09-21 23:59:54.876,1.0,-1.0,0.0071,0.0,0,0.0,0.0,1
51ebe1fdad50dcec45475abbacc103d9fb5a0b894a268b4ae2b8745b5f44e9f0,1,1,1.0,1,1,1.0,1,0,1,0,0,0.0,0,2025-09-21 15:43:10.370,2025-09-21 15:43:10.370,1.0,0.0,0.0071,0.0,0,0.0,0.0,1
25874d9d3d06e6b58cdf50f82e0ee8c6414e1abc0605ce997fc4da63bba11458,1,1,1.0,1,1,1.0,1,0,1,0,0,0.0,0,2025-09-21 16:10:01.397,2025-09-21 16:10:01.397,1.0,0.0,0.0071,0.0,0,0.0,0.0,1
83bc48525809b5728c080b5cb346d68d72a40c6f14dd3e8b0b440cab4497866c,1,1,1.0,1,1,1.0,1,0,1,0,0,0.0,0,2025-09-21 15:57:49.666,2025-09-21 15:57:49.666,1.0,0.0,0.0071,0.0,0,0.0,0.0,1
02198b3a7e17cfd3b8f2dfb97f4605bfb51d20521cdc57086e633cffd15b0f4c,1,1,1.0,1,1,1.0,1,0,1,0,0,0.0,0,2025-09-22 09:07:51.651,2025-09-22 09:07:51.651,1.0,0.0,0.0071,0.0,0,0.0,0.0,1
b013a6653f781888c5f9a213081eccc1fe219ea888a6ae5c67dbbac3fd7faaca,147,81,0.551,2,10,14.7,32,1,1,0,1,0.0,1,2025-09-22 15:27:55.762,2025-09-23 11:20:39.841,1.0,4.65,0.227,0.0,7,0.0,0.5238,1
685718e6880bf61a13124561fcb35bb4703d2a97cc77573f7b1c1c88b5c86c2e,38,36,0.9474,1,3,12.67,13,0,1,0,1,0.0,1,2025-09-22 04:45:24.851,2025-09-22 04:55:11.142,1.0,0.9,0.0922,0.0,8,0.0,0.8947,1
2e38198470def8a11c84872264f7c46746f5b24f22e8114449c0879094940195,162,96,0.5926,13,35,4.63,19,0,1,0,1,0.0,1,2025-09-22 08:27:51.257,2025-10-10 06:26:49.734,17.92,1.31,0.1348,0.4124,7,0.021254144705882355,0.6049,1
4606bd5d85c0c26cd5bcc0a1b192a7fc6a79fd608f027c8cb26973933fec3056,5,0,0.0,1,1,5.0,3,0,0,0,0,0.0,0,2025-09-22 06:25:14.017,2025-09-22 06:25:27.546,1.0,-1.0,0.0213,0.0,0,0.0,0.0,1
9e999f2623547f05f089befa5285be5f66bb38533b04ca284aeb5b04b34f7b1f,7,0,0.0,1,3,2.33,7,1,0,0,0,0.0,1,2025-09-22 10:34:37.463,2025-09-22 10:35:22.039,1.0,-1.0,0.0496,0.0,0,0.0,0.0,1
ad4cac622e9baa71fe997cd5c4465b0ba6dcb5679604329d45993ebf12e11136,154,143,0.9286,1,3,51.33,20,0,1,0,1,0.0,1,2025-09-22 19:09:47.017,2025-09-22 20:01:07.447,1.0,0.89,0.1418,0.0,9,0.0,0.8831,1
621a6dc6147d2ba046d70b9370baff33782b8c506e6df330dd1aad6738d7291b,170,108,0.6353,1,19,8.95,34,1,1,0,1,0.0,4,2025-09-22 16:09:42.023,2025-09-22 21:51:02.527,1.0,0.39,0.2411,0.0,8,0.0,0.5529,1
b4296aeb01210a68103977ecd4ead0c03bb22f35b495e2ad696ca03846bb60ee,4,4,1.0,1,1,4.0,2,0,1,0,0,0.0,0,2025-09-22 07:59:44.586,2025-09-22 08:01:13.003,1.0,0.0,0.0142,0.0,0,0.0,0.0,1
3ecd094b7bd8f44c06ce3cbc53318b492b2a5b022b558c735cce7442e3d4f790,113,89,0.7876,1,3,37.67,21,0,1,0,1,0.0,1,2025-09-22 06:06:38.734,2025-09-22 06:33:06.666,1.0,2.12,0.1489,0.0,8,0.0,0.7611,1
310b677043802eeed52d4820770160b2654d8c3ee1cb2cb2565adbd383a4e7e8,175,71,0.4057,3,13,13.46,31,1,1,0,1,0.0,3,2025-09-22 06:33:58.078,2025-10-09 05:27:13.542,16.95,1.09,0.2199,0.9458,7,0.0,0.3829,1
1a5576b33682e448f8fb58b2fa750cdeed11b63dfe4d8cccd4d1c8904887a2d7,89,66,0.7416,2,5,17.8,14,0,1,0,1,0.0,1,2025-09-22 12:54:32.050,2025-09-23 17:47:27.753,1.2,4.1,0.0993,0.0,6,0.0,0.7191,1
3e299c00fc6b5f5105742a5296b28a55502eea8bac8d34a508fe2285d53ed8f7,23,2,0.087,2,5,4.6,19,1,1,0,0,0.0,1,2025-09-22 10:05:37.297,2025-10-02 06:21:28.670,9.84,96.49,0.1348,0.9545,0,0.0,0.0,1
af1f93cdae818082d0fa8a6e2b0878ebe91873fdda88af2939e23685c56f7bf1,38,3,0.0789,4,7,5.43,26,1,1,0,1,0.0,2,2025-09-22 12:33:45.515,2025-12-03 16:25:11.808,72.16,6.55,0.1844,0.3913,0,0.0,0.0263,0
7d547542c2d571d1ca06403e5bb665a9e582e5eb7aeecea0acd81db0d383783a,101,89,0.8812,4,7,14.43,17,0,1,0,1,0.0,1,2025-09-22 04:42:02.728,2025-09-30 03:42:53.193,7.96,140.5,0.1206,0.98,7,0.0,0.8614,1
db1b2f42afe2e2fe04435ff34cf7135f40c8fd59b6dd2ebc34d570d0836049f5,96,87,0.9062,1,8,12.0,15,0,1,0,1,0.0,2,2025-09-22 05:12:55.664,2025-09-22 20:37:18.802,1.0,58.84,0.1064,0.0,7,0.0,0.875,1
06c8dc734ebba6eef4015d9127b1d6b6d558942e3ba73a665894fc237a8d317d,22,2,0.0909,1,2,11.0,17,1,1,0,0,0.0,1,2025-09-22 05:51:20.101,2025-09-22 05:55:11.612,1.0,0.9,0.1206,0.0,0,0.0,0.0,1
c1d94ad4aa85059e3a2b6ac54c4014c7e8239fe58e1743a114ca9f87613f4ad5,2,0,0.0,1,1,2.0,2,0,0,0,0,0.0,0,2025-09-22 07:42:06.455,2025-09-22 07:42:38.801,1.0,-1.0,0.0142,0.0,0,0.0,0.0,1
54256c8927acb07b1f46306cab1d6a290c07815455ad96fc1dcfd729521183f2,61,61,1.0,2,2,30.5,8,0,1,0,1,0.0,0,2025-09-22 21:50:27.318,2025-09-23 08:11:35.893,1.0,0.0,0.0567,0.0,7,0.0,1.0,1
e86d1ece93496260570788bde440236e249b9d886d711cd54c3d35d85aad19e0,7,7,1.0,1,1,7.0,6,0,1,0,1,0.0,0,2025-09-22 19:59:25.651,2025-09-22 20:01:05.046,1.0,0.0,0.0426,0.0,5,0.0,1.0,1
d46d77528363c8c39d1556df30e1faf9d9e92c4960b266e0bfaea76f535ddeda,83,81,0.9759,1,3,27.67,12,0,1,0,1,0.0,1,2025-09-22 09:58:31.546,2025-09-22 10:18:49.971,1.0,4.98,0.0851,0.0,7,0.0,0.9518,1
1402ed3c90651acaf3d4632733113b4ed68edf7512c226d26d4e523f6f490964,98,86,0.8776,2,2,49.0,13,0,1,0,1,0.0,1,2025-09-22 18:33:41.062,2025-11-27 21:26:31.145,66.12,0.0,0.0922,0.8333,8,0.011210000000000001,0.9592,0
2fe053c4ed158144a313e3bfd35d849ebc656309f0b37bbcd88e223440434021,33,24,0.7273,1,6,5.5,13,0,1,0,0,0.0,1,2025-09-22 10:10:31.902,2025-09-22 10:59:28.350,1.0,7.78,0.0922,0.0,0,0.0,0.0,1
494baff46b0f90e22e76e6944b9f2de8c5cf2e58e67081e80c637e36fe9a8681,310,219,0.7065,7,32,9.69,36,1,1,0,1,0.0,4,2025-09-22 10:03:12.285,2025-11-11 19:13:53.609,50.38,8.75,0.2553,0.9926,8,0.015633333333333332,0.6387,1
c0e4d146c2b034df7ec23282fda31df650cc9e5268bf6d7d97ea1f53146ac805,4,4,1.0,1,1,4.0,1,0,1,0,1,0.0,0,2025-09-22 15:46:57.576,2025-09-22 15:46:57.580,1.0,0.0,0.0071,0.0,0,0.0,1.0,1
d9940fb806eaa9520e345fbc3183440b71817196d39bb0f941cebcc7c102890d,3,0,0.0,1,2,1.5,3,0,0,0,0,0.0,0,2025-09-22 16:35:13.695,2025-09-22 16:51:23.710,1.0,-1.0,0.0213,0.0,0,0.0,0.0,1
18f9de5bca501d00eae34f531d39f99fccd881793499d14a46a3648165df4f6b,2,0,0.0,1,1,2.0,2,0,0,0,0,0.0,0,2025-09-22 06:13:21.525,2025-09-22 06:13:40.784,1.0,-1.0,0.0142,0.0,0,0.0,0.0,1
b9cdedeb15b5069071e945da4e6be4f94480660cc2da303ea3a75861692cba03,6,0,0.0,1,1,6.0,3,0,0,0,0,0.0,0,2025-09-22 12:37:09.044,2025-09-22 12:37:39.489,1.0,-1.0,0.0213,0.0,0,0.0,0.0,1
a5b2dee363bb0d86d89846154cc9891eb62e15ac23867e7901fadf530fd35101,1,1,1.0,1,1,1.0,1,0,1,0,0,0.0,0,2025-09-22 03:37:00.502,2025-09-22 03:37:00.502,1.0,0.0,0.0071,0.0,0,0.0,0.0,1
93a00227d41b72d3943c84c3233010002a4d1fe078f90fad8159a68cc68da72a,2,2,1.0,1,1,2.0,2,0,1,0,0,0.0,0,2025-09-22 06:24:08.588,2025-09-22 06:24:14.139,1.0,0.0,0.0142,0.0,0,0.0,0.0,1
d20e6c31fee567608be5c8c3262e4079dafa9277f6059d5bec14049b6e384017,8,8,1.0,1,1,8.0,2,0,1,0,0,0.0,0,2025-09-22 14:43:10.256,2025-09-22 14:43:46.692,1.0,0.0,0.0142,0.0,0,0.0,0.0,1
1e0165b1b2d40bf9a947da6910c40bf66ae45b51f708a4dd62c7ddecb182e2f6,6,4,0.6667,1,2,3.0,4,0,1,0,1,0.0,0,2025-09-22 07:05:29.536,2025-09-22 07:07:52.719,1.0,1.21,0.0284,0.0,0,0.0,0.5,1
0034627cc8f0d07712f824d5796635623880ce54be3270576ef935fc445ef9f2,169,149,0.8817,4,6,28.17,16,0,1,0,1,0.0,1,2025-09-22 16:39:01.475,2025-10-02 10:23:43.307,9.74,1687.22,0.1135,0.982,7,0.0,0.858,1
3a5c516256d2887c3395d02e9b815e8b9cb20272afb57438161334159e9dd437,3,0,0.0,1,1,3.0,3,0,0,0,0,0.0,0,2025-09-22 03:29:32.390,2025-09-22 03:30:29.576,1.0,-1.0,0.0213,0.0,0,0.0,0.0,1
45ec8e9d39b4146a00a14d870fc7b352bb4d5934492da205b2976cb8ab18d97a,10,7,0.7,1,5,2.0,8,0,1,0,0,0.0,1,2025-09-22 04:26:05.549,2025-09-22 06:36:56.431,1.0,5.19,0.0567,0.0,0,0.0,0.0,1
46533a5e354b89acb2bf39ed78b9a26fe9e55b9619a0d06a5bfa7f766d489be5,3,1,0.3333,1,2,1.5,3,0,1,0,0,0.0,1,2025-09-22 20:07:30.568,2025-09-22 20:07:57.975,1.0,0.46,0.0213,0.0,0,0.0,0.0,1
125d62e7ed1b9ef805a6fcde0efd46bc1e0c57f27a49a41b5e7b101e6caab66f,2,0,0.0,1,1,2.0,2,0,0,0,0,0.0,0,2025-09-22 17:29:57.733,2025-09-22 17:30:34.169,1.0,-1.0,0.0142,0.0,0,0.0,0.0,1
cbdadad93983f7fd03c63e5e02de3ab1294c2370058d15c561d0570ba71f5e27,1,1,1.0,1,1,1.0,1,0,1,0,0,0.0,0,2025-09-22 18:19:04.914,2025-09-22 18:19:04.914,1.0,0.0,0.0071,0.0,0,0.0,0.0,1
c39751ed26a013077ef5ce364fbc738f59305d9840adc8e7986b6685d483462c,1,1,1.0,1,1,1.0,1,0,1,0,0,0.0,0,2025-09-22 05:39:46.896,2025-09-22 05:39:46.896,1.0,0.0,0.0071,0.0,0,0.0,0.0,1
1ae56dae525672d6bdddab6d8ec152383ed97504a7a46ce048f213ae43268377,1,0,0.0,1,1,1.0,1,0,0,0,0,0.0,0,2025-09-22 17:19:36.881,2025-09-22 17:19:36.881,1.0,-1.0,0.0071,0.0,0,0.0,0.0,1
4a1b53eccc5a8b898ecbc0a9f85b5892503e2c03aef6fd1abed47a96b24d7a7f,2,2,1.0,1,1,2.0,1,0,1,0,0,0.0,0,2025-09-22 00:14:08.193,2025-09-22 00:23:01.060,1.0,0.0,0.0071,0.0,0,0.0,0.0,1
2cb662388fe0f4c31f9bc59f4c0ca4f138edd4c77f75b19cf73d023ae24e8d8c,1,1,1.0,1,1,1.0,1,0,1,0,0,0.0,0,2025-09-22 15:24:11.336,2025-09-22 15:24:11.336,1.0,0.0,0.0071,0.0,0,0.0,0.0,1
9719513b6a150259efeab954d90615619facb93b3304ce60ca561d35b79d2d33,1,1,1.0,1,1,1.0,1,0,1,0,0,0.0,0,2025-09-22 14:49:56.328,2025-09-22 14:49:56.328,1.0,0.0,0.0071,0.0,0,0.0,0.0,1
487e01559bde6cd3f41a491e957b29c60145cdc692bbc03fa6aeedeed6ab98af,1,1,1.0,1,1,1.0,1,0,1,0,0,0.0,0,2025-09-22 10:01:56.718,2025-09-22 10:01:56.718,1.0,0.0,0.0071,0.0,0,0.0,0.0,1
d9c063280c653ca3ffb4d016352f838df6b66aee7a36bb944bca388cacfa1a9e,1,0,0.0,1,1,1.0,1,0,0,0,0,0.0,0,2025-09-22 06:07:16.884,2025-09-22 06:07:16.884,1.0,-1.0,0.0071,0.0,0,0.0,0.0,1
906e8bddfa7beec72923fbd78cfd5046ce0879f4ab996e1e67d3777740c16111,1,1,1.0,1,1,1.0,1,0,1,0,0,0.0,0,2025-09-22 06:37:11.697,2025-09-22 06:37:11.697,1.0,0.0,0.0071,0.0,0,0.0,0.0,1
f89bc5f26e527346bdbb98f5f6570ca03a251e13e73bee3f17744ecd961daeca,1,1,1.0,1,1,1.0,1,0,1,0,0,0.0,0,2025-09-22 05:59:39.426,2025-09-22 05:59:39.426,1.0,0.0,0.0071,0.0,0,0.0,0.0,1
1d02eb562ea9b35c3fbc61de0776a9528553e3baddb4c2381ebdd510c44fda21,3,0,0.0,2,2,1.5,3,0,0,0,0,0.0,0,2025-09-22 04:09:27.394,2025-10-06 17:18:24.325,14.55,-1.0,0.0213,0.5,0,0.0,0.0,1
835d86b8b2fa90f1014f026d33c877f809c6b5336e3e367c7f93c513e7fd47bc,1,1,1.0,1,1,1.0,1,0,1,0,0,0.0,0,2025-09-22 01:47:03.850,2025-09-22 01:47:03.850,1.0,0.0,0.0071,0.0,0,0.0,0.0,1
d00dc31a740c1cf4ff41b1e12961987ab4f80e5bb8efb2d27a80f30a72c86396,1,1,1.0,1,1,1.0,1,0,1,0,0,0.0,0,2025-09-22 09:15:34.771,2025-09-22 09:15:34.771,1.0,0.0,0.0071,0.0,0,0.0,0.0,1
4f1ca6c619f3ea8a21e73c11e3d2239b8689a3742036b0057956c6ff06a5f411,1,1,1.0,1,1,1.0,1,0,1,0,0,0.0,0,2025-09-22 05:06:02.254,2025-09-22 05:06:02.254,1.0,0.0,0.0071,0.0,0,0.0,0.0,1
8c654cf02264bedc5d54469cc9c969cb465291e077851cadd465d0469da0e786,20,2,0.1,2,6,3.33,15,0,1,0,0,0.0,2,2025-09-23 16:04:27.815,2025-09-29 10:29:42.159,5.77,2.68,0.1064,0.0,0,0.0,0.0,1
1f9bebdb95841a4a570bddf80c1e884643fb6b4d9e24fbcb53074e7089433551,20,2,0.1,1,4,5.0,14,1,1,0,0,0.0,1,2025-09-23 14:42:51.192,2025-09-23 14:47:26.063,1.0,0.61,0.0993,0.0,0,0.0,0.0,1
5d0227778f77d7ca43b0bbec1fdb7b168aba419388c591ce40071acd378dc459,8,1,0.125,1,3,2.67,8,0,1,0,0,0.0,1,2025-09-23 14:55:37.792,2025-09-23 14:56:45.933,1.0,1.02,0.0567,0.0,0,0.0,0.0,1
bfbe60a0e23655a213beb40feba4351cceadde9ebdf8499bf0d37760ac4ddbac,31,1,0.0323,4,6,5.17,22,1,1,0,0,0.0,1,2025-09-23 07:47:17.506,2025-10-06 05:11:44.449,12.89,0.52,0.156,0.9667,0,0.0,0.0,1
827a1f843b19f4c14de9cbbfefb86dd87b938352691f96f97cb185158cc13447,2,0,0.0,1,2,1.0,2,0,0,0,0,0.0,0,2025-09-23 09:09:17.662,2025-09-23 10:04:31.758,1.0,-1.0,0.0142,0.0,0,0.0,0.0,1
6a019cd10f8bd25c4eb0c6e52272a29904f796f66773f1014807c7b82a89e76a,7,0,0.0,1,2,3.5,4,0,0,0,0,0.0,0,2025-09-23 13:49:00.637,2025-09-23 15:31:04.311,1.0,-1.0,0.0284,0.0,0,0.0,0.0,1
26b91895f73486ad6492fdd40c4a52d334e3f5bc29dd3e43ef8176c11d65a986,26,3,0.1154,1,3,8.67,11,0,1,0,0,0.0,2,2025-09-23 03:35:30.265,2025-09-23 03:41:30.376,1.0,0.24,0.078,0.0,0,0.0,0.0,1
f841509694421dd83661ec29f21487307b9f7c8c2951ba5b49c90b512a20003e,3,1,0.3333,1,2,1.5,3,0,1,0,0,0.0,0,2025-09-23 13:16:37.034,2025-09-23 13:18:38.159,1.0,2.02,0.0213,0.0,0,0.0,0.0,1
90100b1a9f81e49a81347a40a8858043e3fccd5443937b7fc0bfeaf2698d09c1,2,0,0.0,1,1,2.0,2,0,0,0,0,0.0,0,2025-09-23 06:15:06.019,2025-09-23 06:15:57.371,1.0,-1.0,0.0142,0.0,0,0.0,0.0,1
fd5cd4e843ae2720939f3be71daceeac54aa6fc20e1f358f37876cee498dc80d,18,1,0.0556,1,3,6.0,15,1,1,0,0,0.0,1,2025-09-23 09:24:46.158,2025-09-23 09:26:16.618,1.0,0.68,0.1064,0.0,0,0.0,0.0,1
1d7b1e2e544dc88c986d4d225ef3d2eb9dcfedd10b554a291b155ad1f3127419,14,1,0.0714,1,3,4.67,14,1,1,0,0,0.0,1,2025-09-23 15:16:00.028,2025-09-23 15:17:53.094,1.0,1.27,0.0993,0.0,0,0.0,0.0,1
560d843be66649bac5ed0590979eb9ecc1ab51a6e695f8dcb7e7c30fbf75020e,25,23,0.92,1,3,8.33,11,0,1,0,1,0.0,1,2025-09-23 07:45:05.171,2025-09-23 07:53:12.605,1.0,1.95,0.078,0.0,6,0.0,0.84,1
bf051b254941ccd9e4acb45eb061e57feb8c82c89f216f01c035306232e346bf,6069,1694,0.2791,31,177,34.29,79,1,1,0,1,0.0,40,2025-09-23 07:33:34.748,2025-12-08 13:41:10.368,76.26,1.58,0.5603,0.8949,8,0.027268446784260447,0.6003,0
11a97eeb8159f27d51f71057832a57e1080e519cb66d73caf74f3d948c0ca763,7,1,0.1429,2,2,3.5,5,0,1,0,0,0.0,0,2025-09-23 06:18:49.484,2025-09-26 11:16:03.094,3.21,4617.23,0.0355,0.0,0,0.0,0.0,1
884c60ba9580e332fa0dcad4b380bbac2837f03f4c985513239b8ad6cae85be7,7,0,0.0,2,2,3.5,4,0,0,0,0,0.0,0,2025-09-23 09:24:25.900,2025-09-24 14:45:12.585,1.22,-1.0,0.0284,0.0,0,0.0,0.0,1
130dba074b983b0344e5e8255c375cc5e4ab0a81b320e88fcd45eabd3822b7ef,197,171,0.868,1,5,39.4,31,1,1,0,1,0.0,2,2025-09-23 07:36:03.706,2025-09-23 08:47:50.595,1.0,0.7,0.2199,0.0,7,0.0,0.8274,1
5522b1f9b03593028e8e4836a6a5e94098a587ef3054fba46b90d7b4dd615d85,245,239,0.9755,2,6,40.83,18,0,1,0,1,0.0,2,2025-09-23 15:50:22.987,2025-09-24 07:22:25.491,1.0,0.88,0.1277,0.0,7,0.0,0.951,1
2b970111cf39940832fef86ca7856fb4edaffb9cd905071625e67a01de24c0a6,140,135,0.9643,2,6,23.33,16,0,1,0,1,0.0,1,2025-09-23 05:31:32.423,2025-09-26 07:10:23.665,3.07,1.09,0.1135,0.0,8,0.0,0.9357,1
8d7b5144b694a3e63b1a33e771f4cf23f41db3632b7b7a69d0f33bc2b16f7b93,3,0,0.0,1,1,3.0,3,0,0,0,0,0.0,0,2025-09-23 08:14:34.864,2025-09-23 08:14:49.391,1.0,-1.0,0.0213,0.0,0,0.0,0.0,1
09af0e761a6586a63f58bda8feadc05d2fc6969894a7c45e544d88fe7b051207,276,223,0.808,1,3,92.0,30,0,1,0,1,0.0,1,2025-09-23 15:02:14.666,2025-09-23 15:49:59.875,1.0,1.03,0.2128,0.0,9,0.0,0.7717,1
dd5877528e5551a58297b23451202402bc2ccd91e9e820387b39426257dd9c94,8,2,0.25,1,2,4.0,5,0,1,0,1,0.0,0,2025-09-23 01:34:24.277,2025-09-23 01:35:00.908,1.0,0.38,0.0355,0.0,0,0.0,0.125,1
e6ea71df119e5c633c15cac4f655896e129f15a960e66d85a8583e0c56d6065d,2,1,0.5,1,1,2.0,2,0,1,0,0,0.0,1,2025-09-23 18:47:44.066,2025-09-23 18:47:44.380,1.0,0.01,0.0142,0.0,0,0.0,0.0,1
ad10e5413f0e049abacd41532b70110f829d8defacb048bc3989b53c2f48c41a,1,1,1.0,1,1,1.0,1,0,1,0,0,0.0,0,2025-09-23 03:36:36.782,2025-09-23 03:36:36.782,1.0,0.0,0.0071,0.0,0,0.0,0.0,1
c686558c545ba1d43661b4a41968539a9b33bbc9a730843db53af86155c1ee55,22,7,0.3182,1,5,4.4,17,1,1,0,1,0.0,2,2025-09-23 14:47:26.033,2025-09-23 14:50:34.256,1.0,0.56,0.1206,0.0,0,0.0,0.2273,1
4e4a3cd570976a559a24e5cc646c9a06d50104fe56fe0fcaea5ea9cf19befa1a,19,6,0.3158,1,3,6.33,15,1,1,0,1,0.0,1,2025-09-23 09:58:59.424,2025-09-23 10:02:10.589,1.0,1.03,0.1064,0.0,0,0.0,0.2632,1
17c125bde9d5d9f16f53ca1d453d7cbdcd2fb90c629a009b9e720c08aec42370,15,2,0.1333,1,3,5.0,14,1,1,0,0,0.0,2,2025-09-23 14:08:40.287,2025-09-23 14:21:50.075,1.0,0.89,0.0993,0.0,0,0.0,0.0,1
89ddeccdd5745008dab291017dd1ba38e81a03f8739a7a78a2543ac8fbd508dc,2,2,1.0,2,2,1.0,1,0,1,0,0,0.0,0,2025-09-23 10:02:11.811,2025-09-30 05:12:19.066,6.8,0.0,0.0071,0.0,0,0.0,0.0,1
d9871d6ce40e36b85d162286d2b058ba7e299909d55bbd54e00ea1ad3a4d42ad,3,0,0.0,1,2,1.5,3,0,0,0,0,0.0,0,2025-09-23 13:31:48.122,2025-09-23 15:54:10.194,1.0,-1.0,0.0213,0.0,0,0.0,0.0,1
09be10b1a6d18d99398e2f3a08a3c7fe537767f64de6fe775cce55964ccde93e,14,5,0.3571,1,3,4.67,11,0,1,0,1,0.0,1,2025-09-23 19:50:29.305,2025-09-23 19:57:58.852,1.0,1.64,0.078,0.0,0,0.0,0.0714,1
ba4f6a284b8d0a5a6ee490ea6e21e44fc8434e90fb8448efafb7bb883a1dbc20,2,0,0.0,1,1,2.0,2,0,0,0,0,0.0,0,2025-09-23 12:29:06.525,2025-09-23 12:29:20.955,1.0,-1.0,0.0142,0.0,0,0.0,0.0,1
edeb39fbcafe4a216943884c7e4ed187920eb904a78655b888abc3d9ccd9645a,2,0,0.0,1,1,2.0,2,0,0,0,0,0.0,0,2025-09-23 09:17:53.833,2025-09-23 09:18:05.892,1.0,-1.0,0.0142,0.0,0,0.0,0.0,1
02efef814e45690e6e4afae62abeaef45fb3e5df8aa59c807c7e0df0fd1f3562,1,1,1.0,1,1,1.0,1,0,1,0,0,0.0,0,2025-09-23 12:22:24.739,2025-09-23 12:22:24.739,1.0,0.0,0.0071,0.0,0,0.0,0.0,1
63c062c0983065ecfdeb1d61b6d72a6f49e82681022677fcf6136a36a6c6c4f2,7,2,0.2857,3,5,1.4,4,0,1,0,0,0.0,2,2025-09-23 09:01:53.378,2025-09-29 10:22:06.789,6.06,1.43,0.0284,0.0,0,0.0,0.0,1
9d5b9a95fb362ebc543179b6378804bf81c412227a39b0a45ad83345539e62b9,3,0,0.0,2,2,1.5,1,0,0,0,0,0.0,0,2025-09-23 15:27:48.855,2025-11-08 17:34:40.625,46.09,-1.0,0.0071,0.5,0,0.0,0.0,1
a863f96b6b46682ac10655c71377eaa56f482c10f4434ae3f78727295c9c259e,4,1,0.25,1,2,2.0,4,0,1,0,0,0.0,0,2025-09-23 05:09:01.957,2025-09-23 05:10:10.813,1.0,1.15,0.0284,0.0,0,0.0,0.0,1
bf5164693986bb14859705d0a6d06951fb98df9c8f1a80fc3f223304bba73afe,1,1,1.0,1,1,1.0,1,0,1,0,0,0.0,0,2025-09-23 01:30:24.381,2025-09-23 01:30:24.381,1.0,0.0,0.0071,0.0,0,0.0,0.0,1
1db91d9dfd39ee9cf7b13d189597f107317155bdf148fe6f8fde47d594244aaa,103,23,0.2233,6,34,3.03,22,1,1,0,0,0.0,4,2025-09-23 13:25:03.249,2025-10-08 14:19:23.555,15.04,8424.53,0.156,-12.7143,0,0.0,0.0,1
83077fdde7aa84aeeb5e8ce03b523496b3896600747cf59addadd5303526f21e,6,0,0.0,1,1,6.0,3,0,0,0,0,0.0,0,2025-09-23 13:27:50.682,2025-09-23 13:42:13.783,1.0,-1.0,0.0213,0.0,0,0.0,0.0,1
419a4f0496ad751b1de33c933e74994cc5bd7a10f5df61f93fcbfa122c09a3e4,1,1,1.0,1,1,1.0,1,0,1,0,0,0.0,0,2025-09-23 13:27:27.003,2025-09-23 13:27:27.003,1.0,0.0,0.0071,0.0,0,0.0,0.0,1
3956be3adee1c300eb400abdc1a495ed4423fca34a67c00a95ca436af59516de,2,0,0.0,1,1,2.0,2,0,0,0,0,0.0,1,2025-09-23 13:29:23.857,2025-09-23 13:29:51.787,1.0,-1.0,0.0142,0.0,0,0.0,0.0,1
10756f11fd2b9bfa2d7cca9c2da50c97816442824b866b88572a0e1cf1cb572f,1,1,1.0,1,1,1.0,1,0,1,0,0,0.0,0,2025-09-23 12:25:41.667,2025-09-23 12:25:41.667,1.0,0.0,0.0071,0.0,0,0.0,0.0,1
4db54b79cd2475e19d192b0d5954ca2d4ae2aa38495fea5e3d155b5e7ed87b01,2,0,0.0,1,1,2.0,2,0,0,0,0,0.0,0,2025-09-23 01:29:40.469,2025-09-23 01:30:09.926,1.0,-1.0,0.0142,0.0,0,0.0,0.0,1
23f1ec26cfec66bcba11549317e0a8192c820c2b3b7ccf664bb884bcdd035772,1,1,1.0,1,1,1.0,1,0,1,0,0,0.0,0,2025-09-23 19:17:19.246,2025-09-23 19:17:19.246,1.0,0.0,0.0071,0.0,0,0.0,0.0,1
b714e4513e513a3c07ae0d07f274941f20e0f74827462651fb549225eae29d59,3,0,0.0,2,2,1.5,3,0,0,0,0,0.0,0,2025-09-23 07:38:35.683,2025-09-24 06:49:11.494,1.0,-1.0,0.0213,0.0,0,0.0,0.0,1
f937250ed005f45bc6c540a51bed42b65a40667ec8130c65acf2077e7e74e428,1,0,0.0,1,1,1.0,1,0,0,0,0,0.0,0,2025-09-23 16:41:48.128,2025-09-23 16:41:48.128,1.0,-1.0,0.0071,0.0,0,0.0,0.0,1
36211b145b76d91934a9532fad6b1c6d5b4c3c07b281bb5b58bdbfbb8770bbd5,1,1,1.0,1,1,1.0,1,0,1,0,0,0.0,0,2025-09-23 18:18:01.485,2025-09-23 18:18:01.485,1.0,0.0,0.0071,0.0,0,0.0,0.0,1
fd546ea3507c1dfc515d48af65cad718156cc3f284390273657a1b74848f3c15,1,1,1.0,1,1,1.0,1,0,1,0,0,0.0,0,2025-09-23 13:28:32.380,2025-09-23 13:28:32.380,1.0,0.0,0.0071,0.0,0,0.0,0.0,1
a3fd184c6a27ad29f701e86a7b6db21b6e9773d11d2590e32c99941bc74a2efd,1,1,1.0,1,1,1.0,1,0,1,0,0,0.0,0,2025-09-23 15:29:10.284,2025-09-23 15:29:10.284,1.0,0.0,0.0071,0.0,0,0.0,0.0,1
1139a1d3fd6d9ae601bb4861c3f6a7a52d3485ed1da6caf99e274e35667b76f4,1,1,1.0,1,1,1.0,1,0,1,0,0,0.0,0,2025-09-23 14:28:16.051,2025-09-23 14:28:16.051,1.0,0.0,0.0071,0.0,0,0.0,0.0,1
c934ad90fdfdec0c7d76c520e971a80a90cb82dad3da8978ab5374df7e7c10d3,1,1,1.0,1,1,1.0,1,0,1,0,0,0.0,0,2025-09-23 08:42:08.604,2025-09-23 08:42:08.604,1.0,0.0,0.0071,0.0,0,0.0,0.0,1
6b4af05a03323ad556d8c3fb33c080ed6cbea1e92114496ca1d8db09c40a9806,2,2,1.0,1,1,2.0,2,0,1,0,0,0.0,0,2025-09-23 08:22:16.621,2025-09-23 08:22:24.340,1.0,0.0,0.0142,0.0,0,0.0,0.0,1
8b3ff01c254c235585d0c2d05b7636c406a5b9616c70a75c88f2d2fc8cc12d66,1,1,1.0,1,1,1.0,1,0,1,0,0,0.0,0,2025-09-23 07:06:18.171,2025-09-23 07:06:18.171,1.0,0.0,0.0071,0.0,0,0.0,0.0,1
e6484c7495a5ef673226e6025d8a488c6a683bec403c43d4ed1661e980f80f09,5,1,0.2,1,3,1.67,5,0,1,0,0,0.0,1,2025-09-24 10:47:44.122,2025-09-24 10:48:41.774,1.0,0.71,0.0355,0.0,0,0.0,0.0,1
97f1840b9e8283e58bbedf4463bddb992421f7a6e15a5ebe9fce976de0b837b9,60,11,0.1833,3,15,4.0,27,1,1,0,1,0.0,3,2025-09-24 12:11:48.392,2025-09-29 09:51:38.322,4.9,0.62,0.1915,0.0,0,0.0,0.0667,1
4b8b31fee4440b9001e633b827a98c3167c27533b7ab9d3a7392207cf5e4943c,181,179,0.989,1,3,60.33,13,0,1,0,1,0.0,1,2025-09-24 02:31:38.213,2025-09-24 03:19:48.287,1.0,0.77,0.0922,0.0,7,0.0,0.9613,1
e0bc2baf53edc83d0167b7471fad787883ee7fa9f975e0e22527d6cdc40bfe7d,4,1,0.25,1,3,1.33,4,0,1,0,0,0.0,1,2025-09-24 06:24:13.217,2025-09-24 06:26:35.193,1.0,2.37,0.0284,0.0,0,0.0,0.0,1
e8c68ba3ac3d48633ea4be4fbf674bd0df72e439f5867d0d4e0769ced5cf256a,13,1,0.0769,2,4,3.25,11,0,1,0,0,0.0,1,2025-09-24 09:22:53.542,2025-09-25 10:23:03.590,1.04,0.71,0.078,0.0,0,0.0,0.0,1
39f53c606c95b692c78344863a92f76082f97e57ba716dfd21c2711a1db0e804,496,366,0.7379,4,36,13.78,31,0,1,0,1,0.0,6,2025-09-24 13:12:52.607,2025-10-10 12:24:54.133,15.97,0.14,0.2199,0.6595,10,0.016150344599999998,0.7883,1
5e89a52c8e92d19b538b7c51e7b8e255988a07c8eff67d8cb334e84bf9a2e2bd,61,56,0.918,1,3,20.33,11,0,1,0,1,0.0,1,2025-09-24 11:55:58.764,2025-09-24 12:09:16.551,1.0,0.5,0.078,0.0,5,0.0,0.8197,1
c4392c2946ee756a2963ecfc730cc7718fad4df450fdd04090f4661546233299,115,115,1.0,2,2,57.5,8,0,1,0,1,0.0,0,2025-09-24 14:19:31.573,2025-09-25 05:33:04.175,1.0,0.0,0.0567,0.0,7,0.0,1.0,1
7efb702ff7cb1877ad1a69a83f047adc881e126bb9463da9f8819f945aad66e9,51,46,0.902,1,3,17.0,13,0,1,0,1,0.0,1,2025-09-24 05:27:53.375,2025-09-24 05:40:25.093,1.0,0.95,0.0922,0.0,6,0.0,0.8627,1
131b3e9f5753e47360849ae9e7ebb4dcde0531279d9545d8481ce66582f9f722,126,122,0.9683,3,5,25.2,11,0,1,0,1,0.0,2,2025-09-24 10:38:12.654,2025-10-09 07:38:03.979,14.87,0.0,0.078,0.992,7,0.0,0.9524,1
64b48a622670ce38d4f753cf7bfa78b1082b57e2074970b24fb9db54aa58cb22,1,1,1.0,1,1,1.0,1,0,1,0,0,0.0,0,2025-09-24 10:29:41.231,2025-09-24 10:29:41.231,1.0,0.0,0.0071,0.0,0,0.0,0.0,1
2beff71937f5693cfbdb60644062355ad66b0c12fa252dd10e2de1d074b32d06,102,15,0.1471,3,14,7.29,29,1,1,0,1,0.0,1,2025-09-24 10:06:30.151,2025-09-29 07:04:45.665,4.87,0.93,0.2057,0.0,0,0.0,0.049,1
cdb8446a77302c0798364647b4a98ac8ed376861bfbaebd1f8b7c5adecb5c293,29,1,0.0345,1,4,7.25,13,0,1,0,0,0.0,1,2025-09-24 04:18:59.658,2025-09-24 04:36:37.912,1.0,7.86,0.0922,0.0,0,0.0,0.0,1
b2863f25b03c11fdc347826b7d5a4bccdfccfb101751845e0c8abf9b0f25a008,46,44,0.9565,1,2,23.0,11,0,1,0,1,0.0,0,2025-09-24 19:01:03.106,2025-09-24 19:08:58.692,1.0,1.4,0.078,0.0,7,0.0,0.9348,1
633737968bf5711bd625d024d34822bca6d289c3c759353b2987ccbe5663c991,280,215,0.7679,3,8,35.0,35,1,1,0,1,0.0,2,2025-09-24 12:11:30.450,2025-09-30 05:37:39.878,5.73,0.93,0.2482,0.0,8,0.0,0.8536,1
6e108de413a07ad22aef85c530a6c75969ca2a783ac245f296337908e9599046,79,79,1.0,1,1,79.0,8,0,1,0,1,0.0,0,2025-09-24 11:51:39.560,2025-09-24 12:14:37.830,1.0,0.0,0.0567,0.0,7,0.0,1.0,1
1ed4c375ea7cb67a46b60acd0e2c31177e449a2c95ce0d192d4fbb8102ad200a,3,0,0.0,2,2,1.5,3,0,0,0,0,0.0,0,2025-09-24 07:42:25.612,2025-09-25 06:12:55.248,1.0,-1.0,0.0213,0.0,0,0.0,0.0,1
8db9fbef2d961ee1c7e05597f5ad1c0bca48713732f285283e90fe6e5f84bde1,2,0,0.0,1,1,2.0,2,0,0,0,0,0.0,0,2025-09-24 05:56:02.291,2025-09-24 05:56:44.477,1.0,-1.0,0.0142,0.0,0,0.0,0.0,1
0255c7436dafb891a26752886c5849f6224a9556d75133a66ca81e68c06bf559,2,0,0.0,1,1,2.0,2,0,0,0,0,0.0,0,2025-09-24 06:38:10.728,2025-09-24 06:39:16.883,1.0,-1.0,0.0142,0.0,0,0.0,0.0,1
4b706dc856ab1b7cd36b0b6534301359b0c6d49555c305ca0454b69f517037fb,2,2,1.0,1,1,2.0,2,0,1,0,0,0.0,0,2025-09-24 14:05:34.725,2025-09-24 14:05:42.441,1.0,0.0,0.0142,0.0,0,0.0,0.0,1
0083bec41f90959ffe6caf1cd599728d1d64d595909f8b98f44010187b486540,6,0,0.0,1,1,6.0,3,0,0,0,0,0.0,0,2025-09-24 08:36:14.926,2025-09-24 08:36:32.277,1.0,-1.0,0.0213,0.0,0,0.0,0.0,1
3447458fb24c4ff6e77f198a846635baa602e0c6d8f82f703a4132d4b6c61391,5,1,0.2,1,3,1.67,5,0,1,0,0,0.0,1,2025-09-24 14:16:27.913,2025-09-24 14:18:01.451,1.0,0.91,0.0355,0.0,0,0.0,0.0,1
d65b4e9a9dbd713faf27fa123f29540ea95a316aee63ab57f06878317b56b373,6,0,0.0,1,1,6.0,3,0,0,0,0,0.0,0,2025-09-24 11:12:53.823,2025-09-24 11:13:05.310,1.0,-1.0,0.0213,0.0,0,0.0,0.0,1
4eb2bb4ddd3252176fe4bdb5c74c02e55d58b0098ba99c30eac663b42a8384f2,1,1,1.0,1,1,1.0,1,0,1,0,0,0.0,0,2025-09-24 18:31:46.583,2025-09-24 18:31:46.583,1.0,0.0,0.0071,0.0,0,0.0,0.0,1
2a49ae450dba08fe124a04db9c5c7952d50f4f1970dc559beb04b52c9db99bb5,100,79,0.79,3,9,11.11,24,0,1,0,1,0.0,1,2025-09-24 14:30:05.085,2025-09-26 15:43:10.840,2.05,1484.5,0.1702,0.0,8,0.0,0.74,1
8e3fc70e9e852771d2821c179c0568fa230a2b869a2e1fa987ab4a80fbeb6c1d,1,1,1.0,1,1,1.0,1,0,1,0,0,0.0,0,2025-09-24 14:16:19.699,2025-09-24 14:16:19.699,1.0,0.0,0.0071,0.0,0,0.0,0.0,1
ef9d155850450455268c6847899d283b590c375434914a389107dcce347540ee,2,0,0.0,1,1,2.0,2,0,0,0,0,0.0,0,2025-09-24 14:38:19.655,2025-09-24 14:38:42.331,1.0,-1.0,0.0142,0.0,0,0.0,0.0,1
c5e8138a3aab141faf4fa34b3ab0b9460e2c4530b2d434b143f79247d50efc47,2,2,1.0,1,1,2.0,2,0,1,0,0,0.0,0,2025-09-24 14:21:30.186,2025-09-24 14:21:48.222,1.0,0.0,0.0142,0.0,0,0.0,0.0,1
672c2c0e157ffd0b172d78d9381313284db131eb93c06ef70079c959b07b8165,1,1,1.0,1,1,1.0,1,0,1,0,0,0.0,0,2025-09-24 11:40:02.268,2025-09-24 11:40:02.268,1.0,0.0,0.0071,0.0,0,0.0,0.0,1
63bb91c00e99811674a2882790732865cdcbe253a3847418bdfa733ec6ad6969,1,1,1.0,1,1,1.0,1,0,1,0,0,0.0,0,2025-09-24 12:10:47.397,2025-09-24 12:10:47.397,1.0,0.0,0.0071,0.0,0,0.0,0.0,1
a659974cec95b8c412acf502ab1a483aad0e036d1aa1cc5725baf51d65344f2e,125,114,0.912,1,3,41.67,20,0,1,0,1,0.0,1,2025-09-25 07:13:24.591,2025-09-25 07:34:53.793,1.0,0.72,0.1418,0.0,9,0.0,0.88,1
618a1d928c6deda796c265329d2bb24d97aaf2d57f5bd7d6a06983f3ca4c3b43,15,11,0.7333,1,4,3.75,7,0,1,0,0,0.0,1,2025-09-25 16:00:44.696,2025-09-25 16:23:58.263,1.0,3.18,0.0496,0.0,0,0.0,0.0,1
f0c56151c9643c98e31bbcfbbb01f739636786992a3e3f074287d4878ccdb8a3,31,22,0.7097,1,3,10.33,15,0,1,0,1,0.0,1,2025-09-25 09:17:13.115,2025-09-25 09:52:03.255,1.0,1.39,0.1064,0.0,5,0.0,0.6452,1
220981c6bbfa9ab98325c273ff345274b99a9a0130e534f81889bad6c17a5222,14,1,0.0714,1,10,1.4,4,0,1,0,0,0.0,2,2025-09-25 19:38:00.304,2025-09-25 21:37:16.327,1.0,3.78,0.0284,0.0,0,0.0,0.0,1
0caa017f2246f382517049fc6396f8a986da935e5c4eb33244b6141bd30b1ebf,33,16,0.4848,1,3,11.0,21,0,1,0,1,0.0,2,2025-09-25 17:59:42.107,2025-09-25 18:17:34.885,1.0,2.61,0.1489,0.0,5,0.0,0.2727,1
e3860ed7b0dc9e8194de8f31737ed9025ea43377c571cd3bfd634c3bd195ee1d,131,65,0.4962,7,23,5.7,22,0,1,1,1,0.0,7,2025-09-25 20:00:09.670,2025-12-08 20:05:59.452,74.0,6999.07,0.156,0.9833,7,0.033975436399999996,0.6336,0
9547b5cbe4ae0c032479d9c41fcf3057ea63a5fa0cb06c871263f10a9fdf3a70,108,89,0.8241,2,5,21.6,19,0,1,0,1,0.0,1,2025-09-25 16:05:21.504,2025-09-30 10:00:02.152,4.75,0.97,0.1348,0.0,8,0.0,0.8056,1
9fb6fa330a1397d15c7a7960df85799bab80ea85733db1592ad9ad7c7bf3776e,208,152,0.7308,2,10,20.8,29,0,1,0,1,0.0,2,2025-09-25 14:43:58.862,2025-09-26 11:34:17.106,1.0,0.93,0.2057,0.0,7,0.0,0.6875,1
882101e32cefb1b81cadb279b66fe1ca6421e136ffb20ba7d06707498f46299a,156,152,0.9744,1,6,26.0,16,0,1,0,1,0.0,2,2025-09-25 22:01:12.182,2025-09-25 22:37:50.440,1.0,0.0,0.1135,0.0,7,0.0,0.9295,1
5be8dc9e78892609ee430e447bee7fcdf1740fa03ad8d73be3b2bf1a8dedbe0b,7,5,0.7143,1,2,3.5,4,0,1,0,1,0.0,0,2025-09-25 20:50:29.331,2025-09-25 20:52:45.746,1.0,1.84,0.0284,0.0,0,0.0,0.5714,1
94d14164c1457a32e377ceca7dbc08f1d97f20b1eeaac79934d19054d5e49a10,88,86,0.9773,1,2,44.0,11,0,1,0,1,0.0,0,2025-09-25 15:52:10.977,2025-09-25 16:38:29.885,1.0,16.93,0.078,0.0,6,0.0,0.9545,1
9d29273c24b635543e0f217a557d69a70e121eea4ed5ba0183d30a3692af571a,665,618,0.9293,4,38,17.5,28,0,1,0,1,0.0,3,2025-09-25 14:36:45.411,2025-09-28 18:45:34.413,3.17,1.61,0.1986,0.0,8,0.0,0.8692,1
414d81c3529f6d45edc3875fc021f7aaeb078978242261df181d0e9c35e98611,1,1,1.0,1,1,1.0,1,0,1,0,0,0.0,0,2025-09-25 18:01:21.616,2025-09-25 18:01:21.616,1.0,0.0,0.0071,0.0,0,0.0,0.0,1
cb03ec31ebd9d34c10e3fd1c337e01d3695b1323dee143e36dc4a6db1c7f9a27,14,5,0.3571,1,3,4.67,8,0,1,0,1,0.0,1,2025-09-25 09:19:53.074,2025-09-25 09:22:13.234,1.0,0.81,0.0567,0.0,0,0.0,0.2857,1
8073bf42d918ee57ae6a631d3b679a44871afae012702b72f030c75bcfe9ccbc,6,1,0.1667,1,3,2.0,6,0,1,0,0,0.0,1,2025-09-25 21:11:57.037,2025-09-25 21:14:43.808,1.0,0.0,0.0426,0.0,0,0.0,0.0,1
af777f648ac29bb639d874f29151f152882a18ca94adb6d7539c1f69edad439e,9,1,0.1111,2,2,4.5,8,0,1,0,0,0.0,1,2025-09-25 21:28:42.607,2025-11-05 01:29:34.910,40.17,57839.81,0.0567,-2.5,0,0.0,0.0,1
60256d4e6900fcb32ad36881b3691de3e2a5d2c06ba6a6e85d1099e7f3eb1cad,1,1,1.0,1,1,1.0,1,0,1,0,0,0.0,0,2025-09-25 19:33:47.039,2025-09-25 19:33:47.039,1.0,0.0,0.0071,0.0,0,0.0,0.0,1
d413211d06cdbb4969d0505ea90d459daca72f21368668b3c86f28ff3dff6b29,2,2,1.0,1,1,2.0,2,0,1,0,0,0.0,0,2025-09-25 19:09:20.716,2025-09-25 19:09:28.217,1.0,0.0,0.0142,0.0,0,0.0,0.0,1
9b4d4cfdb0faabb70a519a05c79f30a972e71b7daec985781f041282291ca5c9,2,0,0.0,1,1,2.0,2,0,0,0,0,0.0,0,2025-09-25 21:12:50.668,2025-09-25 21:13:10.336,1.0,-1.0,0.0142,0.0,0,0.0,0.0,1
6efdfc78b350ca968fed6d46ac20d95d1653990f8b0b40501e251b631aa63c0c,1,1,1.0,1,1,1.0,1,0,1,0,0,0.0,0,2025-09-25 09:58:51.818,2025-09-25 09:58:51.818,1.0,0.0,0.0071,0.0,0,0.0,0.0,1
728205399452b7956b282c5aedfbc8d728355d39379cf65a40affb9d2d317da1,4,2,0.5,1,2,2.0,4,0,1,0,0,0.0,1,2025-09-25 09:36:51.228,2025-09-25 09:39:16.476,1.0,1.59,0.0284,0.0,0,0.0,0.0,1
87b4e9a4993b1f8c3156fc93b90e584a69d8b6085085e311b65341b109309532,1,1,1.0,1,1,1.0,1,0,1,0,0,0.0,0,2025-09-25 10:50:14.899,2025-09-25 10:50:14.899,1.0,0.0,0.0071,0.0,0,0.0,0.0,1
af48a59dd4ddf32fa14d191f456917e6b8d9586a4159ae2a5a93b904dd314b01,2,0,0.0,1,1,2.0,2,0,0,0,0,0.0,0,2025-09-25 05:01:37.540,2025-09-25 05:03:53.402,1.0,-1.0,0.0142,0.0,0,0.0,0.0,1
6eb062750c0a4c387b2bd5f1b11a884d8b3e405bea657559c8d80d312023454c,4,0,0.0,1,2,2.0,4,0,0,0,0,0.0,0,2025-09-25 05:53:38.444,2025-09-25 05:54:15.129,1.0,-1.0,0.0284,0.0,0,0.0,0.0,1
64727f5a40a30fc9d4e093000f2e79a06ec0a4bafd5e3313516bd27de2210100,1,0,0.0,1,1,1.0,1,0,0,0,0,0.0,0,2025-09-25 08:07:57.363,2025-09-25 08:07:57.363,1.0,-1.0,0.0071,0.0,0,0.0,0.0,1
fe9a8551b29288442bf43ee1a24fa0783aae78210732fccc98bc696534d83c17,1,1,1.0,1,1,1.0,1,0,1,0,0,0.0,0,2025-09-25 04:58:40.190,2025-09-25 04:58:40.190,1.0,0.0,0.0071,0.0,0,0.0,0.0,1
44cc8d2b915f2ba93de0bedca931db785fc3ad874e6a0af757d74dd54ab69155,1,1,1.0,1,1,1.0,1,0,1,0,0,0.0,0,2025-09-25 03:35:00.440,2025-09-25 03:35:00.440,1.0,0.0,0.0071,0.0,0,0.0,0.0,1
ba19ad1d80f1f0dfa8395ce48b948c4cebcaebe00b67d584a9c95b35a61127d0,1,0,0.0,1,1,1.0,1,0,0,0,0,0.0,0,2025-09-25 10:21:08.200,2025-09-25 10:21:08.200,1.0,-1.0,0.0071,0.0,0,0.0,0.0,1
3a4b8550e3f8d3d17e3faf03548c1f97e5544210ff8c8adea98be7a04e2c34a6,1,1,1.0,1,1,1.0,1,0,1,0,0,0.0,0,2025-09-25 02:37:15.452,2025-09-25 02:37:15.452,1.0,0.0,0.0071,0.0,0,0.0,0.0,1
f299d005ea04cd5e5c813f990f49937fca10aa6c3df5b96a0ed7fbcda55c8c72,1,0,0.0,1,1,1.0,1,0,0,0,0,0.0,0,2025-09-25 17:33:35.234,2025-09-25 17:33:35.234,1.0,-1.0,0.0071,0.0,0,0.0,0.0,1
1b427537f84a2feb2808c35466238a9fcb97182682df1992f7e76b5224e36b73,2,0,0.0,1,1,2.0,2,0,0,0,0,0.0,0,2025-09-25 06:45:19.402,2025-09-25 06:45:48.948,1.0,-1.0,0.0142,0.0,0,0.0,0.0,1
03fb0cfed202d6630d4532b17cd292328a8f8b63adc9dc1ed5251cbfc1092958,1,1,1.0,1,1,1.0,1,0,1,0,0,0.0,0,2025-09-25 18:15:09.797,2025-09-25 18:15:09.797,1.0,0.0,0.0071,0.0,0,0.0,0.0,1
c1e3e5e434e0a3b8b6116c8d2d237526381e89118535576772000f53971147d1,12,9,0.75,1,3,4.0,7,0,1,0,1,0.0,1,2025-09-26 19:04:39.656,2025-09-26 19:07:32.777,1.0,0.46,0.0496,0.0,0,0.0,0.4167,1
77cc1c03da8d3874b9a29a8f6cc232b88adbb852ee21d477cffd4cda1f6ebea8,13,1,0.0769,1,3,4.33,13,1,1,0,0,0.0,1,2025-09-26 17:17:56.090,2025-09-26 17:18:49.367,1.0,0.71,0.0922,0.0,0,0.0,0.0,1
77b904a8e614e44bb52f38c5d01c93d718889391cacd4472b9cd720fc0301473,169,167,0.9882,1,4,42.25,13,0,1,0,1,0.0,1,2025-09-26 05:47:50.732,2025-09-26 09:43:58.393,1.0,2.16,0.0922,0.0,8,0.0,0.9586,1
0625a7d5f11fca3215edd121694161f9ec0d85495a23554008abdce34bef0e29,10,7,0.7,1,3,3.33,6,0,1,0,1,0.0,0,2025-09-26 17:41:00.996,2025-09-26 18:22:57.288,1.0,4.32,0.0426,0.0,0,0.0,0.4,1
1d734eb16bc0c4843541fdbcc0aaf69ddfc57469d44bd14d07d4ed39fb2cf81c,6,2,0.3333,2,5,1.2,5,0,1,0,0,0.0,1,2025-09-26 04:30:15.214,2025-09-29 04:02:59.794,2.98,1.13,0.0355,0.0,0,0.0,0.0,1
3f943b902084b67c8660afbd855ddf5a64ce6b9689f494d61804735cabf9410a,123,114,0.9268,1,6,20.5,17,0,1,0,1,0.0,2,2025-09-26 05:10:26.316,2025-09-26 06:38:56.033,1.0,6.43,0.1206,0.0,8,0.0,0.9024,1
aedde34442b81df3166f74c7ac18d8b962f24192181812b65875cefb041bf3a2,17,2,0.1176,1,3,5.67,15,1,1,0,0,0.0,1,2025-09-26 11:12:23.297,2025-09-26 11:15:06.244,1.0,1.27,0.1064,0.0,0,0.0,0.0,1
b9037f512f579effe89364215cfc94377dd00513b6aa7700849fd409f5be5741,95,87,0.9158,3,4,23.75,14,0,1,0,1,0.0,0,2025-09-26 07:03:47.799,2025-10-05 08:20:31.894,9.05,0.54,0.0993,0.9787,8,0.0,0.9053,1
ad7d90ed605ef5d09e0ec632f105550c116958350de1ab199f6ed6796f17dea3,324,237,0.7315,2,8,40.5,25,0,1,0,1,0.0,2,2025-09-26 17:48:51.519,2025-09-29 06:47:24.793,2.54,56.78,0.1773,0.0,8,0.0,0.8796,1
feb8a90712692b58c86a697a3462424a866217e81a67eabae33eba15a508c674,107,100,0.9346,2,7,15.29,16,0,1,0,1,0.0,3,2025-09-26 17:40:18.784,2025-09-27 02:19:45.078,1.0,2.02,0.1135,0.0,7,0.0,0.8879,1
b5513415cd32fd6a4cbe15fc257d48765292ceb78bba2d82f6774796227b0be1,35,13,0.3714,4,10,3.5,10,0,1,0,1,0.0,1,2025-09-26 16:49:25.736,2025-10-01 18:32:51.231,5.07,2.03,0.0709,0.0,0,0.005571888888888888,0.3429,1
2c3fbe107ab8200cdd1ada831c3c9bd67d223e218c3f849e36692a705037a024,1,1,1.0,1,1,1.0,1,0,1,0,0,0.0,0,2025-09-26 00:19:07.884,2025-09-26 00:19:07.884,1.0,0.0,0.0071,0.0,0,0.0,0.0,1
f5aaebe40a9506be7fb01772ad6fecb525ee28ad81a53c8d3adc8048cc506f39,112,103,0.9196,1,3,37.33,16,0,1,0,1,0.0,1,2025-09-26 18:04:59.440,2025-09-26 20:19:19.551,1.0,108.93,0.1135,0.0,8,0.0,0.9464,1
40cad0cbc16fa74f395c2e13c326fddda490673a38e5acdc183cc2c96a7c1e18,1,1,1.0,1,1,1.0,1,0,1,0,0,0.0,0,2025-09-26 21:46:31.141,2025-09-26 21:46:31.141,1.0,0.0,0.0071,0.0,0,0.0,0.0,1
70d9dbebb65898b248094579002a18e16eb1ea667b1026ac9e67524dd7afd19e,154,134,0.8701,1,3,51.33,19,0,1,0,1,0.0,1,2025-09-26 03:54:19.415,2025-09-26 04:19:39.566,1.0,1.06,0.1348,0.0,7,0.0,0.8442,1
652721ebd78bf2126a624e1136acb496cc2ef385be036e9c5b4c089bb24ba869,161,150,0.9317,1,3,53.67,17,0,1,0,1,0.0,1,2025-09-26 04:49:28.790,2025-09-26 12:42:23.070,1.0,1.73,0.1206,0.0,7,0.0,0.8509,1
619f1b57e1acb78e18b5d39f3dea5dec086f7275157ed08fd31c54aa12d8b095,195,169,0.8667,2,6,32.5,19,0,1,0,1,0.0,1,2025-09-26 09:10:54.987,2025-09-30 08:26:18.440,3.97,1.82,0.1348,0.0,7,0.0,0.8462,1
3b5f7f337df4497d1cf686711f6dae44f470658c39028a981a358a10321ae2e1,7,2,0.2857,1,3,2.33,5,0,1,0,0,0.0,1,2025-09-26 03:40:55.538,2025-09-26 03:47:19.964,1.0,1.05,0.0355,0.0,0,0.0,0.0,1
d0bc5d800e42ec815cb2052fad140fc2b66315c4e1915061586784edcb336270,2,2,1.0,1,1,2.0,2,0,1,0,0,0.0,0,2025-09-26 09:19:31.608,2025-09-26 09:20:00.233,1.0,0.0,0.0142,0.0,0,0.0,0.0,1
ebe74dff352b4fdcf7ca107822d611a568c13796234dffc31ba240ac2ae9f058,8,3,0.375,1,3,2.67,7,0,1,0,0,0.0,1,2025-09-26 15:25:14.715,2025-09-26 15:30:31.457,1.0,3.29,0.0496,0.0,0,0.0,0.0,1
e08888a0c5e35c82b0104070d8ee34bb74019c7172bc23c391999113b31d0865,13,1,0.0769,1,3,4.33,13,1,1,0,0,0.0,1,2025-09-26 19:09:27.035,2025-09-26 19:11:36.426,1.0,1.53,0.0922,0.0,0,0.0,0.0,1
fc3f3e1776438ceff25770710657209e45ae7a535b3d475dc38348fb55498974,6,0,0.0,1,1,6.0,3,0,0,0,0,0.0,0,2025-09-26 17:52:11.237,2025-09-26 17:52:19.124,1.0,-1.0,0.0213,0.0,0,0.0,0.0,1
377dac794ddaaf41adf8d4b9d9ea099a257b59f5dbb49bef4a79fe4789e40bb8,6,2,0.3333,1,3,2.0,6,0,1,0,0,0.0,1,2025-09-26 21:48:36.759,2025-09-26 21:50:04.450,1.0,0.63,0.0426,0.0,0,0.0,0.0,1
f26e8c0607fd22e73ab25572d872746f11b5a4607904a6f5a83648864c860d2f,1,1,1.0,1,1,1.0,1,0,1,0,0,0.0,0,2025-09-26 05:07:47.355,2025-09-26 05:07:47.355,1.0,0.0,0.0071,0.0,0,0.0,0.0,1
e28d97febaac5896fba4dc5edf14a3d9eec35cb59508143a60ca0220ff2fce61,5,5,1.0,1,1,5.0,1,0,1,0,1,0.0,0,2025-09-26 15:02:40.646,2025-09-26 15:02:40.660,1.0,0.0,0.0071,0.0,0,0.0,1.0,1
53afb3e96322558dd4403d75306b4dc53339b9a2244e1fea87f36471bcb78e56,3,0,0.0,1,2,1.5,3,0,0,0,0,0.0,0,2025-09-26 11:30:06.417,2025-09-26 11:32:22.402,1.0,-1.0,0.0213,0.0,0,0.0,0.0,1
dbadc058cb5d07dd1f85509de1d466d0f1932524f4e4f12a2d0974a0fe78af8c,2,2,1.0,1,1,2.0,2,0,1,0,0,0.0,0,2025-09-26 09:19:27.185,2025-09-26 09:19:56.072,1.0,0.0,0.0142,0.0,0,0.0,0.0,1
b6f7b0bb0539b2fe40065d79731bdddb7cd1c05b2ac938e0c37bd178bf2a48c6,1,1,1.0,1,1,1.0,1,0,1,0,0,0.0,0,2025-09-26 13:07:08.730,2025-09-26 13:07:08.730,1.0,0.0,0.0071,0.0,0,0.0,0.0,1
6f39bdd30f410cd923614f5bb6fed0ee9993349c63d7cd070b320b522f9eb3e7,2,2,1.0,1,1,2.0,2,0,1,0,0,0.0,0,2025-09-26 21:36:33.828,2025-09-26 21:36:37.790,1.0,0.0,0.0142,0.0,0,0.0,0.0,1
0176d92792f537eb4df6625bdd1cad12f29a364dee50c4bb25abe6338ecfd42d,4,1,0.25,1,3,1.33,4,0,1,0,0,0.0,1,2025-09-26 14:17:39.787,2025-09-26 14:20:34.707,1.0,2.92,0.0284,0.0,0,0.0,0.0,1
eb6ca2096df9d6df320ed0b746d4515e0c79876f9647c0308f8751bc96216daf,4,0,0.0,1,1,4.0,3,0,0,0,0,0.0,0,2025-09-26 06:22:33.760,2025-09-26 06:25:25.125,1.0,-1.0,0.0213,0.0,0,0.0,0.0,1
db894bc76e14bb1c5b60f8cde99b26a5f411cad4599f12a1fee106acb8a15992,3,0,0.0,1,2,1.5,3,0,0,0,0,0.0,0,2025-09-26 16:44:13.162,2025-09-26 17:20:12.326,1.0,-1.0,0.0213,0.0,0,0.0,0.0,1
c0132a1dffbfbdd8bf40a93979815a4cbc08708b1cec0e7f7eb0c1c4effa0d7b,3,0,0.0,3,3,1.0,2,0,0,0,0,0.0,1,2025-09-26 11:27:19.423,2025-11-25 10:40:34.495,59.97,-1.0,0.0142,0.5,0,0.0,0.0,0
6c66973992adca8b2e70ad600341b7e1f79581938ffd5555615fc198eadc1bf4,3,3,1.0,1,1,3.0,1,0,1,0,0,0.0,0,2025-09-26 14:06:13.275,2025-09-26 14:38:03.807,1.0,0.0,0.0071,0.0,0,0.0,0.0,1
2b0046c011ef905752b20994ace5bee7d6034836b16335ba2e8794654cec06c6,1,1,1.0,1,1,1.0,1,0,1,0,0,0.0,0,2025-09-26 10:06:46.960,2025-09-26 10:06:46.960,1.0,0.0,0.0071,0.0,0,0.0,0.0,1
2ed2bbf71029e3689d9e46bc649486f89162300cacd626cef75ee174330b8b71,3,0,0.0,2,2,1.5,3,0,0,0,0,0.0,0,2025-09-26 20:43:35.311,2025-09-27 14:33:57.318,1.0,-1.0,0.0213,0.0,0,0.0,0.0,1
b421bb78724aa3bcc0ffcef7c824db69c2cf61df57bcc260a265ddb75d4e127b,3,0,0.0,3,3,1.0,1,0,0,0,0,0.0,0,2025-09-26 11:16:02.050,2025-10-09 10:59:04.894,12.99,-1.0,0.0071,0.5,0,0.0,0.0,1
9996bc0b5922799ae56b0e089eb2c26617b3844e42d9396a89f128323304ea94,3,0,0.0,3,3,1.0,1,0,0,0,0,0.0,0,2025-09-26 05:10:41.751,2025-10-06 04:52:34.172,9.99,-1.0,0.0071,0.0,0,0.0,0.0,1
300eefa311f31bfefc16a0acd49f26c27e221fd48ce0a9dc225f0c927b3d2f01,2,0,0.0,1,1,2.0,2,0,0,0,0,0.0,0,2025-09-26 14:34:25.440,2025-09-26 14:35:28.145,1.0,-1.0,0.0142,0.0,0,0.0,0.0,1
dda9f09bb0a398a875379fc768c30ce478e7313ae66288f78aa47712a755ef4b,1,1,1.0,1,1,1.0,1,0,1,0,0,0.0,0,2025-09-26 15:05:25.194,2025-09-26 15:05:25.194,1.0,0.0,0.0071,0.0,0,0.0,0.0,1
9fc3a85569c44275fdbc5d8a911371828188174dbb23f8930a792eeb6ade2cfb,1,1,1.0,1,1,1.0,1,0,1,0,0,0.0,0,2025-09-26 19:56:30.495,2025-09-26 19:56:30.495,1.0,0.0,0.0071,0.0,0,0.0,0.0,1
a35b1fa5d6df366116fda48546db8af5e9060596e85f13fbeeaf1a54d451f4e6,1,1,1.0,1,1,1.0,1,0,1,0,0,0.0,0,2025-09-26 07:02:30.618,2025-09-26 07:02:30.618,1.0,0.0,0.0071,0.0,0,0.0,0.0,1
9f003a86fa57810093e9dabc53ed6afbb144e2f6b6dea71a0599f0d59b381657,45,43,0.9556,1,3,15.0,11,0,1,0,1,0.0,1,2025-09-27 03:34:25.445,2025-09-27 03:43:36.716,1.0,0.59,0.078,0.0,6,0.0,0.9111,1
555b2c2e6b67ae7dd78fe181a2d79bd569c030839f84ba52a2dd3f236a40aede,55,52,0.9455,2,3,18.33,12,0,1,0,1,0.0,1,2025-09-27 14:19:28.711,2025-09-29 05:14:58.131,1.62,7.64,0.0851,0.0,7,0.0,0.9273,1
376d09438fc784b4f382f9453dbacc423e3231c8fc2c6c919d232bf3ad4c2742,16,3,0.1875,1,3,5.33,10,0,1,0,0,0.0,1,2025-09-27 13:21:30.564,2025-09-27 13:27:25.197,1.0,1.8,0.0709,0.0,0,0.0,0.0,1
ea2581c33c926e56c43f4cb256d01c678a477a546bfa999ecb100d90d621448b,3,3,1.0,1,2,1.5,2,0,1,0,0,0.0,0,2025-09-27 07:20:58.448,2025-09-27 18:02:50.127,1.0,0.0,0.0142,0.0,0,0.0,0.0,1
440a8bee7015a6dbc51f28e1a5554c5037d67b7ef13e3cbbcea1eb2adeccdd9d,11,5,0.4545,1,3,3.67,6,0,1,0,1,0.0,1,2025-09-27 15:52:34.675,2025-09-27 15:56:11.166,1.0,1.01,0.0426,0.0,0,0.0,0.2727,1
1d234b5358af724cde3b070f788b803b6b9bb9f4a2cebc377148c65efaa52c2b,3,0,0.0,1,2,1.5,2,0,0,0,0,0.0,0,2025-09-27 14:16:17.297,2025-09-27 17:32:20.283,1.0,-1.0,0.0142,0.0,0,0.0,0.0,1
13868ade9b5a1b233f3a2f96ad4575d95f15e10125f46fb4744920ad9ee4acd6,2,0,0.0,1,1,2.0,2,0,0,0,0,0.0,0,2025-09-27 20:50:42.060,2025-09-27 20:51:34.581,1.0,-1.0,0.0142,0.0,0,0.0,0.0,1
4381095d262cff0a468f74ebf51b53b40939298e514dc502d1b795b99f04a170,4,1,0.25,1,2,2.0,4,0,1,0,0,0.0,1,2025-09-27 04:35:56.902,2025-09-27 04:38:12.463,1.0,2.26,0.0284,0.0,0,0.0,0.0,1
edd9e1093a11ccf70855f8d1ed4fd470b0ca27bc789395ca8969fc39bc929a3e,3,0,0.0,1,2,1.5,2,0,0,0,0,0.0,0,2025-09-27 04:40:40.791,2025-09-27 09:10:28.887,1.0,-1.0,0.0142,0.0,0,0.0,0.0,1
0996be2bde3dbb95751d0ead4de2357327f559bc62e4f77d944bb28b766c0bf8,2,0,0.0,1,1,2.0,2,0,0,0,0,0.0,0,2025-09-27 01:59:22.765,2025-09-27 01:59:40.968,1.0,-1.0,0.0142,0.0,0,0.0,0.0,1
a75cf20d245688aa006633edce23005d243b0de81ddcb1b42aa2f481f03cfddd,1,1,1.0,1,1,1.0,1,0,1,0,0,0.0,0,2025-09-27 13:06:37.485,2025-09-27 13:06:37.485,1.0,0.0,0.0071,0.0,0,0.0,0.0,1
da8b6f0cc70fdc3fdcc49389c84706916aa8fa9d2a4de19cb0298cd1cdd52365,1,0,0.0,1,1,1.0,1,0,0,0,0,0.0,0,2025-09-27 13:42:08.168,2025-09-27 13:42:08.168,1.0,-1.0,0.0071,0.0,0,0.0,0.0,1
558489be5f3b271b503de9f7fb2cee6cee2b8d00cb73e6633767a56fc71f6a6a,1,1,1.0,1,1,1.0,1,0,1,0,0,0.0,0,2025-09-27 03:32:09.781,2025-09-27 03:32:09.781,1.0,0.0,0.0071,0.0,0,0.0,0.0,1
1556ea49232130702535dda45849322fffc74d0c0ebda49c27d27e7cf3f4b114,2,0,0.0,1,1,2.0,2,0,0,0,0,0.0,0,2025-09-27 19:19:15.048,2025-09-27 19:19:36.569,1.0,-1.0,0.0142,0.0,0,0.0,0.0,1
edfd7697be0800dfc027a77a263354e2b55cb2f344f32bc9be2aa71245736461,5,1,0.2,1,2,2.5,4,0,1,0,0,0.0,1,2025-09-28 12:18:59.000,2025-09-28 12:19:35.489,1.0,0.61,0.0284,0.0,0,0.0,0.0,1
defa6970fe59b441412201672f13146caf7a0197cbc307f39500770d37080de4,201,165,0.8209,3,32,6.28,17,0,1,0,1,0.0,1,2025-09-28 23:42:55.481,2025-10-01 03:22:35.687,2.15,4.26,0.1206,0.0,7,0.0,0.8259,1
5ae193e2d1da82be7ed789d2caa0ac65434619d01b6eb065a66c9ad05fbd52c8,324,202,0.6235,2,9,36.0,24,0,1,0,1,0.0,2,2025-09-28 12:14:36.667,2025-10-05 16:01:43.558,7.16,0.63,0.1702,-0.2185,8,0.04525203653846154,0.9259,1
1fdaea42018e27c6f83f995adfacc72e6e3bf9b16c81761720a9b8a46e48e49b,5,0,0.0,1,2,2.5,4,0,0,0,0,0.0,0,2025-09-28 13:13:52.335,2025-09-28 13:21:12.677,1.0,-1.0,0.0284,0.0,0,0.0,0.0,1
89e2529e5dec50082fd54fde5de0fdcc97718c1ea13ab52539829d625f99dcca,2,0,0.0,1,1,2.0,2,0,0,0,0,0.0,0,2025-09-28 18:42:22.779,2025-09-28 18:43:34.513,1.0,-1.0,0.0142,0.0,0,0.0,0.0,1
63193cc9c93c6bc203046fb44a3ee2ccbf1b38c99148913b505b921364805abc,75,69,0.92,3,6,12.5,11,0,1,0,1,0.0,1,2025-09-28 15:41:58.061,2025-10-05 11:04:56.766,6.81,0.65,0.078,0.0,7,0.0,0.8933,1
c4e8e958e5e523d8b584430834e54f9de12e4f4f4c3d39ea7468058c697e2b1c,259,207,0.7992,3,1,259.0,13,0,1,0,1,0.0,0,2025-09-28 14:13:04.033,2025-11-25 21:06:55.703,58.29,0.0,0.0922,0.9961,8,0.0,0.9961,0
a4204b21e8c9f245cb8a79236b3da0afe815d61b841c50d7028a256e977b42f5,24,5,0.2083,1,3,8.0,17,1,1,0,1,0.0,1,2025-09-28 06:35:54.108,2025-09-28 06:38:01.532,1.0,0.37,0.1206,0.0,0,0.0,0.1667,1
5d63dc9a1ebcd994304ea6be302f80b7eb071d3e450bf751d934f91ee92025d8,158,18,0.1139,5,33,4.79,24,1,1,0,1,0.0,3,2025-09-28 05:07:37.678,2025-10-03 11:50:14.498,5.28,2.3,0.1702,0.0,0,0.0003431241666666666,0.0759,1
20d5717755985ffd4a2f23b65bc79bdb3e464774c5ebc18272fdfa9099c10e1d,5,5,1.0,1,1,5.0,2,0,1,0,0,0.0,0,2025-09-28 20:31:21.600,2025-09-28 20:31:43.746,1.0,0.0,0.0142,0.0,0,0.0,0.0,1
bb1e0536467046e948896785858ff62f86b0066088fa89dc2c9fce7f1f6ba262,3,3,1.0,1,1,3.0,1,0,1,0,0,0.0,0,2025-09-28 20:57:35.769,2025-09-28 20:57:37.582,1.0,0.0,0.0071,0.0,0,0.0,0.0,1
5701795a892d32ebb4bf3b678d08f48e32a9b685c8c160776ef09333b614777f,4,1,0.25,1,3,1.33,3,0,1,0,0,0.0,1,2025-09-28 01:42:31.463,2025-09-28 01:45:11.200,1.0,2.66,0.0213,0.0,0,0.0,0.0,1
9fe94b8be726cbda387008d844dd0ff27463e4d92c915bdaf53a758771b989f2,2,2,1.0,1,1,2.0,2,0,1,0,0,0.0,0,2025-09-28 18:20:25.056,2025-09-28 18:20:52.296,1.0,0.0,0.0142,0.0,0,0.0,0.0,1
ecb77e297004f45e0ba2563a25a8484c954196bcc0467899eac44886e396c308,2,2,1.0,1,1,2.0,2,0,1,0,0,0.0,0,2025-09-28 18:20:34.911,2025-09-28 18:21:03.863,1.0,0.0,0.0142,0.0,0,0.0,0.0,1
f85386d5f7dc8873df14052496b36a0bc041ea8e63b20febcda44019d804c407,1,0,0.0,1,1,1.0,1,0,0,0,0,0.0,0,2025-09-28 21:46:59.743,2025-09-28 21:46:59.743,1.0,-1.0,0.0071,0.0,0,0.0,0.0,1
b1863da60c06abfb2d1c0d2973af83c140a6c2dc6a0cb24dd2ac9fd14edf7cfc,2,0,0.0,1,1,2.0,2,0,0,0,0,0.0,0,2025-09-28 06:16:54.873,2025-09-28 06:17:21.657,1.0,-1.0,0.0142,0.0,0,0.0,0.0,1
eb5c35fb45da26d6747dde74891a64dd7c2fefc65a0e2d7993ad947086733d06,1,1,1.0,1,1,1.0,1,0,1,0,0,0.0,0,2025-09-28 04:13:43.194,2025-09-28 04:13:43.194,1.0,0.0,0.0071,0.0,0,0.0,0.0,1
0b0e281801a55ce94fbf540d5d11f03160656ed8993d0505413775f761811d22,1,1,1.0,1,1,1.0,1,0,1,0,0,0.0,0,2025-09-28 15:40:07.571,2025-09-28 15:40:07.571,1.0,0.0,0.0071,0.0,0,0.0,0.0,1
fdeea69dedc1304b98d18346f0fe2f831fd02c370b484fc65c2928c6ea1d7022,1,1,1.0,1,1,1.0,1,0,1,0,0,0.0,0,2025-09-28 22:01:40.576,2025-09-28 22:01:40.576,1.0,0.0,0.0071,0.0,0,0.0,0.0,1
7dbec87261df2a0b0074be15ba8f0c8094ef7107a1c3b008a1c58149b72ba569,1,1,1.0,1,1,1.0,1,0,1,0,0,0.0,0,2025-09-28 23:46:30.121,2025-09-28 23:46:30.121,1.0,0.0,0.0071,0.0,0,0.0,0.0,1
5dad7c9bf226685411483a6d99544b1a23257aec3053ae0e789c1ca88bb82773,1,1,1.0,1,1,1.0,1,0,1,0,0,0.0,0,2025-09-28 10:12:30.371,2025-09-28 10:12:30.371,1.0,0.0,0.0071,0.0,0,0.0,0.0,1
76b31b29df231bd497826bccbee1a2962096b8e129d195feb367b57bc9e06977,14,4,0.2857,3,8,1.75,10,0,1,0,0,0.0,2,2025-09-29 08:04:25.611,2025-10-07 14:44:31.854,8.28,1.57,0.0709,0.7273,0,0.0,0.0,1
f3432f4080a494f952d198728767de1a829f2bb031e87616c1439b2bac73adac,98,95,0.9694,1,3,32.67,13,0,1,0,1,0.0,1,2025-09-29 11:14:57.387,2025-09-29 11:41:55.050,1.0,1.49,0.0922,0.0,7,0.0,0.9388,1
022f622c2bbc9efaddeaa298d4508b537c7eee39c6a3c681b21330c5327e9dfa,10,2,0.2,1,2,5.0,9,0,1,0,0,0.0,1,2025-09-29 10:24:29.176,2025-09-29 10:27:53.554,1.0,0.34,0.0638,0.0,0,0.0,0.0,1
1c997f04479d47ab5241be3275ce175a6094f758063d36f81d83ef2241c40c33,77,77,1.0,2,2,38.5,9,0,1,0,1,0.0,0,2025-09-29 10:10:09.919,2025-09-30 07:02:59.078,1.0,0.0,0.0638,0.0,8,0.0,1.0,1
5ff305262beb9561555358ade1850474da2fe2dd1a0596cb74806da67bc98e79,105,76,0.7238,5,14,7.5,25,0,1,0,1,0.0,1,2025-09-29 05:45:36.094,2025-11-03 09:47:22.508,35.17,0.92,0.1773,0.9896,7,0.0,0.6571,1
ff5237093fb38fbdf4ded7692d1ddf080bb83c101e125d75d05b9c15a9f23502,131,125,0.9542,2,3,43.67,15,0,1,0,1,0.0,1,2025-09-29 11:04:25.603,2025-09-30 08:59:51.385,1.0,0.27,0.1064,0.0,7,0.0,0.9313,1
9894c4364f5832e2b2e358d80ff9ee300e815ce0b4722d006332c19afad9f034,81,74,0.9136,1,5,16.2,16,0,1,0,1,0.0,1,2025-09-29 14:30:34.241,2025-09-29 16:55:49.223,1.0,30.22,0.1135,0.0,7,0.0,0.8889,1
397a756d95ba65e2514c1daf5d3778aeebd74b0b568be9f59112e27df1de6fba,10,4,0.4,1,2,5.0,7,0,1,0,0,0.0,1,2025-09-29 09:47:18.869,2025-09-29 09:54:56.774,1.0,0.61,0.0496,0.0,0,0.0,0.0,1
b443266974e562ac4932095b8a1d5295d51245cb589d4ab094b1deb32d194ada,1,1,1.0,1,1,1.0,1,0,1,0,0,0.0,0,2025-09-29 00:05:18.336,2025-09-29 00:05:18.336,1.0,0.0,0.0071,0.0,0,0.0,0.0,1
85f3bb1c5c0a1a57ad2a555c2e0e610fdec7f8b6a1119902b232ee9e3f436347,3,1,0.3333,1,2,1.5,3,0,1,0,0,0.0,1,2025-09-29 19:49:22.381,2025-09-29 19:50:21.265,1.0,0.98,0.0213,0.0,0,0.0,0.0,1
5feca342e42338b36f4da8ea3740c156fd378e4f6d7758cdebdf95b70177b74a,8,0,0.0,5,6,1.33,3,0,0,0,0,0.0,1,2025-09-29 09:47:18.390,2025-10-10 14:33:29.798,11.2,-1.0,0.0213,0.3333,0,0.0,0.0,1
eac8aad804b53363792aa0b8795f3efbc4f478bfe6f53ce66734b947fa33d4fb,1,1,1.0,1,1,1.0,1,0,1,0,0,0.0,0,2025-09-29 14:17:38.206,2025-09-29 14:17:38.206,1.0,0.0,0.0071,0.0,0,0.0,0.0,1
d27bdd48b8fdc20cce669f7e53225d6657349e575367fdd54dc5c2073faebdf2,5,0,0.0,1,1,5.0,1,0,0,0,1,0.0,0,2025-09-29 09:46:16.629,2025-09-29 10:26:02.471,1.0,-1.0,0.0071,0.0,0,0.0,1.0,1
789383c46e38fb31ea667d56d9134c4794fb604475b462846dd774c5d29840bb,1,1,1.0,1,1,1.0,1,0,1,0,0,0.0,0,2025-09-29 16:50:47.125,2025-09-29 16:50:47.125,1.0,0.0,0.0071,0.0,0,0.0,0.0,1
2cb3a34003198e6c5137e3ec5fc5d202abddd2cb6cf46d04f9631a2248fa1834,1,1,1.0,1,1,1.0,1,0,1,0,0,0.0,0,2025-09-29 10:20:52.748,2025-09-29 10:20:52.748,1.0,0.0,0.0071,0.0,0,0.0,0.0,1
9490c852d7764fbce4affe9ec6a03302cad5f49f9e75c82d453717a34c14535a,2,0,0.0,1,1,2.0,2,0,0,0,0,0.0,0,2025-09-29 10:06:03.643,2025-09-29 10:06:17.246,1.0,-1.0,0.0142,0.0,0,0.0,0.0,1
871cc6c9dab952b2642ba8406f25eea37db2578158c557fd1789f09f5ad92901,1,1,1.0,1,1,1.0,1,0,1,0,0,0.0,0,2025-09-29 13:35:24.440,2025-09-29 13:35:24.440,1.0,0.0,0.0071,0.0,0,0.0,0.0,1
0577b0436510b1f2ed5d4d4f15a3d7dd92c6c378683cad27db81cd2f3408d3cf,2,0,0.0,1,1,2.0,2,0,0,0,0,0.0,0,2025-09-29 20:30:00.295,2025-09-29 20:30:55.798,1.0,-1.0,0.0142,0.0,0,0.0,0.0,1
3aa05a182e274ac7cc443d6737b52e82f068db6341682052bea17ad1c5263b5a,1,1,1.0,1,1,1.0,1,0,1,0,0,0.0,0,2025-09-29 01:43:25.636,2025-09-29 01:43:25.636,1.0,0.0,0.0071,0.0,0,0.0,0.0,1
836ca18612a9625d7b726033e82eee71e2b5318adb92a64720649ee4166291a9,1,1,1.0,1,1,1.0,1,0,1,0,0,0.0,0,2025-09-29 12:49:22.084,2025-09-29 12:49:22.084,1.0,0.0,0.0071,0.0,0,0.0,0.0,1
e1ac98c9333f29e135f7c5bc5a0394c5172ca7e116b6d1a931741357a0ca1a20,175,81,0.4629,1,12,14.58,30,1,1,0,1,0.0,2,2025-09-30 11:13:32.461,2025-09-30 13:18:27.899,1.0,1.27,0.2128,0.0,6,0.02798154027777778,0.5943,1
6edcd8376ada1b8fd0f74712d84f55c6f0792adee9c85cb347dc40e65b4b8bb4,3,3,1.0,1,1,3.0,1,0,1,0,0,0.0,0,2025-09-30 18:21:14.786,2025-09-30 18:21:33.992,1.0,0.0,0.0071,0.0,0,0.0,0.0,1
9c5331b31a0458996cc84c0c750e4dbf5a9e5c91d0be4d5e9e4f04c3f3ba07a3,71,71,1.0,1,1,71.0,9,0,1,0,1,0.0,0,2025-09-30 14:00:01.091,2025-09-30 14:15:46.893,1.0,0.0,0.0638,0.0,8,0.0,1.0,1
b5dd63b43416f0f8a99103c6fdc3fdab64be7aa77c4958c9f7bae5c8ce3fd4e1,182,113,0.6209,8,31,5.87,23,0,1,0,1,0.0,5,2025-09-30 04:46:41.327,2025-10-10 18:30:59.142,10.57,1.11,0.1631,0.8855,7,0.03404429775,0.7033,1
52510f343985233006e3b74c26edd8b401e76c0ebf77b6b38baf319da6fdbaab,81,81,1.0,1,1,81.0,9,0,1,0,1,0.0,0,2025-09-30 13:55:02.679,2025-09-30 14:19:04.149,1.0,0.0,0.0638,0.0,8,0.0,1.0,1
f23cd86204dda24e10f722ab4d7e07f52d16e9702922ccc33ebcdcaec82fa979,484,275,0.5682,3,16,30.25,31,1,1,0,1,0.0,4,2025-09-30 16:10:41.219,2025-10-02 10:27:44.362,1.76,0.78,0.2199,0.0,8,0.05683438969387755,0.8781,1
411e0cbf2d7778ef73b490154de0cd1e1689fdcf690fc96fa822804307efed76,90,61,0.6778,1,2,45.0,12,0,1,0,1,0.0,0,2025-09-30 14:22:28.507,2025-09-30 14:45:59.319,1.0,1.27,0.0851,0.0,7,0.04204267666666667,0.9667,1
1a1985a8936f2c470535fdc8b1627cbf2e11db4c3189693868b68d96b5a496c6,13,3,0.2308,1,3,4.33,9,1,1,0,1,0.0,1,2025-09-30 17:01:42.598,2025-09-30 17:05:11.731,1.0,0.2,0.0638,0.0,0,0.00032506500000000003,0.1538,1
e99759c776554e2847f48e478a7735679fb14037dff6f0d9f509fbdcaf78e763,73,60,0.8219,1,3,24.33,19,0,1,0,1,0.0,1,2025-09-30 01:47:05.678,2025-09-30 02:06:26.512,1.0,1.1,0.1348,0.0,8,0.0,0.7945,1
4e286677497212711aab0324d643e86ae396e28c66340190c645ce978c7ea104,139,78,0.5612,3,5,27.8,17,0,1,0,1,0.0,2,2025-09-30 17:46:58.075,2025-11-28 05:53:11.926,58.5,1.63,0.1206,0.9704,7,0.03321427228571429,0.7914,0
343a5a0d21bedaa52f1cf556a0922135b3243e58a5cd226695d54befcf661ddd,3,1,0.3333,1,2,1.5,3,0,1,0,0,0.0,1,2025-09-30 21:02:56.537,2025-09-30 21:03:36.149,1.0,0.66,0.0213,0.0,0,0.0,0.0,1
bb02b2a3816d0d20044903c8c6d835c5826df1636df746324af0a2d6a2285646,1,1,1.0,1,1,1.0,1,0,1,0,0,0.0,1,2025-09-30 10:56:17.045,2025-09-30 10:56:17.045,1.0,0.0,0.0071,0.0,0,0.0,0.0,1
966227fef11f9af08da36baf73ad042ae35518343036c664b0f6326a061b373c,17,5,0.2941,2,4,4.25,7,0,1,0,1,0.0,0,2025-09-30 06:45:53.708,2025-10-01 11:15:08.904,1.19,268.13,0.0496,0.0,0,0.013526666666666666,0.3529,1
d17dcb0e03a2f90ef019237d44f02ea583ea4cf937418696ba8d28bc168504da,3,0,0.0,1,1,3.0,3,0,0,0,0,0.0,0,2025-09-30 07:53:14.643,2025-09-30 07:53:33.191,1.0,-1.0,0.0213,0.0,0,0.0,0.0,1
b5cf37f067d12bffb1e49eb16e82b6a1072b78733f9fd17e2697e28d5794d2e3,2,2,1.0,1,1,2.0,2,0,1,0,0,0.0,0,2025-09-30 22:55:51.679,2025-09-30 22:55:56.277,1.0,0.0,0.0142,0.0,0,0.0,0.0,1
9b7d4af6fa8256d6ba401d95d3ca26577e67a794b838604ec883798bdad0d748,3,1,0.3333,1,2,1.5,3,0,1,0,0,0.0,1,2025-09-30 02:23:41.027,2025-09-30 02:24:04.129,1.0,0.39,0.0213,0.0,0,0.0,0.0,1
fcb92b8402ff314b371e32af8097c371c592a86186512a8aa17eb6a2c48b5a6b,2,0,0.0,1,1,2.0,2,0,0,0,0,0.0,0,2025-09-30 09:18:33.942,2025-09-30 09:22:53.707,1.0,-1.0,0.0142,0.0,0,0.0,0.0,1
f189ad80f702671754e90806ceeda37c2e5e97fa4b1bb27a0621c1a121454da7,1,1,1.0,1,1,1.0,1,0,1,0,0,0.0,0,2025-09-30 12:17:25.213,2025-09-30 12:17:25.213,1.0,0.0,0.0071,0.0,0,0.0,0.0,1
a78bd368875c2fa0a1b70a481548dde2fea5556fe2ed173a10dc981d25e535b5,1,0,0.0,1,1,1.0,1,0,0,0,0,0.0,0,2025-09-30 22:13:00.859,2025-09-30 22:13:00.859,1.0,-1.0,0.0071,0.0,0,0.0,0.0,1
4c0ed86a3831d08945dd84eb2bd2d77c00bfa1a1cdc16fa1545f36cdceb62134,63,33,0.5238,1,6,10.5,16,0,1,0,1,0.0,2,2025-10-01 08:27:54.302,2025-10-01 09:43:16.745,1.0,5.77,0.1135,0.0,5,0.02398487730769231,0.8095,1
3d0df83ab948a780cfadc2800826a0c22f7d8914313a4848987d32c94c99e5ed,273,166,0.6081,2,6,45.5,24,0,1,0,1,0.0,1,2025-10-01 16:17:02.679,2025-10-05 07:02:29.249,3.61,1.41,0.1702,0.0,7,0.10113841672131148,0.8828,1
e0534b1b9af00b65f576570f1fb1784e5730332aa024fba5932836c7dc1029b1,8,4,0.5,2,2,4.0,4,0,1,0,0,0.0,3,2025-10-01 15:12:26.897,2025-10-10 04:46:16.906,8.57,0.0,0.0284,0.0,0,0.0,0.0,1
ea4789f94d583eb85455f77779415748077248d06b1a17602b033e56bc7be8ca,134,85,0.6343,2,5,26.8,18,0,1,0,1,0.0,1,2025-10-01 06:33:18.498,2025-10-02 06:40:21.061,1.0,3.9,0.1277,0.0,9,0.023745980952380952,0.9254,1
cd7e42a8c276943d7e4ae0b850f2cf32e2fc0c182193a9811ace62bf9da3fc4c,1,0,0.0,1,1,1.0,1,0,0,0,0,0.0,0,2025-10-01 13:44:27.695,2025-10-01 13:44:27.695,1.0,-1.0,0.0071,0.0,0,0.0,0.0,1
b630e56cf16c389e8046a27d1e40655de7e27fa9f8e6b699eba9325257859c4b,281,188,0.669,1,3,93.67,20,0,1,0,1,0.0,1,2025-10-01 16:30:38.657,2025-10-01 17:17:25.316,1.0,0.96,0.1418,0.0,9,0.028787243499999997,0.9644,1
f1106bd1a11baff1aab6dee8aafdcf14575dd6979780e7ddd0ca66fd42c230ca,96,64,0.6667,1,2,48.0,12,0,1,0,1,0.0,1,2025-10-01 20:18:55.292,2025-10-01 20:37:41.131,1.0,1.57,0.0851,0.0,7,0.02569127806451613,0.9688,1
e3d84bfb43b1646dbcb6c5b92b8e2822237f0387e9c94ab438b9cc1b7c1522f2,11,1,0.0909,1,3,3.67,8,1,1,0,0,0.0,1,2025-10-01 05:15:14.150,2025-10-01 05:15:51.875,1.0,0.59,0.0567,0.0,0,0.0,0.0,1
a7e2c028f3d8cbc6a381e2510be2a478b2677cc77f99ca3026a4ab42691fbedb,310,129,0.4161,2,8,38.75,25,0,1,0,1,0.0,1,2025-10-01 14:03:33.170,2025-10-05 09:34:06.988,3.81,0.72,0.1773,0.0,8,0.038149472235294114,0.8032,1
b4209fdce3af78f14d4cbd7f55571b39132e75acabe0bed1db9b83e7381e0b00,5,1,0.2,1,3,1.67,5,0,1,0,1,0.0,0,2025-10-01 20:12:20.622,2025-10-01 20:33:06.577,1.0,1.12,0.0355,0.0,0,0.002324,0.2,1
6f2a322c878eedcd2144fb2aada893030c1867e13960178f5b5e112c6c0ccab7,124,83,0.6694,1,2,62.0,14,0,1,0,1,0.0,0,2025-10-01 15:15:00.976,2025-10-01 15:44:22.751,1.0,0.7,0.0993,0.0,8,0.038263265,0.9677,1
296862746dc5a82e99a3942b8a0f96fc846ff3a3c0776e2aef05a119af1937d9,452,259,0.573,1,7,64.57,40,1,1,0,1,0.0,2,2025-10-01 12:58:52.848,2025-10-01 19:41:02.570,1.0,0.78,0.2837,0.0,8,0.06284804239130434,0.8584,1
2c7e68d9b78f350fa8e8d253fa1ff5cbfe4b3fd99303ab0451555b00bc830b99,9,2,0.2222,2,5,1.8,8,0,1,0,1,0.0,1,2025-10-01 05:39:12.197,2025-10-04 18:30:27.798,3.54,0.58,0.0567,0.0,0,0.0,0.1111,1
113d17251054fa300540fc2342285bbed0d4311826aafdd866612f9dcb45ae7c,127,78,0.6142,1,2,63.5,14,0,1,0,1,0.0,0,2025-10-01 17:32:52.379,2025-10-01 18:29:09.314,1.0,0.74,0.0993,0.0,7,0.09935702294117647,0.9606,1
ceec95eca3feabb2a23dadb39e6d50448768d099a7297c0f9798de6661e5d60a,6,3,0.5,1,1,6.0,2,0,1,0,1,0.0,0,2025-10-01 05:37:05.703,2025-10-01 05:37:34.042,1.0,0.44,0.0142,0.0,0,0.013079,1.0,1
feaf4e169ee4e55c7b762254d1dde173df3d35ea09ac8322479de16687d789ca,88,59,0.6705,1,2,44.0,12,0,1,0,1,0.0,0,2025-10-01 06:05:27.152,2025-10-01 06:18:23.307,1.0,0.74,0.0851,0.0,7,0.0437271925925926,0.9659,1
91100464928c9026abeacb3dc229b801b5725c83d7b569705e0b2f083de73aa3,154,102,0.6623,3,7,22.0,15,0,1,0,1,0.0,2,2025-10-01 18:02:02.170,2025-10-04 11:41:01.568,2.74,2.58,0.1064,0.0,8,0.026043680208333333,0.9481,1
fc0faf4da86382f124f0d4be1b8cf978b03985c292ce32be8145285af4c8c38c,2,0,0.0,1,1,2.0,2,0,0,0,0,0.0,0,2025-10-01 07:51:36.819,2025-10-01 07:52:00.770,1.0,-1.0,0.0142,0.0,0,0.0,0.0,1
ea99ebd0d09bb5db2703023f4f64e99bb2f5653c719a56efe463c29bb1ac05ae,13,1,0.0769,1,3,4.33,10,1,1,0,0,0.0,1,2025-10-01 20:19:09.158,2025-10-01 20:19:28.919,1.0,0.27,0.0709,0.0,0,0.0,0.0,1
8c77cd98d15a5d4be8f8f0eb5113f829a86fb564d73004a0a415025f2d362170,3,1,0.3333,1,2,1.5,3,0,1,0,0,0.0,1,2025-10-01 16:33:09.195,2025-10-01 16:34:11.136,1.0,1.03,0.0213,0.0,0,0.0,0.0,1
876a54e90464801f8a2086cd17e6a5a40920fa9ee122b55a42be5778e916a2fc,2,2,1.0,1,1,2.0,2,0,1,0,0,0.0,0,2025-10-01 21:13:35.585,2025-10-01 21:13:40.533,1.0,0.0,0.0142,0.0,0,0.0,0.0,1
97728e004c4707a980ee75fa77b0ca95e140dc72377cca3deca485c5dc45ad1d,1,1,1.0,1,1,1.0,1,0,1,0,0,0.0,1,2025-10-01 15:10:05.199,2025-10-01 15:10:05.199,1.0,0.0,0.0071,0.0,0,0.0,0.0,1
446e4f5b63fdda64bcadb7a56517cec9ada59be95a302a3699eb996b89d575a0,1,1,1.0,1,1,1.0,1,0,1,0,0,0.0,0,2025-10-01 13:56:32.347,2025-10-01 13:56:32.347,1.0,0.0,0.0071,0.0,0,0.0,0.0,1
78667354e0fddcb5c55295326468feef9f28e153d820c5aed3319cca4fb33481,2,2,1.0,1,1,2.0,1,0,1,0,0,0.0,0,2025-10-01 06:30:04.835,2025-10-01 06:36:49.070,1.0,0.0,0.0071,0.0,0,0.0,0.0,1
96da428cd54e1177176c07025a85f2a44f7224a6350c0db584b60211c4d21168,1,1,1.0,1,1,1.0,1,0,1,0,0,0.0,0,2025-10-01 08:16:40.762,2025-10-01 08:16:40.762,1.0,0.0,0.0071,0.0,0,0.0,0.0,1
e3ea8ea34558b15f2965bb99adf637fc0efc408add09fb1213fbc400a3d5b5c6,2,0,0.0,1,1,2.0,2,0,0,0,0,0.0,0,2025-10-01 13:45:09.450,2025-10-01 14:05:20.840,1.0,-1.0,0.0142,0.0,0,0.0,0.0,1
67e3818075ed594798800fff2b012d4ffb460d345db9eefe0fa6f303d0bfa3f3,15,15,1.0,2,3,5.0,2,0,1,0,0,0.0,0,2025-10-01 11:54:40.124,2025-10-07 07:03:42.602,5.8,0.0,0.0142,0.0,0,0.0,0.0,1
6b1dc69586f94a10220bbca79f9dd8fcc3de67c4a1bd39a78966e95040057d7b,22,2,0.0909,6,6,3.67,15,1,1,0,1,0.0,1,2025-10-01 10:05:51.739,2025-12-01 18:34:58.797,61.35,78999.2,0.1064,-3.25,0,0.0012280233333333333,0.1364,0
3e937ed0ec2f9da29dbf5b929de748a6790dd843b419f75e5cf6187180498707,3,3,1.0,1,1,3.0,1,0,1,0,0,0.0,1,2025-10-01 15:08:35.692,2025-10-01 15:09:06.267,1.0,0.0,0.0071,0.0,0,0.0,0.0,1
e0d7db43fe4daab2ff1b31cde19e709de523fa87ffe1f229361de9426d0e699e,6,1,0.1667,1,3,2.0,6,0,1,0,0,0.0,1,2025-10-01 05:56:29.181,2025-10-01 05:57:12.950,1.0,0.73,0.0426,0.0,0,0.0,0.0,1
c5449dd3d20ca29bc91e56fa4469966740ffdc5ac7ba0408d784af33883c8e79,1,1,1.0,1,1,1.0,1,0,1,0,0,0.0,1,2025-10-01 05:52:11.119,2025-10-01 05:52:11.119,1.0,0.0,0.0071,0.0,0,0.0,0.0,1
5afbc722c3c4b7ebc123cae719917aad7e049c7c81af2a428c0fe7edb4669c6a,2,2,1.0,1,1,2.0,1,0,1,0,0,0.0,0,2025-10-01 05:42:03.837,2025-10-01 05:42:26.669,1.0,0.0,0.0071,0.0,0,0.0,0.0,1
c9cd990370432a888ad254cd93448b28f67bdb64f0a821bf915e65be5bdf7950,1,1,1.0,1,1,1.0,1,0,1,0,0,0.0,0,2025-10-01 17:32:17.414,2025-10-01 17:32:17.414,1.0,0.0,0.0071,0.0,0,0.0,0.0,1
4de6ca360e0e78e0d40405d58bbbd7ec8fb20aad3d602e2dc1e474c4523c4fc3,1,1,1.0,1,1,1.0,1,0,1,0,0,0.0,0,2025-10-01 12:55:55.196,2025-10-01 12:55:55.196,1.0,0.0,0.0071,0.0,0,0.0,0.0,1
d40e1d259e2c90c2abf1aef3e2371d5aa47ae43a5b7408b30c64582266fa156f,2,1,0.5,1,1,2.0,2,0,1,0,0,0.0,1,2025-10-01 14:06:35.595,2025-10-01 14:44:44.305,1.0,0.0,0.0142,0.0,0,0.0,0.0,1
a9e6fc2d59d287b4326dd8901c757de69e2b2dd9c43df72d05eb02883130adc2,3,3,1.0,2,2,1.5,1,0,1,0,0,0.0,3,2025-10-01 14:30:47.234,2025-10-10 13:49:02.750,8.97,0.0,0.0071,0.5,0,0.0,0.0,1
c3bd9d8276d8a53ff2d2e623af303db783c93f32824e2fae6668113463fb1e0f,1,1,1.0,1,1,1.0,1,0,1,0,0,0.0,0,2025-10-01 09:41:56.727,2025-10-01 09:41:56.727,1.0,0.0,0.0071,0.0,0,0.0,0.0,1
7f431c4b2181f0a4cf2a1bb3d0d8fac992533b964f91fdd2e305c073034a1415,1,1,1.0,1,1,1.0,1,0,1,0,0,0.0,0,2025-10-01 10:20:29.291,2025-10-01 10:20:29.291,1.0,0.0,0.0071,0.0,0,0.0,0.0,1
063c2fc691da049953348d3b4a490604c73a681ff8fdadd7b7b4d3e50cf29041,1,0,0.0,1,1,1.0,1,0,0,0,0,0.0,0,2025-10-01 06:04:02.018,2025-10-01 06:04:02.018,1.0,-1.0,0.0071,0.0,0,0.0,0.0,1
d5d3eb2e7d8317cefd0d3099ca8d0162790a2ed86843ecbbc172c69ca6b35687,1,1,1.0,1,1,1.0,1,0,1,0,0,0.0,0,2025-10-01 15:12:39.645,2025-10-01 15:12:39.645,1.0,0.0,0.0071,0.0,0,0.0,0.0,1
7899e7cb0190a53bf9e8ec072ad5d14d5cfbe67ce4b4cee88381bb370a40d2c7,135,77,0.5704,1,3,45.0,20,0,1,0,1,0.0,1,2025-10-02 19:26:04.190,2025-10-02 20:10:28.773,1.0,1.47,0.1418,0.0,7,0.06397600055555556,0.8667,1
02c11ff0409045f1c5fedcaff3c6a4bffab8480aca98d611ef4be4645453e8f7,378,216,0.5714,1,1,378.0,11,0,1,0,1,0.0,0,2025-10-02 07:22:17.260,2025-10-02 08:34:07.310,1.0,0.51,0.078,0.0,8,0.029157884126984127,1.0,1
e7ace2907ebb46c691506204ce9717d9cba63023b8f04483244eea8f7824d28c,3,1,0.3333,1,2,1.5,3,0,1,0,0,0.0,1,2025-10-02 17:00:33.653,2025-10-02 17:02:20.802,1.0,1.79,0.0213,0.0,0,0.0,0.0,1
43c31cb78731e052a136de41c4f917c01a7239817c09908b04b50e2d9987d8ce,2,2,1.0,1,1,2.0,1,0,1,0,0,0.0,2,2025-10-02 13:59:54.802,2025-10-02 14:00:34.851,1.0,0.0,0.0071,0.0,0,0.0,0.0,1
27ce3b1d853db7d520906e31c9f302364c438bad1ab7c83db3666fa04bd3d64a,6,2,0.3333,2,3,2.0,4,0,1,0,0,0.0,1,2025-10-02 19:22:05.230,2025-10-03 17:25:13.023,1.0,4.73,0.0284,0.0,0,0.0,0.0,1
98b346ff115f703521dc745f65d04e4a95d20e09eb2d1b22c8a8049ddff7dd47,88,55,0.625,1,3,29.33,14,0,1,0,1,0.0,1,2025-10-02 06:04:36.343,2025-10-02 06:17:37.576,1.0,1.35,0.0993,0.0,7,0.031740657692307696,0.9091,1
5412eda50092721ca04b710ab0a3a14930f877c5587ad4af7edbd65c78c59120,26,13,0.5,1,3,8.67,13,0,1,0,1,0.0,1,2025-10-02 14:21:13.654,2025-10-02 14:50:26.800,1.0,3.97,0.0922,0.0,3,0.0089961775,0.6923,1
79f179d4135359b44362ca299464be60b9da75e253545f96ffae97b10170ed10,400,147,0.3675,3,9,44.44,45,1,1,0,1,0.0,1,2025-10-02 08:35:42.950,2025-11-10 16:13:13.653,39.32,1.15,0.3191,0.9276,8,0.06043622736842105,0.62,1
1f1a66d2634121ff6fdc8ff79309b0fdab5b80159bbea80b7fa6332eaa6cd886,163,89,0.546,2,2,81.5,11,0,1,0,1,0.0,0,2025-10-02 11:14:39.289,2025-10-03 11:03:35.145,1.0,0.3,0.078,0.0,8,0.05197004103448276,1.0,1
73722d42642cf8bfb0563372a6cfc1ea60dcd128dd1885db7d30116d6fba2393,458,141,0.3079,4,7,65.43,34,1,1,0,1,0.0,4,2025-10-02 18:08:49.755,2025-11-20 07:43:03.988,48.57,1.85,0.2411,-14.2857,1,0.037465850125,0.8996,1
34a3e6bb429f5e2de2f4416c58fd56431e931d897c0bc571bbbc0dc0584890cb,264,138,0.5227,1,4,66.0,21,0,1,0,1,0.0,1,2025-10-02 02:44:10.508,2025-10-02 03:26:33.421,1.0,0.52,0.1489,0.0,7,0.05054427036144578,0.8826,1
c450bf83167677a46cf09ffd16687d0f588f495c5ae34a773ed1a9b55a54d9c4,115,59,0.513,1,5,23.0,21,0,1,0,1,0.0,2,2025-10-02 02:32:27.550,2025-10-02 02:56:43.633,1.0,0.36,0.1489,0.0,8,0.028003149230769228,0.713,1
2c746a26abd4f0bc7dde055e11c631dd8bdb6119e2599540bfa204926b635858,3,1,0.3333,1,2,1.5,3,0,1,0,0,0.0,1,2025-10-02 13:47:57.944,2025-10-02 13:49:21.486,1.0,1.39,0.0213,0.0,0,0.0,0.0,1
597a35f05cc7bce0b2d3c711c6fb71273cf4b3f5e3161ff3461a50c9a9bd23b8,111,66,0.5946,1,3,37.0,18,0,1,0,1,0.0,1,2025-10-02 09:49:30.713,2025-10-02 10:14:20.927,1.0,7.11,0.1277,0.0,7,0.030316204827586204,0.8378,1
d04bcfcfde53cad780a19064d91ebf30dd151943e9d1bb90424800985bea722c,178,72,0.4045,1,8,22.25,36,1,1,0,1,0.0,2,2025-10-02 12:45:45.664,2025-10-02 13:13:08.608,1.0,1.59,0.2553,0.0,8,0.02481237351851852,0.6685,1
1149cc9613c3e17423ec4373567847a96d9716f4c5476147a4906508e63ea77a,2,0,0.0,1,1,2.0,2,0,0,0,0,0.0,0,2025-10-02 09:56:14.774,2025-10-02 09:56:49.469,1.0,-1.0,0.0142,0.0,0,0.0,0.0,1
b52ed522503fda0c3beb0308e269cf53e8880f8893f1871f1c77e78dbb696b89,204,60,0.2941,1,3,68.0,26,1,1,0,1,0.0,1,2025-10-02 17:53:44.634,2025-10-02 18:55:09.500,1.0,1.91,0.1844,0.0,6,0.016535799636363636,0.8137,1
80c76a14209dee82c76b97610696c9f9ad983f6019524448c2bac75e473c865f,34,0,0.0,3,7,4.86,6,0,0,0,0,0.0,1,2025-10-02 10:56:37.241,2025-10-08 14:28:20.726,6.15,-1.0,0.0426,0.0,0,0.0,0.0,1
fc08af06ac8ce55856aac05ebdf45c7521d0af77c2041db5173dfba17a8e7b0f,5,1,0.2,1,3,1.67,5,0,1,0,0,0.0,1,2025-10-02 10:47:33.549,2025-10-02 10:48:17.166,1.0,0.73,0.0355,0.0,0,0.0,0.0,1
2e76c235b8f2191094f0fb46b8a6d966c8faeb83eb13824480befb15774a1dbb,5,0,0.0,1,1,5.0,1,0,0,0,1,0.0,0,2025-10-02 13:26:39.922,2025-10-02 14:46:32.123,1.0,-1.0,0.0071,0.0,0,0.0011702339999999998,1.0,1
68ee96874410dd5fa4d3e25df96564a14c0c2c85b3ad1ce7bcac10085672288b,6,0,0.0,1,4,1.5,3,0,0,0,0,0.0,0,2025-10-02 13:40:22.047,2025-10-02 19:05:26.321,1.0,-1.0,0.0213,0.0,0,0.0,0.0,1
f2353773bff1bad2b8bce5a3699e352acaf559419f95cc772ad3e4b8abd0b50e,5,1,0.2,1,3,1.67,5,0,1,0,0,0.0,1,2025-10-02 12:14:44.240,2025-10-02 12:15:59.327,1.0,0.97,0.0355,0.0,0,0.0,0.0,1
49ae8109319c26aade52cc42471dcf7302237baad8ce8783d530c48ba0619e96,2,0,0.0,1,1,2.0,2,0,0,0,0,0.0,0,2025-10-02 06:19:15.362,2025-10-02 06:19:37.408,1.0,-1.0,0.0142,0.0,0,0.0,0.0,1
e8f928194e5511baa3bc055a336ce9625c71dcbbd535d1924ee8476cc22c815c,1,1,1.0,1,1,1.0,1,0,1,0,0,0.0,0,2025-10-02 18:02:44.167,2025-10-02 18:02:44.167,1.0,0.0,0.0071,0.0,0,0.0,0.0,1
e20c09582b23e9b702b26e7602cb611d3c4e20f4c9ff51e97d6528ca2fd78fc4,1,1,1.0,1,1,1.0,1,0,1,0,0,0.0,1,2025-10-02 06:46:46.217,2025-10-02 06:46:46.217,1.0,0.0,0.0071,0.0,0,0.0,0.0,1
df81a378f4e219ffc85f3863cb61ac5c6e5390361e5a1078282051d9524b90d5,1,1,1.0,1,1,1.0,1,0,1,0,0,0.0,1,2025-10-02 13:46:20.532,2025-10-02 13:46:20.532,1.0,0.0,0.0071,0.0,0,0.0,0.0,1
353a8e91280176c5038e40aa27c07d6ced4e036d0dc65c90193907fa1d608c92,2,0,0.0,1,1,2.0,2,0,0,0,0,0.0,0,2025-10-02 07:29:13.331,2025-10-02 07:29:43.581,1.0,-1.0,0.0142,0.0,0,0.0,0.0,1
669db835ef4985d50565e8bf5905a02b500988b6b3d0527da7f9db5e814d171f,2,0,0.0,1,1,2.0,2,0,0,0,0,0.0,0,2025-10-02 10:16:42.769,2025-10-02 10:16:58.057,1.0,-1.0,0.0142,0.0,0,0.0,0.0,1
5de28921a19e5149323227974ca52b858f5a4b1eaff0a24288bc75182b3b11c0,1,0,0.0,1,1,1.0,1,0,0,0,0,0.0,0,2025-10-02 18:25:26.793,2025-10-02 18:25:26.793,1.0,-1.0,0.0071,0.0,0,0.0,0.0,1
b386778ff8755bbb10e33c7cfaf0ffffdbf07dd6e89301f1669fa5b00e662b6c,14,3,0.2143,2,4,3.5,6,0,1,0,0,0.0,2,2025-10-02 05:56:55.815,2025-11-06 15:58:24.088,35.42,110.1,0.0426,-0.3333,0,0.0,0.0,1
590e7c89a846df8843f0512553b29d39da5d028e3cd53ae535f925457cef00df,2,0,0.0,1,1,2.0,2,0,0,0,0,0.0,0,2025-10-02 03:19:18.304,2025-10-02 03:19:54.327,1.0,-1.0,0.0142,0.0,0,0.0,0.0,1
1aedb038a508bb5bccbcb6d9907685bf47d7f53c389811249431a79bd98dacbe,1,1,1.0,1,1,1.0,1,0,1,0,0,0.0,0,2025-10-02 01:20:49.010,2025-10-02 01:20:49.010,1.0,0.0,0.0071,0.0,0,0.0,0.0,1
0fc6d653a48e4f019de22c5a5e2e560981b630c10c744cd4d36bc7efcf1abfbf,2,0,0.0,1,1,2.0,2,0,0,0,0,0.0,0,2025-10-02 10:14:15.235,2025-10-02 10:15:05.173,1.0,-1.0,0.0142,0.0,0,0.0,0.0,1
3f0185e7456ac8e5fa8795132a62cac5739239c9ffe736b9d53db254b8ce6dc7,1,1,1.0,1,1,1.0,1,0,1,0,0,0.0,0,2025-10-02 18:30:44.906,2025-10-02 18:30:44.906,1.0,0.0,0.0071,0.0,0,0.0,0.0,1
eb0d59d4d5e1dac4a1b86b9f200c5115c2f854d4532716e8e5b405057fda2123,1,1,1.0,1,1,1.0,1,0,1,0,0,0.0,1,2025-10-02 15:02:12.998,2025-10-02 15:02:12.998,1.0,0.0,0.0071,0.0,0,0.0,0.0,1
6382bfd2097d57619ea6c1dd00cf6c2c807a73b6de70552c9e4cec9dd2f4dc03,1,1,1.0,1,1,1.0,1,0,1,0,0,0.0,0,2025-10-02 02:32:56.292,2025-10-02 02:32:56.292,1.0,0.0,0.0071,0.0,0,0.0,0.0,1
d04a300646dc129d1ec3d6cac3ba7bfa4d59c5923668422953eb6ac5c9b9920b,1,1,1.0,1,1,1.0,1,0,1,0,0,0.0,0,2025-10-02 04:07:38.798,2025-10-02 04:07:38.798,1.0,0.0,0.0071,0.0,0,0.0,0.0,1
7a268f863855abae612cc156220293abae20a1abcb0bd0fc2ec79fa152d6ad48,1,1,1.0,1,1,1.0,1,0,1,0,0,0.0,0,2025-10-02 00:28:29.334,2025-10-02 00:28:29.334,1.0,0.0,0.0071,0.0,0,0.0,0.0,1
df8f84493c22b4a3312f337b60ec09bd8770484a6dbe2616a8974b55056fc157,16,1,0.0625,1,3,5.33,12,0,1,0,1,0.0,1,2025-10-03 03:55:43.861,2025-10-03 03:59:23.103,1.0,1.01,0.0851,0.0,0,0.0025463425,0.25,1
bbbfafe8e494c34f3ab82d89059a8a182c6ab39411449d7a59e9ea8101ec45d9,142,89,0.6268,2,4,35.5,13,0,1,0,1,0.0,1,2025-10-03 10:55:51.829,2025-10-04 07:36:49.631,1.0,2.01,0.0922,0.0,6,0.022304313541666666,0.9577,1
578abfbe66bbd725b6b5aba9b7e742ab691ddfc02e68e8fce2b8cdcfc4df3d3b,36,20,0.5556,1,3,12.0,13,0,1,0,1,0.0,1,2025-10-03 12:25:38.327,2025-10-03 12:49:38.539,1.0,19.92,0.0922,0.0,4,0.005029903333333334,0.6667,1
617b64d20a40f7a3f5df381a01f7f6c620ea4f4fb41135675e9b36e93e3012b7,71,35,0.493,1,3,23.67,14,0,1,0,1,0.0,1,2025-10-03 11:55:30.342,2025-10-03 12:02:53.967,1.0,0.67,0.0993,0.0,6,0.029556020625,0.7042,1
792987e7271e90bae7fdcb53322ec3e67c153749033cb8ead7e8e794e0c5fd01,19,3,0.1579,1,3,6.33,9,0,1,0,1,0.0,2,2025-10-03 16:54:55.539,2025-10-03 17:11:08.236,1.0,3.24,0.0638,0.0,0,0.0,0.0526,1
7eee917feeee9c1e7fae467734f13b1d2673e9633404ad31b5780636f2d75335,3,0,0.0,2,2,1.5,3,0,0,0,0,0.0,0,2025-10-03 17:09:17.866,2025-10-04 04:39:58.124,1.0,-1.0,0.0213,0.0,0,0.0,0.0,1
dc17d9276715f6b0916662c9e7bc60a7c5e94c8014845098583cf116893e3c41,64,39,0.6094,1,3,21.33,13,0,1,0,1,0.0,1,2025-10-03 13:07:21.233,2025-10-03 13:29:13.408,1.0,0.82,0.0922,0.0,7,0.021083821764705885,0.8594,1
05d44060a57d34c1756b1c529f7390db515916161bd0c6dcc5ea1ccf95bd685e,85,53,0.6235,1,1,85.0,9,0,1,0,1,0.0,0,2025-10-03 12:08:23.281,2025-10-03 12:26:26.163,1.0,0.22,0.0638,0.0,7,0.0333668296875,1.0,1
0eb4ef61e0cadcf8b3cf514061abe5079c01e047b381f93dd2a2cd88ff9f1ae7,36,18,0.5,1,3,12.0,12,0,1,0,1,0.0,1,2025-10-03 08:59:26.401,2025-10-03 09:05:50.447,1.0,1.7,0.0851,0.0,5,0.024184023636363638,0.7778,1
f0c1795d4493d6ae2ac905e4713ee0361e7a1fa7d7dac9a082abed2f5a3538b8,4,0,0.0,1,1,4.0,1,0,0,0,1,0.0,0,2025-10-03 12:21:50.252,2025-10-03 12:22:23.973,1.0,-1.0,0.0071,0.0,0,0.0015711475,1.0,1
6f63755ec5f9aaebf61dc025c74c6465f858d81107a7b6b331aa6dd1cea85662,96,64,0.6667,1,3,32.0,14,0,1,0,1,0.0,1,2025-10-03 12:16:39.585,2025-10-03 12:48:27.020,1.0,14.86,0.0993,0.0,7,0.043146956785714285,0.9479,1
977bd3530318667c61443d27c8f012e023633654ebefdd29637c1a6a99281e65,459,217,0.4728,5,10,45.9,26,0,1,0,1,0.0,1,2025-10-03 10:13:04.288,2025-11-02 18:34:13.227,30.35,0.93,0.1844,0.9956,7,0.03365307173913044,0.8976,1
7b9ac978b41155648f923a757f792c97c7210c4ea25f86ee7f8e170c52b5407b,110,76,0.6909,1,1,110.0,11,0,1,0,1,0.0,0,2025-10-03 19:12:43.842,2025-10-03 19:34:22.048,1.0,0.27,0.078,0.0,9,0.03673693382352942,1.0,1
6f2574bcd97468ec0d1c4259ea19e4436c16ae2e95d16d83791ea8fd9ea9a6cc,143,93,0.6503,2,5,28.6,17,0,1,0,1,0.0,1,2025-10-03 17:48:35.727,2025-10-06 19:02:55.626,3.05,0.69,0.1206,0.0,7,0.03365367886363636,0.9371,1
4663da10eaf2979aba04ca9a0b6a488935650f532ddaa508ee5cfef3c6a87b74,617,341,0.5527,1,1,617.0,12,0,1,0,1,0.0,0,2025-10-03 16:06:50.493,2025-10-03 18:51:41.274,1.0,0.24,0.0851,0.0,8,0.027732265568181817,1.0,1
3812e29301fb5852b4c31676f67c9f02ff6e4dc878629b62c14eb6a1749b1811,20,6,0.3,5,13,1.54,9,1,1,0,0,0.0,1,2025-10-03 07:28:00.002,2025-10-10 06:47:32.164,6.97,2.02,0.0638,0.0,0,0.0,0.0,1
9bea9bfdb36829c5b064bc79464fbf3005d47e312360d7e8df812e89783616d7,1,1,1.0,1,1,1.0,1,0,1,0,0,0.0,0,2025-10-03 13:25:56.875,2025-10-03 13:25:56.875,1.0,0.0,0.0071,0.0,0,0.0,0.0,1
90ca47b6a707053d24bf79649270f5f2841e7adc65f7d40c13f67779bb36d87a,1,1,1.0,1,1,1.0,1,0,1,0,0,0.0,0,2025-10-03 14:49:00.548,2025-10-03 14:49:00.548,1.0,0.0,0.0071,0.0,0,0.0,0.0,1
c105d339ef9ca143e40168d26c9bcc4c23d3cef821d715d799978357145b6437,254,161,0.6339,1,4,63.5,21,0,1,0,1,0.0,1,2025-10-03 18:39:57.297,2025-10-03 20:10:22.291,1.0,2.12,0.1489,0.0,7,0.03810154291666667,0.9291,1
7bf6bbfb4f6d9cccd5dd63035853dfd529a675e0cc82039133453a5c49ac781d,37,2,0.0541,4,8,4.62,17,1,1,0,1,0.0,2,2025-10-03 15:32:48.582,2025-10-07 14:33:24.352,3.96,1.3,0.1206,0.0,0,0.001885286,0.2703,1
89e64e96ad0c7d7dde17f138cfe21a3288f2c12cb5a83b96491a1908892468f9,127,78,0.6142,1,3,42.33,14,0,1,0,1,0.0,1,2025-10-03 12:11:22.324,2025-10-03 12:46:52.722,1.0,1.18,0.0993,0.0,7,0.051241258048780484,0.9606,1
c2c0db8a6a08e2a476811d1bf93082b969be215d897a06204e4c2b7704d28b85,197,118,0.599,2,6,32.83,23,0,1,0,1,0.0,1,2025-10-03 11:55:42.284,2025-10-05 17:59:03.063,2.25,2.45,0.1631,0.0,8,0.035366351166666664,0.8782,1
3e8fb0338806356b3f7dc42dadffbfdee1774b846cd24b5993c4f3059800cb5c,87,54,0.6207,1,2,43.5,13,0,1,0,1,0.0,0,2025-10-03 14:49:17.339,2025-10-03 15:02:57.953,1.0,0.2,0.0922,0.0,7,0.03135612444444444,0.9195,1
9ab1e84943f04914cbee31f16a66b20657da905e4922d0d63377e40db5b4252b,119,75,0.6303,1,3,39.67,17,0,1,0,1,0.0,1,2025-10-03 12:11:06.985,2025-10-03 12:59:27.589,1.0,1.3,0.1206,0.0,7,0.02767476948717949,0.9328,1
9c31425db5bdfd7fcb89e70e08dd4e6ddd40c9a69210d48b96d7a41cbe4422e2,104,66,0.6346,1,1,104.0,8,0,1,0,1,0.0,0,2025-10-03 09:35:44.953,2025-10-03 10:09:01.456,1.0,3.02,0.0567,0.0,6,0.022939696578947368,1.0,1
8751d9d69ffbd93024a536e8006ac39fc5a2e4b0277379d67146a95223464a28,32,7,0.2188,3,7,4.57,18,0,1,0,1,0.0,1,2025-10-03 14:36:49.588,2025-10-07 05:54:30.582,3.64,5232.76,0.1277,0.0,0,0.00021671,0.0625,1
2343c6d5615f7d7aef6b84eb29fbc84ac22eed728037e186b4fc892655b24c75,101,65,0.6436,1,2,50.5,12,0,1,0,1,0.0,0,2025-10-03 19:55:49.601,2025-10-03 20:15:57.742,1.0,0.49,0.0851,0.0,6,0.04113476709677419,0.9406,1
27a1cd0055c99d7ce5d6538438c6c5fe263f9b0ccb9da6bd082decbcd66d6dab,4,1,0.25,1,1,4.0,3,0,1,0,0,0.0,1,2025-10-03 14:07:15.546,2025-10-03 14:08:29.275,1.0,0.0,0.0213,0.0,0,0.0,0.0,1
2a0c3497275c73834d553a61c6f882a258e03e20b1b51d4a679cac56b027083c,1,1,1.0,1,1,1.0,1,0,1,0,0,0.0,0,2025-10-03 23:21:26.211,2025-10-03 23:21:26.211,1.0,0.0,0.0071,0.0,0,0.0,0.0,1
a70c71135e35789fb7e04bb6aca3d913c82341481c93916f5fb122f8b43ffbfc,1,1,1.0,1,1,1.0,1,0,1,0,0,0.0,0,2025-10-03 12:49:30.656,2025-10-03 12:49:30.656,1.0,0.0,0.0071,0.0,0,0.0,0.0,1
10275c4f3f9f5c94503d7a4dee90611719a2566fe4147e7389764831013ab2cc,1,1,1.0,1,1,1.0,1,0,1,0,0,0.0,0,2025-10-03 13:06:01.413,2025-10-03 13:06:01.413,1.0,0.0,0.0071,0.0,0,0.0,0.0,1
b86eca2df5f106652fe9cd72a40593f0959bdfecda1d101ae3de605e4038fa10,1,1,1.0,1,1,1.0,1,0,1,0,0,0.0,0,2025-10-03 07:32:29.000,2025-10-03 07:32:29.000,1.0,0.0,0.0071,0.0,0,0.0,0.0,1
7e1e0ac4e26458dac8866f500785967366211e2ec1a7948f5204771c07de9ad6,3,1,0.3333,1,2,1.5,3,0,1,0,0,0.0,1,2025-10-03 07:49:19.805,2025-10-03 07:51:02.020,1.0,1.7,0.0213,0.0,0,0.0,0.0,1
0f70ce10883707d777f49a53b457f216e665257eca6dd3548787f0d85f98d9dc,2,2,1.0,1,1,2.0,2,0,1,0,0,0.0,0,2025-10-03 11:37:27.496,2025-10-03 11:37:43.827,1.0,0.0,0.0142,0.0,0,0.0,0.0,1
45c89ada7437b6ce7b39b5ff5ff50914d081abd2bb254a6f53c7492b95e1e945,2,0,0.0,1,1,2.0,2,0,0,0,0,0.0,0,2025-10-03 12:09:48.954,2025-10-03 12:10:52.893,1.0,-1.0,0.0142,0.0,0,0.0,0.0,1
290fadbc40544e5091fd7311e92647b514e30a028defe09dcbb82863793c3de3,3,3,1.0,1,1,3.0,1,0,1,0,0,0.0,0,2025-10-03 20:22:14.715,2025-10-03 20:22:17.898,1.0,0.0,0.0071,0.0,0,0.0,0.0,1
ad08bfd442c72aa4987ffa7824df43f995ffca51d7e7b98ac236b2762f32aa76,1,1,1.0,1,1,1.0,1,0,1,0,0,0.0,0,2025-10-03 12:49:16.961,2025-10-03 12:49:16.961,1.0,0.0,0.0071,0.0,0,0.0,0.0,1
d4880842c10415b3a6ba8da02172a9bc4e235299c4b17845e4fd7b34f77b77ad,1,1,1.0,1,1,1.0,1,0,1,0,0,0.0,0,2025-10-03 14:46:24.679,2025-10-03 14:46:24.679,1.0,0.0,0.0071,0.0,0,0.0,0.0,1
4195532b9eea2ccc08507dd4af476bcfca2ffc439b0e1b9df1c49ce7be192394,1,1,1.0,1,1,1.0,1,0,1,0,0,0.0,0,2025-10-03 16:52:27.045,2025-10-03 16:52:27.045,1.0,0.0,0.0071,0.0,0,0.0,0.0,1
e2e058cf8b4e26d95f7bfc3b5fadd6b94cb343d30600fdd1f11ef4e60161aa10,5,5,1.0,1,1,5.0,1,0,1,0,0,0.0,0,2025-10-03 16:12:51.457,2025-10-03 16:19:45.529,1.0,0.0,0.0071,0.0,0,0.0,0.0,1
72d31ed9de18eef636fa40a47072571fafbaf8f9e1733752a1d024b1f4fa9e2a,4,0,0.0,1,1,4.0,1,0,0,0,1,0.0,0,2025-10-03 05:53:46.217,2025-10-03 05:54:23.002,1.0,-1.0,0.0071,0.0,0,0.0017878575,1.0,1
600677bd4aba01def37517c6092b8bc915d139b083061cf29a3bf932367b47ed,1,1,1.0,1,1,1.0,1,0,1,0,0,0.0,0,2025-10-03 12:03:43.742,2025-10-03 12:03:43.742,1.0,0.0,0.0071,0.0,0,0.0,0.0,1
cd29f5583d2c51b1c7f2640afd04f5aa868ad72e51d453047c6fa44f716fa6b1,2,0,0.0,1,1,2.0,2,0,0,0,0,0.0,0,2025-10-03 15:55:48.178,2025-10-03 15:56:26.252,1.0,-1.0,0.0142,0.0,0,0.0,0.0,1
b88fa8263967c08c60bee5d7761ee08b1ef0af0691b071f9e0c81cb7212e4500,8,2,0.25,1,2,4.0,4,0,1,0,1,0.0,1,2025-10-03 16:06:59.775,2025-10-03 16:12:04.576,1.0,0.82,0.0284,0.0,0,0.00267825,0.5,1
fdb2797824573070d4d03b390bc485a8b72c572548f33b396d52086c321df9d6,3,0,0.0,1,1,3.0,3,0,0,0,0,0.0,0,2025-10-03 06:47:07.308,2025-10-03 06:47:34.475,1.0,-1.0,0.0213,0.0,0,0.0,0.0,1
293bcbbb7265cc9872c21b4915bd5ad7467df205da39e4c023a233e7ced01733,1,1,1.0,1,1,1.0,1,0,1,0,0,0.0,0,2025-10-03 18:24:48.986,2025-10-03 18:24:48.986,1.0,0.0,0.0071,0.0,0,0.0,0.0,1
84ee85c10c6051674f3183aafd80882d779f8ac6bb778fb065402c1ad2ae94e4,1,1,1.0,1,1,1.0,1,0,1,0,0,0.0,0,2025-10-03 15:12:09.269,2025-10-03 15:12:09.269,1.0,0.0,0.0071,0.0,0,0.0,0.0,1
7e16b0b244b5c898f22557ea6dd293264075bb0243aa9301e72795dde1acbe20,2,2,1.0,1,1,2.0,2,0,1,0,0,0.0,0,2025-10-03 15:32:29.276,2025-10-03 15:32:39.681,1.0,0.0,0.0142,0.0,0,0.0,0.0,1
fd36f575c8629a57486b52941093b7e25054b580af5c849d7cc58a2a206b2478,1,1,1.0,1,1,1.0,1,0,1,0,0,0.0,1,2025-10-03 14:46:41.212,2025-10-03 14:46:41.212,1.0,0.0,0.0071,0.0,0,0.0,0.0,1
efe9882d33010daf00953f8ad5498be5862215f5956af3eb5697729dc39660f0,8,1,0.125,1,3,2.67,5,0,1,0,0,0.0,1,2025-10-04 04:50:30.057,2025-10-04 05:25:54.389,1.0,35.41,0.0355,0.0,0,0.0,0.0,1
e0afb7791d329e1622107adc719469e0f722401dd141820d6c1b1394b34a7ddf,31,3,0.0968,1,2,15.5,16,1,1,0,1,0.0,3,2025-10-04 02:56:08.998,2025-10-04 03:34:07.542,1.0,27.1,0.1135,0.0,0,0.00173368,0.2581,1
3fa28e4a05de38c2329549e465fff76a6e4a97e7142e237f8a80e4c02e632282,19,8,0.4211,1,3,6.33,7,0,1,0,1,0.0,1,2025-10-04 12:32:52.311,2025-10-04 12:34:18.136,1.0,0.17,0.0496,0.0,0,0.015324833333333334,0.6316,1
7e0af317316b97a61321b9427555bdc6e588d458b86fdfca42008243c0f38c6e,1,1,1.0,1,1,1.0,1,0,1,0,0,0.0,0,2025-10-04 12:32:17.593,2025-10-04 12:32:17.593,1.0,0.0,0.0071,0.0,0,0.0,0.0,1
563d2217daa3ac03f94ef1764761c0a7b71371e599733b701837c27575340b71,623,330,0.5297,1,21,29.67,23,0,1,0,1,0.0,1,2025-10-04 02:19:17.824,2025-10-04 07:07:38.999,1.0,1.61,0.1631,0.0,8,0.03630154668674699,0.9518,1
b68436343ee6e6ebf9f16f560357b738bf2322e23f14c84178676daba12dd41f,93,59,0.6344,1,3,31.0,15,0,1,0,1,0.0,1,2025-10-04 14:17:41.675,2025-10-04 14:31:25.223,1.0,0.47,0.1064,0.0,7,0.04075507857142857,0.914,1
0aa67c09bb5bcd72de3dc5e8ed96b1e667b9e7cb1bd24031fb5f813b2e847c00,21,5,0.2381,1,4,5.25,11,0,1,0,1,0.0,1,2025-10-04 17:01:14.595,2025-10-04 17:05:02.661,1.0,0.54,0.078,0.0,0,0.013435666666666667,0.3333,1
753a0b63caa1fb2e2f5733ce6c1a690d0dae67a4051d9413607b499625020c1c,359,194,0.5404,2,5,71.8,22,0,1,0,1,0.0,1,2025-10-04 22:01:38.959,2025-10-05 16:46:46.095,1.0,2.1,0.156,0.0,7,0.054043820309278345,0.9331,1
d9935b7be1b495c4c036bd697cf583004f54d614eeba7172bfd2b567f90fe5d4,108,73,0.6759,1,2,54.0,12,0,1,0,1,0.0,0,2025-10-04 15:34:31.266,2025-10-04 15:50:12.829,1.0,0.63,0.0851,0.0,7,0.056553715151515145,0.9722,1
2020aeb1ca1a40ba471387f6d691a7124564df959b2b4f4f822a75840c3ea7de,4,0,0.0,1,3,1.33,3,0,0,0,0,0.0,0,2025-10-04 09:21:52.851,2025-10-04 20:22:05.425,1.0,-1.0,0.0213,0.0,0,0.0,0.0,1
fc4ae8029284774c6d9cf3598949635283a6efd6cc702bd9650cd21e261d0c63,1,1,1.0,1,1,1.0,1,0,1,0,0,0.0,0,2025-10-04 12:22:20.382,2025-10-04 12:22:20.382,1.0,0.0,0.0071,0.0,0,0.0,0.0,1
ac4043518363c2c03395ffd4906865f89d7b7663389c15280a6d42962b1d2c68,2,2,1.0,2,2,1.0,1,0,1,0,0,0.0,0,2025-10-04 17:31:07.284,2025-10-08 04:09:30.328,3.44,0.0,0.0071,0.0,0,0.0,0.0,1
8559fb8defb300b73e2dddac7d03065a1272b0fec58dc726dcd6bb3e780d78a0,231,122,0.5281,2,4,57.75,20,0,1,0,1,0.0,1,2025-10-04 12:09:01.259,2025-10-10 04:55:08.425,5.7,0.55,0.1418,0.0,7,0.01876583301204819,0.8658,1
26e53fbe83c2702b18a2d1826af4a6e7f474b530f63e61462e67b2366f3f96bd,6,1,0.1667,1,2,3.0,5,0,1,0,1,0.0,0,2025-10-04 10:50:42.719,2025-10-04 10:52:12.268,1.0,1.31,0.0355,0.0,0,0.0017385,0.3333,1
8f1ad621e3090fb4ad17533051bc4c0028ca45b43e2f8f500d1557df086704ba,80,52,0.65,1,2,40.0,12,0,1,0,1,0.0,0,2025-10-04 12:52:13.785,2025-10-04 12:59:19.796,1.0,1.04,0.0851,0.0,6,0.025466231818181816,0.9125,1
6343b5946e6192c136e9f2f9640182ce768b6a131394b470dd5449d4888a60c8,31,1,0.0323,1,3,10.33,17,1,1,0,1,0.0,1,2025-10-04 05:32:33.758,2025-10-04 05:48:07.660,1.0,1.86,0.1206,0.0,0,0.00181494625,0.2581,1
09fb495e22953f7efa73d69536755e171d97403cfd2cbc6ca8a9a60c72437202,4,1,0.25,1,3,1.33,4,0,1,0,0,0.0,1,2025-10-04 00:59:29.091,2025-10-04 01:20:46.045,1.0,21.28,0.0284,0.0,0,0.0,0.0,1
6e36d32f2b6bf6a4ee623a748992a7ea95ef7dee4021ce27d32e57c8037a1e89,272,149,0.5478,1,7,38.86,31,1,1,0,1,0.0,4,2025-10-04 12:47:39.332,2025-10-04 13:18:46.529,1.0,0.91,0.2199,0.0,8,0.02783966647887324,0.761,1
88c7d4b62878f657cf8fd1349b7b07c9892e3556d8daabed3491050d0b1cd174,74,32,0.4324,2,6,12.33,28,0,1,0,1,0.0,1,2025-10-04 16:17:21.149,2025-10-05 02:43:41.733,1.0,1.91,0.1986,0.0,7,0.018255083529411766,0.5135,1
5a0808d0b62ad3a83e4947ac3ca9f3b0f4aeea4e6795cd1c37e0c5b6817560bf,1,1,1.0,1,1,1.0,1,0,1,0,0,0.0,0,2025-10-04 08:01:07.827,2025-10-04 08:01:07.827,1.0,0.0,0.0071,0.0,0,0.0,0.0,1
f9a6633e8996f215c56b5e1191b62fa7f782466addacff68ec6919843cad7184,224,125,0.558,2,5,44.8,18,0,1,0,1,0.0,1,2025-10-04 18:18:09.344,2025-10-06 11:10:05.233,1.7,1.23,0.1277,0.0,7,0.06831446057692309,0.8616,1
d2f3d8af9166bca07f578f05b9b1e1f257d5514a04c92a5cb877c6c75bb2da24,1,1,1.0,1,1,1.0,1,0,1,0,0,0.0,0,2025-10-04 12:08:36.726,2025-10-04 12:08:36.726,1.0,0.0,0.0071,0.0,0,0.0,0.0,1
3f25b93344bc45499250f4f6558ceea4dcd76dede60e0e6cc6ee72f6c3ac11bf,14,6,0.4286,1,2,7.0,6,0,1,0,1,0.0,0,2025-10-04 11:32:21.861,2025-10-04 11:33:28.513,1.0,0.65,0.0426,0.0,0,0.017466333333333334,0.5714,1
f1899494c196f9e7724601e151e9538fdd1c0f63ae6877a60341c71369ee820e,35,0,0.0,1,1,35.0,1,0,0,0,1,0.0,0,2025-10-04 16:05:35.066,2025-10-04 16:19:01.364,1.0,-1.0,0.0071,0.0,0,0.0015045865714285716,1.0,1
b58922c451fb038209c9fc7f877a383c66eb1643c5fd82b1a677b41a760834d8,17,1,0.0588,1,3,5.67,14,1,1,0,1,0.0,1,2025-10-04 13:54:22.293,2025-10-04 13:55:48.905,1.0,0.58,0.0993,0.0,0,0.002275455,0.2353,1
e096e7a417424007ac527fd77b90244f3a5cd5f7f01a86576932ae474d006233,248,115,0.4637,3,7,35.43,32,0,1,0,1,0.0,1,2025-10-04 03:52:45.420,2025-10-07 07:06:42.290,3.13,3015.87,0.227,0.0,9,0.030073839277108435,0.871,1
7bc58435e1f4e090af85bd93ab30cc5414075e9c397d4c729ce44dd64612ee84,2,2,1.0,1,1,2.0,1,0,1,0,0,0.0,0,2025-10-04 09:26:11.788,2025-10-04 09:26:14.871,1.0,0.0,0.0071,0.0,0,0.0,0.0,1
808daa6d591c524aee4ba8a9491d76035951c0be0fb3583cbc07e815726bffa6,1,1,1.0,1,1,1.0,1,0,1,0,0,0.0,0,2025-10-04 14:10:22.213,2025-10-04 14:10:22.213,1.0,0.0,0.0071,0.0,0,0.0,0.0,1
8fb61ae11ccaaf10e46ac654dc74ddbbe7ba7a428a4e7182b522a4c7926a453d,1,1,1.0,1,1,1.0,1,0,1,0,0,0.0,0,2025-10-04 11:30:07.061,2025-10-04 11:30:07.061,1.0,0.0,0.0071,0.0,0,0.0,0.0,1
24c43107a43aeef0f65faa68ac2f2ac599d8aaf2fb4a02afbb95ba102d450882,1,1,1.0,1,1,1.0,1,0,1,0,0,0.0,0,2025-10-04 11:58:59.242,2025-10-04 11:58:59.242,1.0,0.0,0.0071,0.0,0,0.0,0.0,1
41b17c5fa442865983ffdad8200d402f2a41e05a34d7df8096c5591ded560f9a,1,1,1.0,1,1,1.0,1,0,1,0,0,0.0,0,2025-10-04 19:41:45.344,2025-10-04 19:41:45.344,1.0,0.0,0.0071,0.0,0,0.0,0.0,1
28c4a50024ce1ee44a2464ee63cfd93b9961485ad8de3df78d6bf3b3f26ed93b,2,0,0.0,1,1,2.0,2,0,0,0,0,0.0,0,2025-10-04 02:40:39.927,2025-10-04 02:41:46.604,1.0,-1.0,0.0142,0.0,0,0.0,0.0,1
ca81c2e97fa13073018a055173c6bcf91eec77e2d0b856f9383eaa67b6fef929,1,1,1.0,1,1,1.0,1,0,1,0,0,0.0,0,2025-10-04 09:12:50.081,2025-10-04 09:12:50.081,1.0,0.0,0.0071,0.0,0,0.0,0.0,1
796fb4447095c685d4466207c07968d4b55e434e2ee160cd3ed6d5fbaa25a5f1,1,1,1.0,1,1,1.0,1,0,1,0,0,0.0,0,2025-10-04 16:47:02.914,2025-10-04 16:47:02.914,1.0,0.0,0.0071,0.0,0,0.0,0.0,1
d75d1c560ffbb965f1044daf81ea90e772b0cb9b97aa321459220b833e6a8f86,186,126,0.6774,2,4,46.5,14,0,1,0,1,0.0,2,2025-10-04 07:22:44.138,2025-10-06 10:03:46.891,2.11,2637.9,0.0993,0.0,8,0.024651645357142853,0.9677,1
216b7075fec083376aba7d258321312b1ca4b862183bb8831be92bdc8ffcf5e6,1,1,1.0,1,1,1.0,1,0,1,0,0,0.0,0,2025-10-04 08:13:32.018,2025-10-04 08:13:32.018,1.0,0.0,0.0071,0.0,0,0.0,0.0,1
adc7414378518101c1d8acda7790bdf7e5265d59228ee34f387f726e4f74cd65,9,9,1.0,2,2,4.5,1,0,1,0,0,0.0,0,2025-10-04 05:00:24.914,2025-10-06 03:20:06.695,1.93,0.0,0.0071,0.0,0,0.0,0.0,1
32bfefcd9dae5185c86e5bf3b79080dfdb92a7afb48d8c3f2689753f6b62bdb8,3,1,0.3333,1,2,1.5,3,0,1,0,0,0.0,1,2025-10-04 17:01:35.677,2025-10-04 17:02:59.218,1.0,1.39,0.0213,0.0,0,0.0,0.0,1
ac1aee89db5a6d69f816357a282e1e036bbf4b1a47f26a782d12cec0c6803f7c,1,1,1.0,1,1,1.0,1,0,1,0,0,0.0,0,2025-10-04 11:29:26.902,2025-10-04 11:29:26.902,1.0,0.0,0.0071,0.0,0,0.0,0.0,1
18225b11a9e7c20126c78639ff8794702ef8ac8d6c7cd92571183713d2cb901a,131,88,0.6718,1,1,131.0,9,0,1,0,1,0.0,0,2025-10-05 05:08:50.681,2025-10-05 05:26:30.074,1.0,2.91,0.0638,0.0,7,0.02751884534883721,1.0,1
cce4eb3fe1e702ae2cda61f707a04d2b9877e778dcab11d92c456c135eab136b,142,82,0.5775,1,5,28.4,19,0,1,0,1,0.0,1,2025-10-05 08:22:06.012,2025-10-05 13:39:36.993,1.0,0.35,0.1348,0.0,8,0.036681916875,0.9014,1
6d876a47d468d8d9c6c3fdb26178fe3b7c12a94b6cc7951938817f8e022dd04c,114,75,0.6579,1,6,19.0,16,0,1,0,1,0.0,1,2025-10-05 13:02:44.071,2025-10-05 14:18:20.758,1.0,0.57,0.1135,0.0,6,0.03906386545454545,0.8947,1
9f6c97065928c90571ca307d19c8719b1ce5101134e36268455e1b43d8c278ac,341,204,0.5982,1,5,68.2,21,0,1,0,1,0.0,1,2025-10-05 09:35:14.631,2025-10-05 19:16:05.257,1.0,1.63,0.1489,0.0,8,0.054876474137931036,0.956,1
715203840ca19af0df1febadd7909f7a6620cba571544a5514ba37b3ac88c11a,279,178,0.638,1,5,55.8,18,0,1,0,1,0.0,1,2025-10-05 06:14:18.017,2025-10-05 09:00:11.279,1.0,5.27,0.1277,0.0,8,0.041652314,0.9713,1
c61a6f53b143e21bc08fc00fbc2e85496482849addde0e03c65e4f384d2368b7,1,0,0.0,1,1,1.0,1,0,0,0,0,0.0,0,2025-10-05 07:53:25.563,2025-10-05 07:53:25.563,1.0,-1.0,0.0071,0.0,0,0.0,0.0,1
09ab3ecc4dc9938b13cc5ea2fb19c709451c48e0472de729327a92ee0ec745ca,248,151,0.6089,1,7,35.43,21,0,1,0,1,0.0,1,2025-10-05 06:51:07.906,2025-10-05 11:27:26.765,1.0,10.1,0.1489,0.0,8,0.054311530000000004,0.9234,1
d0f93e0a6dbc9a9ccbc92d6ec5ad0fd432d0f96c7dd72b4f09de459956d47605,1,1,1.0,1,1,1.0,1,0,1,0,0,0.0,0,2025-10-05 05:57:34.106,2025-10-05 05:57:34.106,1.0,0.0,0.0071,0.0,0,0.0,0.0,1
aa5f0a647ce678229c9af65ec3f21fcb98378ef7569dfecc745a510d4521455e,288,158,0.5486,1,3,96.0,19,0,1,0,1,0.0,1,2025-10-05 09:02:52.570,2025-10-05 09:53:27.227,1.0,1.12,0.1348,0.0,7,0.06922449884615385,0.9549,1
fe6b29babbdd65d89e3cd808a62384922bdd07e6839fec37b6b192ce0e2a011c,2,2,1.0,1,1,2.0,2,0,1,0,0,0.0,0,2025-10-05 16:38:22.425,2025-10-05 16:38:27.115,1.0,0.0,0.0142,0.0,0,0.0,0.0,1
533e285e20e5be8107a8dfa6d11a9cc59c4d78373cebe9f0d34b3cc3a99e6a67,1,1,1.0,1,1,1.0,1,0,1,0,0,0.0,0,2025-10-05 00:24:58.647,2025-10-05 00:24:58.647,1.0,0.0,0.0071,0.0,0,0.0,0.0,1
14c326e7c96e71e76712a74f2bcf719295e04bfe08ed8bc2a81924a12ef341ff,3,3,1.0,1,1,3.0,2,0,1,0,0,0.0,0,2025-10-05 10:22:38.214,2025-10-05 10:22:48.395,1.0,0.0,0.0142,0.0,0,0.0,0.0,1
28488447b4edac80be4d714e50b3ecc20b2c43ef13eab6a338b333c19e3dfd8f,5,1,0.2,1,2,2.5,4,0,1,0,1,0.0,0,2025-10-05 13:03:15.340,2025-10-05 13:10:03.865,1.0,5.64,0.0284,0.0,0,0.0018440000000000002,0.4,1
87dcf1ab888b3c08f371df6c83359dba1ac8866d013ddf426e9a9cb5aca2f53f,2,2,1.0,1,1,2.0,2,0,1,0,0,0.0,0,2025-10-05 13:36:20.303,2025-10-05 13:36:38.617,1.0,0.0,0.0142,0.0,0,0.0,0.0,1
931f53cfceee293b2da9d234b344dade7397abff90d175d24baec633217c0802,3,3,1.0,1,1,3.0,2,0,1,0,0,0.0,0,2025-10-05 21:19:15.566,2025-10-05 21:19:39.589,1.0,0.0,0.0142,0.0,0,0.0,0.0,1
2a13e27b439094014b2e61e7048fb1d03f07a914708753b5ab7d6bdc542190b2,1,1,1.0,1,1,1.0,1,0,1,0,0,0.0,0,2025-10-05 12:47:43.227,2025-10-05 12:47:43.227,1.0,0.0,0.0071,0.0,0,0.0,0.0,1
63b2abe5e461a0004bce3c704f5f04729b8af593baa86a09f50a9c6b11c1a24f,2,2,1.0,1,1,2.0,1,0,1,0,0,0.0,0,2025-10-05 06:46:17.080,2025-10-05 06:46:17.261,1.0,0.0,0.0071,0.0,0,0.0,0.0,1
1d83d8edc242f1cf9649802d65a654a325c84c487b1732f94a974976d35da1db,2,0,0.0,1,1,2.0,2,0,0,0,0,0.0,0,2025-10-05 16:39:07.908,2025-10-05 16:39:30.823,1.0,-1.0,0.0142,0.0,0,0.0,0.0,1
9cccb9c6598f4594672fcbcdab0854b0ca254a36604da97c0d89b44b3292dd8a,2,2,1.0,1,1,2.0,2,0,1,0,0,0.0,0,2025-10-05 12:00:43.578,2025-10-05 12:01:08.867,1.0,0.0,0.0142,0.0,0,0.0,0.0,1
5fac2c81f72694ce2632314f26c49f07ac7f11e617e2def998513ebcebc065bd,1,1,1.0,1,1,1.0,1,0,1,0,0,0.0,0,2025-10-05 19:09:07.628,2025-10-05 19:09:07.628,1.0,0.0,0.0071,0.0,0,0.0,0.0,1
21db80a22f9946d8f49b90f7d9e8bb38e42c1535606f3d904fceef5ef06c4eef,2,2,1.0,1,1,2.0,1,0,1,0,0,0.0,0,2025-10-05 13:48:00.296,2025-10-05 13:48:01.959,1.0,0.0,0.0071,0.0,0,0.0,0.0,1
36be7e3bf8a971907c605ea144599b65177b6edebc117aca724506c6838407f6,2,0,0.0,1,1,2.0,2,0,0,0,0,0.0,0,2025-10-05 07:55:54.926,2025-10-05 07:56:32.068,1.0,-1.0,0.0142,0.0,0,0.0,0.0,1
375a1e031c2a4a9d2cb27de602786319f5ec6488e098cdbbcec083aac8d35118,1,1,1.0,1,1,1.0,1,0,1,0,0,0.0,0,2025-10-05 13:02:01.241,2025-10-05 13:02:01.241,1.0,0.0,0.0071,0.0,0,0.0,0.0,1
3e5e0f6843efc79b5e1fa37087f682c525519f861fbb185321ebc428f4e38cd6,2,0,0.0,1,1,2.0,2,0,0,0,0,0.0,0,2025-10-05 12:43:37.887,2025-10-05 12:44:06.323,1.0,-1.0,0.0142,0.0,0,0.0,0.0,1
d96c0ecdf624f465474bdb26dca69b3da2dfc3c6eb1e2d51523a579e892d4649,1,1,1.0,1,1,1.0,1,0,1,0,0,0.0,0,2025-10-05 07:52:01.595,2025-10-05 07:52:01.595,1.0,0.0,0.0071,0.0,0,0.0,0.0,1
ab02e150064ceae8172dbf54877269863392c363fb56bcf07ba4ba870e19e520,3,0,0.0,1,2,1.5,3,0,0,0,0,0.0,0,2025-10-05 12:12:42.266,2025-10-05 12:14:44.950,1.0,-1.0,0.0213,0.0,0,0.0,0.0,1
65047e779dd101c656e064ab9a3e69d12846eb0c42c85c840187929751d1004a,2,2,1.0,1,2,1.0,2,0,1,0,0,0.0,0,2025-10-05 07:54:08.887,2025-10-05 09:01:54.535,1.0,0.0,0.0142,0.0,0,0.0,0.0,1
233ba6beeb22196e40ff03c6df2bb93d2c689f0d239af8c9a2b43464f4f0bfd3,1,1,1.0,1,1,1.0,1,0,1,0,0,0.0,0,2025-10-05 15:35:41.364,2025-10-05 15:35:41.364,1.0,0.0,0.0071,0.0,0,0.0,0.0,1
88311616435408798faee1411ef9c3ca1195fbd1da0149d01cc211041e013141,1,1,1.0,1,1,1.0,1,0,1,0,0,0.0,0,2025-10-05 19:33:08.740,2025-10-05 19:33:08.740,1.0,0.0,0.0071,0.0,0,0.0,0.0,1
fcdb064b06d387a5e3c721f1c6cb8c0e91bb04a66f475609232aeb87deaa8ae9,1,1,1.0,1,1,1.0,1,0,1,0,0,0.0,0,2025-10-05 03:11:14.713,2025-10-05 03:11:14.713,1.0,0.0,0.0071,0.0,0,0.0,0.0,1
41cb601662213fbc8aac08eef2722a46b381ace3f3d4bbccf12c84c5ef49014d,2,0,0.0,1,1,2.0,2,0,0,0,0,0.0,0,2025-10-05 16:56:50.436,2025-10-05 16:57:16.972,1.0,-1.0,0.0142,0.0,0,0.0,0.0,1
46f834ac6b71fe46d80567496b4e8da19729ccd4cf1ecaa905021223cd447ba3,2,0,0.0,1,1,2.0,2,0,0,0,0,0.0,0,2025-10-05 07:55:05.116,2025-10-05 07:55:20.055,1.0,-1.0,0.0142,0.0,0,0.0,0.0,1
b1ea5588ada89ab56169dafab65a1dea0e057c0a0316b9e8211c7a714c532c11,1,1,1.0,1,1,1.0,1,0,1,0,0,0.0,0,2025-10-05 07:17:44.696,2025-10-05 07:17:44.696,1.0,0.0,0.0071,0.0,0,0.0,0.0,1
aa0f680f4c6dce9085ca84bb61b23b0359443c65095d04a894954cfef06f2bf0,243,232,0.9547,1,5,48.6,23,0,1,0,1,0.0,2,2025-10-06 09:15:44.977,2025-10-06 11:29:41.778,1.0,1.63,0.1631,0.0,7,0.0,0.9095,1
fc90bc86200582e40007e7a4bf93bfea5c3808a04dc8be1313039a9e90366e45,449,283,0.6303,2,4,112.25,20,0,1,0,1,0.0,2,2025-10-06 13:16:49.866,2025-10-07 11:15:43.162,1.0,2.85,0.1418,0.0,8,0.06355400205607477,0.9733,1
458f89a48c37b5acc1d799f1ccd07f4001833026167843de71e8a692c3971b78,8,2,0.25,1,3,2.67,7,0,1,0,0,0.0,1,2025-10-06 19:59:31.513,2025-10-06 20:13:14.979,1.0,0.92,0.0496,0.0,0,0.0,0.0,1
d072a1eac34a3318684b347a911e63dfe526c61255ad6875ba21fc5017d4b2df,14,5,0.3571,2,8,1.75,3,0,1,0,0,0.0,1,2025-10-06 14:05:29.183,2025-10-07 10:33:29.035,1.0,8.37,0.0213,0.0,0,0.0,0.0,1
503953e19f3067343b23b603ac5716e8208bd88ca2704333552d61f879771f5e,142,83,0.5845,1,4,35.5,15,0,1,0,1,0.0,1,2025-10-06 14:01:57.012,2025-10-06 15:39:27.365,1.0,2.77,0.1064,0.0,7,0.023089328703703702,0.9437,1
260d65d65761ce91a1c996fab6ee0b91a536e471a33390151fbf50d31e1bdba8,99,63,0.6364,1,4,24.75,18,0,1,0,1,0.0,1,2025-10-06 17:01:21.644,2025-10-06 17:17:49.584,1.0,1.21,0.1277,0.0,8,0.048005736785714286,0.8788,1
3e1b4c773bd37f05f80e37a326148fab6397cf11724b237a2cb76b4f61c8ef06,135,85,0.6296,2,5,27.0,19,0,1,0,1,0.0,1,2025-10-06 14:58:00.641,2025-10-07 06:47:05.118,1.0,2.03,0.1348,0.0,8,0.028295913333333332,0.8963,1
34c21c2ee9820499685c51de0f4bd40958b05ec920c835661e422db4987ec09e,105,72,0.6857,1,2,52.5,12,0,1,0,1,0.0,0,2025-10-06 21:01:50.331,2025-10-06 21:23:07.406,1.0,5.97,0.0851,0.0,7,0.026625667096774195,0.9714,1
84d3b6f440f4ecdde87107b8c353c604bb0cd0baa17d0e0a494f6bdc7f1b92c7,4,0,0.0,1,1,4.0,1,0,0,0,1,0.0,0,2025-10-06 13:32:29.979,2025-10-06 13:33:06.706,1.0,-1.0,0.0071,0.0,0,0.00168325,1.0,1
2c907f5a862f600268930daebfb0d8dd0910943191a4855fb3a7d4ece963c265,13,1,0.0769,1,1,13.0,5,0,1,0,0,0.0,2,2025-10-06 17:18:54.418,2025-10-06 17:26:30.671,1.0,0.0,0.0355,0.0,0,0.0,0.0,1
949915cd186a4e3f50b1f87f00b4bd3c7109eb1a961d00dc9a0e72f5886c758f,4,1,0.25,1,2,2.0,4,0,1,0,0,0.0,1,2025-10-06 13:28:55.612,2025-10-06 13:32:21.235,1.0,3.43,0.0284,0.0,0,0.0,0.0,1
7920d7a45abd5c760fe1eb141052acae3bada05dc3b422c17065cbe834776593,336,298,0.8869,5,7,48.0,23,0,1,0,1,0.0,2,2025-10-06 09:09:53.230,2025-12-03 08:56:12.470,57.99,7.67,0.1631,0.994,8,0.0,0.8185,0
3daa3f3d9ef5da50cd30f5148f6d8b15e60b1cea3b9348c46031439bbd2c782c,136,74,0.5441,1,4,34.0,16,0,1,0,1,0.0,1,2025-10-06 12:45:02.677,2025-10-06 16:48:59.877,1.0,1.64,0.1135,0.0,7,0.019049848888888887,0.8676,1
725d5a6751791595395e79ba2049df835c5d6294b5d9d3c1691015876e24995f,125,85,0.68,1,1,125.0,10,0,1,0,1,0.0,0,2025-10-06 17:27:21.997,2025-10-06 17:48:54.728,1.0,0.28,0.0709,0.0,7,0.06465955945945946,1.0,1
ce9fe991115b1d5f1a77bc9c4977da7a07dcbcc9f49cddcebd0196f5684474f5,15,5,0.3333,1,3,5.0,10,1,1,0,1,0.0,1,2025-10-06 11:52:02.121,2025-10-06 11:53:46.427,1.0,0.9,0.0709,0.0,0,0.013402999999999998,0.4667,1
8681c877e9a36749dc1d1db3e612a49c26ad66dd33ab188fa115fa7d87fd4d50,26,1,0.0385,1,3,8.67,17,1,1,0,1,0.0,1,2025-10-06 09:46:26.189,2025-10-06 09:49:58.416,1.0,0.63,0.1206,0.0,0,0.0014627924999999998,0.3077,1
ef6eea7b7d032908d4c6fa7f6afe83a4d06e78a4832d45d54400e41331422edc,22,2,0.0909,1,5,4.4,15,1,1,0,1,0.0,1,2025-10-06 16:47:15.247,2025-10-06 22:51:56.056,1.0,0.86,0.1064,0.0,0,0.001408615,0.1818,1
e35ed50425dd09d82694409e04ebbf4dfe3bee2add64b5ec13477b264053c9c2,339,167,0.4926,1,7,48.43,20,0,1,0,1,0.0,3,2025-10-06 06:57:58.742,2025-10-06 08:00:31.378,1.0,1.35,0.1418,0.0,7,0.03936069990990991,0.944,1
17957c8aceec3eadb064b9dee8ce4648bc4dd1e31dfdfa40c8ff4b8693696882,211,124,0.5877,1,3,70.33,17,0,1,0,1,0.0,1,2025-10-06 18:27:55.397,2025-10-06 20:06:29.781,1.0,0.92,0.1206,0.0,7,0.05591530733333334,0.9431,1
a775abcdf05833c1d19566b3815dd63d75dfba3bf6ac8a2e5e69d9135aade7a0,95,65,0.6842,1,1,95.0,10,0,1,0,1,0.0,0,2025-10-06 14:43:31.767,2025-10-06 14:59:05.667,1.0,0.26,0.0709,0.0,8,0.045688133,1.0,1
7af8485d35815c79031f98f6cda355630bac14713ed86c175dca74ff6adf333d,365,226,0.6192,1,1,365.0,12,0,1,0,1,0.0,0,2025-10-06 14:27:44.737,2025-10-06 16:26:02.661,1.0,0.26,0.0851,0.0,7,0.051403760404040405,1.0,1
9b5e49e70bacb2ed9b5f487f2dcfce611b28da4ef93d283ead13c70d6d387f96,7,4,0.5714,1,1,7.0,2,0,1,0,1,0.0,0,2025-10-06 15:46:18.649,2025-10-06 15:46:34.694,1.0,0.23,0.0142,0.0,0,0.013428999999999998,1.0,1
c0b270bdc37efa8b21853b45211a54577878a5b4a0f1d1f7b532f04b75ef8070,97,56,0.5773,1,7,13.86,22,1,1,0,1,0.0,3,2025-10-06 15:06:56.823,2025-10-06 16:06:21.355,1.0,0.91,0.156,0.0,7,0.03121140366666667,0.8557,1
c533d5bcede8214ec066d7f3e19129ccf27225bc4ff50f221ad66d5c8a449f76,10,10,1.0,1,1,10.0,2,0,1,0,0,0.0,0,2025-10-06 19:11:38.444,2025-10-06 19:20:45.543,1.0,0.0,0.0142,0.0,0,0.0,0.0,1
1b1ace940bac6e8d15ef94e443c1ae0ce38d6c053e014be39cdd47658e5ce0e0,284,160,0.5634,2,5,56.8,18,0,1,0,1,0.0,3,2025-10-06 09:41:01.547,2025-10-07 06:27:07.730,1.0,1.52,0.1277,0.0,8,0.03853048915789473,0.9613,1
fb6fd8f18d3c3735ddc6e698e0efa73c2bf59a5f05724c19c4b69c3233772fd7,109,68,0.6239,2,7,15.57,18,0,1,0,1,0.0,1,2025-10-06 17:06:45.279,2025-10-07 06:46:03.299,1.0,1.65,0.1277,0.0,7,0.050104476875,0.9083,1
dcc128c45bbab6f5cdc4be19ff07979e7ab342692849e9f562cf6894d4f6c935,112,69,0.6161,1,1,112.0,10,0,1,0,1,0.0,0,2025-10-06 15:58:10.824,2025-10-06 16:17:44.527,1.0,1.13,0.0709,0.0,7,0.08499582800000001,1.0,1
70509e7eebb6bffac4f81994f08c38b73aae426db31a6a8c6f21e6de31bcd233,17,1,0.0588,1,3,5.67,14,1,1,0,1,0.0,1,2025-10-06 14:39:34.722,2025-10-06 14:41:31.056,1.0,1.16,0.0993,0.0,0,0.0015169699999999999,0.2353,1
e95a3b5a7e68d775b5b0abb747116a92adb40097980ea2675bddfa9442b57fb0,80,15,0.1875,2,6,13.33,33,1,1,0,1,0.0,3,2025-10-06 01:45:28.466,2025-10-09 13:22:42.580,3.48,0.52,0.234,0.0,5,0.0120987736,0.4,1
3ee13588206ff0545f9d478214082ecda4a9e074eac876af27bfd9a7568f4c4d,686,375,0.5466,4,16,42.88,37,0,1,0,1,0.0,1,2025-10-06 18:48:59.159,2025-12-03 20:20:13.772,58.06,28.54,0.2624,0.9912,9,0.054855635675675675,0.7755,0
9f5a201239a1afa518db7f7dd6d4617f22efe4d063dc6fa52672144bb086e61f,74,47,0.6351,1,2,37.0,11,0,1,0,1,0.0,0,2025-10-06 19:15:33.735,2025-10-06 19:27:41.479,1.0,2.84,0.078,0.0,6,0.0264821356,0.9595,1
0956ac1a8a865af3e1be949c42da4036d7026659dd897272ac8178f5c851cc80,250,162,0.648,2,7,35.71,12,0,1,0,1,0.0,1,2025-10-06 18:58:23.549,2025-10-07 02:31:55.240,1.0,0.34,0.0851,0.0,6,0.03114120896103896,0.972,1
f40ac866bbdbcb38f05ada3f1cf0251fc7d9b6c86b515d7efa319d34a4c80ebc,23,10,0.4348,1,4,5.75,7,0,1,0,1,0.0,2,2025-10-06 21:00:48.465,2025-10-06 23:57:57.055,1.0,0.75,0.0496,0.0,0,0.007129363636363636,0.6957,1
efca25c113ab2431002184c9a4f28e6a358f7c856c8427296d4c68f8c00296e7,14,5,0.3571,1,2,7.0,6,0,1,0,1,0.0,0,2025-10-06 19:36:39.531,2025-10-06 19:52:16.885,1.0,15.23,0.0426,0.0,0,0.014292333333333332,0.5,1
4c7a41f0ea2253307830cb382fe79b8d310ac6ad071370c3c42ad2686e2ef636,244,221,0.9057,1,10,24.4,24,0,1,0,1,0.0,2,2025-10-06 09:13:59.056,2025-10-06 11:01:52.478,1.0,14.82,0.1702,0.0,8,0.0,0.873,1
c71966b36d04e474cbc35da06a74f3e3f7255365d975e9b9aad98a12450984e5,19,2,0.1053,1,3,6.33,15,1,1,0,1,0.0,2,2025-10-06 06:15:36.352,2025-10-06 06:19:14.004,1.0,0.65,0.1064,0.0,0,0.002492165,0.2105,1
fa702bf8717dd069148ad2f54f4d22ee3bc7fa6c8852ad60f980b8b5b9d79da1,7,1,0.1429,1,3,2.33,7,1,1,0,0,0.0,1,2025-10-06 09:57:52.437,2025-10-06 09:58:48.696,1.0,0.87,0.0496,0.0,0,0.0,0.0,1
d86186d4dfd6dcad78ef3ec740aab3a95cf3e6d24353fd5a5c4c9c53ce358558,6,1,0.1667,1,2,3.0,5,0,1,0,1,0.0,0,2025-10-06 06:46:20.183,2025-10-06 06:48:24.355,1.0,1.68,0.0355,0.0,0,0.0028955,0.3333,1
7171aa419e962827113017bb84339c13ef7f8502ece04fa35422d04a0b559a7d,106,63,0.5943,1,6,17.67,22,1,1,0,1,0.0,1,2025-10-06 13:32:55.614,2025-10-06 13:54:52.326,1.0,1.24,0.156,0.0,7,0.03827560346153846,0.8208,1
2da7cc08b19262c5c50d5360c204494a3d33ade064f07aba836f769c5cc937e4,5,5,1.0,1,1,5.0,2,0,1,0,0,0.0,0,2025-10-06 13:13:20.159,2025-10-06 13:13:21.968,1.0,0.0,0.0142,0.0,0,0.0,0.0,1
8e5ccc4e2c7174a5a492b2a781aab61294f3c369ed3da66961a1490bb3cc172a,653,243,0.3721,3,8,81.62,30,0,1,0,1,0.0,1,2025-10-06 20:13:58.371,2025-10-09 13:43:53.987,2.73,0.6,0.2128,0.0,1,0.02835419530075188,0.9495,1
2b0103a20f939826afe844848dc3133a6c9c59f78810d76438cec666ea24cb3b,4,0,0.0,1,1,4.0,3,0,0,0,0,0.0,0,2025-10-06 09:41:09.966,2025-10-06 09:41:57.553,1.0,-1.0,0.0213,0.0,0,0.0,0.0,1
390858fa81d6adcf9125c441acd25ce5cadcac17b30d95866afe8060954aaa22,1,1,1.0,1,1,1.0,1,0,1,0,0,0.0,0,2025-10-06 12:56:30.584,2025-10-06 12:56:30.584,1.0,0.0,0.0071,0.0,0,0.0,0.0,1
8182e0294317a9a947a9bcd3211f4e5a056053aaff922a0fe9a469c2b794a9e5,2,2,1.0,1,1,2.0,1,0,1,0,0,0.0,0,2025-10-06 12:52:11.890,2025-10-06 12:52:15.757,1.0,0.0,0.0071,0.0,0,0.0,0.0,1
f0660a9a8aa89a27747e20559e27f81f43ca6c26a2e3b21eba0da4545305b5dd,1,1,1.0,1,1,1.0,1,0,1,0,0,0.0,0,2025-10-06 09:20:21.785,2025-10-06 09:20:21.785,1.0,0.0,0.0071,0.0,0,0.0,0.0,1
e5cf651cafdb3127c685071f67e21ad7e55824f0143bd2fd38fbfabd7aade686,2,0,0.0,1,1,2.0,2,0,0,0,0,0.0,0,2025-10-06 20:35:30.565,2025-10-06 20:35:49.867,1.0,-1.0,0.0142,0.0,0,0.0,0.0,1
c2050814f8007feacd0e8533b9895db954090dbffb8a0e73e3f859729ff482c0,3,3,1.0,1,1,3.0,1,0,1,0,0,0.0,0,2025-10-06 16:58:39.544,2025-10-06 16:58:40.332,1.0,0.0,0.0071,0.0,0,0.0,0.0,1
be79e3574de0903f8739d2d5b37c6adf08dbbbbc566985a822d828e4a907e563,4,0,0.0,1,1,4.0,1,0,0,0,1,0.0,0,2025-10-06 08:14:52.486,2025-10-06 08:15:38.856,1.0,-1.0,0.0071,0.0,0,0.002275455,1.0,1
007fcc6a9a763e499d806fde6e5a8c1b556d19dff8e6a49fe51e0c1b3ba6119f,2,0,0.0,1,1,2.0,1,0,0,0,0,0.0,0,2025-10-06 19:16:51.457,2025-10-06 19:20:03.584,1.0,-1.0,0.0071,0.0,0,0.0,0.0,1
e44a1fd54cef204d18fff53e5e72773c6ceb1de1831f0a5577398f68cb05db7b,2,0,0.0,1,1,2.0,2,0,0,0,0,0.0,0,2025-10-06 16:30:35.050,2025-10-06 16:32:43.776,1.0,-1.0,0.0142,0.0,0,0.0,0.0,1
7cb70b8e1a91fe597f4cabd1b58fef588ec1d36f7963b7c2754ba461f82eaae3,2,2,1.0,1,1,2.0,2,0,1,0,0,0.0,0,2025-10-06 17:17:55.388,2025-10-06 17:17:59.592,1.0,0.0,0.0142,0.0,0,0.0,0.0,1
387761fbeb1ac8b5612b47670c868a858a6c838d290200b6e9b1417c2f39eb2c,3,0,0.0,1,1,3.0,3,0,0,0,0,0.0,0,2025-10-06 08:17:44.826,2025-10-06 08:18:12.376,1.0,-1.0,0.0213,0.0,0,0.0,0.0,1
5545c601eef284fe70b10e31b815da5f21aa4be5e1ba58f80c763581b7301d11,4,0,0.0,1,1,4.0,3,0,0,0,0,0.0,0,2025-10-06 05:49:33.401,2025-10-06 05:50:45.906,1.0,-1.0,0.0213,0.0,0,0.0,0.0,1
b07a4336c7fd706397c140467f1f94d05fe69fd6fd9b92768d5dfe4ac6687f41,1,1,1.0,1,1,1.0,1,0,1,0,0,0.0,0,2025-10-06 15:26:54.216,2025-10-06 15:26:54.216,1.0,0.0,0.0071,0.0,0,0.0,0.0,1
189a3012e5d27d9d2fda728000d451d466a986887e2d44296ba6cc5353306b51,2,0,0.0,1,1,2.0,2,0,0,0,0,0.0,0,2025-10-06 09:10:25.600,2025-10-06 09:10:46.866,1.0,-1.0,0.0142,0.0,0,0.0,0.0,1
f4c4236733144c19df7eb016342ca6d9c38791443e2af6cfff07daea34d6afb4,1,0,0.0,1,1,1.0,1,0,0,0,0,0.0,0,2025-10-06 10:06:39.844,2025-10-06 10:06:39.844,1.0,-1.0,0.0071,0.0,0,0.0,0.0,1
8190af0cad16d505b8505beddc3decab4ca7d74abe5aa70bfb292386965a2946,1,1,1.0,1,1,1.0,1,0,1,0,0,0.0,0,2025-10-06 05:58:14.995,2025-10-06 05:58:14.995,1.0,0.0,0.0071,0.0,0,0.0,0.0,1
4fd6550f9c49cea3ead0134b67619833ee5b9c777ff6022f6d3b409154481661,2,0,0.0,1,1,2.0,2,0,0,0,0,0.0,0,2025-10-06 13:26:30.441,2025-10-06 13:26:55.813,1.0,-1.0,0.0142,0.0,0,0.0,0.0,1
9d2ce479e9a04fe57f6aedc20ae0a845c227af050c3dbc432e2190a2c1a93d49,2,2,1.0,1,1,2.0,2,0,1,0,0,0.0,0,2025-10-06 18:18:19.671,2025-10-06 18:19:02.442,1.0,0.0,0.0142,0.0,0,0.0,0.0,1
f1e42af876b66028e5517411230f059fb60ee54fdddbbb28715628c563f44444,1,1,1.0,1,1,1.0,1,0,1,0,0,0.0,0,2025-10-06 13:32:43.447,2025-10-06 13:32:43.447,1.0,0.0,0.0071,0.0,0,0.0,0.0,1
b42c8679ab3215e66b14b7047b69734bd8eda5eb2da4034243bb04860603bf81,3,3,1.0,1,2,1.5,1,0,1,0,0,0.0,0,2025-10-06 18:14:34.690,2025-10-06 18:58:16.127,1.0,0.0,0.0071,0.0,0,0.0,0.0,1
5b202359d3e2b9b2ec6f6643cab7e84f5d39b7e196dac4e83e122968480af797,2,0,0.0,1,1,2.0,1,0,0,0,1,0.0,0,2025-10-06 21:01:07.731,2025-10-06 21:01:21.195,1.0,-1.0,0.0071,0.0,0,0.0,1.0,1
bb8b66a69b80480d7aa7b34dd3f12f318115853573f975812182877ee9eff9fb,2,0,0.0,1,1,2.0,2,0,0,0,0,0.0,0,2025-10-06 18:58:07.601,2025-10-06 19:00:19.668,1.0,-1.0,0.0142,0.0,0,0.0,0.0,1
ec37e75d8d79b00c0cee6feedec274b980fe5d93b0ab3eeedfcf51b0dfd99a08,1,1,1.0,1,1,1.0,1,0,1,0,0,0.0,0,2025-10-06 13:35:53.336,2025-10-06 13:35:53.336,1.0,0.0,0.0071,0.0,0,0.0,0.0,1
ee5776ef1c3ddaaec66e0f619bb953cd0336f02003dd03dcf4dfc77a276b8c28,1,1,1.0,1,1,1.0,1,0,1,0,0,0.0,0,2025-10-06 06:46:03.102,2025-10-06 06:46:03.102,1.0,0.0,0.0071,0.0,0,0.0,0.0,1
378baaf4f67aa72341c848cb94a1b1473ce3d935ea2228fc8e6aa5d6b9b77995,1,1,1.0,1,1,1.0,1,0,1,0,0,0.0,0,2025-10-06 14:04:02.379,2025-10-06 14:04:02.379,1.0,0.0,0.0071,0.0,0,0.0,0.0,1
d3ba77ec9bb1a2123d35921d1cf1293b18b9fa2d1ba1d40d3d85a8b02ad6ebcf,1,1,1.0,1,1,1.0,1,0,1,0,0,0.0,0,2025-10-06 18:19:22.356,2025-10-06 18:19:22.356,1.0,0.0,0.0071,0.0,0,0.0,0.0,1
1a6de66ada70837472049f256908dac8f7ba05d6d7ee7b825ec617e0f6783aed,1,0,0.0,1,1,1.0,1,0,0,0,0,0.0,1,2025-10-06 19:42:41.723,2025-10-06 19:42:41.723,1.0,-1.0,0.0071,0.0,0,0.0,0.0,1
5f23f4207cf2fdd385b2de6031ab4c330baad83082438261884c0d2e02496229,1,1,1.0,1,1,1.0,1,0,1,0,0,0.0,0,2025-10-06 08:08:14.840,2025-10-06 08:08:14.840,1.0,0.0,0.0071,0.0,0,0.0,0.0,1
87dbf1c03aaf35cb240f142c76148b23bd4096ac3a3ea09053c109aeb52d89bc,9,0,0.0,5,8,1.12,3,0,0,0,0,0.0,0,2025-10-06 11:16:11.054,2025-11-02 14:45:43.175,27.15,-1.0,0.0213,0.5,0,0.0,0.0,1
faa20dd50122e019c385e3719af0f94774c4d45a6b54443a5cf5d519459e2cd1,1,1,1.0,1,1,1.0,1,0,1,0,0,0.0,0,2025-10-06 19:01:57.993,2025-10-06 19:01:57.993,1.0,0.0,0.0071,0.0,0,0.0,0.0,1
e4ce24da363b71824489838b287254e68fd9b861e36c56701dbc82dba93bde62,1,1,1.0,1,1,1.0,1,0,1,0,0,0.0,0,2025-10-06 05:05:12.987,2025-10-06 05:05:12.987,1.0,0.0,0.0071,0.0,0,0.0,0.0,1
529f0ac47d453c2abfa67fa3fa4308a37e6c62e381c9497f1880a9c1566bfa04,34,2,0.0588,1,4,8.5,13,0,1,0,1,0.0,2,2025-10-07 22:46:18.264,2025-10-07 22:51:45.170,1.0,0.57,0.0922,0.0,0,0.001348417777777778,0.5294,1
8d6a69642670c11dea4408891a614bf61cefee3682d234cd8b1f43326b769bc0,8,4,0.5,1,1,8.0,2,0,1,0,1,0.0,0,2025-10-07 21:02:20.871,2025-10-07 21:02:37.272,1.0,0.23,0.0142,0.0,0,0.004758,1.0,1
bfbe9c1c60410f770f0bbcd5f33785fadefa8fd1ca11ebb8f885f9423513970f,271,106,0.3911,1,1,271.0,13,0,1,0,1,0.0,0,2025-10-07 17:25:38.220,2025-10-07 17:41:46.135,1.0,0.25,0.0922,0.0,1,0.09964889653225806,1.0,1
f135d27a0b6e212ee65ccafc45a83f3087a0637787d4823fafd15adcc24741b9,337,196,0.5816,2,10,33.7,35,1,1,0,1,0.0,3,2025-10-07 12:21:37.153,2025-10-09 11:53:18.274,1.98,0.8,0.2482,0.0,9,0.047310005,0.9258,1
d352ab5decb7726065b5f5122134fd930ed5448f33f9c7b1d4a3fe147ddd767d,2,2,1.0,1,1,2.0,1,0,1,0,0,0.0,2,2025-10-07 05:25:59.758,2025-10-07 05:26:48.369,1.0,0.0,0.0071,0.0,0,0.0,0.0,1
fd2d84be54e6290d51d6bf8271c37a6b89f15b3e5a739449f75f1bcfec0a408c,109,60,0.5505,1,5,21.8,24,1,1,0,1,0.0,2,2025-10-07 11:08:45.384,2025-10-07 11:21:07.513,1.0,0.77,0.1702,0.0,6,0.0380523009375,0.8257,1
9e7e89e5c0a5728222f629653b28da6e66ce02ca0a94e87794adf90d6f1bde6d,4,4,1.0,1,1,4.0,2,0,1,0,0,0.0,0,2025-10-07 13:59:52.377,2025-10-07 14:03:21.734,1.0,0.0,0.0142,0.0,0,0.0,0.0,1
19649e8b1494b8de0d0435fb350c50eb2bb5ee0c085ca26d6dbcd83d03b3f35c,277,117,0.4224,1,1,277.0,12,0,1,0,1,0.0,0,2025-10-07 17:26:14.789,2025-10-07 17:51:28.729,1.0,0.32,0.0851,0.0,1,0.1321897190625,1.0,1
c2738cef465511732056cb7130b5c7fc77edfbb08d04d7d26edbc14f685424de,1068,368,0.3446,3,1,1068.0,19,0,1,0,1,0.0,0,2025-10-07 17:53:04.832,2025-12-07 06:57:06.157,60.54,0.51,0.1348,-5.0728,1,0.046467748532423206,0.9906,0
8aa1fdc841a744cbba76f42e442794c31610be87261b5871cf353d2f16fae5e9,17,1,0.0588,1,3,5.67,14,1,1,0,1,0.0,1,2025-10-07 21:35:59.512,2025-10-07 21:47:27.233,1.0,0.75,0.0993,0.0,0,0.00238381,0.2353,1
b100554d3e780e1fa956e5658f68002069fd436e97a2520325b4fa4dc1702f36,9,2,0.2222,1,2,4.5,6,0,1,0,1,0.0,0,2025-10-07 11:19:04.727,2025-10-07 11:23:21.789,1.0,1.41,0.0426,0.0,0,0.0018700000000000001,0.2222,1
4c89412a5e8134c294cb938e5bc81e19343c589a0dd69afc450064a0ecfaf058,322,148,0.4596,3,11,29.27,22,0,1,0,1,0.0,1,2025-10-07 14:44:33.042,2025-10-09 13:55:28.920,1.97,5.96,0.156,0.0,8,0.14281040748031495,0.941,1
7bd459b6c9ce960d4b6f419b0233adb1a636e44372cec31b66fd3db14bae9eae,239,157,0.6569,1,3,79.67,18,0,1,0,1,0.0,1,2025-10-07 05:43:10.203,2025-10-07 06:45:26.509,1.0,0.6,0.1277,0.0,8,0.045875689047619045,0.9707,1
52708b022c0b1eed347f8f2ebad7b28ccf469ff30c592a925f6c9e846b836125,1,1,1.0,1,1,1.0,1,0,1,0,0,0.0,0,2025-10-07 15:51:40.242,2025-10-07 15:51:40.242,1.0,0.0,0.0071,0.0,0,0.0,0.0,1
682a99652d6aec51e474c922695c7f00f156e82ca32e635ca9dbb80b074b0b18,83,14,0.1687,1,3,27.67,27,1,1,0,1,0.0,1,2025-10-07 15:57:48.861,2025-10-07 16:20:28.776,1.0,6.97,0.1915,0.0,1,0.024467937333333335,0.506,1
9963993d6c6327cd96efd1a7e65c230b654117a0ee1e4ef38c6219dc9ddb1123,31,3,0.0968,3,11,2.82,15,1,1,0,1,0.0,2,2025-10-07 15:31:21.235,2025-10-09 14:52:41.066,1.97,1.32,0.1064,0.0,0,0.0017878574999999999,0.129,1
8129792fcaa68a8a3d6d6b4f68685a118d42bcefccd737a078ccfd40f9bedeca,625,346,0.5536,1,3,208.33,16,0,1,0,1,0.0,1,2025-10-07 14:50:32.551,2025-10-07 15:46:03.146,1.0,0.85,0.1135,0.0,8,0.10023623813333334,0.9904,1
3384da9bcd71e44b3754a8d4e6805aeddc444b1d00f6245ab8078e53a47b79e6,928,325,0.3502,3,22,42.18,46,0,1,0,1,0.0,4,2025-10-07 12:07:50.761,2025-11-25 18:18:43.307,49.26,16.08,0.3262,0.6818,7,0.026360530765957447,0.6789,0
5865df6dc3ba299d11631c994888f6005bf573e59f2ff97c624716ff70d09ee1,911,421,0.4621,4,16,56.94,22,0,1,0,1,0.0,1,2025-10-07 19:54:19.271,2025-11-09 07:34:11.247,32.49,1.91,0.156,0.9978,1,0.1079135712470024,0.9649,1
2f4872c24ac8cf659c2bb6cfbc4a43e8212d6cad7701b2427874f96a6c327a85,1,1,1.0,1,1,1.0,1,0,1,0,0,0.0,0,2025-10-07 04:13:02.507,2025-10-07 04:13:02.507,1.0,0.0,0.0071,0.0,0,0.0,0.0,1
cfa37d969266f3dee1381d72ac2326a798ddc6c886f92ff578092ae58ec8ef17,148,74,0.5,1,2,74.0,22,0,1,0,1,0.0,1,2025-10-07 13:59:48.314,2025-10-07 14:39:30.343,1.0,0.43,0.156,0.0,8,0.026865542075471698,0.8378,1
abff56425c6c7021ce860b20ab714528392532c50f5b2823f1798ecf93aba2a6,925,360,0.3892,2,2,462.5,15,0,1,0,1,0.0,0,2025-10-07 11:56:15.836,2025-11-11 18:45:32.904,35.28,0.23,0.1064,-1.2801,8,0.07612693345609066,1.0,1
e72eba0c19dab47f3fd876b92190c09b67d0a9033b6a841f5bd222fde102b64e,146,93,0.637,1,3,48.67,14,0,1,0,1,0.0,1,2025-10-07 04:08:15.852,2025-10-07 04:22:59.862,1.0,2.96,0.0993,0.0,6,0.023942272291666667,0.9589,1
2f82d96766660dde5735a1f7a56cd14c79ebcc6711a839da648b070d45e1ca66,90,60,0.6667,1,2,45.0,12,0,1,0,1,0.0,0,2025-10-07 05:06:34.791,2025-10-07 05:23:30.618,1.0,5.83,0.0851,0.0,6,0.03794455678571429,0.9556,1
f5f0ac6c489372cf7b6986ede3d1d98d65dd67bc094afdf774fd16c59a59585f,23,7,0.3043,1,3,7.67,7,0,1,0,1,0.0,1,2025-10-07 14:49:09.094,2025-10-07 14:53:43.656,1.0,0.76,0.0496,0.0,0,0.022601714285714284,0.4783,1
068bbd9016ebe7d79af65644ff5fdf8ee5ba7d2c30f288b511290b6063cfb310,7,0,0.0,1,1,7.0,1,0,0,0,1,0.0,0,2025-10-07 07:37:57.749,2025-10-07 07:39:59.223,1.0,-1.0,0.0071,0.0,0,0.0009597157142857143,1.0,1
7a4a3a43b6d7b826d8b8b508355216d655fe9cccb53574d3d097b9fbfc29a3c3,259,121,0.4672,5,9,28.78,20,0,1,0,1,0.0,1,2025-10-07 04:08:38.942,2025-11-26 07:57:28.989,50.16,5.05,0.1418,0.9747,8,0.054944158192771084,0.8494,0
c8eb3f3b065617a3d60737b5948a7c0b712c4d09318fcba3f39471ba64b5d71a,308,130,0.4221,1,4,77.0,23,0,1,0,1,0.0,1,2025-10-07 16:10:27.229,2025-10-07 17:34:16.901,1.0,0.55,0.1631,0.0,1,0.13604545259259257,0.9383,1
f32faa963c064ed91f2d91bd2704a320f283dbcd7917b1cc2af2ceb94bb7d1f4,1,1,1.0,1,1,1.0,1,0,1,0,0,0.0,0,2025-10-07 14:39:39.730,2025-10-07 14:39:39.730,1.0,0.0,0.0071,0.0,0,0.0,0.0,1
74397687b038afb1a53fc007430b295802e2b2225235085ccdbda0204c4e4343,236,147,0.6229,1,7,33.71,20,0,1,0,1,0.0,1,2025-10-07 01:53:31.045,2025-10-07 03:40:27.789,1.0,1.81,0.1418,0.0,8,0.03191763486111111,0.9449,1
4268300b005f681fb7b917b95c4e0e96df5684ac3290efdf5ebeeb43094d9fe2,101,65,0.6436,1,1,101.0,10,0,1,0,1,0.0,0,2025-10-07 10:19:15.245,2025-10-07 10:29:13.866,1.0,0.24,0.0709,0.0,7,0.06721523096774193,1.0,1
a17d35c39a2af64a0ca5c1d04e97d11cfeb7f577c031787da3d3f585caedbda2,42,1,0.0238,1,3,14.0,11,0,1,0,1,0.0,2,2025-10-07 14:34:38.203,2025-10-07 14:56:12.746,1.0,1.45,0.078,0.0,0,0.010575448000000001,0.5952,1
f3b54d03d55695de12ea223baee9d4dac77e6dac49172752fa4265f991b65438,812,357,0.4397,1,1,812.0,13,0,1,0,1,0.0,0,2025-10-07 18:58:33.577,2025-10-07 19:34:04.098,1.0,0.62,0.0922,0.0,1,0.05023545142857143,1.0,1
aa2303150e73c590ffe1c15d74c3ba89d0a923a3505d64a5a1263c1691783178,57,13,0.2281,1,7,8.14,27,1,1,0,1,0.0,3,2025-10-07 15:03:36.458,2025-10-07 15:22:36.500,1.0,7.34,0.1915,0.0,5,0.0048004994444444445,0.4386,1
d60721054334c2029661cda2ecb06ce0baddbcb8fed301b6d3c501c2f5f6710b,92,27,0.2935,1,3,30.67,19,0,1,0,1,0.0,2,2025-10-07 02:46:58.012,2025-10-07 03:06:55.081,1.0,2.4,0.1348,0.0,6,0.019028155892857144,0.8478,1
68e5d0c86708628bd48080e3d1054c100c249433894843d42bd74dfab51e12d4,13,6,0.4615,1,3,4.33,9,0,1,0,1,0.0,1,2025-10-07 05:19:25.559,2025-10-07 05:23:28.512,1.0,0.73,0.0638,0.0,0,0.0,0.0769,1
d76fb3c66af418abf879c6ad6f795ba905db96ebd185e597ffafeadcf1336015,49,23,0.4694,1,3,16.33,6,0,1,0,1,0.0,1,2025-10-07 07:04:38.234,2025-10-07 07:35:06.569,1.0,0.39,0.0426,0.0,0,0.016135958333333332,0.8367,1
346e5f8c092e52b0da509330152ac3880d5fc7c5cb2cf8fa15d1a777bff754fa,5,5,1.0,1,1,5.0,2,0,1,0,0,0.0,0,2025-10-07 05:20:49.963,2025-10-07 05:27:46.113,1.0,0.0,0.0142,0.0,0,0.0,0.0,1
a5f5a7909e06d0f2b82ac865940f8607c7afe51f2a056402055072c8f61ce9f9,1,1,1.0,1,1,1.0,1,0,1,0,0,0.0,0,2025-10-07 18:57:57.418,2025-10-07 18:57:57.418,1.0,0.0,0.0071,0.0,0,0.0,0.0,1
264efecd4992d973949fabe271de698acc1bee7d78b45705a3807414fc1f94f2,1,1,1.0,1,1,1.0,1,0,1,0,0,0.0,0,2025-10-07 15:00:43.444,2025-10-07 15:00:43.444,1.0,0.0,0.0071,0.0,0,0.0,0.0,1
06e7ad2c7979b4236fc783b363151661008cf851a401eaefd2083ff7e704a650,1,1,1.0,1,1,1.0,1,0,1,0,0,0.0,0,2025-10-07 11:40:57.488,2025-10-07 11:40:57.488,1.0,0.0,0.0071,0.0,0,0.0,0.0,1
146ef6ff4f532d1c6eef2b90939864e72c930ebbe21262b396b7139f0f8e5e0f,1,1,1.0,1,1,1.0,1,0,1,0,0,0.0,0,2025-10-07 15:19:12.905,2025-10-07 15:19:12.905,1.0,0.0,0.0071,0.0,0,0.0,0.0,1
5e27ad7ecb953867d96bbbb69442cb931b67cf21ffc6f570e2a8a6df8bb7070b,5,0,0.0,1,2,2.5,4,0,0,0,0,0.0,0,2025-10-07 13:17:16.343,2025-10-07 13:18:39.090,1.0,-1.0,0.0284,0.0,0,0.0,0.0,1
e673f3f4856473cf2cd1f0157f736559e95d107504bc89234b17653d7ea4cbd3,5,1,0.2,1,2,2.5,4,0,1,0,1,0.0,1,2025-10-07 11:20:02.017,2025-10-07 11:21:25.318,1.0,0.91,0.0284,0.0,0,0.002802,0.4,1
a0433b22dc2744de6f971c4819ea766cc4da595cd6549b5d02d77200b21bae75,2,0,0.0,1,1,2.0,2,0,0,0,0,0.0,0,2025-10-07 08:37:27.404,2025-10-07 08:37:47.451,1.0,-1.0,0.0142,0.0,0,0.0,0.0,1
17ee55e91a055bec73c7afcc6e646c2325132fd916a167aed0368d3c994e1782,282,157,0.5567,1,4,70.5,23,0,1,0,1,0.0,1,2025-10-07 09:03:39.502,2025-10-07 10:02:01.165,1.0,1.11,0.1631,0.0,8,0.04736134191176471,0.844,1
255c570664f6285a6ba270b8fc5919a604633bf23e6c4f5181fe2febd93168b2,19,3,0.1579,2,5,3.8,11,1,1,0,1,0.0,2,2025-10-07 10:35:09.697,2025-10-08 12:44:44.853,1.09,0.47,0.078,0.0,0,0.001343602,0.2632,1
dabcf04f70d2965bab6079bd5a7dee1d35c7d1a76cf49da0f27d705565893208,443,158,0.3567,2,4,110.75,19,0,1,0,1,0.0,1,2025-10-07 08:56:49.603,2025-10-08 21:50:46.259,1.54,1.68,0.1348,0.0,1,0.03167511688172043,0.9819,1
95c28856554c871d120b02c61f806afbf144f89783e4a89b25ecf86e6faf28c6,31,1,0.0323,1,3,10.33,19,1,1,0,1,0.0,1,2025-10-07 06:51:56.993,2025-10-07 07:01:14.920,1.0,0.67,0.1348,0.0,0,0.0017955971428571427,0.2258,1
54cd76d63714d63509e64c0212bab45ed95b08422e39da8bfcc9c45d9816d598,1,1,1.0,1,1,1.0,1,0,1,0,0,0.0,1,2025-10-07 17:59:36.132,2025-10-07 17:59:36.132,1.0,0.0,0.0071,0.0,0,0.0,0.0,1
6a05e233e0726c1fa817134218130b1499c3790d243af7f6b3753d19afe1cd94,175,68,0.3886,1,1,175.0,11,0,1,0,1,0.0,0,2025-10-07 16:35:13.623,2025-10-07 16:54:47.057,1.0,0.28,0.078,0.0,1,0.116165094375,1.0,1
cf7ac4c67e7392be654b0f2c4bad7eb566f9321de6ec8b91fddb31895256f12b,129,65,0.5039,1,4,32.25,19,0,1,0,1,0.0,1,2025-10-07 20:46:12.664,2025-10-07 23:50:01.877,1.0,1.01,0.1348,0.0,1,0.015270804210526316,0.907,1
b66a12d817b9a05d1574ae2d7339573a61f9346d0e3512ecd0ddf95e5e22e435,4,0,0.0,3,3,1.33,3,0,0,0,0,0.0,0,2025-10-07 15:36:40.908,2025-11-17 04:17:05.944,40.53,-1.0,0.0213,0.6667,0,0.0,0.0,1
dbfd5756369e30a6a33edf51ea4015bf2720364d096e489e83a89232985ddc74,11,2,0.1818,2,6,1.83,6,0,1,0,1,0.0,1,2025-10-07 20:27:43.539,2025-10-08 07:36:05.684,1.0,0.68,0.0426,0.0,0,0.004498333333333333,0.3636,1
1b1601822fabc9253eef793ea9b9e87c4f2d46806111a0c43f6ada44022b30aa,5,1,0.2,1,2,2.5,5,0,1,0,0,0.0,1,2025-10-07 16:25:19.718,2025-10-07 17:46:28.771,1.0,78.23,0.0355,0.0,0,0.0,0.0,1
38275b3b2aa49fd997e74a6cf86b2fc3569ad25075cceb2ca0c0ba02a116913e,4,0,0.0,1,1,4.0,1,0,0,0,1,0.0,0,2025-10-07 01:03:30.905,2025-10-07 01:03:55.915,1.0,-1.0,0.0071,0.0,0,0.00108355,1.0,1
727309d4b9266c75d03385af7e725b8cc769c3be517cd457b59246e31cf20bb3,6,0,0.0,1,1,6.0,3,0,0,0,0,0.0,0,2025-10-07 15:53:21.610,2025-10-07 15:53:30.199,1.0,-1.0,0.0213,0.0,0,0.0,0.0,1
93609eb8794f91b6b2396e81014a6a68f24e2455d397391aca0fce4c5870e082,1,1,1.0,1,1,1.0,1,0,1,0,0,0.0,1,2025-10-07 14:03:01.013,2025-10-07 14:03:01.013,1.0,0.0,0.0071,0.0,0,0.0,0.0,1
35bf59387711c9fd513be32959f489e45fa71dcf5ff74f83890f41b2a9235c57,1,1,1.0,1,1,1.0,1,0,1,0,0,0.0,0,2025-10-07 03:37:29.583,2025-10-07 03:37:29.583,1.0,0.0,0.0071,0.0,0,0.0,0.0,1
ee875ccf5f6a285400907d0a2ced4a6100df941be63af1e59c81a056740709ba,2,0,0.0,1,1,2.0,2,0,0,0,0,0.0,0,2025-10-07 22:21:37.832,2025-10-07 22:22:05.200,1.0,-1.0,0.0142,0.0,0,0.0,0.0,1
a70c9d8ea0251c06e7c4b9dde587ae78e41f1af9cd9963dad70b068b5bb11e52,1,1,1.0,1,1,1.0,1,0,1,0,0,0.0,0,2025-10-07 09:05:45.511,2025-10-07 09:05:45.511,1.0,0.0,0.0071,0.0,0,0.0,0.0,1
c4389365b3b86ab320b3da3d0ff3cab68ce7afb518adcac04e3531159c8e8c45,1,1,1.0,1,1,1.0,1,0,1,0,0,0.0,0,2025-10-07 10:52:07.500,2025-10-07 10:52:07.500,1.0,0.0,0.0071,0.0,0,0.0,0.0,1
b7f2f10cc802c761071550cf2cf624737ac969c5fef238005d99211bc0a67309,5,1,0.2,1,2,2.5,4,0,1,0,1,0.0,0,2025-10-07 18:10:52.510,2025-10-07 18:13:09.581,1.0,2.01,0.0284,0.0,0,0.001853,0.4,1
c25f977b69f129bc5de9f35822bbc8b0094005b8231a47b5935a758ef27ca502,1,1,1.0,1,1,1.0,1,0,1,0,0,0.0,0,2025-10-07 21:59:51.297,2025-10-07 21:59:51.297,1.0,0.0,0.0071,0.0,0,0.0,0.0,1
c5f2df510326ddab0d39189a09ec38ccf8a32965fa27202c3cea5f8768529c19,3,0,0.0,1,2,1.5,3,0,0,0,0,0.0,0,2025-10-07 10:04:05.686,2025-10-07 11:28:54.321,1.0,-1.0,0.0213,0.0,0,0.0,0.0,1
eb224c1d9e57cdf214476ffdf7d3a2daf3af6a6bf3553a2461d7cedcf8cc7a77,1,0,0.0,1,1,1.0,1,0,0,0,0,0.0,0,2025-10-07 16:38:37.436,2025-10-07 16:38:37.436,1.0,-1.0,0.0071,0.0,0,0.0,0.0,1
69e5a615aeea06efe7a3fcf5e07365dda7b49e470e38cdbcce6e7e6c94f11691,3,1,0.3333,1,2,1.5,3,0,1,0,0,0.0,1,2025-10-07 14:02:02.306,2025-10-07 14:02:15.125,1.0,0.21,0.0213,0.0,0,0.0,0.0,1
a8c354c1bbd0175200aa3ce49267cbc7421079e3ec6849eb8d19c42b19313365,1,1,1.0,1,1,1.0,1,0,1,0,0,0.0,0,2025-10-07 12:26:38.951,2025-10-07 12:26:38.951,1.0,0.0,0.0071,0.0,0,0.0,0.0,1
5fca4a3cc89fd5cf296f8a1ca8b6928d47810ea1408f7ec0b73014f894c778de,1,0,0.0,1,1,1.0,1,0,0,0,0,0.0,0,2025-10-07 11:28:57.576,2025-10-07 11:28:57.576,1.0,-1.0,0.0071,0.0,0,0.0,0.0,1
0aa910946e00842275c3413fd962a29127190929381d066479a6ce281ef94be5,2,2,1.0,1,1,2.0,1,0,1,0,0,0.0,1,2025-10-07 08:29:23.717,2025-10-07 08:43:31.298,1.0,0.0,0.0071,0.0,0,0.0,0.0,1
83d696cc11108cb1a610a55fc856baca39258ec8b456b24268478731476e99b1,4,0,0.0,2,2,2.0,3,0,0,0,0,0.0,0,2025-10-07 04:10:27.188,2025-10-08 17:36:30.658,1.56,-1.0,0.0213,0.0,0,0.0,0.0,1
4c4833cd188fb2a5bdf31b16c5ace2d01bdb67774709c53d27eda948db4d1444,1,1,1.0,1,1,1.0,1,0,1,0,0,0.0,0,2025-10-07 14:48:49.504,2025-10-07 14:48:49.504,1.0,0.0,0.0071,0.0,0,0.0,0.0,1
4878b06d2205a26c14ba6bf9e8ba496b130de3f40dc0d0cb6c326e4acbadc29d,5,1,0.2,1,2,2.5,4,0,1,0,0,0.0,1,2025-10-07 08:58:58.869,2025-10-07 09:00:28.954,1.0,1.5,0.0284,0.0,0,0.0,0.0,1
953416dd69591d50bb1cfe9e073ceb89ff72f95b256daf521c2dc6c6617fa356,1,1,1.0,1,1,1.0,1,0,1,0,0,0.0,0,2025-10-07 19:12:27.025,2025-10-07 19:12:27.025,1.0,0.0,0.0071,0.0,0,0.0,0.0,1
98c8fb5834fd24e72cb68dc3d6bb97656caf88f7591c7e34b0788af066d77fe2,25,1,0.04,1,3,8.33,15,1,1,0,1,0.0,1,2025-10-07 13:45:55.475,2025-10-07 13:48:09.167,1.0,1.1,0.1064,0.0,0,0.00176076875,0.32,1
c5b85db5039dbdefd4367f1ab29fec011e214b324f01e037fda2f3a042f8a9b6,1,1,1.0,1,1,1.0,1,0,1,0,0,0.0,1,2025-10-07 18:05:14.016,2025-10-07 18:05:14.016,1.0,0.0,0.0071,0.0,0,0.0,0.0,1
8ea85743107931245d19f3e303f7f05ab4fa2b007247997e511b448e2792f26c,1,1,1.0,1,1,1.0,1,0,1,0,0,0.0,1,2025-10-07 10:44:14.850,2025-10-07 10:44:14.850,1.0,0.0,0.0071,0.0,0,0.0,0.0,1
6343deaccf6a3fb0d565b495c1c9c51b1936dfe49f924dc97a789443168aceb3,1,1,1.0,1,1,1.0,1,0,1,0,0,0.0,0,2025-10-07 04:44:49.028,2025-10-07 04:44:49.028,1.0,0.0,0.0071,0.0,0,0.0,0.0,1
b9566523761a9d0eaa0c29195a81258285b3b5df892661197a43c2ecf48a969c,2,2,1.0,1,1,2.0,2,0,1,0,0,0.0,0,2025-10-07 05:27:11.089,2025-10-07 05:27:19.145,1.0,0.0,0.0142,0.0,0,0.0,0.0,1
53c6189c9fb50225c212a43b9a7504ea79ab1238af22447b98d06a234915fa05,5,1,0.2,1,2,2.5,5,0,1,0,0,0.0,1,2025-10-07 11:19:07.331,2025-10-07 11:28:59.525,1.0,3.67,0.0355,0.0,0,0.0,0.0,1
24638008653f1eea2742a39746ed59c7aa2206228cfde692d80779653ac88c2c,1,1,1.0,1,1,1.0,1,0,1,0,0,0.0,0,2025-10-07 22:42:10.192,2025-10-07 22:42:10.192,1.0,0.0,0.0071,0.0,0,0.0,0.0,1
35136455c709f68af68525b7e113d2ffadb5e24e452568fde83620d2b11bd878,1,1,1.0,1,1,1.0,1,0,1,0,0,0.0,0,2025-10-07 05:47:31.907,2025-10-07 05:47:31.907,1.0,0.0,0.0071,0.0,0,0.0,0.0,1
448b81f95cd592d8439ad20403cf33cbbd580319312bea36df98e916bd8e6cd3,1,1,1.0,1,1,1.0,1,0,1,0,0,0.0,0,2025-10-07 03:48:48.613,2025-10-07 03:48:48.613,1.0,0.0,0.0071,0.0,0,0.0,0.0,1
a7ebbf9867ea97e6939763fe2cf22fde7ab349a4f15ce59d31a7a5ebe7650e95,1,1,1.0,1,1,1.0,1,0,1,0,0,0.0,0,2025-10-07 13:54:20.019,2025-10-07 13:54:20.019,1.0,0.0,0.0071,0.0,0,0.0,0.0,1
5a733562da5ec3336b67eebcfaf01d58da151cd28f1044b64a16eece984ef047,1,1,1.0,1,1,1.0,1,0,1,0,0,0.0,0,2025-10-07 21:56:05.417,2025-10-07 21:56:05.417,1.0,0.0,0.0071,0.0,0,0.0,0.0,1
a09bf259007bcd0bd584d5faa0bb1490fbefa8710d638f6daa25b4e62716e485,1,1,1.0,1,1,1.0,1,0,1,0,0,0.0,0,2025-10-07 04:24:35.074,2025-10-07 04:24:35.074,1.0,0.0,0.0071,0.0,0,0.0,0.0,1
fb9572cdfc1f990e0ef8fb6466c66fe1eb07a615d3742799e5c73e545268218f,819,287,0.3504,8,13,63.0,29,1,1,0,1,4.70906996,5,2025-10-08 10:48:11.690,2025-12-02 05:03:39.300,54.76,331.62,0.2057,-12.0,1,0.026890675000000003,0.9475,0
648984befb14194682e949ad11157d704c6f9e9574e937e2ac446941cd0071b3,380,139,0.3658,1,1,380.0,12,0,1,0,1,0.0,0,2025-10-08 19:55:05.968,2025-10-08 20:26:38.876,1.0,1.57,0.0851,0.0,1,0.02667650880952381,1.0,1
719bcf0b5b230e1249e15111b123f82dc51546060d53864fa8f5b8b9899bc533,757,317,0.4188,1,8,94.62,31,1,1,0,1,0.0,3,2025-10-08 04:24:16.389,2025-10-08 08:27:45.496,1.0,1.54,0.2199,0.0,1,0.06230743470588235,0.9696,1
48d198cceafaa5d50413d8f8e06cf51bdeb28c032684fad66fb2746bc5cd7a59,34,11,0.3235,1,3,11.33,15,0,1,0,1,0.0,1,2025-10-08 13:04:39.426,2025-10-08 13:08:31.935,1.0,0.63,0.1064,0.0,1,0.009697824999999998,0.6176,1
952ab6e76458a3b9bf41d8dce95a637321f205946976f9e909d8a9b91f975ad6,35,7,0.2,2,6,5.83,20,1,1,0,1,0.0,2,2025-10-08 10:42:12.146,2025-10-09 18:37:22.945,1.33,0.84,0.1418,0.0,0,0.00841450857142857,0.3143,1
bfe3779e15b647c8896800af69ab3d8feb2f6b04ce697e4990f8a99be492dfac,1184,370,0.3125,6,13,91.08,36,0,1,0,1,19.668617089999998,4,2025-10-08 10:56:11.872,2025-12-01 13:32:19.723,54.11,2840.02,0.2553,-2.7762,1,0.06187788899777283,0.8995,0
d96684dd846509bfb7b897dbd2658f5bacd9b650d97ce17723c3317db5ca58c2,1,1,1.0,1,1,1.0,1,0,1,0,0,0.0,1,2025-10-08 13:59:23.269,2025-10-08 13:59:23.269,1.0,0.0,0.0071,0.0,0,0.0,0.0,1
f405733883df6c81cf43dfa221a8d54a7fc8dc0fb31d31bdf4f939df6a803789,240,76,0.3167,1,4,60.0,28,0,1,0,1,0.0,1,2025-10-08 15:05:10.347,2025-10-08 15:25:16.983,1.0,3.42,0.1986,0.0,1,0.024780526019417475,0.8583,1
a49747d83d829db1231e4f4fde0539e0996542e9a29a5686d2a4e1a672016b8c,269,98,0.3643,1,3,89.67,16,0,1,0,1,0.0,1,2025-10-08 19:08:18.755,2025-10-08 19:24:54.184,1.0,1.36,0.1135,0.0,1,0.03438693008130081,0.9851,1
4e8c8cba87b980819a5d79c69dfa2bbbb6b2363ef6d67cb22ac5082a1a7166c4,49,7,0.1429,1,12,4.08,26,1,1,0,1,0.0,5,2025-10-08 05:25:09.472,2025-10-08 05:54:28.493,1.0,0.81,0.1844,0.0,0,0.00151697,0.1633,1
df8cedd4d21d465370f2fc2d77ee262b3e6f09b9ff47bed8d2b27ce66c812fc5,4,0,0.0,1,1,4.0,3,0,0,0,0,0.0,0,2025-10-08 07:09:45.309,2025-10-08 07:10:02.522,1.0,-1.0,0.0213,0.0,0,0.0,0.0,1
b512cf3f08b7212d6029b0f5056e5cc524fd126463a5784a709b897c70fd3d5f,2,0,0.0,1,1,2.0,2,0,0,0,0,0.0,0,2025-10-08 14:20:15.562,2025-10-08 14:32:21.899,1.0,-1.0,0.0142,0.0,0,0.0,0.0,1
cefe4fd942c7b4d63a852c141ab2649dabed73d789ac683cb3eedd8bdf01014e,311,111,0.3569,2,4,77.75,15,0,1,0,1,0.0,1,2025-10-08 18:51:01.793,2025-10-10 17:55:57.332,1.96,0.79,0.1064,0.0,1,0.02865894492753623,0.9839,1
7d83b13c59952c1fcf296e19686d7f3d6135d9e28710baf29710d5d45c035208,1,1,1.0,1,1,1.0,1,0,1,0,0,0.0,1,2025-10-08 02:58:53.830,2025-10-08 02:58:53.830,1.0,0.0,0.0071,0.0,0,0.0,0.0,1
337784e32a97d90c93d1cf5c97abc87b38dfe5ae42c420cf7ea28410e2c3e8d8,502,186,0.3705,1,7,71.71,20,0,1,0,1,0.0,1,2025-10-08 10:07:11.025,2025-10-08 10:53:09.145,1.0,0.01,0.1418,0.0,1,0.021276349950738918,0.9462,1
866d3299ee83be07a96ecb9e628cbe1f78bf02088ba731c798fbd292952a7c27,237,86,0.3629,1,3,79.0,17,0,1,0,1,0.0,1,2025-10-08 22:10:24.114,2025-10-08 22:40:30.102,1.0,0.86,0.1206,0.0,1,0.03994468018691589,0.9578,1
8b98e1a93681be30320228bde9e1ed79a143cd49b8c5ad4bed8a86e98ed53732,118,49,0.4153,1,4,29.5,15,0,1,0,1,0.0,1,2025-10-08 21:39:04.823,2025-10-08 21:58:32.549,1.0,1.33,0.1064,0.0,1,0.02901167655737705,0.8983,1
5b35b448b276d99f125c4e9a72ef51895fef294de16fd7568ed7f2c787499b4a,3,1,0.3333,1,2,1.5,3,0,1,0,0,0.0,1,2025-10-08 14:37:18.306,2025-10-08 14:38:07.592,1.0,0.82,0.0213,0.0,0,0.0,0.0,1
39e51f08e99b321a941afe07602c1015d32b6c9b43ce01f4625cf60dc1496150,2,2,1.0,1,1,2.0,1,0,1,0,0,0.0,0,2025-10-08 14:51:07.307,2025-10-08 14:51:08.644,1.0,0.0,0.0071,0.0,0,0.0,0.0,1
e6f313375fb8a439324b4139ebf1070d5f061e333839b8af9d601f4e3f59f8a1,120,50,0.4167,1,3,40.0,16,0,1,0,1,0.0,1,2025-10-08 17:02:30.820,2025-10-08 17:11:21.369,1.0,0.82,0.1135,0.0,1,0.02516173722222222,0.8167,1
a1d574d2ed5d0067693737f514b33e3675fc67eb93afb7a05b7c9ac9b90b4b9f,4,1,0.25,1,3,1.33,4,0,1,0,0,0.0,1,2025-10-08 05:51:47.801,2025-10-08 05:53:00.639,1.0,1.21,0.0284,0.0,0,0.0,0.0,1
a5dea0cb7c9121ff669175dfa21fc4c28499f59ffdc727578c78cfec5af97497,8,2,0.25,1,2,4.0,5,0,1,0,1,0.0,1,2025-10-08 03:53:28.945,2025-10-08 15:24:53.640,1.0,688.48,0.0355,0.0,0,0.002827,0.5,1
32bbcb993630ac61c8a4ad74772880d89a23878e631a937d83bd59d211f4453b,6,0,0.0,1,1,6.0,3,0,0,0,0,0.0,0,2025-10-08 10:55:07.254,2025-10-08 10:55:53.383,1.0,-1.0,0.0213,0.0,0,0.0,0.0,1
d28a423dc97f642a31f037536dd05fd2e632295f05675230aa38a29f2cfa40ec,3,0,0.0,1,2,1.5,3,0,0,0,0,0.0,0,2025-10-08 11:00:42.921,2025-10-08 11:01:07.388,1.0,-1.0,0.0213,0.0,0,0.0,0.0,1
359cc779639a882c55f2d3ce008bf9b6d956b45b8bbda93515ae6ac3ab8e89f7,1,1,1.0,1,1,1.0,1,0,1,0,0,0.0,1,2025-10-08 12:12:27.378,2025-10-08 12:12:27.378,1.0,0.0,0.0071,0.0,0,0.0,0.0,1
1acf0ec6442517f20ca37fb0c27cc14baecd951d95c05b329260d7487a004612,2,2,1.0,1,1,2.0,1,0,1,0,0,0.0,0,2025-10-08 10:53:14.933,2025-10-08 10:53:16.383,1.0,0.0,0.0071,0.0,0,0.0,0.0,1
20446c9a2345a2c63232d1d1fd101162fce64a22bfec1dea11dff19ffebb5c5c,42,13,0.3095,2,7,6.0,12,0,1,0,1,0.0,1,2025-10-08 08:48:13.136,2025-10-09 10:36:23.884,1.08,2.98,0.0851,0.0,0,0.0086534,0.5714,1
e6c5986e65e2d02725f08dc37deebc885e7f701edc2c0afb433a6a487c2c1833,1,1,1.0,1,1,1.0,1,0,1,0,0,0.0,0,2025-10-08 07:43:04.091,2025-10-08 07:43:04.091,1.0,0.0,0.0071,0.0,0,0.0,0.0,1
d507c81d00d72bf4405c754aa439cc844d83eccf52379f43933fd90a462583e1,2,0,0.0,1,1,2.0,2,0,0,0,0,0.0,0,2025-10-08 06:31:40.662,2025-10-08 06:32:49.415,1.0,-1.0,0.0142,0.0,0,0.0,0.0,1
ebc045de4c6fff851be0e27f2cea16a752e24752ac88f42693705f7dcb2ce60d,1,1,1.0,1,1,1.0,1,0,1,0,0,0.0,0,2025-10-08 11:34:57.902,2025-10-08 11:34:57.902,1.0,0.0,0.0071,0.0,0,0.0,0.0,1
551c1cbf4288fb60217d999e3ffd217b96be6454af6728a09972bb428e448847,1,1,1.0,1,1,1.0,1,0,1,0,0,0.0,0,2025-10-08 17:59:01.380,2025-10-08 17:59:01.380,1.0,0.0,0.0071,0.0,0,0.0,0.0,1
0731d9c254879c26b3c8e1adf686acb5e596d6805c5ac49f555f4115a11a282a,3,0,0.0,1,2,1.5,3,0,0,0,0,0.0,0,2025-10-08 07:16:00.749,2025-10-08 07:17:11.086,1.0,-1.0,0.0213,0.0,0,0.0,0.0,1
68b04ae660e975e09e9afaa4f658afbfa8f3e2949ab9513bbf81153f684592a5,1,1,1.0,1,1,1.0,1,0,1,0,0,0.0,0,2025-10-08 08:21:33.398,2025-10-08 08:21:33.398,1.0,0.0,0.0071,0.0,0,0.0,0.0,1
2ce33a4b9cdc359d25c663b3995dba1cb757abd73643cf85f4b4cb98e0c25205,1,1,1.0,1,1,1.0,1,0,1,0,0,0.0,0,2025-10-08 04:48:17.057,2025-10-08 04:48:17.057,1.0,0.0,0.0071,0.0,0,0.0,0.0,1
5989dabff2ee4993130bfe39d0aca52f663ad202eb1ca13ac179b9308a94d2ef,1,1,1.0,1,1,1.0,1,0,1,0,0,0.0,1,2025-10-08 23:57:16.886,2025-10-08 23:57:16.886,1.0,0.0,0.0071,0.0,0,0.0,0.0,1
ee07d8f8c9fb34b9e1e5a1fcd0b01c5f6ac27f8c773ba359263f64950fa016ec,1,1,1.0,1,1,1.0,1,0,1,0,0,0.0,1,2025-10-08 12:12:11.004,2025-10-08 12:12:11.004,1.0,0.0,0.0071,0.0,0,0.0,0.0,1
eea9ea15b8aa8e1c6abfaf99097f3db50cccb153a8fb33bf742bc41f3ee1b1fb,1,1,1.0,1,1,1.0,1,0,1,0,0,0.0,0,2025-10-08 10:53:35.140,2025-10-08 10:53:35.140,1.0,0.0,0.0071,0.0,0,0.0,0.0,1
86f919122665dc2f30507f589cd29bb1b4101852c3a2423f78d9b1ef467b1df5,1,1,1.0,1,1,1.0,1,0,1,0,0,0.0,0,2025-10-08 11:34:30.027,2025-10-08 11:34:30.027,1.0,0.0,0.0071,0.0,0,0.0,0.0,1
0ec22c47003b419a18b061d58fed0ff65b39531f0af562c80673e10981a42213,1,1,1.0,1,1,1.0,1,0,1,0,0,0.0,0,2025-10-08 10:42:17.197,2025-10-08 10:42:17.197,1.0,0.0,0.0071,0.0,0,0.0,0.0,1
8eeb9b20a2917040505ec54fc9d4205ba58f1f8ba2a3734c029d28f15bb6e2ff,1,1,1.0,1,1,1.0,1,0,1,0,0,0.0,0,2025-10-08 03:43:07.139,2025-10-08 03:43:07.139,1.0,0.0,0.0071,0.0,0,0.0,0.0,1
8d5260fda56d27d540cd16c2cb50797207205a95c949726ad68e78032459d18d,1,1,1.0,1,1,1.0,1,0,1,0,0,0.0,0,2025-10-08 01:48:23.036,2025-10-08 01:48:23.036,1.0,0.0,0.0071,0.0,0,0.0,0.0,1
013b4759baed9c8b2e3ac6225366a6ade131b7818382d0c0232555a7719ee32b,1,1,1.0,1,1,1.0,1,0,1,0,0,0.0,1,2025-10-08 16:43:28.397,2025-10-08 16:43:28.397,1.0,0.0,0.0071,0.0,0,0.0,0.0,1
be5d6d2069b278f280c7e409bab99668fd7b5b54752b6a14a6ba8364dc36c4da,2,0,0.0,1,1,2.0,2,0,0,0,0,0.0,0,2025-10-08 03:49:14.660,2025-10-08 03:49:42.303,1.0,-1.0,0.0142,0.0,0,0.0,0.0,1
56384ae6a18030546c2f4ba91ef847135335c15754027e7e59b630f8503ea6fd,175,66,0.3771,5,5,35.0,13,0,1,0,1,0.0,0,2025-10-08 10:56:14.738,2025-12-03 10:16:01.290,55.97,80504.85,0.0922,-55.0,1,0.026091270000000003,0.9314,0
e51982283bb0539b636d80ff89a63d7c0cee5e79577cfb18a4689f5f87a5c9d7,9,0,0.0,7,8,1.12,3,0,0,0,0,0.0,0,2025-10-08 11:49:39.701,2025-12-02 06:17:49.839,54.77,-1.0,0.0213,0.6667,0,0.0,0.0,0
b4c7af00431ac17ca82d234d41b89836f3e18937db19ecf6c1b95b6814839de4,2,0,0.0,1,1,2.0,2,0,0,0,0,0.0,0,2025-10-08 12:08:15.417,2025-10-08 12:08:49.477,1.0,-1.0,0.0142,0.0,0,0.0,0.0,1
611ff15e6a287cfe49432e1ccf435589c3ced4a3f7f9508586ded81d8cafb54e,1,1,1.0,1,1,1.0,1,0,1,0,0,0.0,0,2025-10-08 18:05:19.954,2025-10-08 18:05:19.954,1.0,0.0,0.0071,0.0,0,0.0,0.0,1
562a3ebf9231f845b217d7ffcb03a26a1a02beb1733d7422b4f57079b7b18f5b,1,1,1.0,1,1,1.0,1,0,1,0,0,0.0,1,2025-10-08 01:02:15.313,2025-10-08 01:02:15.313,1.0,0.0,0.0071,0.0,0,0.0,0.0,1
843608553e546f77b069402c1ff530fd11b94731a45d20f3c78570ffcd59a977,1,1,1.0,1,1,1.0,1,0,1,0,0,0.0,0,2025-10-08 11:55:51.891,2025-10-08 11:55:51.891,1.0,0.0,0.0071,0.0,0,0.0,0.0,1
10a5452d6be33d313bab8769ec7a64fd59ca0b1369464aba96a4ae22471bace1,1,1,1.0,1,1,1.0,1,0,1,0,0,0.0,1,2025-10-08 01:53:48.273,2025-10-08 01:53:48.273,1.0,0.0,0.0071,0.0,0,0.0,0.0,1
f8b2b42ffe7f93d387d41b685c53616cc2049202bd029c561395d8f697469f40,1,1,1.0,1,1,1.0,1,0,1,0,0,0.0,0,2025-10-08 01:34:07.483,2025-10-08 01:34:07.483,1.0,0.0,0.0071,0.0,0,0.0,0.0,1
3b2a1a75c5db94cb7fb3e4349eceaf639086d8517d9c5ff995fb692fa24aa90f,12,1,0.0833,1,4,3.0,9,1,1,0,0,0.0,1,2025-10-08 12:41:21.238,2025-10-08 12:43:27.324,1.0,0.79,0.0638,0.0,0,0.0,0.0,1
f3fdf52728ee6299b95f033736be48b76f9e2fc856b07ce2732c5276fab6bfa4,1,1,1.0,1,1,1.0,1,0,1,0,0,0.0,1,2025-10-08 10:01:47.418,2025-10-08 10:01:47.418,1.0,0.0,0.0071,0.0,0,0.0,0.0,1
e4a4f239bd1a56ea727dcbf1808551e2aaf00679d94471130fb6f951fb2106fb,4,3,0.75,2,2,2.0,3,0,1,0,0,0.0,1,2025-10-08 10:43:50.120,2025-10-09 07:23:38.679,1.0,0.0,0.0213,0.0,0,0.0,0.0,1
fce618f7e87474ec66669472d4a5fc05324ee947b3419c851bd384267f05ea3f,27,2,0.0741,3,4,6.75,17,1,1,0,1,0.0,2,2025-10-08 10:54:04.585,2025-11-13 05:45:42.338,35.79,1460.24,0.1206,0.875,0,0.0015711475,0.1481,1
ddc9bf6abf56067efeb361678058d978fc004d15e0b9c93ecf7d0dc8441a28d7,1,1,1.0,1,1,1.0,1,0,1,0,0,0.0,1,2025-10-08 01:21:49.808,2025-10-08 01:21:49.808,1.0,0.0,0.0071,0.0,0,0.0,0.0,1
51bab9f9dcc71f3c93777cb43d7390e0704a72fcacce9250f0bbad0bddfe5672,1,1,1.0,1,1,1.0,1,0,1,0,0,0.0,1,2025-10-08 02:38:32.880,2025-10-08 02:38:32.880,1.0,0.0,0.0071,0.0,0,0.0,0.0,1
98ee957354b6877e11aec3a0528c7842795b165deb7deb996a022fc620b14113,716,190,0.2654,3,3,238.67,28,0,1,0,1,0.0,1,2025-10-08 05:13:07.776,2025-12-01 06:44:19.404,54.06,77317.74,0.1986,-356.0,1,0.020191912291666666,0.9749,0
6ba4b6f3f624cc035111cb78054486a24b2341ff99e6d88556deb060dd861830,1,1,1.0,1,1,1.0,1,0,1,0,0,0.0,1,2025-10-08 09:51:45.940,2025-10-08 09:51:45.940,1.0,0.0,0.0071,0.0,0,0.0,0.0,1
520041aae9d56c8023d3f2802c380f47c53375943de4d5c573382468c45bfca0,1,1,1.0,1,1,1.0,1,0,1,0,0,0.0,0,2025-10-08 01:33:04.525,2025-10-08 01:33:04.525,1.0,0.0,0.0071,0.0,0,0.0,0.0,1
7583f473018ef690999c6d421426b7d689599a3f4fd8c07cbe6e20360657a4b5,1,1,1.0,1,1,1.0,1,0,1,0,0,0.0,0,2025-10-08 13:14:25.861,2025-10-08 13:14:25.861,1.0,0.0,0.0071,0.0,0,0.0,0.0,1
1061112d89cd0d7c535e430aaea9248ac2316d21dbaccc05d0fcbb82eb2099db,1,1,1.0,1,1,1.0,1,0,1,0,0,0.0,0,2025-10-08 13:11:52.450,2025-10-08 13:11:52.450,1.0,0.0,0.0071,0.0,0,0.0,0.0,1
d0bfc110c2721c3879efd1dd8945cb91692f134d266b9dc4b77483406023c773,1,1,1.0,1,1,1.0,1,0,1,0,0,0.0,0,2025-10-08 19:06:15.961,2025-10-08 19:06:15.961,1.0,0.0,0.0071,0.0,0,0.0,0.0,1
2530b3c61e648d912c0c280d506c00ce26235bdf62147ff5d09c1ccff6b00a57,1,1,1.0,1,1,1.0,1,0,1,0,0,0.0,0,2025-10-08 09:08:27.792,2025-10-08 09:08:27.792,1.0,0.0,0.0071,0.0,0,0.0,0.0,1
fde256287862f6644288ec741204b482f501e1bdd03d2a56e0fe3bb2f003e674,57,6,0.1053,1,6,9.5,29,1,1,0,1,0.0,1,2025-10-09 16:44:54.019,2025-10-09 16:57:59.293,1.0,0.73,0.2057,0.0,0,0.006281751111111111,0.1754,1
10323fa1ee3f12f1f5d3a83f68637bc6613d4de2d3d5ae573cc52b1d62432807,8,2,0.25,1,3,2.67,7,0,1,0,1,0.0,1,2025-10-09 22:12:43.482,2025-10-09 22:15:01.615,1.0,1.04,0.0496,0.0,0,0.006500000000000001,0.25,1
9f8f36a3a051184f4ee09c4e4ef25aae1635235a60398c6a8cdcd096289cdc09,10,1,0.1,1,3,3.33,8,1,1,0,0,0.0,1,2025-10-09 16:25:09.265,2025-10-09 16:26:26.223,1.0,1.03,0.0567,0.0,0,0.0,0.0,1
7b900df9b551537fe79d474094a7272733ce208cbb805c331b41e51dbc8906a4,7,4,0.5714,1,1,7.0,2,0,1,0,1,0.0,0,2025-10-09 09:16:01.312,2025-10-09 09:16:17.798,1.0,0.24,0.0142,0.0,0,0.016233333333333332,1.0,1
b741eec80aaca04ce0bebe95cb99d7bd3e0cb6e877d31210c5ba51058a0348d7,8,0,0.0,1,1,8.0,1,0,0,0,1,0.0,0,2025-10-09 05:27:23.733,2025-10-09 05:34:59.450,1.0,-1.0,0.0071,0.0,0,0.0018962125,1.0,1
a05cedda6a0534d27738eafa4538aa3e8f8dda2b0002aa293cee05ee5c908ceb,8,1,0.125,1,2,4.0,5,0,1,0,1,0.0,1,2025-10-09 01:49:27.555,2025-10-09 01:54:43.155,1.0,0.93,0.0355,0.0,0,0.0026725,0.25,1
7bdfad10f1ca65329daf2b8ddd725e3c7c3a8576f5ebd31ababae5cebc3f80f7,25,2,0.08,1,3,8.33,17,1,1,0,1,0.0,1,2025-10-09 19:40:06.835,2025-10-09 19:59:15.585,1.0,16.03,0.1206,0.0,0,0.0024379875,0.16,1
fb50edbbafb4922b4d5a6093ca20acf0c043f2a68847668bb30b9442a6e9b2ad,3,1,0.3333,1,2,1.5,3,0,1,0,0,0.0,1,2025-10-09 20:46:06.431,2025-10-09 20:46:47.576,1.0,0.69,0.0213,0.0,0,0.0,0.0,1
5812fb0e99e5476e8d13625d40413a9e2e110c9e0680f65f9dd01ca69a588675,13,5,0.3846,1,3,4.33,8,0,1,0,1,0.0,1,2025-10-09 20:15:02.479,2025-10-09 20:17:51.948,1.0,1.7,0.0567,0.0,0,0.015533333333333331,0.5385,1
5037c082e0142339f3bd1ca65d09b75cb5e5caa26a68beb1524c69a019fe123e,23,6,0.2609,1,4,5.75,12,1,1,0,1,0.0,1,2025-10-09 10:11:24.382,2025-10-09 10:15:30.456,1.0,1.19,0.0851,0.0,0,0.00839306142857143,0.4783,1
eeaca75707da40d327f28e223801c0f2e5c72fab86553be493c2f7f7313885a4,92,35,0.3804,1,4,23.0,16,0,1,0,1,0.0,1,2025-10-09 06:34:36.794,2025-10-09 09:38:28.202,1.0,178.31,0.1135,0.0,1,0.01855719549019608,0.913,1
0d558d7600bfac739bda91e8f3eb0ea638f0f11863e5c0b2fb8aacae1207d6e6,11,5,0.4545,2,3,3.67,6,0,1,0,1,0.0,1,2025-10-09 06:14:44.118,2025-10-10 04:57:11.683,1.0,0.82,0.0426,0.0,0,0.005275666666666667,0.6364,1
39c4baf7a68b8ba35d4f0a8215e6cf5cdecece301d04efac333cc2e630062a8b,517,165,0.3191,1,6,86.17,20,0,1,0,1,0.0,1,2025-10-09 07:45:44.366,2025-10-09 10:37:37.007,1.0,2.69,0.1418,0.0,1,0.0281315486,0.9555,1
c185a26826318c053b8c2bcfbff6610ac4cafeb73c9d1a586f85dcfedc97c450,244,93,0.3811,1,3,81.33,17,0,1,0,1,0.0,1,2025-10-09 13:17:35.105,2025-10-09 16:00:37.242,1.0,0.72,0.1206,0.0,1,0.022452230166666663,0.9713,1
c03b3b59cc158aa4ab2076ad26e1c625b7f1f60523ebeba3fd25158e70f30f73,3,0,0.0,1,2,1.5,3,0,0,0,0,0.0,0,2025-10-09 17:02:56.572,2025-10-09 17:39:34.664,1.0,-1.0,0.0213,0.0,0,0.0,0.0,1
7f422e8b44a419f825b93a4ba6c5482af325d28851c0bf69249bee5d8df8b106,23,1,0.0435,1,3,7.67,16,1,1,0,1,0.0,1,2025-10-09 10:15:55.422,2025-10-09 10:18:14.459,1.0,1.08,0.1135,0.0,0,0.0012280233333333333,0.2609,1
6644d780ee570bb7791dc7c39f3d5fc627ba0a9d9dc87d4a0a44467797563747,15,1,0.0667,1,3,5.0,12,0,1,0,1,0.0,1,2025-10-09 19:58:05.548,2025-10-09 19:59:32.396,1.0,0.76,0.0851,0.0,0,0.001625325,0.2667,1
93e4181d0e999d36d60425b0e5963cccf8b2255b6c1c61b779743f71b1f9f0c4,6,2,0.3333,2,3,2.0,5,0,1,0,0,0.0,1,2025-10-09 15:06:09.513,2025-10-10 09:56:03.006,1.0,1.32,0.0355,0.0,0,0.0,0.0,1
0a0b9dc6b58733a65d834877ba511fbc6300e4c3d753dbbc85a6d52154a07ff1,153,56,0.366,1,2,76.5,13,0,1,0,1,0.0,1,2025-10-09 14:50:28.727,2025-10-09 15:02:15.364,1.0,1.83,0.0922,0.0,1,0.039971215857142854,0.9739,1
191a21b385013884e41be3e3b11ad089c49d97e8b56c5e25d60edb77499c1d07,6,0,0.0,1,1,6.0,3,0,0,0,0,0.0,0,2025-10-09 05:21:47.607,2025-10-09 05:21:52.565,1.0,-1.0,0.0213,0.0,0,0.0,0.0,1
da0f7421fdfaaafaac6d70b096756f37b9238ddc0d6c35c135919a45ba0a2fd0,3,1,0.3333,1,2,1.5,3,0,1,0,0,0.0,0,2025-10-09 16:04:11.544,2025-10-09 16:05:22.912,1.0,1.19,0.0213,0.0,0,0.0,0.0,1
3b7e776d1a17ff2a0b3bb54be732476ba0d0889f5ebb7f32555e7f583779ad86,2,2,1.0,1,1,2.0,2,0,1,0,0,0.0,0,2025-10-09 14:47:28.611,2025-10-09 14:48:54.311,1.0,0.0,0.0142,0.0,0,0.0,0.0,1
267d225dc8242cdf10963995faf150612cbdbc0f8e8d64340efd828a04cf3c67,1,0,0.0,1,1,1.0,1,0,0,0,0,0.0,0,2025-10-09 14:57:09.821,2025-10-09 14:57:09.821,1.0,-1.0,0.0071,0.0,0,0.0,0.0,1
58b8f545fe8856cacc69c23fde54447de32182b6ebf70ec246d93fba4b940f44,5,1,0.2,1,2,2.5,4,0,1,0,1,0.0,0,2025-10-09 15:21:20.273,2025-10-09 15:23:21.873,1.0,1.74,0.0284,0.0,0,0.00665,0.4,1
e9669e6bdb9532ab760f76d262727799204943be145bc93c75b1c044cd41b141,1,1,1.0,1,1,1.0,1,0,1,0,0,0.0,0,2025-10-09 23:04:22.176,2025-10-09 23:04:22.176,1.0,0.0,0.0071,0.0,0,0.0,0.0,1
7ead0678f000863602b042cf5d9ed5ca9c62cbc652f6df07df22807027b34e94,7,1,0.1429,1,3,2.33,7,1,1,0,0,0.0,1,2025-10-09 14:14:08.114,2025-10-09 14:15:06.230,1.0,0.9,0.0496,0.0,0,0.0,0.0,1
f47dbf8dd8977016eabd8c364442a1c52cf6d0159d8534b23ec2043857e8c5cf,2,0,0.0,1,1,2.0,2,0,0,0,0,0.0,0,2025-10-09 13:52:20.560,2025-10-09 13:52:55.469,1.0,-1.0,0.0142,0.0,0,0.0,0.0,1
7a73bbfdc8f69117426855236f65d73491a41c6856007b8be0ff6413ce67d483,1,1,1.0,1,1,1.0,1,0,1,0,0,0.0,0,2025-10-09 15:30:47.858,2025-10-09 15:30:47.858,1.0,0.0,0.0071,0.0,0,0.0,0.0,1
19e27049a718e19eb0d5a3b773239f9076c1403b7ca872a9bc09b28453998aab,1,1,1.0,1,1,1.0,1,0,1,0,0,0.0,0,2025-10-09 12:18:41.495,2025-10-09 12:18:41.495,1.0,0.0,0.0071,0.0,0,0.0,0.0,1
7a8fcd704c3c4db2665acf4bae3ef879d3a1bcc7da42f466798b3e642af7af93,1,1,1.0,1,1,1.0,1,0,1,0,0,0.0,0,2025-10-09 12:55:49.397,2025-10-09 12:55:49.397,1.0,0.0,0.0071,0.0,0,0.0,0.0,1
6c76b45568405969006b68c5058572ab11ca89af156a719dd380845cec65c3f6,2,0,0.0,1,1,2.0,2,0,0,0,0,0.0,0,2025-10-09 13:58:44.938,2025-10-09 13:59:14.030,1.0,-1.0,0.0142,0.0,0,0.0,0.0,1
97162f6b801e481cd270c8c0abdcb916707f11612fd15e723a1c43fbe27f145b,1,1,1.0,1,1,1.0,1,0,1,0,0,0.0,0,2025-10-09 08:14:57.318,2025-10-09 08:14:57.318,1.0,0.0,0.0071,0.0,0,0.0,0.0,1
1f2825d357e5f23ed32d5ab52ee70812b5b7bd11cd7d0dafdb11ee2d0c5b0238,1,1,1.0,1,1,1.0,1,0,1,0,0,0.0,1,2025-10-09 17:26:52.548,2025-10-09 17:26:52.548,1.0,0.0,0.0071,0.0,0,0.0,0.0,1
792d6e6c735560c50e3302b72139242ec33ae5d14199cc500fbc46cf5ed0ad89,2,2,1.0,1,1,2.0,2,0,1,0,0,0.0,0,2025-10-09 17:15:24.540,2025-10-09 17:15:29.865,1.0,0.0,0.0142,0.0,0,0.0,0.0,1
e91f604f944aacf39ee9466c8570b5e82dda5eb171415760b1d36c8843999c0f,1,1,1.0,1,1,1.0,1,0,1,0,0,0.0,0,2025-10-09 18:42:42.063,2025-10-09 18:42:42.063,1.0,0.0,0.0071,0.0,0,0.0,0.0,1
53196aa861e0c2d237487fddccaa28c05ff986570302c10376557e85103e1b7f,1,1,1.0,1,1,1.0,1,0,1,0,0,0.0,0,2025-10-09 08:59:59.031,2025-10-09 08:59:59.031,1.0,0.0,0.0071,0.0,0,0.0,0.0,1
879841121820f29585168d2c8e0b52fee93be13f708930e86cc5a8f21aec3f94,1,1,1.0,1,1,1.0,1,0,1,0,0,0.0,0,2025-10-09 19:20:55.698,2025-10-09 19:20:55.698,1.0,0.0,0.0071,0.0,0,0.0,0.0,1
11518647034d8cd686cec46a4809c365372e887d8b14602ea3473c68a060bf25,2,0,0.0,1,1,2.0,1,0,0,0,1,0.0,0,2025-10-09 00:51:56.608,2025-10-09 00:51:59.092,1.0,-1.0,0.0071,0.0,0,0.0034260000000000002,1.0,1
97ea9d440732272167bbae2c35d52e6bdd788495a6b91d299f1523ed29863a9c,2,1,0.5,1,2,1.0,2,0,1,0,0,0.0,1,2025-10-09 16:56:19.973,2025-10-09 16:56:24.784,1.0,0.08,0.0142,0.0,0,0.0,0.0,1
e25facab966cf08d4502a27c06950df5da6ef38c5514462f9ebcae4f5358dbd7,674,286,0.4243,2,4,168.5,21,0,1,0,1,0.0,1,2025-10-09 13:20:03.905,2025-11-06 15:49:58.806,28.1,40421.76,0.1489,-335.0,1,0.01589707248603352,0.9496,1
cce25cb0be257e7942803ac5f0312c6ec04d2de6273cc89e440bbcd227327185,2,0,0.0,1,1,2.0,2,0,0,0,0,0.0,0,2025-10-09 11:32:59.304,2025-10-09 11:33:16.638,1.0,-1.0,0.0142,0.0,0,0.0,0.0,1
9ca456f2b7c0d3e148e91442a1ec916b1e9328640f1ea1c8698a75efd8ff2f6a,3,0,0.0,2,2,1.5,2,0,0,0,0,0.0,0,2025-10-09 14:19:28.612,2025-10-10 06:17:28.979,1.0,-1.0,0.0142,0.0,0,0.0,0.0,1
5ad45d53dc01f14129f090c6019a6b4eb9ae415a0ed6900019c6ec1b323475ec,1,1,1.0,1,1,1.0,1,0,1,0,0,0.0,0,2025-10-09 14:28:16.978,2025-10-09 14:28:16.978,1.0,0.0,0.0071,0.0,0,0.0,0.0,1
06c6a21c179cd64a85026d6af8a0d12cc2220b7d06e7f3e6ab61e71d50e0b175,1,1,1.0,1,1,1.0,1,0,1,0,0,0.0,0,2025-10-09 11:26:00.021,2025-10-09 11:26:00.021,1.0,0.0,0.0071,0.0,0,0.0,0.0,1
90992d2b70026e11f7fb2c98c01aedcb17f1c80b1548a84effa73a20920294d1,1,1,1.0,1,1,1.0,1,0,1,0,0,0.0,0,2025-10-09 07:47:56.058,2025-10-09 07:47:56.058,1.0,0.0,0.0071,0.0,0,0.0,0.0,1
085c49d10cdfad7d732a5bc570cc64c1657fe7fd9dbd708f10bc46f81cacd89c,1,1,1.0,1,1,1.0,1,0,1,0,0,0.0,0,2025-10-09 06:14:03.679,2025-10-09 06:14:03.679,1.0,0.0,0.0071,0.0,0,0.0,0.0,1
2ab2402a07b72d9eeb99d559efbc94cad864c90b53ffe2710f4b78eefaee7676,1,1,1.0,1,1,1.0,1,0,1,0,0,0.0,0,2025-10-09 00:31:07.496,2025-10-09 00:31:07.496,1.0,0.0,0.0071,0.0,0,0.0,0.0,1
bd5d18de45851415bd82efb00158c67ec410ebc529915b77f535020d97ce2ccc,1,0,0.0,1,1,1.0,1,0,0,0,0,0.0,0,2025-10-09 12:21:31.674,2025-10-09 12:21:31.674,1.0,-1.0,0.0071,0.0,0,0.0,0.0,1
0d04f5472ce67e829aeea273f17a9c5ff2f3d727d8e1cdf5cbda8a58436952df,1,1,1.0,1,1,1.0,1,0,1,0,0,0.0,0,2025-10-09 06:45:08.949,2025-10-09 06:45:08.949,1.0,0.0,0.0071,0.0,0,0.0,0.0,1
ddaba93db6e62959c32e0b3569c9e0d547ac01057318b27c2ac9bc93a09820d6,317,121,0.3817,1,3,105.67,17,0,1,0,1,0.0,1,2025-10-10 13:12:59.519,2025-10-10 13:32:15.489,1.0,0.23,0.1206,0.0,1,0.023263787291666668,0.9621,1
d0e57da93c59aaed2e118852ddd362e141b9478faba915a3c15cbd7621264029,24,3,0.125,1,6,4.0,16,1,1,0,1,0.0,3,2025-10-10 10:41:20.990,2025-10-10 10:45:21.681,1.0,1.37,0.1135,0.0,0,0.0037141416666666665,0.25,1
1148b656960dc957ba09c20973570b9cf90054466ed6bc5de343196cd41e68a8,688,242,0.3517,1,3,229.33,23,0,1,0,1,0.0,1,2025-10-10 12:36:43.730,2025-10-10 13:22:21.702,1.0,0.63,0.1631,0.0,1,0.022433277499999998,0.9767,1
badfbd7257a4aebadbe97642b30d0011cde4f19b7544e2afcabb11e55b7afe02,195,71,0.3641,1,4,48.75,16,0,1,0,1,0.0,0,2025-10-10 15:50:07.662,2025-10-10 17:22:09.516,1.0,1.58,0.1135,0.0,1,0.02701995360824742,0.9641,1
ce97978a29d2dd87a0c382deba87cf099c7177715bcea274e77701b1e23280c4,1,1,1.0,1,1,1.0,1,0,1,0,0,0.0,1,2025-10-10 07:11:46.808,2025-10-10 07:11:46.808,1.0,0.0,0.0071,0.0,0,0.0,0.0,1
86740fa0d5d71e23999df41f800129c8e6786f0d2ce4296ec06d15ca2fc576da,92,44,0.4783,1,2,46.0,12,0,1,0,1,0.0,0,2025-10-10 15:02:18.230,2025-10-10 15:17:15.202,1.0,1.27,0.0851,0.0,1,0.025892394130434784,0.9565,1
150a75e0bf63a437686b0514869747c3da8e3ec5b8944456f16b8cde5a1a78de,10,3,0.3,1,3,3.33,5,0,1,0,1,0.0,1,2025-10-10 09:05:23.854,2025-10-10 15:08:03.553,1.0,362.18,0.0355,0.0,0,0.005525,0.4,1
693b5a6f2d82697da716ba2ee93d38fb94e29b406e645668f180fdb2bfdb579b,279,111,0.3978,1,5,55.8,18,0,1,0,1,0.0,1,2025-10-10 12:52:38.610,2025-10-10 13:10:33.957,1.0,0.66,0.1277,0.0,1,0.07792162928571428,0.9785,1
549f91c5815de4f8efeffdf91d7b7d2b9ffd7b03569bc16050c125da3dcc7c91,3,3,1.0,1,1,3.0,1,0,1,0,0,0.0,1,2025-10-10 07:14:14.396,2025-10-10 07:15:14.744,1.0,0.0,0.0071,0.0,0,0.0,0.0,1
cdae85f9173f936f23130771d7d156e1af65998094beeedbde5026cb6271e15a,22,8,0.3636,1,2,11.0,11,0,1,0,1,0.0,0,2025-10-10 11:56:57.709,2025-10-10 11:59:34.853,1.0,0.85,0.078,0.0,1,0.019375,0.8636,1
901e9d929e6f602f2cd0375f99f9a6efcefc75106ee8a3471f8d6cfb7b261773,2,2,1.0,1,1,2.0,1,0,1,0,0,0.0,0,2025-10-10 17:10:23.431,2025-10-10 17:10:28.728,1.0,0.0,0.0071,0.0,0,0.0,0.0,1
a16d90ef85b713f63c3df23e0b19f3cacf0ecac6b395a3e70aa99a7abb6f2282,121,54,0.4463,1,3,40.33,14,0,1,0,1,0.0,1,2025-10-10 01:48:09.410,2025-10-10 01:57:16.427,1.0,0.24,0.0993,0.0,1,0.020217464444444444,0.9504,1
44137cef1d041bdc5ae3ecb347ae5c3713b1566a5e9acee043d18486847c2cd9,897,352,0.3924,1,5,179.4,16,0,1,0,1,0.0,1,2025-10-10 11:39:32.055,2025-10-10 23:48:07.128,1.0,0.6,0.1135,0.0,1,0.011381831352112676,0.9922,1
363f98769c81377999b986f310f14ee67040f61de8acf49131ad696d64843597,3,3,1.0,1,1,3.0,1,0,1,0,0,0.0,1,2025-10-10 13:04:38.192,2025-10-10 13:20:42.499,1.0,0.0,0.0071,0.0,0,0.0,0.0,1
1e93c3cc521d4b3cee8b8bf204b8b1f97018306290de212991d616ed9979e3b9,1,1,1.0,1,1,1.0,1,0,1,0,0,0.0,1,2025-10-10 18:24:55.501,2025-10-10 18:24:55.501,1.0,0.0,0.0071,0.0,0,0.0,0.0,1
f48c9a1a0e99c1b690667e82c649223dff3f2bd66ce5b303aabf257d0aa8270c,471,178,0.3779,1,3,157.0,18,0,1,0,1,0.0,1,2025-10-10 20:24:15.415,2025-10-10 20:37:39.123,1.0,0.75,0.1277,0.0,1,0.032303020402298856,0.9873,1
bd57602266906e7e7ec90c60ab4271ce1fb0ce64ed0ce3ad54a96b64f1447b35,18,5,0.2778,1,3,6.0,6,0,1,0,1,0.0,1,2025-10-10 06:18:07.460,2025-10-10 06:31:13.631,1.0,0.56,0.0426,0.0,0,0.0066,0.5556,1
044094a3f819104510e5f5c1653eff504488bf11252c9ae7976e6f19e6fca918,1,1,1.0,1,1,1.0,1,0,1,0,0,0.0,0,2025-10-10 10:38:48.725,2025-10-10 10:38:48.725,1.0,0.0,0.0071,0.0,0,0.0,0.0,1
518f7ac0f18e9fbb36c44acbf0a1463c60513734551514828b6f957f7359a4c1,1,1,1.0,1,1,1.0,1,0,1,0,0,0.0,0,2025-10-10 12:13:42.213,2025-10-10 12:13:42.213,1.0,0.0,0.0071,0.0,0,0.0,0.0,1
0deca0be3afebd578139cdbcdb4456f59b46b6dbc9b4612bb57b99fdd2f98db7,1,0,0.0,1,1,1.0,1,0,0,0,0,0.0,0,2025-10-10 12:32:17.398,2025-10-10 12:32:17.398,1.0,-1.0,0.0071,0.0,0,0.0,0.0,1
bc8c9e8434688dfda6d71cae4df4d7e932f7057c670efecfc8ae6b733445f19b,3,3,1.0,1,1,3.0,2,0,1,0,0,0.0,0,2025-10-10 11:25:39.306,2025-10-10 11:25:43.852,1.0,0.0,0.0142,0.0,0,0.0,0.0,1
e1f3b3df85e6e45a7c58eb12927aaaf60bae95bd1e9a39af4516626a5a567586,1,1,1.0,1,1,1.0,1,0,1,0,0,0.0,1,2025-10-10 07:57:48.368,2025-10-10 07:57:48.368,1.0,0.0,0.0071,0.0,0,0.0,0.0,1
abb125a75df3f2fe1658902606c0a8a8b6599b4410ec13d3f0a914528681346b,2,0,0.0,1,1,2.0,2,0,0,0,0,0.0,0,2025-10-10 09:36:34.634,2025-10-10 09:41:51.122,1.0,-1.0,0.0142,0.0,0,0.0,0.0,1
031fd2c9237a6d30cb8bcd073baee81d64acafd262b074a5872befa81f972907,1,1,1.0,1,1,1.0,1,0,1,0,0,0.0,0,2025-10-10 12:04:44.012,2025-10-10 12:04:44.012,1.0,0.0,0.0071,0.0,0,0.0,0.0,1
f33e72a96056fbcf02d0bf4b44d7c4256b5b0eb9e7a0dd8b79c09c4fdea4cb40,14,3,0.2143,1,3,4.67,10,0,1,0,1,0.0,1,2025-10-10 10:47:32.424,2025-10-10 12:14:29.100,1.0,84.61,0.0709,0.0,0,0.0062250000000000005,0.2857,1
63dcf62625fa0bb4780e4e21367b73d0fd8b79d646a55e362d8dd78d68dc545e,1,0,0.0,1,1,1.0,1,0,0,0,0,0.0,0,2025-10-10 12:17:25.891,2025-10-10 12:17:25.891,1.0,-1.0,0.0071,0.0,0,0.0,0.0,1
755906440312bef11cb68f4b09c1cf27a67915ef80d1d41b2995080be41d91fe,1,1,1.0,1,1,1.0,1,0,1,0,0,0.0,0,2025-10-10 05:35:27.859,2025-10-10 05:35:27.859,1.0,0.0,0.0071,0.0,0,0.0,0.0,1
bd55f08156e08855e1efd75d48de6e72c5db5c435c88f7507197646da26eced2,2,2,1.0,1,2,1.0,1,0,1,0,0,0.0,1,2025-10-10 07:55:06.030,2025-10-10 08:52:41.449,1.0,0.0,0.0071,0.0,0,0.0,0.0,1
ae41503e13ca869394fc30aef0958a8dca37d19b02ee79cbf424818959b1575c,1,1,1.0,1,1,1.0,1,0,1,0,0,0.0,0,2025-10-10 08:29:22.212,2025-10-10 08:29:22.212,1.0,0.0,0.0071,0.0,0,0.0,0.0,1
9b2465acc50c257f1f7d6433d882b1cb40612df94c9373b6bde3f0d6444455c0,1,1,1.0,1,1,1.0,1,0,1,0,0,0.0,1,2025-10-10 01:45:51.994,2025-10-10 01:45:51.994,1.0,0.0,0.0071,0.0,0,0.0,0.0,1
3d78c631c34a022010c4b1e914d0d4f84fe1e43b120c8798ff5714004800fc76,1,1,1.0,1,1,1.0,1,0,1,0,0,0.0,0,2025-10-10 13:12:36.845,2025-10-10 13:12:36.845,1.0,0.0,0.0071,0.0,0,0.0,0.0,1
1e940ab6710a9cf0aafcbc8beb9a9e2e85de7f4b8655a26c857db968d02eb3fd,1,1,1.0,1,1,1.0,1,0,1,0,0,0.0,0,2025-10-10 01:47:42.273,2025-10-10 01:47:42.273,1.0,0.0,0.0071,0.0,0,0.0,0.0,1
5518806269b300f3f02fdafb292a63ef407e34b82c097e51654b320934672432,1,1,1.0,1,1,1.0,1,0,1,0,0,0.0,1,2025-10-10 14:52:35.725,2025-10-10 14:52:35.725,1.0,0.0,0.0071,0.0,0,0.0,0.0,1
2e9968edb57537f10c99e6e51403c183303ee38a47a8ac1a1f22ff9d4625b0de,1,1,1.0,1,1,1.0,1,0,1,0,0,0.0,0,2025-10-10 12:44:55.587,2025-10-10 12:44:55.587,1.0,0.0,0.0071,0.0,0,0.0,0.0,1
08c1a17383d929dbc439f92f12522d498d7456c22d4dc6a72ad8d4c9583dc892,2,2,1.0,1,1,2.0,1,0,1,0,0,0.0,2,2025-10-10 13:04:10.191,2025-10-10 13:20:13.404,1.0,0.0,0.0071,0.0,0,0.0,0.0,1
842a62c89cd9538d426f0f442fbedc7520883bec97e8669f50ac38c5684c54b6,1,1,1.0,1,1,1.0,1,0,1,0,0,0.0,0,2025-10-10 14:05:34.826,2025-10-10 14:05:34.826,1.0,0.0,0.0071,0.0,0,0.0,0.0,1
09f0a9f95d5f9594dc03e4abdb1eb6fa5a9505cc4d4e42ddd39c6cc049f2fde0,1,1,1.0,1,1,1.0,1,0,1,0,0,0.0,0,2025-10-10 06:27:19.518,2025-10-10 06:27:19.518,1.0,0.0,0.0071,0.0,0,0.0,0.0,1
be53e569d5b2a40739bcac1dc23fe5e23d2eb19a14156caa6e03e74d6cae3e7a,1,1,1.0,1,1,1.0,1,0,1,0,0,0.0,0,2025-10-10 06:17:00.823,2025-10-10 06:17:00.823,1.0,0.0,0.0071,0.0,0,0.0,0.0,1
6dd3770d02f6c105330e59c3eb3437fc5424b563358a0d5ef1469457f2ab4ad9,1,1,1.0,1,1,1.0,1,0,1,0,0,0.0,1,2025-10-10 08:09:58.555,2025-10-10 08:09:58.555,1.0,0.0,0.0071,0.0,0,0.0,0.0,1
79dd807b242ab29435db937b7a21984b849857ccef460fadfbbfca373d7524e7,1,1,1.0,1,1,1.0,1,0,1,0,0,0.0,1,2025-10-10 04:20:47.633,2025-10-10 04:20:47.633,1.0,0.0,0.0071,0.0,0,0.0,0.0,1
31e40ceef4dc96349714b21f4685114d3e8ab1631754102d1fb3346fdb6a4c93,1,1,1.0,1,1,1.0,1,0,1,0,0,0.0,1,2025-10-10 04:46:42.881,2025-10-10 04:46:42.881,1.0,0.0,0.0071,0.0,0,0.0,0.0,1
b0a272a65e9892585836eb3480273ed5eb592653d0fdd0f5983ad23d53e07421,1,1,1.0,1,1,1.0,1,0,1,0,0,0.0,0,2025-10-10 04:03:26.553,2025-10-10 04:03:26.553,1.0,0.0,0.0071,0.0,0,0.0,0.0,1
b60516499317fbbc69490fa7c417d06086bcb1fca1d33bc8a22100bdc7ff0946,1,1,1.0,1,1,1.0,1,0,1,0,0,0.0,0,2025-10-10 12:27:18.630,2025-10-10 12:27:18.630,1.0,0.0,0.0071,0.0,0,0.0,0.0,1
fb1d0d3705fb83a30765a7625efee11af9e164d1c170d03c15f0477e045b2555,1,1,1.0,1,1,1.0,1,0,1,0,0,0.0,0,2025-10-10 10:21:04.436,2025-10-10 10:21:04.436,1.0,0.0,0.0071,0.0,0,0.0,0.0,1
835c3a19c6a17972afc3729cf1a927080604cf240a6ce019d18f7c8f3bb0f154,1,1,1.0,1,1,1.0,1,0,1,0,0,0.0,0,2025-10-10 11:47:01.074,2025-10-10 11:47:01.074,1.0,0.0,0.0071,0.0,0,0.0,0.0,1
e798f62c3d15ca3e7e325d0fb1561a171ab869c3bb14de01fa4c24592058b4ed,1,1,1.0,1,1,1.0,1,0,1,0,0,0.0,1,2025-10-10 07:15:13.593,2025-10-10 07:15:13.593,1.0,0.0,0.0071,0.0,0,0.0,0.0,1
1c1685b97bad85dd76a963d9c18f6c335f0ef21812cc2c96ce348b69912367ef,2,2,1.0,1,1,2.0,1,0,1,0,0,0.0,0,2025-10-10 12:14:23.163,2025-10-10 12:15:07.407,1.0,0.0,0.0071,0.0,0,0.0,0.0,1
0c337f0a8682edbe0ba72642546eab7101ffa46079387e6e106084051e9d68bf,1052,336,0.3194,2,3,350.67,27,0,1,0,1,0.0,2,2025-11-01 01:32:17.681,2025-11-03 06:45:05.528,2.22,5.3,0.1915,0.0,1,0.01392125455,0.9762,1
cec05236761e098f70a727b0fcf1e53596b0abebbb836ae5ae46c9f4c55b4ead,439,155,0.3531,3,3,146.33,28,0,1,0,1,0.0,1,2025-11-01 07:17:41.734,2025-12-05 03:34:48.717,33.85,1.35,0.1986,-0.7785,1,0.0366527675862069,0.9636,0
454091783f5d421668c76205829c0bfadc0f96edac2ef0b41555360f98dce4e8,186,74,0.3978,1,1,186.0,12,0,1,0,1,0.0,0,2025-11-01 18:39:05.004,2025-11-01 18:50:51.227,1.0,1.47,0.0851,0.0,1,0.013796461276595746,1.0,1
b873f4e3a60085d8111b9d525d14c2834e209fa7f2f986af60074b6d372d4d1a,155,63,0.4065,1,1,155.0,15,0,1,0,1,0.0,1,2025-11-01 04:10:04.796,2025-11-01 04:20:44.068,1.0,2.43,0.1064,0.0,1,0.009379806470588234,0.9419,1
0667f7f5c95f23f5357673d4ac7fb0cd0db84f0bdb82a981707d7e1a7300568d,3,0,0.0,1,1,3.0,3,0,0,0,1,0.0,0,2025-11-01 15:28:36.868,2025-11-01 15:29:00.325,1.0,-1.0,0.0213,0.0,0,0.0,0.3333,1
0013b53a86af3d7b990b64af6b09701cc430de6d806120e6f454dbd1c55a3fd0,3,0,0.0,1,1,3.0,3,0,0,0,1,0.0,0,2025-11-01 03:58:43.156,2025-11-01 03:59:22.430,1.0,-1.0,0.0213,0.0,0,0.0,0.3333,1
048c6dff71511f6382df3a28200c55ac3c20d777e88a99186a84510c35bd41f9,121,52,0.4298,1,1,121.0,14,0,1,0,1,0.0,1,2025-11-01 16:38:53.535,2025-11-01 16:47:54.575,1.0,0.65,0.0993,0.0,1,0.011663761428571428,0.9421,1
84ea78b718a1cb119527e2fdf0941d4d6ea00e955ad257da3e5cf140bfb56579,35,3,0.0857,1,2,17.5,21,1,1,0,1,0.0,2,2025-11-01 08:39:59.509,2025-11-01 22:00:52.788,1.0,1.35,0.1489,0.0,0,0.0013002600000000001,0.1143,1
5320899a9061de3b43adb11d5ad4503a9f4bb1a303f3cbcfc79ec3dd2ed613ae,30,2,0.0667,1,2,15.0,19,1,1,0,1,0.0,1,2025-11-01 09:23:01.272,2025-11-01 11:40:46.119,1.0,0.97,0.1348,0.0,0,0.00246507625,0.3,1
acc087cad786a27e58710d018acd1fe70ae577d1f3f0dd0a2411a480236699fc,82,32,0.3902,1,2,41.0,16,0,1,0,1,0.0,2,2025-11-01 04:58:39.208,2025-11-01 05:06:53.645,1.0,1.05,0.1135,0.0,1,0.01228179,0.8537,1
334072baea00fd924863c6159d4e6983607614b7d1ffd4b99e1af02d77c0a9fa,1204,385,0.3198,1,2,602.0,23,0,1,0,1,0.0,1,2025-11-01 02:56:27.851,2025-11-01 09:32:17.545,1.0,1.09,0.1631,0.0,1,0.015419974449339208,0.9934,1
967c6c8077883ceb1c74a28be409007ea74fd958efcf2fc3567e4fabd2ae97ba,390,150,0.3846,1,1,390.0,30,0,1,0,1,0.0,1,2025-11-01 10:08:33.331,2025-11-01 10:29:13.052,1.0,0.97,0.2128,0.0,1,0.010360884099378881,0.9436,1
460f90e0f39f0666dc25dd66721fee11af1b81aad01c8f321d485585c8212c3b,630,206,0.327,1,1,630.0,37,1,1,0,1,0.0,2,2025-11-01 01:17:31.078,2025-11-01 02:03:17.891,1.0,1.04,0.2624,0.0,1,0.02128130101321586,0.946,1
e15d81f954710d584f42c2fdf6f8e639f110d576f128bc9eb60d635fda84affd,1057,317,0.2999,1,2,528.5,28,0,1,0,1,0.0,1,2025-11-01 04:52:10.159,2025-11-01 13:59:59.211,1.0,5.49,0.1986,0.0,1,0.01539935012345679,0.9773,1
819b0c8c8c02626510e46adba98eacaee3ffa8084ee8f3ce6697a4fccb5ef2c0,270,90,0.3333,1,1,270.0,25,0,1,0,1,0.0,1,2025-11-01 09:06:06.845,2025-11-01 09:34:47.955,1.0,3.07,0.1773,0.0,1,0.018327551304347826,0.9333,1
cfd837985b94b616367e00efee9d8ae3e1fd5168ce2b98aac74dd73494ad644a,5859,2349,0.4009,12,26,225.35,37,0,1,0,1,11.01845377,8,2025-11-01 15:47:16.968,2025-12-05 18:08:56.678,34.1,0.45,0.2624,0.8765,1,0.07014475507074569,0.8863,0
00e4788aff86e5ded4b83c8314a8978a95202c9de3cf4d658ac867510aaebf33,193,83,0.4301,1,1,193.0,20,0,1,0,1,0.0,3,2025-11-01 07:22:22.375,2025-11-01 07:44:22.391,1.0,1.2,0.1418,0.0,1,0.010840535894736842,0.9326,1
a0cb75a2ddb151a84808c21740265cd1fbdb7417acf3eb336757876ccb67b47c,1713,707,0.4127,3,10,171.3,24,0,1,0,1,0.0,1,2025-11-01 03:15:06.859,2025-11-04 22:55:47.605,3.82,11.9,0.1702,0.0,1,0.02444657306701031,0.965,1
0089508cc563c62f78973d6c1432cfba5e683fcce8afbe081322d6db9e90eb6a,404,143,0.354,1,1,404.0,14,0,1,0,1,0.0,1,2025-11-01 05:33:46.416,2025-11-01 05:51:31.469,1.0,1.14,0.0993,0.0,1,0.01060057202247191,0.9901,1
687a759553c4b908ab9439c59a8e9e3636a654b6899d2e88af2dd29dcb4055af,204,83,0.4069,1,1,204.0,17,0,1,0,1,0.0,1,2025-11-01 08:01:02.499,2025-11-01 08:20:42.180,1.0,2.44,0.1206,0.0,1,0.011427622450980392,0.9608,1
0bbac56bf044846a63e5c7751c7bebcbcd6628a896bd916ea5af47c88e2eb4f4,34,12,0.3529,1,1,34.0,9,0,1,0,1,0.0,1,2025-11-01 17:56:58.757,2025-11-01 17:59:12.080,1.0,0.54,0.0638,0.0,1,0.0081808355,0.9706,1
3411c2b8551e8be0cf46c3fffbc011e4edd53d366fe2f90c19c8cbd09d684d63,1,1,1.0,1,1,1.0,1,0,1,0,0,0.0,0,2025-11-01 02:55:59.070,2025-11-01 02:55:59.070,1.0,0.0,0.0071,0.0,0,0.0,0.0,1
ca033b0a176b9a88f94803a664d3bb31ec964d60732fd48c6cbd63a0a6741752,2,0,0.0,2,2,1.0,1,0,0,0,0,0.0,0,2025-11-01 08:26:59.378,2025-11-02 13:50:43.688,1.22,-1.0,0.0071,0.0,0,0.0,0.0,1
5d8f48270b6f8316da87c14d2341497cbbc41ce5ea9b30601a760a2a77b2ddc3,101,33,0.3267,1,1,101.0,27,0,1,0,1,0.0,1,2025-11-01 22:25:54.960,2025-11-01 23:02:13.566,1.0,0.86,0.1915,0.0,1,0.008697733181818183,0.6832,1
cebec4d0e753229f02ba574d79e1b962086ec0d34cc4e6a810163672727acad7,1,1,1.0,1,1,1.0,1,0,1,0,0,0.0,0,2025-11-01 10:09:45.089,2025-11-01 10:09:45.089,1.0,0.0,0.0071,0.0,0,0.0,0.0,1
fccbfdd8803717cdb8a9b4cca538ee20103efc4d33a88538d5de2ee83036957d,12,3,0.25,1,1,12.0,3,0,1,0,0,0.0,2,2025-11-01 09:00:23.533,2025-11-01 09:05:53.983,1.0,0.0,0.0213,0.0,0,0.0,0.0,1
8b54604bd77a611b92ef9998f9a198d5ba05fdfe36a9a455b6deb8624e7f2ae4,7,0,0.0,1,1,7.0,4,0,0,0,1,0.0,0,2025-11-01 15:16:29.386,2025-11-01 15:16:46.344,1.0,-1.0,0.0284,0.0,0,0.0,0.1429,1
7822d89bfcae2d412e43920e06a456ce08248d5c25e31c7c8be0144ce0537100,2,2,1.0,1,1,2.0,1,0,1,0,0,0.0,0,2025-11-01 06:18:45.723,2025-11-01 06:18:48.435,1.0,0.0,0.0071,0.0,0,0.0,0.0,1
ce89ce9ee49fcc2e8505a7705d49850ad4ab1e1f222e8201e5b605128d67cd86,17,1,0.0588,1,1,17.0,15,1,1,0,1,0.0,1,2025-11-01 13:28:01.468,2025-11-01 13:29:44.898,1.0,0.77,0.1064,0.0,0,0.0011557866666666665,0.2353,1
4a7bcfb0bf7971b5f064d49c1b377624fcd1f388fea07168d81459fbb810a4a4,1,0,0.0,1,1,1.0,1,0,0,0,1,0.0,0,2025-11-01 14:28:58.097,2025-11-01 14:28:58.097,1.0,-1.0,0.0071,0.0,0,0.0,1.0,1
1df20690cc0e9d3bfa77a08168388d74234f970c26feb464fb649d5f5551592e,5,0,0.0,1,2,2.5,5,0,0,0,1,0.0,0,2025-11-01 16:09:34.079,2025-11-01 16:12:35.716,1.0,-1.0,0.0355,0.0,0,0.0,0.2,1
93f33dd159e1b2dfa6d4f83407dcba011b5238ddb0f554144b175203b153231a,4,0,0.0,1,1,4.0,4,0,0,0,1,0.0,0,2025-11-01 00:31:30.333,2025-11-01 00:32:31.868,1.0,-1.0,0.0284,0.0,0,0.0,0.25,1
ad8bbd17bf91be3dda67f18af7265d766903a7db3ff0914e830907413eb34a99,1,1,1.0,1,1,1.0,1,0,1,0,0,0.0,0,2025-11-01 09:02:12.906,2025-11-01 09:02:12.906,1.0,0.0,0.0071,0.0,0,0.0,0.0,1
ce177a80218ca6ced7143e867ff9b6355f5e1516bb594d925b48d842a5ee8efa,10,2,0.2,1,1,10.0,7,0,1,0,1,0.0,1,2025-11-01 17:08:41.509,2025-11-01 17:11:00.489,1.0,1.25,0.0496,0.0,0,0.00435,0.5,1
da356a0c1680bb46fb28232945345b0a2125621584c76c5e933abfedcadd793d,8,1,0.125,1,1,8.0,6,0,1,0,1,0.0,1,2025-11-01 07:33:39.522,2025-11-01 07:34:56.177,1.0,1.28,0.0426,0.0,0,0.0,0.125,1
62ad378257b1f41159f45800871296f2c8b184325393cef412e4d34c2a9ee2ed,11,2,0.1818,1,1,11.0,9,0,1,0,1,0.0,1,2025-11-01 06:02:13.732,2025-11-01 06:04:23.233,1.0,1.0,0.0638,0.0,0,0.00321114,0.3636,1
27dbc043d29c931a560ba32f674824fe6ce9703a808414c9a646884b127228dc,62,0,0.0,31,31,2.0,1,0,0,0,1,0.0,0,2025-11-01 03:00:16.801,2025-12-08 04:00:15.242,37.04,-1.0,0.0071,-0.1667,0,0.0005654356451612904,1.0,0
06a6fa19fa5e711f6d4300a8df93cc735c708359d33f2f91461c964aa16bd018,7,0,0.0,1,1,7.0,4,0,0,0,1,0.0,0,2025-11-01 15:35:33.509,2025-11-01 15:35:54.430,1.0,-1.0,0.0284,0.0,0,0.0,0.1429,1
a1ade6f66d35d4ff838313daa3e9990cbf12a7e6ded3705fe2855d6d3a177d6b,2,2,1.0,1,1,2.0,1,0,1,0,0,0.0,0,2025-11-01 03:58:05.008,2025-11-01 03:58:05.426,1.0,0.0,0.0071,0.0,0,0.0,0.0,1
738202ad05155b1425c51a0558fb946199dd93a5ec069407872e473b3ebc2832,1,1,1.0,1,1,1.0,1,0,1,0,0,0.0,0,2025-11-01 11:10:38.508,2025-11-01 11:10:38.508,1.0,0.0,0.0071,0.0,0,0.0,0.0,1
d1ab92b10b110d231885f05eb84305ef4885a1aac04d2680aa8f693b0edb475c,3,3,1.0,3,3,1.0,1,0,1,0,0,0.0,1,2025-11-01 12:20:46.763,2025-11-03 05:26:18.787,1.71,0.0,0.0071,0.0,0,0.0,0.0,1
80b52ef7ffac63d53d47b326e29cf9d2c4edcbf36f62edd9a25b748a7c33a445,1,1,1.0,1,1,1.0,1,0,1,0,0,0.0,0,2025-11-01 01:40:12.553,2025-11-01 01:40:12.553,1.0,0.0,0.0071,0.0,0,0.0,0.0,1
6ba7983f81e44421e01184d619572a9b41162d31e509933da63b990c51af0141,1,1,1.0,1,1,1.0,1,0,1,0,0,0.0,0,2025-11-01 11:34:20.823,2025-11-01 11:34:20.823,1.0,0.0,0.0071,0.0,0,0.0,0.0,1
b7d6ac42570a7dc748840f3c07df1c01939bc8e667e937b7cb7efda435662cc5,2,0,0.0,1,1,2.0,2,0,0,0,1,0.0,0,2025-11-01 09:51:41.948,2025-11-01 09:51:43.831,1.0,-1.0,0.0142,0.0,0,0.0,0.5,1
baa542ca33962fe026fbca89aa47927191ebeab1ea340ace23988931640732e1,3,3,1.0,1,1,3.0,2,0,1,0,0,0.0,0,2025-11-01 04:04:04.045,2025-11-01 04:04:36.633,1.0,0.0,0.0142,0.0,0,0.0,0.0,1
abf40b35f12555d5488e7cd90d347286ca7d9ab39cc70ba07baf00be3fde77f1,4,0,0.0,2,2,2.0,2,0,0,0,1,0.0,0,2025-11-01 18:29:24.954,2025-11-14 22:58:05.472,13.19,-1.0,0.0142,-2.0,0,0.0,0.25,1
8fe8c7e0ab7d3263889891f83bcbc2e186cb515a13d1b071d2714caea8e1a403,1,1,1.0,1,1,1.0,1,0,1,0,0,0.0,0,2025-11-01 04:16:38.966,2025-11-01 04:16:38.966,1.0,0.0,0.0071,0.0,0,0.0,0.0,1
777ff5dafd51a190fc0b65ec71eff865c648c82e5a46e2871ef09a53d277efa3,4,0,0.0,1,1,4.0,4,0,0,0,1,0.0,0,2025-11-01 11:30:55.994,2025-11-01 11:31:27.242,1.0,-1.0,0.0284,0.0,0,0.0,0.25,1
2bdc2f935bc1d18584145186c7eea7334db10aa44087f1bc021065fea3a0a27b,1,1,1.0,1,1,1.0,1,0,1,0,0,0.0,0,2025-11-01 19:11:13.915,2025-11-01 19:11:13.915,1.0,0.0,0.0071,0.0,0,0.0,0.0,1
e513b74e75010a96a8b046ead48ee1296425cf8c2fd0db793c0e6020a4cb9e8f,192,39,0.2031,7,8,24.0,17,0,1,0,1,0.0,1,2025-11-01 11:40:40.701,2025-11-19 13:31:00.411,18.08,23021.56,0.1206,-61.3333,1,0.038697531971830984,0.9219,1
bccb7dbc19ea7b880810923d79b16a50d08110c6def33b84c580576e9c07457e,2,2,1.0,1,1,2.0,1,0,1,0,0,0.0,0,2025-11-01 17:55:41.613,2025-11-01 17:57:11.547,1.0,0.0,0.0071,0.0,0,0.0,0.0,1
98d9052a62f809e5461f783b54023d41a9738ddb2c2b63d41646835337d09352,1,1,1.0,1,1,1.0,1,0,1,0,0,0.0,0,2025-11-01 10:12:58.093,2025-11-01 10:12:58.093,1.0,0.0,0.0071,0.0,0,0.0,0.0,1
ae264146a040869984571f4ab0fcf85ac413dbdf8f1e8574a3964069465b0eeb,1,1,1.0,1,1,1.0,1,0,1,0,0,0.0,0,2025-11-01 16:34:09.441,2025-11-01 16:34:09.441,1.0,0.0,0.0071,0.0,0,0.0,0.0,1
fb898733e1842563e6a96198a456fe59d9d41de47e1a58e7ee07a47ad5941509,1,1,1.0,1,1,1.0,1,0,1,0,0,0.0,1,2025-11-01 15:40:28.587,2025-11-01 15:40:28.587,1.0,0.0,0.0071,0.0,0,0.0,0.0,1
a67466d66f39dfdd08d1ac32215bd0abd4bc63fbb5e47e0dbbd84b3a26a03531,1,1,1.0,1,1,1.0,1,0,1,0,0,0.0,0,2025-11-01 07:32:37.661,2025-11-01 07:32:37.661,1.0,0.0,0.0071,0.0,0,0.0,0.0,1
15ee249c4b4bf10f0a02f7768763b05791f25ad941c2632580043fe770655a95,2,2,1.0,1,1,2.0,1,0,1,0,0,0.0,0,2025-11-01 10:16:33.848,2025-11-01 10:16:34.282,1.0,0.0,0.0071,0.0,0,0.0,0.0,1
1a01a2e15f112e54228234f1eb53319981a2677f255fb8c267c00598bd023a86,1,1,1.0,1,1,1.0,1,0,1,0,0,0.0,0,2025-11-01 16:23:50.770,2025-11-01 16:23:50.770,1.0,0.0,0.0071,0.0,0,0.0,0.0,1
81cac498a255e8f2fab2a6195c1009eb9ee20d8455edf6f5680c779333bcee33,3,0,0.0,1,1,3.0,3,0,0,0,1,0.0,0,2025-11-01 08:05:10.702,2025-11-01 08:05:36.123,1.0,-1.0,0.0213,0.0,0,0.0,0.3333,1
ef074fd9c5210b6fe8bae749662b5966888a83e4adbf8e7ef115eb3ecf121458,164,16,0.0976,4,5,32.8,41,1,1,0,1,0.0,7,2025-11-01 07:49:31.907,2025-11-11 06:31:31.859,9.95,0.78,0.2908,-18.625,1,0.00583494696969697,0.2439,1
8ffcbd6767b1959697a7bead80776c8631432c915c74d9d193bba928af1e728b,1,1,1.0,1,1,1.0,1,0,1,0,0,0.0,0,2025-11-01 08:15:23.078,2025-11-01 08:15:23.078,1.0,0.0,0.0071,0.0,0,0.0,0.0,1
188b494143ffa9e623dcedece6094ecffb57cf7faf66d7064d55900ad2ccd66e,2,0,0.0,1,1,2.0,2,0,0,0,1,0.0,0,2025-11-01 11:45:29.300,2025-11-01 11:45:31.330,1.0,-1.0,0.0142,0.0,0,0.0,0.5,1
2b96db38ccb9cac4411ac25bbcba79e193dfba02adc5bf81ea757ede482f3e2b,1,1,1.0,1,1,1.0,1,0,1,0,0,0.0,0,2025-11-01 07:30:35.226,2025-11-01 07:30:35.226,1.0,0.0,0.0071,0.0,0,0.0,0.0,1
65857de8b8d4b579b89a25f5661b84bcfa4d78c9453ed9938fb78caec2f47793,1,1,1.0,1,1,1.0,1,0,1,0,0,0.0,0,2025-11-01 05:19:12.497,2025-11-01 05:19:12.497,1.0,0.0,0.0071,0.0,0,0.0,0.0,1
057c0def4016b4e5e509bd599fd7df7f107dde8dae6d67182231d23604d5238a,31,0,0.0,31,31,1.0,1,0,0,0,1,0.0,0,2025-11-01 22:00:34.284,2025-12-08 22:00:29.996,37.0,-1.0,0.0071,-0.4,0,0.001358336129032258,1.0,0
e6c37c4bdad333a7f766c2b7782bd366cf1096a0bbbff61cc300c2c5af521c49,1,1,1.0,1,1,1.0,1,0,1,0,0,0.0,0,2025-11-01 12:02:25.665,2025-11-01 12:02:25.665,1.0,0.0,0.0071,0.0,0,0.0,0.0,1
17e73211f1d0bfc0efa8bb8382705e2a3162f15f0a1f4466133b1099983adca2,2,2,1.0,1,1,2.0,1,0,1,0,0,0.0,0,2025-11-01 16:00:01.114,2025-11-01 16:00:02.669,1.0,0.0,0.0071,0.0,0,0.0,0.0,1
947fb9793b3ad09259ab5177c6fb8f02ca442a27ad965210d14f1c7af6c66ae2,1,1,1.0,1,1,1.0,1,0,1,0,0,0.0,0,2025-11-01 13:26:34.446,2025-11-01 13:26:34.446,1.0,0.0,0.0071,0.0,0,0.0,0.0,1
94e3b7c4538e8aea801cf94e4c4273f8b128cafb64cadceae4d829b8c0fbfbd0,1,1,1.0,1,1,1.0,1,0,1,0,0,0.0,0,2025-11-01 04:27:00.555,2025-11-01 04:27:00.555,1.0,0.0,0.0071,0.0,0,0.0,0.0,1
2956b26d702aea29d08b3a76f6ff523ace01ce021202a976d1f0a9826fe4fb36,3,0,0.0,1,1,3.0,3,0,0,0,1,0.0,0,2025-11-01 04:31:19.646,2025-11-01 04:40:39.897,1.0,-1.0,0.0213,0.0,0,0.0,0.3333,1
6c9f52fb5df106aa6093d962d1632d931ac7e605affa5fcfb12cb1c7c5915cf7,1,1,1.0,1,1,1.0,1,0,1,0,0,0.0,0,2025-11-01 04:27:52.008,2025-11-01 04:27:52.008,1.0,0.0,0.0071,0.0,0,0.0,0.0,1
ad3abf09a966ec8767f0bee43685b29c7b5c7a7c584232a527a4b58f33b966f3,1,1,1.0,1,1,1.0,1,0,1,0,0,0.0,0,2025-11-01 04:04:50.150,2025-11-01 04:04:50.150,1.0,0.0,0.0071,0.0,0,0.0,0.0,1
3fb3ea4c2ad0894af90f7d43b5f22535bcdfd6eefac64d48d31e90e63465e7f1,1,1,1.0,1,1,1.0,1,0,1,0,0,0.0,0,2025-11-01 08:30:41.133,2025-11-01 08:30:41.133,1.0,0.0,0.0071,0.0,0,0.0,0.0,1
84991be78f4b691aa7b9b3fe228a163ffa43caf882eef56d9759cbd33b02c0ca,2,2,1.0,1,1,2.0,1,0,1,0,0,0.0,0,2025-11-01 18:04:57.600,2025-11-01 18:04:58.916,1.0,0.0,0.0071,0.0,0,0.0,0.0,1
c80b4045b151d1f181c713e8a8dec781ae4f9dc1c9132c6edf3f19ee8c277629,1,1,1.0,1,1,1.0,1,0,1,0,0,0.0,0,2025-11-01 16:33:50.585,2025-11-01 16:33:50.585,1.0,0.0,0.0071,0.0,0,0.0,0.0,1
1e9dde8b600239d38489e0f0342997ea957fcba3e21e846eb27b7960b1856834,1,1,1.0,1,1,1.0,1,0,1,0,0,0.0,0,2025-11-01 10:41:54.688,2025-11-01 10:41:54.688,1.0,0.0,0.0071,0.0,0,0.0,0.0,1
91ac7dbd794ff156d485384603f197a13fba2b5a4e691c2be7333116c3b040ec,1,1,1.0,1,1,1.0,1,0,1,0,0,0.0,0,2025-11-01 06:19:57.573,2025-11-01 06:19:57.573,1.0,0.0,0.0071,0.0,0,0.0,0.0,1
ea4a85f6622ad439e28c2f022314a683a7219af5b6bf4700ca126324ccda010d,1,1,1.0,1,1,1.0,1,0,1,0,0,0.0,0,2025-11-01 10:42:10.950,2025-11-01 10:42:10.950,1.0,0.0,0.0071,0.0,0,0.0,0.0,1
004f191a2a118d8c2602930308effa91472b1ecf02b5e68cd38c1389446b4809,1,1,1.0,1,1,1.0,1,0,1,0,0,0.0,0,2025-11-01 09:03:08.811,2025-11-01 09:03:08.811,1.0,0.0,0.0071,0.0,0,0.0,0.0,1
7cb77aee1d9137209244fc5c788850063d98c4dfc5822db5d80cb7b27c79b694,1,1,1.0,1,1,1.0,1,0,1,0,0,0.0,0,2025-11-01 05:31:04.395,2025-11-01 05:31:04.395,1.0,0.0,0.0071,0.0,0,0.0,0.0,1
99cbd7c912a88d02721a40224a082b087a0a1dbbefa8cd60054cb4d266ad2781,1,1,1.0,1,1,1.0,1,0,1,0,0,0.0,0,2025-11-01 04:56:45.799,2025-11-01 04:56:45.799,1.0,0.0,0.0071,0.0,0,0.0,0.0,1
fb8495a6fb1bc41224cbaa3d4cad43b74d2d635bca176e72789a9f7be20aa6ec,1,1,1.0,1,1,1.0,1,0,1,0,0,0.0,0,2025-11-01 06:46:01.268,2025-11-01 06:46:01.268,1.0,0.0,0.0071,0.0,0,0.0,0.0,1
3ee1448ad962d60fa7c6f6c85137ca53726d2ad919ca13ec0ad0928e076eb4f5,1,1,1.0,1,1,1.0,1,0,1,0,0,0.0,0,2025-11-01 07:20:33.364,2025-11-01 07:20:33.364,1.0,0.0,0.0071,0.0,0,0.0,0.0,1
5deede6d90d92773a7a13f36f95a440ab74d5724e0cea6e0f5d3aa5f944be5fe,1,1,1.0,1,1,1.0,1,0,1,0,0,0.0,0,2025-11-01 18:58:41.946,2025-11-01 18:58:41.946,1.0,0.0,0.0071,0.0,0,0.0,0.0,1
4b7d2c04dc51997d030345940f172dead8d3775fa9f656b9d1e22988ff84d86d,1,1,1.0,1,1,1.0,1,0,1,0,0,0.0,0,2025-11-01 10:42:06.465,2025-11-01 10:42:06.465,1.0,0.0,0.0071,0.0,0,0.0,0.0,1
c79ac7db561e9a94ab771b2333f01b31fbc9a262c304b2a325aa3763366556d0,1,1,1.0,1,1,1.0,1,0,1,0,0,0.0,0,2025-11-01 07:36:20.730,2025-11-01 07:36:20.730,1.0,0.0,0.0071,0.0,0,0.0,0.0,1
99b311bb9f2b94fab33e7a233656702d551b592765ea8fe64c97e6e9f3eaa191,1,1,1.0,1,1,1.0,1,0,1,0,0,0.0,0,2025-11-01 10:16:01.862,2025-11-01 10:16:01.862,1.0,0.0,0.0071,0.0,0,0.0,0.0,1
0b3028a3ea8b4217d2081c6d9ea3572e370f5e8dffa8be26f67e695f15d8a6ca,498,137,0.2751,1,1,498.0,27,0,1,0,1,0.0,1,2025-11-02 08:57:18.267,2025-11-02 09:39:38.926,1.0,1.67,0.1915,0.0,1,0.01741845713483146,0.8414,1
1986a785386f8956499ffd146a168418f57e1bce34ec940ae9a1c5ffc9b99be2,1,1,1.0,1,1,1.0,1,0,1,0,0,0.0,0,2025-11-02 09:32:30.221,2025-11-02 09:32:30.221,1.0,0.0,0.0071,0.0,0,0.0,0.0,1
8be2cfe7714d26d3eb90e1024261464ce0768ec5fa81f638d5429d2b61dc370c,73,25,0.3425,1,1,73.0,19,0,1,0,1,0.0,3,2025-11-02 05:50:28.548,2025-11-02 06:18:52.521,1.0,0.57,0.1348,0.0,1,0.006135013,0.6301,1
979fd31ef38a1a6c7ef11af21cb84ef32b6347b6dc661fc57bf4cea2af1e63bc,250,90,0.36,1,1,250.0,17,0,1,0,1,0.0,1,2025-11-02 04:51:15.108,2025-11-02 05:07:53.781,1.0,0.8,0.1206,0.0,1,0.016795919727272728,0.968,1
186c097ecae778b1a525d3f6df41c21ef2666c751059cf5fc0c3a3c8035850cf,23,9,0.3913,1,1,23.0,12,0,1,0,1,0.0,1,2025-11-02 06:50:33.799,2025-11-02 06:52:52.657,1.0,0.64,0.0851,0.0,0,0.005602387142857143,0.5652,1
bd12187fd90709315ccf719e6903a4722eabdac4d66b46a1979cdf0edd440d4c,11,3,0.2727,2,2,5.5,7,0,1,0,1,0.0,3,2025-11-02 10:39:23.003,2025-11-05 07:20:20.435,2.86,1.3,0.0496,0.0,0,0.0,0.0909,1
58e24a3b2d0d358928b38df61dedd48f2a39f3bb06a58824134dc0904c276eb1,147,46,0.3129,1,2,73.5,30,1,1,0,1,0.0,3,2025-11-02 17:22:16.994,2025-11-02 17:47:58.419,1.0,1.65,0.2128,0.0,1,0.011734503378378378,0.7891,1
84e056766bfd8e8b3627218344e92ce6f47d95e4f6c704892c836aea1ccc9463,1,1,1.0,1,1,1.0,1,0,1,0,0,0.0,0,2025-11-02 14:26:51.866,2025-11-02 14:26:51.866,1.0,0.0,0.0071,0.0,0,0.0,0.0,1
2a80e56641ac774b2982840ea678cfb142e0841d9e734e52262998b6ab207f39,1,1,1.0,1,1,1.0,1,0,1,0,0,0.0,0,2025-11-02 04:10:32.962,2025-11-02 04:10:32.962,1.0,0.0,0.0071,0.0,0,0.0,0.0,1
92ed76ddc12df9b4bb1349036c63d1e38e8b90a100e89b29191ff05e5a24a7c5,268,97,0.3619,1,1,268.0,15,0,1,0,1,0.0,0,2025-11-02 15:39:23.078,2025-11-02 15:52:27.597,1.0,1.21,0.1064,0.0,1,0.012319926097560975,0.9739,1
516f82d214da9ac7b4b3b685f91ee42dc8570bfd0c3a83ebf87a4a1ff6403348,12,5,0.4167,1,1,12.0,8,0,1,0,1,0.0,1,2025-11-02 02:45:25.107,2025-11-02 02:46:25.676,1.0,0.53,0.0567,0.0,0,0.012150000000000001,0.5833,1
a7707ecc316b760a71016e3172be9e074483d7c092e6622778c7c6eb31bacdad,6,3,0.5,3,3,2.0,2,0,1,0,0,0.0,1,2025-11-02 17:17:31.835,2025-11-05 18:21:11.000,3.04,0.08,0.0142,0.0,0,0.0,0.0,1
a4de0579d7dd6ba8f1e92debb3988fa42ba658be7b0c3fc971215684cb87618f,5,1,0.2,1,1,5.0,5,0,1,0,1,0.0,1,2025-11-02 10:27:46.507,2025-11-02 10:28:15.085,1.0,0.48,0.0355,0.0,0,0.0,0.2,1
89b2ef8b014286d231c3c60764a2173ad3315e8a0a4ab98e4835457c78e4d1a6,469,158,0.3369,1,1,469.0,19,0,1,0,1,0.0,1,2025-11-02 09:34:26.225,2025-11-02 10:06:51.481,1.0,3.77,0.1348,0.0,1,0.015498676436170212,0.9872,1
e32a412e0943dd61afb6ca3ecf30d7f2b40d3433a3d19532dc80b1a6b2daa3bb,594,181,0.3047,1,1,594.0,14,0,1,0,1,0.0,0,2025-11-02 09:59:30.079,2025-11-02 12:36:09.433,1.0,5.16,0.0993,0.0,1,0.014457630753968253,1.0,1
7c26a53f3f32541fad23e1a07d2374ee5974e395bdcd433d9c4579c31396dcd1,22,6,0.2727,1,1,22.0,12,0,1,0,1,0.0,1,2025-11-02 06:10:24.356,2025-11-02 06:12:22.218,1.0,0.75,0.0851,0.0,1,0.00819090909090909,0.7727,1
99a78e36b51597e424a0e2299b8fc8384548486cb283320171b486be5aafbf9a,351,125,0.3561,2,2,175.5,12,0,1,0,1,0.0,0,2025-11-02 23:20:36.788,2025-11-03 15:44:38.866,1.0,1.68,0.0851,0.0,1,0.011866573190184049,1.0,1
58cece99c1cfaf2b32019bf555c62ee09407a7e22128d47a35c57c4ce152f859,5,0,0.0,1,1,5.0,5,0,0,0,1,0.0,0,2025-11-02 08:36:40.399,2025-11-02 08:37:27.444,1.0,-1.0,0.0355,0.0,0,0.0,0.2,1
61f7d91dc53de32629df858bb2ef755ba4d453045b8f05beb439c902af77d331,5,5,1.0,1,1,5.0,1,0,1,0,0,0.0,0,2025-11-02 15:33:11.014,2025-11-02 15:33:16.368,1.0,0.0,0.0071,0.0,0,0.0,0.0,1
2524a4bcf07a40a71c5817750e26249316e892f35312fcf077aea80fa942fcad,8,3,0.375,2,2,4.0,3,0,1,0,0,0.0,2,2025-11-02 15:47:43.446,2025-11-03 10:30:19.666,1.0,1121.84,0.0213,0.0,0,0.0,0.0,1
29225cb6346360c64800f0a12692fa1c28fd4eaadd862d9959102f065b04a48e,13,3,0.2308,1,1,13.0,7,0,1,0,1,0.0,0,2025-11-02 17:53:39.798,2025-11-02 17:54:35.710,1.0,0.61,0.0496,0.0,0,0.0089,0.4615,1
d8e238ad3af30b5dd6cc482b8713f8b5f2d4061177894496a14228a772691ac5,7,0,0.0,1,1,7.0,4,0,0,0,1,0.0,0,2025-11-02 20:02:23.938,2025-11-02 20:02:30.874,1.0,-1.0,0.0284,0.0,0,0.0,0.1429,1
236b538e3eb37dd6b51316e71f0eedc016b9e4ba6a118d621a28dd97bdc43774,3,3,1.0,1,1,3.0,1,0,1,0,0,0.0,0,2025-11-02 09:12:11.421,2025-11-02 09:12:18.797,1.0,0.0,0.0071,0.0,0,0.0,0.0,1
ffdaddc945299b9172c73f81ea1264ed9035a84d0d1bb121bce0a224a8679197,1,0,0.0,1,1,1.0,1,0,0,0,1,0.0,0,2025-11-02 04:44:58.597,2025-11-02 04:44:58.597,1.0,-1.0,0.0071,0.0,0,0.0,1.0,1
882e8b3a1e8c402e6c78676d1a3c6f8ddbfe0feae9aec54d16d5a62ef08257bd,1,1,1.0,1,1,1.0,1,0,1,0,0,0.0,0,2025-11-02 10:43:08.090,2025-11-02 10:43:08.090,1.0,0.0,0.0071,0.0,0,0.0,0.0,1
c30c3c9cedc42ac5b047c37b68b41a0ddb5b2f6150f6f3ce24c90c96885e8962,1,1,1.0,1,1,1.0,1,0,1,0,0,0.0,0,2025-11-02 04:36:12.468,2025-11-02 04:36:12.468,1.0,0.0,0.0071,0.0,0,0.0,0.0,1
4f9faba4bd9dcfe86c25f3bbedc3e3698928716b1033ef6ab6ba1ea24b21dcb6,4,0,0.0,1,1,4.0,4,0,0,0,1,0.0,0,2025-11-02 01:47:02.927,2025-11-02 01:47:43.411,1.0,-1.0,0.0284,0.0,0,0.0,0.25,1
63cf3d032049ab437829796321fda1aa671e555dbe1da569f4c9c1c473dd1475,1,1,1.0,1,1,1.0,1,0,1,0,0,0.0,0,2025-11-02 03:04:32.197,2025-11-02 03:04:32.197,1.0,0.0,0.0071,0.0,0,0.0,0.0,1
fc5c47a86205739b94e4d36ea0f4542f9153f2f45f9c5cdcabdfe470f57a9506,1,1,1.0,1,1,1.0,1,0,1,0,0,0.0,0,2025-11-02 04:49:22.337,2025-11-02 04:49:22.337,1.0,0.0,0.0071,0.0,0,0.0,0.0,1
2cb45f1be0eb15517486e89cdce0579f5f929c11e3b1bff694cb3ba6c9f5c647,2,2,1.0,1,1,2.0,2,0,1,0,0,0.0,0,2025-11-02 22:28:53.609,2025-11-02 22:29:01.129,1.0,0.0,0.0142,0.0,0,0.0,0.0,1
939e8315dc89a664754a188e0faeb7583c56a7a81382967f980c940cb1568c9a,1,1,1.0,1,1,1.0,1,0,1,0,0,0.0,0,2025-11-02 12:27:10.742,2025-11-02 12:27:10.742,1.0,0.0,0.0071,0.0,0,0.0,0.0,1
0a35611140b5b9d52ec7dcc74e2e4485157dc7c55878c6d2fe976f8933c10a4f,4,0,0.0,1,1,4.0,4,0,0,0,1,0.0,0,2025-11-02 07:34:31.156,2025-11-02 07:35:17.811,1.0,-1.0,0.0284,0.0,0,0.0,0.25,1
002ac1d0aee8528c13cd85d660619f1f8d11ce535442952a496dcebfd55e9037,6,0,0.0,2,3,2.0,5,0,0,0,1,0.0,0,2025-11-02 23:20:14.139,2025-11-03 16:54:41.238,1.0,-1.0,0.0355,0.0,0,0.0,0.1667,1
ea440cd5a9212fb3c97c6f4cef106096de7ad04d2331de3ade79ca57c69e7f39,1,1,1.0,1,1,1.0,1,0,1,0,0,0.0,0,2025-11-02 06:47:58.956,2025-11-02 06:47:58.956,1.0,0.0,0.0071,0.0,0,0.0,0.0,1
14d160f0fa1e38b4e03ac97ceb33ee16a3b03db21caa0a6aee2dc7fe253f2266,2,2,1.0,1,1,2.0,2,0,1,0,0,0.0,0,2025-11-02 06:10:12.054,2025-11-02 06:10:15.612,1.0,0.0,0.0142,0.0,0,0.0,0.0,1
1cbadb28dec4cd476fef478f4cccf4881d948e7ad5e1e93ab53dadeb5bfd4cf1,1,1,1.0,1,1,1.0,1,0,1,0,0,0.0,0,2025-11-02 12:17:54.988,2025-11-02 12:17:54.988,1.0,0.0,0.0071,0.0,0,0.0,0.0,1
da8f2862cb37149963766fed2a54ddd6519027fc18110d9ffbbe882db0377176,1,1,1.0,1,1,1.0,1,0,1,0,0,0.0,0,2025-11-02 09:44:15.861,2025-11-02 09:44:15.861,1.0,0.0,0.0071,0.0,0,0.0,0.0,1
9d5d1326e73a543cc99ec5c89607540d7ec57ed1d3f514321756474178690e7f,1,1,1.0,1,1,1.0,1,0,1,0,0,0.0,0,2025-11-02 13:17:19.791,2025-11-02 13:17:19.791,1.0,0.0,0.0071,0.0,0,0.0,0.0,1
27cb71dc9b3ec5e703af915146cb74a18da27f51243b57f755339d6f957e8383,9,0,0.0,7,7,1.29,4,0,0,0,1,0.0,0,2025-11-02 05:57:35.068,2025-11-20 16:45:11.351,18.45,-1.0,0.0284,-0.25,0,0.0,0.1111,1
9692e5a6a3161c280a6687d8401fe5ce2270a17377e9aa1a1ece4b2ed7e4d8e2,1,1,1.0,1,1,1.0,1,0,1,0,0,0.0,0,2025-11-02 05:40:41.527,2025-11-02 05:40:41.527,1.0,0.0,0.0071,0.0,0,0.0,0.0,1
40e28f60c6d8e10cf06c9086e641a293c89129b3ae4acf436305f1bc4ef82a4c,1,1,1.0,1,1,1.0,1,0,1,0,0,0.0,0,2025-11-02 15:33:52.760,2025-11-02 15:33:52.760,1.0,0.0,0.0071,0.0,0,0.0,0.0,1
cf47fbfe4780afb492f183f78859350dbe7c8ee406d6ec69cd9e9f2037595085,2,2,1.0,1,1,2.0,1,0,1,0,0,0.0,0,2025-11-02 04:57:50.814,2025-11-02 04:57:50.873,1.0,0.0,0.0071,0.0,0,0.0,0.0,1
3d870f31b35634d09f815df8650704638ae6ade3afd7563b62a410b29781cf8a,1,1,1.0,1,1,1.0,1,0,1,0,0,0.0,0,2025-11-02 11:23:00.565,2025-11-02 11:23:00.565,1.0,0.0,0.0071,0.0,0,0.0,0.0,1
071e0ac6e448374984d9dbef89ac0d2346b30a7fed4b57c6bc7dcf34ab0e5213,1,1,1.0,1,1,1.0,1,0,1,0,0,0.0,0,2025-11-02 14:04:54.468,2025-11-02 14:04:54.468,1.0,0.0,0.0071,0.0,0,0.0,0.0,1
472ba2a51a6bb94c815747f127749553ac65374f7c3a0dbb917409f3c11c90a4,1,1,1.0,1,1,1.0,1,0,1,0,0,0.0,0,2025-11-02 03:01:52.307,2025-11-02 03:01:52.307,1.0,0.0,0.0071,0.0,0,0.0,0.0,1
37e167daff2e9966ea027b76fd8d70b0465572c29cec729b3d6e9376e2eac16a,1,1,1.0,1,1,1.0,1,0,1,0,0,0.0,0,2025-11-02 17:48:33.071,2025-11-02 17:48:33.071,1.0,0.0,0.0071,0.0,0,0.0,0.0,1
e6ae81f2864df7b8b10d66ed5e558d9df061e64125756115a7dc3f53e72cffd8,2,2,1.0,1,1,2.0,2,0,1,0,0,0.0,0,2025-11-02 14:52:39.284,2025-11-02 14:52:50.113,1.0,0.0,0.0142,0.0,0,0.0,0.0,1
2c2ec2305084cc414f3ba72c6134480f0d797249b77fbc5540d10e63220df9fd,1,1,1.0,1,1,1.0,1,0,1,0,0,0.0,0,2025-11-02 18:52:16.354,2025-11-02 18:52:16.354,1.0,0.0,0.0071,0.0,0,0.0,0.0,1
fdc260037425da4e3e94f57161a509ca19e73012f9e4d15e13c1efe984a9d5ca,1,1,1.0,1,1,1.0,1,0,1,0,0,0.0,0,2025-11-02 04:41:08.479,2025-11-02 04:41:08.479,1.0,0.0,0.0071,0.0,0,0.0,0.0,1
a105cd2ccbf2496cfca3ed9151ea13b5f11303122dd9359164e70807061d5574,1,1,1.0,1,1,1.0,1,0,1,0,0,0.0,0,2025-11-02 22:13:47.110,2025-11-02 22:13:47.110,1.0,0.0,0.0071,0.0,0,0.0,0.0,1
5bcd91668b1fcc7fee978903b265b2b99e2a10c73b8ee7bbac0f1bbfa9b32505,1,1,1.0,1,1,1.0,1,0,1,0,0,0.0,0,2025-11-03 23:16:29.663,2025-11-03 23:16:29.663,1.0,0.0,0.0071,0.0,0,0.0,0.0,1
c047df0b36cf6c6f707e8a7c8dcda09fbf185301a0dae44787a850d784f5ed39,6,0,0.0,1,1,6.0,2,0,0,0,1,0.0,0,2025-11-03 14:50:45.015,2025-11-03 15:26:32.732,1.0,-1.0,0.0142,0.0,0,0.0,1.0,1
08afc02c28aa2d5cbf777979e669c2306f21ca5cd120f7071cffb54b3d649d63,16,4,0.25,1,1,16.0,7,0,1,0,1,0.0,2,2025-11-03 16:48:46.901,2025-11-03 17:28:15.414,1.0,10.94,0.0496,0.0,0,0.005075,0.25,1
0b8b3187055d8c1e93e9c821e442a632ffc60d4999d88ad8aaa64e619df6fe84,8,0,0.0,7,8,1.0,1,0,0,0,0,0.0,0,2025-11-03 15:55:45.817,2025-11-26 00:14:48.567,22.35,-1.0,0.0071,0.8571,0,0.0,0.0,0
c0edd467a8a06d7a9938dda773ed257e3aa1e1f3d83cf0192aa8a937b7ceccd2,154,63,0.4091,1,1,154.0,16,0,1,0,1,0.0,1,2025-11-03 04:29:56.577,2025-11-03 04:40:41.910,1.0,0.26,0.1135,0.0,1,0.010543851785714285,0.8766,1
a7f2474ca0a01d3170b551eb667417f5bff5b7a40d5ca3e05f8fbf5247a51522,107,45,0.4206,1,1,107.0,10,0,1,0,1,0.0,0,2025-11-03 09:12:36.884,2025-11-03 09:23:38.731,1.0,1.94,0.0709,0.0,1,0.010864216885245902,1.0,1
46671aad6f56d263257e276782d51e63b6580d3d0707927928ebfa0c6d49b720,22,4,0.1818,2,2,11.0,8,0,1,0,1,0.0,2,2025-11-03 01:10:58.269,2025-11-09 01:39:57.836,6.02,0.14,0.0567,0.0,0,0.0056500000000000005,0.5,1
3ec9c9ee84cd239a86235c5bbaa3f99236f485b77363e65c06e5286ca819d2ca,232,69,0.2974,1,1,232.0,32,1,1,0,1,0.0,4,2025-11-03 16:58:20.443,2025-11-03 17:14:33.097,1.0,0.8,0.227,0.0,1,0.022461855465116278,0.819,1
f192835c8f01a3288307985d4054796ef382608fe7433065db2b895cea9b374d,245,90,0.3673,2,2,122.5,24,0,1,0,1,0.0,2,2025-11-03 13:08:30.963,2025-11-05 12:58:55.542,1.99,1.26,0.1702,0.0,1,0.01170419435185185,0.898,1
781e6bba9a19e4f010562cd170df62f38776d9b8ac2076ae1d95ad1e07a95aca,9,1,0.1111,1,1,9.0,8,0,1,0,1,0.0,1,2025-11-03 19:01:59.298,2025-11-03 19:04:14.228,1.0,1.51,0.0567,0.0,0,0.0,0.1111,1
ed428f66abd934fe0eb8958a67cad69a50dc5a300f2290ef70fea3e6d0349703,338,113,0.3343,2,3,112.67,19,0,1,0,1,0.0,1,2025-11-03 09:44:28.434,2025-11-05 04:45:18.413,1.79,17.1,0.1348,0.0,1,0.0152770777852349,0.9822,1
9b75342f9485acbd9953b14dc8c4a4cbf7cff7a5bb96ebc7cf0e787ee548c8da,153,51,0.3333,1,3,51.0,20,0,1,0,1,0.0,1,2025-11-03 08:06:46.162,2025-11-03 14:35:09.943,1.0,14.2,0.1418,0.0,1,0.007177525909090909,0.7386,1
99478ff3f0308eb12d16a522666fff0fd008494f56e0d1126061e6249f3d6121,107,49,0.4579,1,1,107.0,18,0,1,0,1,0.0,1,2025-11-03 17:19:02.904,2025-11-03 17:33:48.192,1.0,1.96,0.1277,0.0,1,0.01600106659574468,0.8411,1
b7213bcb9314555321d1e279d1b173e78025fa75cb12ab634fc01b84e6adbc78,5,0,0.0,1,1,5.0,2,0,0,0,1,0.0,0,2025-11-03 16:24:00.951,2025-11-03 16:31:27.987,1.0,-1.0,0.0142,0.0,0,0.00086684,1.0,1
a829e7edf3b59be0c23627a2e88fa15dfb0716b1796810044f245a7bfaa0f2b0,1,0,0.0,1,1,1.0,1,0,0,0,1,0.0,0,2025-11-03 16:46:37.750,2025-11-03 16:46:37.750,1.0,-1.0,0.0071,0.0,0,0.0,1.0,1
d47f9ed5eacfabf9a35eb83e733bdaf903e98644a7ec855c187faeb55e981a8e,5,0,0.0,1,1,5.0,2,0,0,0,1,0.0,0,2025-11-03 14:34:01.527,2025-11-03 14:40:14.518,1.0,-1.0,0.0142,0.0,0,0.0,1.0,1
dfdf537e1e61b1afdf2fae212fb4e8c99e763927659355b5d65186b356bfb3da,16,7,0.4375,5,8,2.0,5,0,1,0,1,0.0,2,2025-11-03 08:46:57.798,2025-11-12 13:22:20.110,9.19,0.03,0.0355,0.5,0,0.0006593333333639,0.0625,1
8433da4175818fa2e319e2318455b0c423b15dd9b32ee5a8fc15d8afd6a3c037,1,1,1.0,1,1,1.0,1,0,1,0,0,0.0,0,2025-11-03 18:37:49.272,2025-11-03 18:37:49.272,1.0,0.0,0.0071,0.0,0,0.0,0.0,1
492e42c810b5e523ef6b8e4392f3843bcbeb49bd93418c81d0f8f7dd6882c9b2,1,1,1.0,1,1,1.0,1,0,1,0,0,0.0,0,2025-11-03 19:45:55.328,2025-11-03 19:45:55.328,1.0,0.0,0.0071,0.0,0,0.0,0.0,1
f0b5f3f8f25b05bb5612505d21a5d6aff20e704598d0b3f53a330a8a4442a47c,3,0,0.0,1,1,3.0,3,0,0,0,1,0.0,0,2025-11-03 07:47:22.457,2025-11-03 07:48:29.416,1.0,-1.0,0.0213,0.0,0,0.0,0.3333,1
9f8d72ce452d39e44d02962a2928851ec828e02c317e3087d3c7b76a1db7e767,1,1,1.0,1,1,1.0,1,0,1,0,0,0.0,0,2025-11-03 09:34:48.938,2025-11-03 09:34:48.938,1.0,0.0,0.0071,0.0,0,0.0,0.0,1
6b6a35e800e5f687b81f199339b9c9a4af5a9ae24c433da45699709e13251bb7,1,1,1.0,1,1,1.0,1,0,1,0,0,0.0,0,2025-11-03 09:14:47.007,2025-11-03 09:14:47.007,1.0,0.0,0.0071,0.0,0,0.0,0.0,1
437e97cbea75bfc18b1ab979a08fde1f670aef4d02d51cc2cd044d19026c6922,2,2,1.0,2,2,1.0,1,0,1,0,0,0.0,0,2025-11-03 01:10:32.951,2025-11-09 01:39:20.869,6.02,0.0,0.0071,0.0,0,0.0,0.0,1
4b008004a73113d7d96846a2160be67d6f627bbc23471be5a9cda51fcc97b06c,2,2,1.0,1,1,2.0,1,0,1,0,0,0.0,0,2025-11-03 03:14:43.985,2025-11-03 03:14:56.565,1.0,0.0,0.0071,0.0,0,0.0,0.0,1
0f9944d1c7c76845ee6a035fbb53ce7c4bc9c09f7b137dc987759c842f5746e9,1,1,1.0,1,1,1.0,1,0,1,0,0,0.0,0,2025-11-03 17:17:41.595,2025-11-03 17:17:41.595,1.0,0.0,0.0071,0.0,0,0.0,0.0,1
4ddbaacd30ffbb913c2d487d4f86cb05d58dbf74cd84bc5254399d7091ae0ec7,11,4,0.3636,4,4,2.75,3,0,1,0,0,0.0,1,2025-11-03 14:22:31.414,2025-11-11 17:55:03.779,8.15,0.19,0.0213,-0.5,0,0.0,0.0,1
67753559120b79809bd75b850d41739fa1c1e9e034e995cbf485003f100d35c5,11,2,0.1818,1,1,11.0,6,0,1,0,1,0.0,2,2025-11-03 08:50:27.897,2025-11-03 09:19:29.575,1.0,0.12,0.0426,0.0,0,0.0,0.0909,1
1f658de930dc34e2be9732be7af4d965d04d5b97ae434363ade5c4ba98e6d75a,1,0,0.0,1,1,1.0,1,0,0,0,1,0.0,0,2025-11-03 15:27:23.781,2025-11-03 15:27:23.781,1.0,-1.0,0.0071,0.0,0,0.0,1.0,1
841dab613f9223040b2e35ca581cd559137b1a9bd569f825b0cca917cfbf2c6b,3,1,0.3333,1,2,1.5,3,0,1,0,0,0.0,1,2025-11-03 17:04:55.233,2025-11-03 17:05:21.556,1.0,0.1,0.0213,0.0,0,0.0,0.0,1
c01a3998e689570b08bc1e8087a5a5d4c071b355c06bddb42948c0778ae5d4ae,2,0,0.0,1,1,2.0,2,0,0,0,1,0.0,0,2025-11-03 15:36:08.306,2025-11-03 15:36:34.233,1.0,-1.0,0.0142,0.0,0,0.0,1.0,1
43ab41abb5b493cf462870254125ec5c39a0d653dcf583694733a4b591a6ae72,1,0,0.0,1,1,1.0,1,0,0,0,1,0.0,0,2025-11-03 15:30:20.083,2025-11-03 15:30:20.083,1.0,-1.0,0.0071,0.0,0,0.0,1.0,1
219a640b0f4417d037b3f7e786e9d2ed58e3ac708e4e6a8ebb2f9011eba92073,1,1,1.0,1,1,1.0,1,0,1,0,0,0.0,0,2025-11-03 00:39:25.383,2025-11-03 00:39:25.383,1.0,0.0,0.0071,0.0,0,0.0,0.0,1
288d13af156c34f35b804152024a770aba9771a67b3cdfd2106adcf29abc00d5,3,3,1.0,1,1,3.0,1,0,1,0,0,0.0,0,2025-11-03 09:14:03.539,2025-11-03 09:14:03.590,1.0,0.0,0.0071,0.0,0,0.0,0.0,1
08cde5db7e81eb3ab2760da8613ba94c182743c874dc3829c18a28c01dfdbb57,2,0,0.0,1,1,2.0,2,0,0,0,1,0.0,0,2025-11-03 15:42:59.402,2025-11-03 15:49:46.711,1.0,-1.0,0.0142,0.0,0,0.0,1.0,1
484e1fed364246e2b50895265453e3e4c987bd4ec03a37f4ac579d2b2a21c06f,1,1,1.0,1,1,1.0,1,0,1,0,0,0.0,0,2025-11-03 05:05:18.099,2025-11-03 05:05:18.099,1.0,0.0,0.0071,0.0,0,0.0,0.0,1
c4e14db4de0496bd889a6f947cf5e1292bec4c75bdddf34af896d7f65d73bf3b,1,0,0.0,1,1,1.0,1,0,0,0,1,0.0,0,2025-11-03 14:44:31.113,2025-11-03 14:44:31.113,1.0,-1.0,0.0071,0.0,0,0.0,1.0,1
bd6e8eaa5a53ddf2c3a94e69765f20f17fe5111ac837dcfbca94e39288157b04,2,2,1.0,1,1,2.0,1,0,1,0,0,0.0,0,2025-11-03 22:58:03.119,2025-11-03 22:58:05.109,1.0,0.0,0.0071,0.0,0,0.0,0.0,1
1d0275d528bd51ff43eea3fc1dbb03e3c12e9c16cf7b8fea2e97672df0296b65,1,0,0.0,1,1,1.0,1,0,0,0,1,0.0,0,2025-11-03 14:42:32.130,2025-11-03 14:42:32.130,1.0,-1.0,0.0071,0.0,0,0.0,1.0,1
bdbd5011982e11d501c550a2ec5e87048bf31c7bd57c883a7777091e5e1f6bf7,4,2,0.5,2,2,2.0,2,0,1,0,0,0.0,1,2025-11-03 07:50:39.666,2025-11-07 11:01:52.209,4.13,0.08,0.0142,0.0,0,0.0,0.0,1
7b1b49470bd0849c569cd96192bb2c9ccbb5ce34f0f231575fa0a83b261bc56f,1,1,1.0,1,1,1.0,1,0,1,0,0,0.0,0,2025-11-03 15:49:34.569,2025-11-03 15:49:34.569,1.0,0.0,0.0071,0.0,0,0.0,0.0,1
fb29b028c8bc0617d600cf9732b0a19d357204d8715d2b90a8566495feb7852f,1,1,1.0,1,1,1.0,1,0,1,0,0,0.0,0,2025-11-03 07:28:00.423,2025-11-03 07:28:00.423,1.0,0.0,0.0071,0.0,0,0.0,0.0,1
9a6dddbe20e6ec68d22357b760d6c8f49b37172db464423b9d37a691c346dcdf,8,0,0.0,3,4,2.0,4,0,0,0,1,0.0,0,2025-11-03 11:23:48.603,2025-11-10 13:39:38.114,7.09,-1.0,0.0284,0.1429,0,0.0,0.25,1
15afb173a1b88e5315a15d43a68b665f4cf65be07bdca585b7d7ec0940cbd04b,2,0,0.0,1,1,2.0,2,0,0,0,1,0.0,0,2025-11-03 15:29:31.642,2025-11-03 15:29:58.102,1.0,-1.0,0.0142,0.0,0,0.0,1.0,1
1fac2c08c61ded4abe0f216d6a4a079cdbe7bf2842ace98c399459bfb3f0088b,1,1,1.0,1,1,1.0,1,0,1,0,0,0.0,1,2025-11-03 05:33:48.611,2025-11-03 05:33:48.611,1.0,0.0,0.0071,0.0,0,0.0,0.0,1
893a989536b5f66472dc62b8e2352af17bc6da4653c609a6a3507b706ff9de62,2,0,0.0,1,1,2.0,2,0,0,0,1,0.0,0,2025-11-03 15:26:51.903,2025-11-03 15:27:06.278,1.0,-1.0,0.0142,0.0,0,0.0,1.0,1
dface78659af8db24129f0e4d2c2e4e05f6ff6b099132e9720bfc88da73e6425,3,3,1.0,1,1,3.0,1,0,1,0,0,0.0,0,2025-11-03 09:03:39.118,2025-11-03 09:03:39.863,1.0,0.0,0.0071,0.0,0,0.0,0.0,1
8e8cb1bef46d0c2ba73f9321994a144f6d2ae4d69bda8f5809f5b4fcd5b152b6,2,0,0.0,1,1,2.0,2,0,0,0,1,0.0,0,2025-11-03 18:05:43.374,2025-11-03 18:05:45.652,1.0,-1.0,0.0142,0.0,0,0.0,0.5,1
fbb7e5260ca8aa402666b61c6b654765a602faf3793a5a592e6796e1d782b6d3,2,0,0.0,1,1,2.0,2,0,0,0,1,0.0,0,2025-11-03 10:11:32.730,2025-11-03 11:59:24.549,1.0,-1.0,0.0142,0.0,0,0.0,1.0,1
f6d5cf4ba6cf79c006303801cd7c00719238f6db5a2ceae756cedf59b5046f70,1,1,1.0,1,1,1.0,1,0,1,0,0,0.0,0,2025-11-03 10:07:18.626,2025-11-03 10:07:18.626,1.0,0.0,0.0071,0.0,0,0.0,0.0,1
797455fe92848eec42a907886aeca415de40dc6613aa1e26c3b6b4a93e197b4e,1,0,0.0,1,1,1.0,1,0,0,0,1,0.0,0,2025-11-03 05:32:08.435,2025-11-03 05:32:08.435,1.0,-1.0,0.0071,0.0,0,0.0,1.0,1
e92e2f4f8a8125325ea9cfc07b45e2b69195867188975354ee99a76b1eed9d4d,1,1,1.0,1,1,1.0,1,0,1,0,0,0.0,1,2025-11-03 08:50:01.503,2025-11-03 08:50:01.503,1.0,0.0,0.0071,0.0,0,0.0,0.0,1
b65e48da7e3eef33778125e8dd6b62f97910381372367ecf25559822b28b43a9,1,0,0.0,1,1,1.0,1,0,0,0,1,0.0,0,2025-11-03 16:15:26.878,2025-11-03 16:15:26.878,1.0,-1.0,0.0071,0.0,0,0.0,1.0,1
1c074a1d55ce50da1423fe3c41b3d050969ceb87b95fd2003dd153155a4170f3,2,0,0.0,2,2,1.0,1,0,0,0,0,0.0,0,2025-11-03 12:19:28.596,2025-11-06 08:14:06.647,2.83,-1.0,0.0071,0.0,0,0.0,0.0,1
8ecee260e69812bc7a2fe2efacb31dcda797f3cb0f5d9af0968b466cc49d4251,1,1,1.0,1,1,1.0,1,0,1,0,0,0.0,0,2025-11-03 04:44:36.278,2025-11-03 04:44:36.278,1.0,0.0,0.0071,0.0,0,0.0,0.0,1
19c3e3908b4444409357ff0769fe88765667a1b72f981244fbce1bc4119f0fce,1,1,1.0,1,1,1.0,1,0,1,0,0,0.0,0,2025-11-03 15:06:31.891,2025-11-03 15:06:31.891,1.0,0.0,0.0071,0.0,0,0.0,0.0,1
2623cd30bb5397454b4e3be3b1a8e79b0b7fb783d69ad13e346c0ae1ce82e924,1,0,0.0,1,1,1.0,1,0,0,0,1,0.0,0,2025-11-03 09:35:27.682,2025-11-03 09:35:27.682,1.0,-1.0,0.0071,0.0,0,0.0,1.0,1
175d56907e04d125850e5499094091ce9923d2d69c5b0f7132944cda26c80067,1,1,1.0,1,1,1.0,1,0,1,0,0,0.0,0,2025-11-03 21:56:09.510,2025-11-03 21:56:09.510,1.0,0.0,0.0071,0.0,0,0.0,0.0,1
2e58ad833eaad851ffcaf1e817ae85dcc56816a684d5aaa50391fd93d6924b74,1,1,1.0,1,1,1.0,1,0,1,0,0,0.0,0,2025-11-03 04:29:41.745,2025-11-03 04:29:41.745,1.0,0.0,0.0071,0.0,0,0.0,0.0,1
0e29e0a6852052cbece2e97895e408623ae9108d9658cab3608251ba8d75a3a9,1,1,1.0,1,1,1.0,1,0,1,0,0,0.0,1,2025-11-03 02:43:53.285,2025-11-03 02:43:53.285,1.0,0.0,0.0071,0.0,0,0.0,0.0,1
27ee369f3c1a9f8c404c50041cd7d0bfea393505ed951445ae1900852245ec53,244,88,0.3607,1,1,244.0,21,0,1,0,1,0.0,2,2025-11-04 22:27:40.013,2025-11-04 22:43:13.452,1.0,1.16,0.1489,0.0,1,0.019528676199999997,0.959,1
e64abe65013f399b2328f3c68c80d8a830e6276bdb04d64cbd2cdc838e2f8bd7,36,10,0.2778,1,1,36.0,14,0,1,0,1,0.0,1,2025-11-04 10:36:56.642,2025-11-04 10:47:36.390,1.0,1.46,0.0993,0.0,0,0.006807595454545454,0.5278,1
d9a8b87f5d1f6c62f700ee4a8414a620459231921273b1aeb2cbc3fb3c00f049,2,0,0.0,1,1,2.0,2,0,0,0,1,0.0,0,2025-11-04 12:08:53.954,2025-11-04 12:10:21.913,1.0,-1.0,0.0142,0.0,0,0.0,1.0,1
2dd7aa0fa0c7609ccc36b8966872c3115e2cff1d689cdd96b399c79f4d17b4d9,2,0,0.0,1,1,2.0,2,0,0,0,1,0.0,0,2025-11-04 10:32:14.659,2025-11-04 10:32:27.750,1.0,-1.0,0.0142,0.0,0,0.0,1.0,1
2455101626344a83883b7efaa6e754f8f3a328b14860f6555a601e8b7e32da53,8,1,0.125,1,1,8.0,6,0,1,0,1,0.0,1,2025-11-04 05:58:32.444,2025-11-04 05:59:11.584,1.0,0.65,0.0426,0.0,0,0.0,0.125,1
fadcc1f4a486c6721ee47c42a46ce27a2f2d3fbb496eaa0562ce98a83b2622ea,9,1,0.1111,1,1,9.0,6,0,1,0,1,0.0,1,2025-11-04 20:39:45.279,2025-11-04 20:40:19.032,1.0,0.56,0.0426,0.0,0,0.0,0.1111,1
dc9977ab79875e61bfa16b6f1b78b6e6400ad2dd1e6019e73d2948626c957796,403,143,0.3548,2,2,201.5,25,0,1,0,1,0.0,1,2025-11-04 02:57:42.790,2025-12-06 22:21:02.422,32.81,0.52,0.1773,-1.7664,1,0.03178612142857143,0.938,0
53a182a373fbbf19feb6ea11fdf95fbc85ec5675bca524871781f83a7882f996,37,5,0.1351,1,1,37.0,21,1,1,0,1,0.0,1,2025-11-04 13:55:06.760,2025-11-04 13:59:25.817,1.0,0.41,0.1489,0.0,0,0.005585825714285715,0.3243,1
c8da21c20e4a3bf56adc4f5a51831bee69b9bed784b64fe6a78b0f3e9e908943,7,0,0.0,1,1,7.0,4,0,0,0,1,0.0,0,2025-11-04 03:59:44.883,2025-11-04 03:59:51.221,1.0,-1.0,0.0284,0.0,0,0.0,0.1429,1
621bd06fe33da5d31616afe02a1a2b6efab53a24418ec9467d484cc9a5b6f776,426,140,0.3286,1,1,426.0,21,0,1,0,1,0.0,1,2025-11-04 13:05:27.016,2025-11-04 14:07:20.239,1.0,0.23,0.1489,0.0,1,0.016366485197740113,0.9671,1
e1615592facb7d6f4e22f2967cae31f423f9c046825d0b1cc97a658ddee205e9,2,0,0.0,1,1,2.0,2,0,0,0,1,0.0,0,2025-11-04 12:48:45.880,2025-11-04 12:49:21.330,1.0,-1.0,0.0142,0.0,0,0.0,1.0,1
f5ffe8330f657d364c675a29caae73c2761e7a11ffdc13bf016af6995a95411b,613,223,0.3638,2,5,122.6,25,0,1,0,1,0.0,6,2025-11-04 20:15:54.080,2025-11-05 15:08:04.261,1.0,0.43,0.1773,0.0,1,0.02273469902222222,0.9511,1
22a0d76b5135120d587a27c221845f8ebe7345e84067841290217748ee78e827,40,17,0.425,1,2,20.0,14,0,1,0,1,0.0,1,2025-11-04 12:30:28.875,2025-11-04 13:47:15.023,1.0,0.13,0.0993,0.0,1,0.027894447333333336,0.775,1
657e464a5a179d405ec956b099323c915b6c4762bf58fd49c753517afb623e06,140,72,0.5143,2,3,46.67,21,0,1,0,1,0.0,1,2025-11-04 10:48:50.573,2025-11-06 15:16:38.277,2.19,2.49,0.1489,0.0,1,0.02286728218181818,0.9,1
737d1eb38393c0739c3bd08078a42fd7fdd94ddaab01195488d545d08f43c4f9,453,139,0.3068,1,1,453.0,22,0,1,0,1,0.0,1,2025-11-04 14:39:57.849,2025-11-04 15:27:20.264,1.0,19.27,0.156,0.0,1,0.022015333224043712,0.9779,1
30e5bf50d95740d145a45793bc04f56727c78fdbee9d12ecafe688a14d9fc596,48,17,0.3542,1,1,48.0,16,0,1,0,1,0.0,1,2025-11-04 00:30:38.648,2025-11-04 00:34:24.057,1.0,1.08,0.1135,0.0,1,0.05839682952380952,0.875,1
33c9d9e626bddc4e5e88865412b9cbe0e0dbf5984a763a7b98c6db7c93d5b431,1,0,0.0,1,1,1.0,1,0,0,0,1,0.0,0,2025-11-04 10:01:16.251,2025-11-04 10:01:16.251,1.0,-1.0,0.0071,0.0,0,0.0,1.0,1
dc3c207753a8adcc2b88822abe2e1655ff18ac258b74859dfcf5c7c6ebc4a43a,477,179,0.3753,1,1,477.0,14,0,1,0,1,0.0,0,2025-11-04 17:39:59.955,2025-11-04 20:08:13.114,1.0,1.26,0.0993,0.0,1,0.02717350701754386,1.0,1
c0bed0e84d4f83d83a01125d93cd71ee0ebc1285be0dc8f25f22358d52b693b5,722,228,0.3158,3,4,180.5,27,0,1,0,1,0.0,9,2025-11-04 18:16:59.215,2025-11-20 08:02:26.782,15.57,0.52,0.1915,0.9972,1,0.02351394515625,0.9557,1
d047cc51835fc60f9626418dcf858176d5033c62135c1d4ad273d6fa09b1f07a,2,0,0.0,1,1,2.0,2,0,0,0,1,0.0,0,2025-11-04 12:28:25.222,2025-11-04 12:29:07.313,1.0,-1.0,0.0142,0.0,0,0.0,1.0,1
62c5219f2ed9455de891e64e58b50348f69a207bf7e40c926ff33603bb79f079,8,0,0.0,2,2,4.0,5,0,0,0,1,0.0,0,2025-11-04 17:28:02.912,2025-11-05 17:56:40.607,1.02,-1.0,0.0355,0.0,0,0.0,0.125,1
1b27b5d3e69a616f04482491532d8e2073727e8d514e28600bc1ac4ea323f562,28,1,0.0357,2,2,14.0,21,1,1,0,1,0.0,1,2025-11-04 22:30:32.436,2025-11-05 16:33:19.382,1.0,2.96,0.1489,0.0,0,0.0012280233333333333,0.25,1
d9b111f86e9925d2104ab257f75685135f5747db158bb837e582c6b8532bf0ab,31,10,0.3226,1,1,31.0,13,0,1,0,1,0.0,1,2025-11-04 09:36:13.706,2025-11-04 09:39:48.758,1.0,1.06,0.0922,0.0,1,0.011723342,0.7742,1
189a2d6aaf8bb7d2b4144764df7abb0a8daeac2dd9e1cda7b54b9b7241ae8573,17,1,0.0588,1,1,17.0,15,1,1,0,1,0.0,1,2025-11-04 13:22:59.043,2025-11-04 13:24:07.784,1.0,0.7,0.1064,0.0,0,0.0012280233333333333,0.2353,1
a9421fcd4c4ea6fc8d231f21cabd4dbd8fe8a9221138e2c9662e9b83a930ceaf,2,0,0.0,1,1,2.0,2,0,0,0,1,0.0,0,2025-11-04 11:43:42.430,2025-11-04 11:44:17.276,1.0,-1.0,0.0142,0.0,0,0.0,1.0,1
6385cd1b4f289e6a8944561983e891074906b9f8bebbecd0ff6ab78f71230e52,32,2,0.0625,13,20,1.6,3,0,1,0,0,0.0,1,2025-11-04 07:03:19.678,2025-12-08 09:05:03.506,34.08,0.0,0.0213,-17.0,0,0.0,0.0,0
682dd2c96f567e0bc469a3b526ea16257019b675a649a3d5158ea5e824f9acb3,1,1,1.0,1,1,1.0,1,0,1,0,0,0.0,0,2025-11-04 08:10:10.931,2025-11-04 08:10:10.931,1.0,0.0,0.0071,0.0,0,0.0,0.0,1
6c688640b557aaead13780445b78354a05220398848dc281c2775462f8e91cf9,1,1,1.0,1,1,1.0,1,0,1,0,0,0.0,0,2025-11-04 09:56:54.253,2025-11-04 09:56:54.253,1.0,0.0,0.0071,0.0,0,0.0,0.0,1
f6265f6909241cb8ea31935a9427cb7d77a540942b9b16fc7ff8c8f54f962f17,6,6,1.0,1,1,6.0,1,0,1,0,0,0.0,0,2025-11-04 11:11:15.293,2025-11-04 11:11:15.732,1.0,0.0,0.0071,0.0,0,0.0,0.0,1
63ef6131d08bc523b3d8940cba4786179fec35e8072efee186d277f0eb9a82c4,4,0,0.0,1,1,4.0,4,0,0,0,1,0.0,0,2025-11-04 11:59:05.689,2025-11-04 11:59:54.067,1.0,-1.0,0.0284,0.0,0,0.0,0.25,1
c8a76b65a9f600f6147e1600434e81499112eec7d9b312203596ce6722b65487,2,0,0.0,1,1,2.0,2,0,0,0,1,0.0,0,2025-11-04 10:56:28.150,2025-11-04 10:56:42.679,1.0,-1.0,0.0142,0.0,0,0.0,1.0,1
7b5d23f9710f5e68966ae8f1bc472ec64ea84a65d716e3e58a5de9588573c1f4,2,0,0.0,1,1,2.0,2,0,0,0,1,0.0,0,2025-11-04 16:33:20.447,2025-11-04 16:39:20.419,1.0,-1.0,0.0142,0.0,0,0.0,1.0,1
90c4a02af830571f058e7fd5c556bd00f6097dccfd1569f268aec881725197ba,1,1,1.0,1,1,1.0,1,0,1,0,0,0.0,1,2025-11-04 10:38:21.800,2025-11-04 10:38:21.800,1.0,0.0,0.0071,0.0,0,0.0,0.0,1
2cdd0e28e66152c5e3dbcbeaf946cbf79eb0ab6900c48ec5171e3852d97c7339,1,1,1.0,1,1,1.0,1,0,1,0,0,0.0,0,2025-11-04 00:27:55.466,2025-11-04 00:27:55.466,1.0,0.0,0.0071,0.0,0,0.0,0.0,1
4cf0f42a067fe8a0fb3da1fc714b1070495d7517c6ad6ed26b0af5a7dcfca9c2,1,0,0.0,1,1,1.0,1,0,0,0,1,0.0,0,2025-11-04 12:34:46.268,2025-11-04 12:34:46.268,1.0,-1.0,0.0071,0.0,0,0.0,1.0,1
ba7d8b3bbbe5ee345d8a8ee4bd41ce33c19906a56f044a3e550ca59c8f8f052c,34,15,0.4412,1,1,34.0,14,0,1,0,1,0.0,1,2025-11-04 23:36:52.393,2025-11-04 23:40:28.307,1.0,0.55,0.0993,0.0,0,0.01194,0.3529,1
149cfe896f63efe589ee2cf4a12b03245171bbaa6e92af29b60526dcd90308f0,788,261,0.3312,2,3,262.67,22,0,1,0,1,0.0,4,2025-11-04 18:56:37.145,2025-11-05 09:14:31.097,1.0,0.29,0.156,0.0,1,0.03264004282527881,0.981,1
c3be6fe632941d1796a6144c4455a730a5485f7fb8d0f5c76921e6b2c96c966e,1,1,1.0,1,1,1.0,1,0,1,0,0,0.0,0,2025-11-04 04:20:41.452,2025-11-04 04:20:41.452,1.0,0.0,0.0071,0.0,0,0.0,0.0,1
d9d45749b991c1cbfc15ca73b59984eb039cfa2d7bbc657c9713b661fa2be8d6,2,0,0.0,1,1,2.0,2,0,0,0,1,0.0,0,2025-11-04 10:37:22.884,2025-11-04 10:51:08.893,1.0,-1.0,0.0142,0.0,0,0.0,1.0,1
32ccb410b696ef06aa44d3b6f114c50a05e5b6dcc7f4165775cd40e2af8e6935,1,1,1.0,1,1,1.0,1,0,1,0,0,0.0,0,2025-11-04 10:02:08.841,2025-11-04 10:02:08.841,1.0,0.0,0.0071,0.0,0,0.0,0.0,1
96a8ae3fe637464a847a987d6055485170ac98a2ad0c5a1da92f706ed96ac833,1,0,0.0,1,1,1.0,1,0,0,0,1,0.0,0,2025-11-04 11:12:05.491,2025-11-04 11:12:05.491,1.0,-1.0,0.0071,0.0,0,0.0,1.0,1
0b32e7e86f09c42a7599b28b36391e85941c6315ca8d1d887d56760c14a39257,2,0,0.0,1,1,2.0,2,0,0,0,1,0.0,0,2025-11-04 14:04:03.102,2025-11-04 14:04:32.429,1.0,-1.0,0.0142,0.0,0,0.0,1.0,1
bf4cf6ab2eee72b0ac55065ce9e235911df4452f4ec1d1aeaaeb92b1366ce515,1,1,1.0,1,1,1.0,1,0,1,0,0,0.0,0,2025-11-04 14:55:24.219,2025-11-04 14:55:24.219,1.0,0.0,0.0071,0.0,0,0.0,0.0,1
854af4e5a174c8b3df4ea8b19014a14ed81246b9272c5011d75cb5b9bd63566e,1,0,0.0,1,1,1.0,1,0,0,0,1,0.0,0,2025-11-04 14:46:36.409,2025-11-04 14:46:36.409,1.0,-1.0,0.0071,0.0,0,0.0,1.0,1
347aea36df6ce00c7644766f2ae07083889333a96797d4b74b45ddfee0d1955d,1,0,0.0,1,1,1.0,1,0,0,0,0,0.0,0,2025-11-04 15:27:12.191,2025-11-04 15:27:12.191,1.0,-1.0,0.0071,0.0,0,0.0,0.0,1
66aaeefcde9ab3dfa69b0dbd1e0fc414db6f1d56461f1438d554f41def4484b2,7,0,0.0,2,3,2.33,5,0,0,0,1,0.0,0,2025-11-04 05:16:56.880,2025-11-05 04:52:08.499,1.0,-1.0,0.0355,0.0,0,0.0,0.1429,1
677a49aa768d3abadeff3d472bddbc8ab64691cda0330f031ea159e2188675d8,1,1,1.0,1,1,1.0,1,0,1,0,0,0.0,0,2025-11-04 04:37:06.301,2025-11-04 04:37:06.301,1.0,0.0,0.0071,0.0,0,0.0,0.0,1
8a5d5412d99be2fee02fe39ab92d899facc7f8f62e71fc0beb6156979e832a37,1,1,1.0,1,1,1.0,1,0,1,0,0,0.0,0,2025-11-04 20:14:37.775,2025-11-04 20:14:37.775,1.0,0.0,0.0071,0.0,0,0.0,0.0,1
85fe39b6f6dfbbd31b40f52e447b4b81978286da1e7ce3e730df65b105f366e7,2,0,0.0,1,1,2.0,2,0,0,0,1,0.0,0,2025-11-04 17:36:01.542,2025-11-04 17:36:12.339,1.0,-1.0,0.0142,0.0,0,0.0,1.0,1
7e9f51d87f163ff2ecdc4f35836f9f3d7fe9386f79ef73f8dfc0db19ba873b58,2,0,0.0,1,1,2.0,2,0,0,0,1,0.0,0,2025-11-04 15:31:14.136,2025-11-04 15:31:39.120,1.0,-1.0,0.0142,0.0,0,0.0,1.0,1
143a4685a39b2eda80ebc51e672363e0c8976b5e8f4f6dcdfaf065cb302d6e2c,2,0,0.0,1,1,2.0,2,0,0,0,1,0.0,0,2025-11-04 10:30:25.986,2025-11-04 10:30:50.946,1.0,-1.0,0.0142,0.0,0,0.0,1.0,1
a656113a71cfef88901e1ccc357bd22126c1a27a3a20492693664a99632abae9,1,0,0.0,1,1,1.0,1,0,0,0,1,0.0,0,2025-11-04 16:29:30.295,2025-11-04 16:29:30.295,1.0,-1.0,0.0071,0.0,0,0.0,1.0,1
a0a943651bd958859494ce4bb0ea6d9cfbf2ba8b6ae19a51ff8a9ce8e5c1b35f,2,0,0.0,1,1,2.0,2,0,0,0,1,0.0,0,2025-11-04 12:24:06.174,2025-11-04 12:27:01.022,1.0,-1.0,0.0142,0.0,0,0.0,1.0,1
ae7a2337331933040c384d2c984426a0baef7dadf349af9e2335127b8215a43b,2,0,0.0,1,1,2.0,2,0,0,0,1,0.0,0,2025-11-04 12:44:44.637,2025-11-04 12:45:47.544,1.0,-1.0,0.0142,0.0,0,0.0,1.0,1
43937bd90cf137b42e5ffbce18ecf6dbc419327abb4be93f21bfaaa0d7263f96,1,1,1.0,1,1,1.0,1,0,1,0,0,0.0,0,2025-11-04 21:32:28.518,2025-11-04 21:32:28.518,1.0,0.0,0.0071,0.0,0,0.0,0.0,1
177d5975e54af04ebce22dcc02b240289164dd596cb2c5d67c64e2d62d02639e,1,0,0.0,1,1,1.0,1,0,0,0,1,0.0,0,2025-11-04 17:13:26.084,2025-11-04 17:13:26.084,1.0,-1.0,0.0071,0.0,0,0.0,1.0,1
0777459d151884f668b7fc054242db0a9848e20acef94fd9246f0281630b4d7a,2,0,0.0,1,1,2.0,2,0,0,0,1,0.0,0,2025-11-04 10:21:30.591,2025-11-04 10:25:30.829,1.0,-1.0,0.0142,0.0,0,0.0,1.0,1
9542d3c7d786fcfd8635b0846e64d209e5acdfa0a0c3e6dab7aaeabbe22751a6,4,0,0.0,2,2,2.0,4,0,0,0,1,0.0,0,2025-11-04 11:10:04.111,2025-11-06 14:08:52.294,2.12,-1.0,0.0284,0.0,0,0.0,0.25,1
97d43d1b2ecf45ccc9bb0e2e1b7875220711709d1d49465f18f25d2b9fcf446b,1,0,0.0,1,1,1.0,1,0,0,0,0,0.0,0,2025-11-04 11:01:24.010,2025-11-04 11:01:24.010,1.0,-1.0,0.0071,0.0,0,0.0,0.0,1
c0a6614f3b18f4a94f53fa95681e384ffa043c595d2224c13a2ab56b0085c89d,2,0,0.0,1,1,2.0,2,0,0,0,1,0.0,0,2025-11-04 09:43:13.778,2025-11-04 09:43:37.916,1.0,-1.0,0.0142,0.0,0,0.0,1.0,1
222ae76a34f3fdcd5c9db892d3c6fbc62867615a34f28d84750d4e2c2464f47d,2,0,0.0,1,1,2.0,2,0,0,0,1,0.0,0,2025-11-04 11:07:35.794,2025-11-04 11:07:48.691,1.0,-1.0,0.0142,0.0,0,0.0,1.0,1
7afafc5ab28a2feeee2475cfdc36bc32c94318647f6e2fd7fc1626539af666e9,1,1,1.0,1,1,1.0,1,0,1,0,0,0.0,0,2025-11-04 23:36:32.070,2025-11-04 23:36:32.070,1.0,0.0,0.0071,0.0,0,0.0,0.0,1
420d4fbf6d6616a9feb02dc527cda5e1af3a927b5316c36e1acb898a4c964e85,1,0,0.0,1,1,1.0,1,0,0,0,1,0.0,0,2025-11-04 14:17:05.270,2025-11-04 14:17:05.270,1.0,-1.0,0.0071,0.0,0,0.0,1.0,1
0e54fef557c3bd72f4c7d90709c382d3da383b51b35ea4641cb60eb500fb8ec7,1,0,0.0,1,1,1.0,1,0,0,0,0,0.0,0,2025-11-04 20:15:21.786,2025-11-04 20:15:21.786,1.0,-1.0,0.0071,0.0,0,0.0,0.0,1
d0481cd611f35d53b0b3b6cf8f2722aabf1eaa4a17e0821907cb134850dc0ad3,6,0,0.0,2,3,2.0,3,0,0,0,0,0.0,1,2025-11-04 13:24:24.040,2025-11-05 12:34:54.855,1.0,-1.0,0.0213,0.0,0,0.0,0.0,1
901a32a8b4498a4ad452fb4d0ac5384bda57f5f90a211578a686801beb93e8a7,8,0,0.0,7,7,1.14,2,0,0,0,0,0.0,0,2025-11-04 07:27:12.850,2025-11-29 09:30:26.011,25.09,-1.0,0.0142,0.6667,0,0.0,0.0,0
6f19dd74359e465ecf52dc24a68c4f9ccb7f96ac473dc4c41affcbabb15450d3,1,0,0.0,1,1,1.0,1,0,0,0,1,0.0,0,2025-11-04 14:03:12.689,2025-11-04 14:03:12.689,1.0,-1.0,0.0071,0.0,0,0.0,1.0,1
1bcd590740a4e6c7874dd44a6ae56806cb20485943d87f80b969b72f225acefc,1,0,0.0,1,1,1.0,1,0,0,0,1,0.0,0,2025-11-04 10:31:20.884,2025-11-04 10:31:20.884,1.0,-1.0,0.0071,0.0,0,0.0,1.0,1
f5e6f4e71008af03a9dcc813d3105ace096ac92139a03de7a1d2b73c3d3bcc40,2,0,0.0,1,1,2.0,2,0,0,0,1,0.0,0,2025-11-04 16:07:15.956,2025-11-04 16:07:34.149,1.0,-1.0,0.0142,0.0,0,0.0,1.0,1
85bcced6f2b159afd7baa1662aa3fbb3817dc4701ffbe7daabbf4a8d245ab5b4,4,0,0.0,4,4,1.0,2,0,0,0,0,0.0,0,2025-11-04 07:34:17.985,2025-11-14 07:57:29.155,10.02,-1.0,0.0142,0.3333,0,0.0,0.0,1
c9ba10b1f0bdc7358c8e3d8b974e84aa6c1c80c911c060bf3dd127f3af38c75e,1,0,0.0,1,1,1.0,1,0,0,0,1,0.0,0,2025-11-04 10:35:53.098,2025-11-04 10:35:53.098,1.0,-1.0,0.0071,0.0,0,0.0,1.0,1
6955d11bfbdb2496fe65813cdbf47b7d49fc38f3d854f6be6aa711b06f063ca7,2,0,0.0,1,1,2.0,2,0,0,0,1,0.0,0,2025-11-04 11:21:06.507,2025-11-04 11:21:22.730,1.0,-1.0,0.0142,0.0,0,0.0,1.0,1
a80d512ad65617e3256a1687a3de929e714203f8123d07d4f9d9dda42296f550,1,0,0.0,1,1,1.0,1,0,0,0,1,0.0,0,2025-11-04 12:43:52.144,2025-11-04 12:43:52.144,1.0,-1.0,0.0071,0.0,0,0.0,1.0,1
da885aeab0f7ab6a1b6570626ff8a4d35478004f9ba93f8620329e956bbd44a3,1,1,1.0,1,1,1.0,1,0,1,0,0,0.0,0,2025-11-04 10:29:38.369,2025-11-04 10:29:38.369,1.0,0.0,0.0071,0.0,0,0.0,0.0,1
5fed7a3267ab2deff280a5e4c3b1d2fc00239282ccf12c134fc02813a0c1641f,1,1,1.0,1,1,1.0,1,0,1,0,0,0.0,0,2025-11-04 14:06:34.086,2025-11-04 14:06:34.086,1.0,0.0,0.0071,0.0,0,0.0,0.0,1
a197c85fb86d534706ccb42143b239f2578db690aef35789eb2805c5d31f16ce,1,1,1.0,1,1,1.0,1,0,1,0,0,0.0,0,2025-11-04 17:19:58.392,2025-11-04 17:19:58.392,1.0,0.0,0.0071,0.0,0,0.0,0.0,1
2221a590cfef43692635fa0ea61bc6d12acbe25964e273393764d7d579676c21,1,0,0.0,1,1,1.0,1,0,0,0,1,0.0,0,2025-11-04 12:52:57.599,2025-11-04 12:52:57.599,1.0,-1.0,0.0071,0.0,0,0.0,1.0,1
ac5ab2884dd08a0933c9ad721e287539d7414b3851f639dec75176f062ab28d0,1,0,0.0,1,1,1.0,1,0,0,0,1,0.0,0,2025-11-04 12:01:14.812,2025-11-04 12:01:14.812,1.0,-1.0,0.0071,0.0,0,0.0,1.0,1
3269be0c348cbe01b5a262f2c691bf9e0d412c55610d6a30008c51d5d1f5a158,2,0,0.0,1,1,2.0,2,0,0,0,1,0.0,0,2025-11-04 15:32:58.604,2025-11-04 15:36:20.256,1.0,-1.0,0.0142,0.0,0,0.0,1.0,1
ee6553d5b265c58fcc728a049eb080e0205a0181c1c90634e5a83e12d0b5fcf1,8,0,0.0,2,4,2.0,5,0,0,0,1,0.0,0,2025-11-04 16:40:41.064,2025-11-06 14:09:23.503,1.89,-1.0,0.0355,0.0,0,0.0,0.25,1
477f333ded070a93fd816d848f8475a46d5185354205fe9756805267049ac56c,1,1,1.0,1,1,1.0,1,0,1,0,0,0.0,0,2025-11-04 18:25:53.122,2025-11-04 18:25:53.122,1.0,0.0,0.0071,0.0,0,0.0,0.0,1
c4fe137fedce71f47e744c155dead08bdce2a9719a9e5cfa94f34dddc6a7f973,2,0,0.0,1,1,2.0,2,0,0,0,1,0.0,0,2025-11-04 11:48:51.964,2025-11-04 11:49:09.669,1.0,-1.0,0.0142,0.0,0,0.0,1.0,1
ab39f4b4b4c121ff1db3fc1e02e796ddb6ddf0a386c4ebed885bdbdf5d05b966,12,0,0.0,8,11,1.09,1,0,0,0,0,0.0,0,2025-11-04 10:42:08.344,2025-11-20 09:15:23.601,15.94,-1.0,0.0071,-0.6667,0,0.0,0.0,1
20aaf17a9d9d2f9aa41f62502214b6a9cdfb704cd891e74d816c96294be7216b,2,0,0.0,1,1,2.0,2,0,0,0,1,0.0,0,2025-11-04 11:06:31.861,2025-11-04 11:06:44.340,1.0,-1.0,0.0142,0.0,0,0.0,1.0,1
ba1455fb8305a171840a3683e4832091d8145280bd0f462fb91bba4feb2a6499,2,0,0.0,1,1,2.0,2,0,0,0,1,0.0,0,2025-11-04 11:04:26.707,2025-11-04 11:04:42.790,1.0,-1.0,0.0142,0.0,0,0.0,1.0,1
27ab1b34a4e35a72ff5e2b696867f8217ef54edca38a5d6be60f82333c88d2b5,1,1,1.0,1,1,1.0,1,0,1,0,0,0.0,0,2025-11-04 17:46:47.274,2025-11-04 17:46:47.274,1.0,0.0,0.0071,0.0,0,0.0,0.0,1
28e196d6897f8913f0c954bbd44f1641647bf549c2de2a474e7e518c749bebe1,2,2,1.0,1,1,2.0,1,0,1,0,0,0.0,0,2025-11-04 12:30:08.054,2025-11-04 12:30:09.150,1.0,0.0,0.0071,0.0,0,0.0,0.0,1
a571c4e5573c02caf5e1d498b0cf025aa63c924a8de4fe8a796f2406066f472a,1,1,1.0,1,1,1.0,1,0,1,0,0,0.0,0,2025-11-04 10:34:11.952,2025-11-04 10:34:11.952,1.0,0.0,0.0071,0.0,0,0.0,0.0,1
7d885922b948aabb6d287550e6a430264ff66cd3b4542d0c9b95d28e633a7018,1,0,0.0,1,1,1.0,1,0,0,0,1,0.0,0,2025-11-04 12:53:51.978,2025-11-04 12:53:51.978,1.0,-1.0,0.0071,0.0,0,0.0,1.0,1
f8cf824e7bdd7ad3b7f54f02d9329b485ac7c69009c8c8a0970ad10dc0cf4134,1,0,0.0,1,1,1.0,1,0,0,0,1,0.0,0,2025-11-04 09:46:36.831,2025-11-04 09:46:36.831,1.0,-1.0,0.0071,0.0,0,0.0,1.0,1
92a819d7cf1474d49ed22bee9befdc06e6a4a6381ed4815dd6f5e92fd0b0bb58,1,1,1.0,1,1,1.0,1,0,1,0,0,0.0,0,2025-11-04 11:08:08.635,2025-11-04 11:08:08.635,1.0,0.0,0.0071,0.0,0,0.0,0.0,1
917e792fc7d8a16dc6eac0dc47098a7a473fdb37b9435fcb5f5fcc0012e4894a,1,0,0.0,1,1,1.0,1,0,0,0,1,0.0,0,2025-11-04 11:19:42.202,2025-11-04 11:19:42.202,1.0,-1.0,0.0071,0.0,0,0.0,1.0,1
d97bb854d2169d0bef490b8c99badfaead92c0cc832a9aa17ebc9444cb226bbf,2,0,0.0,1,1,2.0,2,0,0,0,1,0.0,0,2025-11-04 12:15:32.157,2025-11-04 12:18:04.883,1.0,-1.0,0.0142,0.0,0,0.0,1.0,1
366124ea2ee9a570f7d0922e890cc60fa797b540835a8257ea2955c47eccd3f9,1,0,0.0,1,1,1.0,1,0,0,0,1,0.0,0,2025-11-04 11:12:21.757,2025-11-04 11:12:21.757,1.0,-1.0,0.0071,0.0,0,0.0,1.0,1
cacdea6fb201b59c0e52faf5272e14546235e0d0e2a92597caaf6c41d81ebac9,1,1,1.0,1,1,1.0,1,0,1,0,0,0.0,0,2025-11-04 07:04:29.086,2025-11-04 07:04:29.086,1.0,0.0,0.0071,0.0,0,0.0,0.0,1
16d9b919ea7ce2902ea71260b7cb9e18d451644cca7d71247f1cc904f2d308db,2,2,1.0,1,1,2.0,2,0,1,0,0,0.0,0,2025-11-04 16:36:15.272,2025-11-04 16:36:24.787,1.0,0.0,0.0142,0.0,0,0.0,0.0,1
74065952f2b056822af3c7e4ec5b130b54a43fcb98482e21b2188c693037cf11,1,0,0.0,1,1,1.0,1,0,0,0,1,0.0,0,2025-11-04 16:32:44.657,2025-11-04 16:32:44.657,1.0,-1.0,0.0071,0.0,0,0.0,1.0,1
c9d278c690baa1b09e3198c89ea720c9125a75f72c4a0ef0d12014e625e6205d,1,0,0.0,1,1,1.0,1,0,0,0,1,0.0,0,2025-11-04 16:08:37.428,2025-11-04 16:08:37.428,1.0,-1.0,0.0071,0.0,0,0.0,1.0,1
c410d3587fa5470036f72d5973ab8f92776771420e1bf4f62989f86240ee158c,1,0,0.0,1,1,1.0,1,0,0,0,1,0.0,0,2025-11-04 15:21:44.741,2025-11-04 15:21:44.741,1.0,-1.0,0.0071,0.0,0,0.0,1.0,1
91e6163f83b7e75c7d3cf4ef8f7ae18cbf4b57b92c4a145f50065bc55b0ef342,2,2,1.0,1,1,2.0,1,0,1,0,0,0.0,0,2025-11-04 00:29:58.713,2025-11-04 00:32:50.616,1.0,0.0,0.0071,0.0,0,0.0,0.0,1
5d2c330e047ab1100e0f8bb0a60c401e717c3bce7e7efcebf0c76da847d8cef6,1,1,1.0,1,1,1.0,1,0,1,0,0,0.0,0,2025-11-04 15:23:08.441,2025-11-04 15:23:08.441,1.0,0.0,0.0071,0.0,0,0.0,0.0,1
32a5a1d0da759877380f262921b0193a489e5a76445672aab20c38756dcc1173,1,1,1.0,1,1,1.0,1,0,1,0,0,0.0,0,2025-11-04 10:17:05.278,2025-11-04 10:17:05.278,1.0,0.0,0.0071,0.0,0,0.0,0.0,1
406698aee043be35adb702124e329713a631eacc6d3f0bb3d40f1f452b7bf0fb,1,0,0.0,1,1,1.0,1,0,0,0,1,0.0,0,2025-11-04 16:39:38.803,2025-11-04 16:39:38.803,1.0,-1.0,0.0071,0.0,0,0.0,1.0,1
eb758ce2892fd0581935d9472e2f510726e72727b36443eb3909d2c1590f1b9d,1,0,0.0,1,1,1.0,1,0,0,0,1,0.0,0,2025-11-04 10:53:08.438,2025-11-04 10:53:08.438,1.0,-1.0,0.0071,0.0,0,0.0,1.0,1
1b667783ea49a1786fc5febe369a607a20ec63bc27dbacc7576b7a3324e14894,102,40,0.3922,1,1,102.0,17,0,1,0,1,0.0,1,2025-11-05 02:45:36.862,2025-11-05 02:52:13.539,1.0,0.93,0.1206,0.0,1,0.02407757076923077,0.9216,1
ae1d3388baaa10fbf307db289937c3d11cf0805e4fa0a89d1ba183601800a667,154,76,0.4935,1,1,154.0,17,0,1,0,1,0.0,0,2025-11-05 14:36:02.187,2025-11-05 14:58:34.285,1.0,1.17,0.1206,0.0,1,0.025095075915492957,0.9675,1
795c4f3840c9cc89bc34f54aeec6aa4e71844ee4af59c67939780f0235a3b730,459,152,0.3312,1,1,459.0,22,0,1,0,1,0.0,2,2025-11-05 12:36:37.550,2025-11-05 13:16:09.703,1.0,6.91,0.156,0.0,1,0.01976944807486631,0.9847,1
30dea18fb38905aa7b1ef387f631efe46b87902ebf1ed885d6d29265f7fe7579,5,0,0.0,2,2,2.5,4,0,0,0,1,0.0,0,2025-11-05 16:24:22.593,2025-11-06 14:08:15.642,1.0,-1.0,0.0284,0.0,0,0.0,0.4,1
3666952a02f4bfb8cf1810626f93d5007427c099ca1c5dca686aae06cf7170d2,201,96,0.4776,2,2,100.5,20,0,1,0,1,0.0,2,2025-11-05 16:18:25.554,2025-11-06 14:59:39.001,1.0,1314.08,0.1418,0.0,1,0.02586633463917526,0.9403,1
a9eee5ad73d36f25210efd8371fc1ba56d9512a2c82cd64b3417e383c2e5b6bd,1,1,1.0,1,1,1.0,1,0,1,0,0,0.0,0,2025-11-05 15:58:25.953,2025-11-05 15:58:25.953,1.0,0.0,0.0071,0.0,0,0.0,0.0,1
b6720c24ff8f0c3979af7a829d2a6e31bc3afee0c499f259e4ff2bdfa0314a54,1,1,1.0,1,1,1.0,1,0,1,0,0,0.0,0,2025-11-05 10:38:10.468,2025-11-05 10:38:10.468,1.0,0.0,0.0071,0.0,0,0.0,0.0,1
56d5cb59a0543b7f160eb137977478fbc8af42de42eae5553634b105f59bee5d,8,0,0.0,1,1,8.0,4,0,0,0,1,0.0,0,2025-11-05 14:45:22.338,2025-11-05 14:45:27.527,1.0,-1.0,0.0284,0.0,0,0.0,0.125,1
61fd986ff855bed592813d7dde55a2e95703f424034124767b8a3963aa7dbb65,3,0,0.0,1,1,3.0,3,0,0,0,1,0.0,0,2025-11-05 01:59:41.704,2025-11-05 02:00:15.162,1.0,-1.0,0.0213,0.0,0,0.0,0.3333,1
88b85aa303db184a55c0f2ea59810b5fb69dc8739f008731bc12ae16b1d5c654,7,0,0.0,1,1,7.0,4,0,0,0,1,0.0,0,2025-11-05 01:59:35.379,2025-11-05 01:59:44.520,1.0,-1.0,0.0284,0.0,0,0.0,0.1429,1
9079e168a2c263043624c1f0539c1164a194313377aea3b7acf85ddbc2b8a340,1,1,1.0,1,1,1.0,1,0,1,0,0,0.0,0,2025-11-05 07:52:41.078,2025-11-05 07:52:41.078,1.0,0.0,0.0071,0.0,0,0.0,0.0,1
9e406da87ebf8322cf8902043500fd33f258b079a28ee5222e5715d5b23f8d33,13,0,0.0,1,2,6.5,6,0,0,0,1,0.0,0,2025-11-05 11:06:31.297,2025-11-05 14:54:44.791,1.0,-1.0,0.0426,0.0,0,0.0,0.1538,1
8ac3282dc9e4b70dc8e5e17bd762ff798971b8cd5ca98fbb4e3ef1c8c886d4ae,15,8,0.5333,1,1,15.0,3,0,1,0,1,0.0,0,2025-11-05 06:21:33.890,2025-11-05 06:24:46.473,1.0,2.26,0.0213,0.0,0,0.011866666666666666,1.0,1
07449fdb98585e171b16137108371973e9885796c0157f96ef9d8235e9f788ef,960,315,0.3281,3,4,240.0,26,0,1,0,1,0.0,1,2025-11-05 01:43:03.540,2025-11-11 22:59:59.554,6.89,9054.62,0.1844,0.0,1,0.02502100488304094,0.9875,1
f20f800e8f152f80a1826dc4160c36d5b5c8f2420c84561c41a2ad9e4e5a9508,1,1,1.0,1,1,1.0,1,0,1,0,0,0.0,0,2025-11-05 15:26:08.712,2025-11-05 15:26:08.712,1.0,0.0,0.0071,0.0,0,0.0,0.0,1
21b16950331c81f264db3865aec64ccaed314f278972db58664627029fd0785a,477,154,0.3229,1,1,477.0,25,0,1,0,1,0.0,1,2025-11-05 09:04:56.155,2025-11-05 09:42:36.268,1.0,0.7,0.1773,0.0,1,0.027058966,0.956,1
0fb8e198ff7fae6ab4e61cf60a8ab922c3f76dcc8d2e7f4e1c868dedaecbe890,3,0,0.0,1,1,3.0,3,0,0,0,1,0.0,0,2025-11-05 16:56:29.554,2025-11-05 16:57:07.062,1.0,-1.0,0.0213,0.0,0,0.0,0.3333,1
1bb8c08fc105c12913ba64e660086f9fd012cd641f4c4efe6f8f572e31739d06,12,2,0.1667,2,4,3.0,9,0,1,0,1,0.0,1,2025-11-05 11:58:13.367,2025-11-06 01:24:56.085,1.0,2.04,0.0638,0.0,0,0.0,0.0833,1
a3d6726cb24d29046bdd1df7df0a1b2146d20c73965d243e2d36f00023d17a7c,20,2,0.1,1,1,20.0,9,0,1,0,1,0.0,1,2025-11-05 14:57:20.875,2025-11-05 15:00:16.112,1.0,2.92,0.0638,0.0,0,0.0,0.1,1
567f738e539b430b2d8de84a734f7e50afa89634a5866846d4e6875efd1fa84f,57,0,0.0,2,2,28.5,3,0,0,0,1,0.0,0,2025-11-05 11:22:03.127,2025-11-06 09:49:51.010,1.0,-1.0,0.0213,0.0,0,0.010427272727272728,1.0,1
9f8bc6056d2139159660098c8fd3a13138e228b28a565ea562092b0b05d00891,9,3,0.3333,2,4,2.25,6,0,1,0,0,0.0,1,2025-11-05 00:41:09.027,2025-11-06 08:07:03.613,1.31,1612.83,0.0426,0.0,0,0.0,0.0,1
ee21b4052c9b28745b061940d9bae3c01df8145c7a01713dfcc0bdc5c1f8879b,126,39,0.3095,1,1,126.0,13,0,1,0,1,0.0,1,2025-11-05 20:59:07.840,2025-11-05 21:18:30.081,1.0,0.21,0.0922,0.0,1,0.029419782558139537,0.9762,1
7a0a74f053893dab5d4c31df7575534a3b16d7dba4e027015254a1cb6d22b668,6,3,0.5,3,3,2.0,2,0,1,0,0,0.0,1,2025-11-05 22:13:51.449,2025-11-20 14:39:35.626,14.68,0.12,0.0142,-1.0,0,0.0,0.0,1
6989b866786aaee6c44234b7d2e1db662276d812bb4dd43c5422ad1febb1913e,1,1,1.0,1,1,1.0,1,0,1,0,0,0.0,0,2025-11-05 06:51:52.260,2025-11-05 06:51:52.260,1.0,0.0,0.0071,0.0,0,0.0,0.0,1
c77c364aedb523d6565d4aa591863b0d4e29c6ede334c2364b60790965afdf5e,736,250,0.3397,1,2,368.0,26,0,1,0,1,0.0,1,2025-11-05 12:16:18.543,2025-11-05 14:36:02.212,1.0,4.4,0.1844,0.0,1,0.02335915206225681,0.9524,1
f52de84f6776e474633239bacf93d8ecd5d6d8738489b860e8609977bbe89da1,399,148,0.3709,2,3,133.0,22,0,1,0,1,0.0,2,2025-11-05 15:08:46.283,2025-11-06 15:16:12.503,1.01,4.52,0.156,0.0,1,0.026681299285714284,0.9474,1
3946f0f6fa3f1243880240156b9547f56dae0cd510bf95c14c99b9253ff92fd2,34,2,0.0588,1,1,34.0,3,0,1,0,1,0.0,0,2025-11-05 22:00:54.655,2025-11-05 22:16:04.381,1.0,1.3,0.0213,0.0,1,0.0033708387499999997,1.0,1
3dd55ad3057a1794dc79f2a7198e5655f424a5d020c302f91551bbd25030819a,55,24,0.4364,4,3,18.33,7,0,1,0,1,0.0,3,2025-11-05 20:55:36.845,2025-12-06 22:06:01.630,31.05,0.31,0.0496,0.6585,0,0.015341379310344828,0.6364,0
d2f9282dd2595254d314cabd6627d3ba63aa5b30e7757f33ba6f390bf569e5ef,4,0,0.0,2,2,2.0,4,0,0,0,1,0.0,0,2025-11-05 19:04:31.507,2025-11-06 14:58:22.983,1.0,-1.0,0.0284,0.0,0,0.0,0.25,1
d6973b059bca8d35a1ad25390b65a2872619cf49508d75f7441f8150ff0611d5,342,118,0.345,3,4,85.5,22,0,1,0,1,0.0,2,2025-11-05 09:19:02.754,2025-12-08 16:53:35.694,33.32,0.73,0.156,0.9941,1,0.04758988192,0.9561,0
87465a75a3ea6b06122ad3b054894d71740f25925fc176b3a66e9aa55beed92a,17,1,0.0588,1,1,17.0,11,1,1,0,1,0.0,1,2025-11-05 07:33:20.431,2025-11-05 07:34:41.120,1.0,0.66,0.078,0.0,0,0.0018962125,0.2941,1
055ac765a1dd96bdc9c5f1f4b5f7060f6f4a5a5388c4329796f74c94fff547b7,1128,374,0.3316,1,1,1128.0,22,0,1,0,1,0.0,1,2025-11-05 14:10:04.618,2025-11-05 15:24:07.392,1.0,1.94,0.156,0.0,1,0.026637505025773195,0.9929,1
bdcf3e7ab64b86f729fa542566661fbad8d642ae9ea0ce42790f3aa6f3b20029,1045,495,0.4737,3,3,348.33,24,0,1,0,1,0.0,2,2025-11-05 16:13:51.376,2025-11-13 16:22:11.941,8.01,2.61,0.1702,0.8896,1,0.02633228157598499,0.9722,1
f8c42cc9ec88c6fd5ca110b310a79bf06e368f47ec9e3780cf7292be6178b6fb,4,0,0.0,1,1,4.0,4,0,0,0,1,0.0,0,2025-11-05 17:42:28.579,2025-11-05 17:44:12.656,1.0,-1.0,0.0284,0.0,0,0.0,0.25,1
5e025cd0e5a913f2069273a76ae29789578bad6852a7050d54d8e3fd74572570,5,0,0.0,2,2,2.5,5,0,0,0,1,0.0,0,2025-11-05 17:05:13.312,2025-11-06 14:06:08.445,1.0,-1.0,0.0355,0.0,0,0.0,0.4,1
63fb223d9d3efa54fc193fa6bca1d4122a40dc291d30986cb3bfd37032655dc2,10,0,0.0,2,1,10.0,6,0,0,0,1,0.0,0,2025-11-05 16:33:21.287,2025-11-06 14:06:22.758,1.0,-1.0,0.0426,0.0,0,0.0,0.2,1
3e20ddf4a9f2858d9063a6c69d2e72844a3918f6fbac6b053542101960ebf2a4,4,0,0.0,1,1,4.0,4,0,0,0,1,0.0,0,2025-11-05 18:42:35.772,2025-11-05 18:46:04.496,1.0,-1.0,0.0284,0.0,0,0.0,0.25,1
44b44d203202898df9bbff550b4b58555aed22e3a1606d5ad9bd2973f50227b9,11,1,0.0909,1,1,11.0,10,0,1,0,1,0.0,1,2025-11-05 16:31:27.332,2025-11-05 16:33:03.421,1.0,0.77,0.0709,0.0,0,0.0,0.1818,1
ff31df18a85a69c6bcc86beca3e224b7ab36af876e30fcd914af5c9ddd0fd60c,2,2,1.0,1,1,2.0,1,0,1,0,0,0.0,2,2025-11-05 03:52:52.580,2025-11-05 03:55:25.725,1.0,0.0,0.0071,0.0,0,0.0,0.0,1
cd89000e0af6e9710b11d50d58f17e1a156c75f1da6856c42643722b3fc9df70,16,1,0.0625,1,2,8.0,11,0,1,0,1,0.0,1,2025-11-05 15:02:08.532,2025-11-05 17:24:42.238,1.0,142.03,0.078,0.0,0,0.0,0.1875,1
4b80907005a3008cdc27d79d672a351cd33e1ec5823a1dfc5002d4c3c39a1f3b,10,0,0.0,1,2,5.0,5,0,0,0,1,0.0,0,2025-11-05 10:19:20.195,2025-11-05 14:43:15.856,1.0,-1.0,0.0355,0.0,0,0.0,0.1,1
300614d65aad6ff3d2e7f18779a858ed649aba3492671a6125f17f40796d9247,1,0,0.0,1,1,1.0,1,0,0,0,1,0.0,0,2025-11-05 17:35:37.311,2025-11-05 17:35:37.311,1.0,-1.0,0.0071,0.0,0,0.0,1.0,1
b248ca945694c4c04718297b3a746bcae4337f047c94462cac47da23c0b45bf1,6,3,0.5,3,3,2.0,2,0,1,0,0,0.0,1,2025-11-05 08:20:10.576,2025-11-12 05:58:03.369,6.9,0.06,0.0142,0.0,0,0.0,0.0,1
cc6a16e45a1975b88261d6e93a6162c5389fb7343bfc4b577cce10eedc9aadbb,3,0,0.0,1,1,3.0,3,0,0,0,1,0.0,0,2025-11-05 22:57:09.825,2025-11-05 22:57:45.919,1.0,-1.0,0.0213,0.0,0,0.0,0.3333,1
94d5a7489b5f2707ad548c8e81de1dffa84416d6d541aef96b054cf70e865270,1,1,1.0,1,1,1.0,1,0,1,0,0,0.0,0,2025-11-05 22:54:16.897,2025-11-05 22:54:16.897,1.0,0.0,0.0071,0.0,0,0.0,0.0,1
7895ca0f286aed5e1a781fd634ded4bdb0e1e72fbf62e2ca4d8b5f38caa8af78,4,0,0.0,1,1,4.0,3,0,0,0,1,0.0,0,2025-11-05 20:07:09.283,2025-11-05 20:17:30.225,1.0,-1.0,0.0213,0.0,0,0.005,1.0,1
ad629d4d6ddc21fe2c6648d17c650d653b20b23da40a708d0cf6f19f251814a0,6,3,0.5,1,1,6.0,4,0,1,0,1,0.0,2,2025-11-05 07:57:48.958,2025-11-05 08:15:39.160,1.0,1.0,0.0284,0.0,0,0.0,0.1667,1
bd333f10b55922639b8b1857d6800685540caa5da0c3705ff19c1cc73932c04d,5,1,0.2,1,1,5.0,5,0,1,0,1,0.0,1,2025-11-05 01:41:02.820,2025-11-05 01:54:05.869,1.0,8.05,0.0355,0.0,0,0.0,0.2,1
87e069ab048b424698253a637050e0c1d8d27738af50c1cda5a4ffceda0c4013,5,0,0.0,2,4,1.25,3,0,0,0,1,0.0,0,2025-11-05 20:11:38.596,2025-11-07 16:15:21.006,1.84,-1.0,0.0213,0.0,0,0.0,0.2,1
cc067ac05d80ceab1784dcd8ae56abde91822a1bf6c241ab00236008e3712b9b,1,1,1.0,1,1,1.0,1,0,1,0,0,0.0,0,2025-11-05 13:10:08.418,2025-11-05 13:10:08.418,1.0,0.0,0.0071,0.0,0,0.0,0.0,1
7b9502b464a6bc46100b322b4405d6f04b2f976a89972321ed45d07036c663cc,2,2,1.0,1,1,2.0,1,0,1,0,0,0.0,0,2025-11-05 14:44:54.290,2025-11-05 14:44:57.000,1.0,0.0,0.0071,0.0,0,0.0,0.0,1
8962496ae9b481db3282ca3187ccee8313c9ae9c5a0d2024f513654e192863b3,2,2,1.0,1,1,2.0,2,0,1,0,0,0.0,0,2025-11-05 21:40:21.418,2025-11-05 21:40:38.832,1.0,0.0,0.0142,0.0,0,0.0,0.0,1
7c438fcbcddce1c312390d235e6ed7af520b26d78ebeb24a311b7250f6020bb2,5,1,0.2,1,1,5.0,5,0,1,0,1,0.0,1,2025-11-05 01:54:58.319,2025-11-05 01:55:42.640,1.0,0.74,0.0355,0.0,0,0.0,0.2,1
75d28d1ed8f8282dca285f335ca836f6e95bacc7ed7ed45f87f58d41a5d8d3bd,693,294,0.4242,2,3,231.0,25,0,1,0,1,0.0,3,2025-11-05 14:18:41.106,2025-11-06 15:58:54.306,1.07,1473.95,0.1773,0.0,1,0.022109068300653595,0.8586,1
36a2d10ba3feb60ee8ecc5fb156de761421f0e338a891cef028ad9a4d8b9461c,6,2,0.3333,2,2,3.0,3,0,1,0,0,0.0,0,2025-11-05 15:30:50.449,2025-11-30 13:15:48.880,24.91,0.0,0.0213,-1.0,0,0.0,0.0,0
3cfb5d9e16535d0b3b4509a9d0e30da713b273ce04bda17d8cd062ca2796b685,389,171,0.4396,2,2,194.5,12,0,1,0,1,0.0,0,2025-11-05 14:06:17.054,2025-11-06 15:59:40.896,1.08,1507.68,0.0851,0.0,1,0.020679017962962964,1.0,1
d6d76020c99d90177922f3523e9a6878b833c1e3ad1fa207c1f87dc7867fb460,3,0,0.0,1,1,3.0,3,0,0,0,1,0.0,0,2025-11-05 20:14:46.121,2025-11-05 20:14:47.600,1.0,-1.0,0.0213,0.0,0,0.0,1.0,1
c68d3b72b5135aebd720a1cef9537cd21706f3868ac319b75972d3ba1b7a759b,5,0,0.0,1,1,5.0,5,0,0,0,1,0.0,0,2025-11-05 22:36:05.705,2025-11-05 22:37:41.384,1.0,-1.0,0.0355,0.0,0,0.0,0.2,1
f0f2487c698168c44ed08ee634625a91494d9fec8ee531b698125ec2b0e1d838,398,118,0.2965,3,3,132.67,15,0,1,0,1,0.0,0,2025-11-05 19:05:47.096,2025-11-13 23:59:38.109,8.2,10160.34,0.1064,-396.0,1,0.026969822797619048,1.0,1
8d54a4318f29eab9e7a71b5c290477e405ad49ee2edd818fbf9635fa6b6fbcb3,349,120,0.3438,2,2,174.5,13,0,1,0,1,0.0,0,2025-11-05 22:57:40.093,2025-11-06 21:16:43.185,1.0,970.29,0.0922,0.0,1,0.01724284265486726,1.0,1
b878ae326987e5eab7957d067866b7c79ed23ba0269e16b4b7041890ef4e0b37,54,1,0.0185,4,5,10.8,14,0,1,0,1,0.0,1,2025-11-05 06:06:53.583,2025-11-09 15:15:46.874,4.38,2986.19,0.0993,0.0,0,0.001475,0.0926,1
0b35fe3f63253d9e4b71b5c07fb39d9dd834b1a22143157dc4bf8331c2ea2d80,1,1,1.0,1,1,1.0,1,0,1,0,0,0.0,1,2025-11-05 10:53:36.651,2025-11-05 10:53:36.651,1.0,0.0,0.0071,0.0,0,0.0,0.0,1
ba3904ae77eda65f045dd94a55fa9a464a065d2277458bed2b6061c4746d1274,1,0,0.0,1,1,1.0,1,0,0,0,0,0.0,0,2025-11-05 09:04:35.116,2025-11-05 09:04:35.116,1.0,-1.0,0.0071,0.0,0,0.0,0.0,1
e47d1c2949bee386d3426cc237ead7f2ef94c91549abb023461c1ed249145f2a,2,0,0.0,1,1,2.0,2,0,0,0,1,0.0,0,2025-11-05 09:43:06.339,2025-11-05 09:43:20.682,1.0,-1.0,0.0142,0.0,0,0.0,1.0,1
d2ebe538ae2533b22f0ba614f762889085e9d58e9738cbdfffe18eeba738cd71,10,1,0.1,2,3,3.33,9,0,1,0,1,0.0,1,2025-11-05 16:15:58.628,2025-11-06 14:17:14.057,1.0,1315.6,0.0638,0.0,0,0.0,0.2,1
b91baf89ddc9e2091c3015d7e84229126b7e22091bb4f0c8aab56312c4a9c721,2,0,0.0,1,1,2.0,2,0,0,0,1,0.0,0,2025-11-05 09:42:22.567,2025-11-05 09:42:43.832,1.0,-1.0,0.0142,0.0,0,0.0,1.0,1
8bd82686f8a9fefe51428b438682840922ec2a13d44a033cd25617a5da0aeb06,1,0,0.0,1,1,1.0,1,0,0,0,0,0.0,0,2025-11-05 20:57:47.805,2025-11-05 20:57:47.805,1.0,-1.0,0.0071,0.0,0,0.0,0.0,1
b6246e9c1b3b71d7d1f9e17d975338b55316b27b4caef1159a6997002da95c2f,1,1,1.0,1,1,1.0,1,0,1,0,0,0.0,0,2025-11-05 13:22:09.150,2025-11-05 13:22:09.150,1.0,0.0,0.0071,0.0,0,0.0,0.0,1
4e8a22aa7de9806f95c0e5a94f14243354925f8e7859ff21a62d2303b1fa8b26,2,0,0.0,2,2,1.0,1,0,0,0,0,0.0,0,2025-11-05 15:01:44.165,2025-11-06 10:08:59.180,1.0,-1.0,0.0071,0.0,0,0.0,0.0,1
b798ce44a031314a916a134c3bb2b1e5a2b6472a3deef1cbd6e7718f11adf5fb,1,1,1.0,1,1,1.0,1,0,1,0,0,0.0,0,2025-11-05 14:39:12.998,2025-11-05 14:39:12.998,1.0,0.0,0.0071,0.0,0,0.0,0.0,1
1bf996a87ddac30c82133a6e74cf7cb019ef6565a822ea7a9ba0303c0fbc1b3a,1,1,1.0,1,1,1.0,1,0,1,0,0,0.0,0,2025-11-05 16:32:37.822,2025-11-05 16:32:37.822,1.0,0.0,0.0071,0.0,0,0.0,0.0,1
3adafff45c93b9f5264afbe20fdcfb3f85ad0c9bbf9e2b97d2ed0e032e5bfce5,1,1,1.0,1,1,1.0,1,0,1,0,0,0.0,0,2025-11-05 06:18:13.363,2025-11-05 06:18:13.363,1.0,0.0,0.0071,0.0,0,0.0,0.0,1
0b95489f2afebc3cd825c1975bed1953f1c43e639801982953a200835014daf3,526,158,0.3004,3,3,175.33,15,0,1,0,1,0.0,0,2025-11-05 01:42:21.752,2025-11-29 23:46:08.939,24.92,2868.24,0.1064,0.2977,1,0.023914429488372094,1.0,0
a9635b1fc148a98bb27a47c959dfdc17c673dbe0bcee924f279e10aa71aa5125,22,7,0.3182,6,8,2.75,8,0,1,0,1,0.0,4,2025-11-05 20:31:01.506,2025-12-03 13:18:36.908,27.7,1060.75,0.0567,0.4545,0,0.0,0.0909,0
2764050425b8c49313462916d120ecec77d7cddf1f13cd8a3cf83a798f5e94fa,1,1,1.0,1,1,1.0,1,0,1,0,0,0.0,0,2025-11-05 17:24:48.509,2025-11-05 17:24:48.509,1.0,0.0,0.0071,0.0,0,0.0,0.0,1
976d912052bb965402bb110b491a18d861e0d301feceb59c0953d6b256bb66c5,178,79,0.4438,2,2,89.0,11,0,1,0,1,0.0,0,2025-11-05 18:13:28.110,2025-11-06 14:34:46.441,1.0,1204.2,0.078,0.0,1,0.018760663195876288,1.0,1
87d3b02e30826264bf4c7343c9f218475f131be7cf0da96cefe19f97400dcb61,1,1,1.0,1,1,1.0,1,0,1,0,0,0.0,0,2025-11-05 14:43:20.855,2025-11-05 14:43:20.855,1.0,0.0,0.0071,0.0,0,0.0,0.0,1
3dc42c76005f9a0b7f7a77b3b6ddb2802bd69359cbfcedcba73ff34c24f2e58d,218,98,0.4495,2,2,109.0,10,0,1,0,1,0.0,0,2025-11-05 11:57:17.110,2025-11-06 15:37:06.407,1.15,1642.1,0.0709,0.0,1,0.01918292025423729,1.0,1
14ddab7e86df70d25d94d8cf0661318b983b8a2efd22b89a8b78ffa75bfb155c,1,1,1.0,1,1,1.0,1,0,1,0,0,0.0,0,2025-11-05 18:06:16.582,2025-11-05 18:06:16.582,1.0,0.0,0.0071,0.0,0,0.0,0.0,1
49d7c6a59b92fa4dda3620d4a8475e25574cb703052ad3594debe0164fd83c37,1,1,1.0,1,1,1.0,1,0,1,0,0,0.0,0,2025-11-05 20:59:29.967,2025-11-05 20:59:29.967,1.0,0.0,0.0071,0.0,0,0.0,0.0,1
b221467efebf374ee28bd5453a16ef14d5d3efcc085ddfc6c3ee032257309f7e,1,1,1.0,1,1,1.0,1,0,1,0,0,0.0,0,2025-11-05 22:55:17.810,2025-11-05 22:55:17.810,1.0,0.0,0.0071,0.0,0,0.0,0.0,1
6f29324d0f99d844f3478c3cb3b2fc86ac7de1b78db98b09cb2ea8cc47c720fc,1,0,0.0,1,1,1.0,1,0,0,0,1,0.0,0,2025-11-05 01:40:49.098,2025-11-05 01:40:49.098,1.0,-1.0,0.0071,0.0,0,0.0,1.0,1
1f313a9ee8e5a371efa9d62233233a52dede71710c63e99e2f5664fa4bdac4d4,1,1,1.0,1,1,1.0,1,0,1,0,0,0.0,0,2025-11-05 06:42:57.171,2025-11-05 06:42:57.171,1.0,0.0,0.0071,0.0,0,0.0,0.0,1
1d1da2bf412b1b7993c4825efbf94ea910ab23311385c92d1bfe87cd7a1dc271,1,0,0.0,1,1,1.0,1,0,0,0,0,0.0,1,2025-11-05 10:26:50.455,2025-11-05 10:26:50.455,1.0,-1.0,0.0071,0.0,0,0.0,0.0,1
2bc021e4816d403ba3a4967c63d7c23f9d9c5c91bbe0753c14e62380db8e4a6e,1,0,0.0,1,1,1.0,1,0,0,0,1,0.0,0,2025-11-05 09:35:12.693,2025-11-05 09:35:12.693,1.0,-1.0,0.0071,0.0,0,0.0,1.0,1
0b6a16c31863399d3270f5bf0768d96767a37acdb46b5e292a23033cc7d15b7a,2,0,0.0,1,1,2.0,2,0,0,0,1,0.0,0,2025-11-06 05:01:29.664,2025-11-06 05:01:31.463,1.0,-1.0,0.0142,0.0,0,0.0,0.5,1
e940aac9b9d5643f0c04e1d835657e1be8fa76becb4012dbf5b97ff45dc59911,11,1,0.0909,1,1,11.0,8,0,1,0,1,0.0,1,2025-11-06 14:07:23.232,2025-11-06 14:11:41.412,1.0,4.3,0.0567,0.0,0,0.0,0.1818,1
22aa6ee1d8aa3ef8874ab0d1a5ed1ff29083c9c4c0e2499651fd07e44a73fc35,296,123,0.4155,1,2,148.0,23,0,1,0,1,0.0,1,2025-11-06 11:23:12.225,2025-11-06 15:39:19.503,1.0,209.56,0.1631,0.0,1,0.026607713860759493,0.9392,1
de5cb6f43b84d5bc0f634a55f5bb8585446267d3e18c33a86a52d6ca8166ac5c,229,101,0.441,1,2,114.5,17,0,1,0,1,0.0,1,2025-11-06 11:22:11.297,2025-11-06 15:59:12.986,1.0,169.64,0.1206,0.0,1,0.013538852457627119,0.9476,1
f1226d501378fdea267a028e72a40affb87b0af5244e819e2da507a1847d4cc4,273,94,0.3443,1,1,273.0,18,0,1,0,1,0.0,1,2025-11-06 14:17:36.469,2025-11-06 14:39:23.048,1.0,5.49,0.1277,0.0,1,0.01629932155737705,0.9597,1
e332ac1f61c5f636054867ae3f77344e92f0284ca68a619df5c9bd9cd380935e,36,3,0.0833,1,2,18.0,18,1,1,0,1,0.0,3,2025-11-06 14:08:06.122,2025-11-06 15:40:02.811,1.0,66.55,0.1277,0.0,0,0.0025282833333333337,0.1389,1
8957a2a3caf102a660bef4dd11f4e09a1d7944afa6efc470acc47f87866df098,10,2,0.2,1,1,10.0,10,1,1,0,0,0.0,1,2025-11-06 20:20:36.448,2025-11-06 20:23:18.305,1.0,1.07,0.0709,0.0,0,0.0,0.0,1
9fa09ca0c4af5097e3099a193ede453a700c41feeb0f5cce20a43fb107af1c01,9,0,0.0,3,4,2.25,6,0,0,0,1,0.0,0,2025-11-06 13:29:16.137,2025-11-13 15:27:43.342,7.08,-1.0,0.0426,0.5714,0,0.0,0.3333,1
74bfffa3ae96a6d9ff939b0fabd964672afcc8a5605f880f54090ea8843864de,11,0,0.0,1,2,5.5,6,0,0,0,1,0.0,0,2025-11-06 13:52:23.783,2025-11-06 16:15:01.398,1.0,-1.0,0.0426,0.0,0,0.0,0.1818,1
2b2b8af8cda1b88d0573f120b25aacee65af8d785c28321fa40eb4be8f343b18,681,224,0.3289,2,4,170.25,25,0,1,0,1,0.0,1,2025-11-06 01:19:21.353,2025-11-07 18:36:34.487,1.72,3.13,0.1773,0.0,1,0.03227573353174603,0.9824,1
3a4193bc99c1fe068b3f2f580293a02c6fab6edf1358447b0d50fdc134e4f2d9,1,1,1.0,1,1,1.0,1,0,1,0,0,0.0,0,2025-11-06 11:26:42.394,2025-11-06 11:26:42.394,1.0,0.0,0.0071,0.0,0,0.0,0.0,1
8abc7e48791e00cf8000b7a20e494d5937f157934274b2cbfaa94b3ec035e2e3,117,51,0.4359,1,2,58.5,14,0,1,0,1,0.0,0,2025-11-06 13:11:57.853,2025-11-06 14:19:04.031,1.0,60.38,0.0993,0.0,1,0.019615185535714286,0.9658,1
07fa53afdd50a1b2ba5bf4196d8793df6a5cc0777a5f2482e37577ce0c02845a,3445,1009,0.2929,10,20,172.25,39,0,1,0,1,34.2271,4,2025-11-06 14:09:41.827,2025-12-08 23:59:57.379,32.41,62.38,0.2766,-3.7875,1,0.030523546818923327,0.9672,0
6c99705e42490258f9c5e6bd10bca517f135edfc856ec68bbe8ff7f0e2e6b238,175,73,0.4171,1,1,175.0,21,0,1,0,1,0.0,1,2025-11-06 14:08:29.953,2025-11-06 14:55:12.542,1.0,13.13,0.1489,0.0,1,0.013351103186813188,0.92,1
24d8de7be4e6e8e4d3dbb30cdd0cabb5b889382b67f7ebd8a0831467931aa4bb,4,0,0.0,1,1,4.0,4,0,0,0,1,0.0,0,2025-11-06 14:06:39.907,2025-11-06 14:07:48.952,1.0,-1.0,0.0284,0.0,0,0.0,0.5,1
c295439d5c29dcf7faa2ad788f0fc38ccc5ab5f334d5a226583c4ed75d38a00b,4,0,0.0,1,1,4.0,4,0,0,0,1,0.0,0,2025-11-06 16:24:22.935,2025-11-06 16:27:21.489,1.0,-1.0,0.0284,0.0,0,0.0,0.5,1
7a7df76a66cac60d298d8cbd9294a52f21ace93e055295167b9d27e88378a213,11,2,0.1818,1,3,3.67,7,0,1,0,1,0.0,1,2025-11-06 12:45:38.336,2025-11-06 16:25:56.918,1.0,90.98,0.0496,0.0,0,0.0,0.0909,1
82fdb20ce3a1d00c183c06c251136e9edafe73214d9b834ee4bb93a77d17234f,15,1,0.0667,1,1,15.0,9,0,1,0,1,0.0,1,2025-11-06 14:10:44.372,2025-11-06 14:16:09.141,1.0,4.06,0.0638,0.0,0,0.003533333333333333,0.3333,1
cbede454d3fb2e8d7e7b7a6dc213cdb82557419f68d80caff3f5f12c29330240,564,200,0.3546,2,3,188.0,23,0,1,0,1,0.0,1,2025-11-06 15:09:56.496,2025-11-07 11:38:34.384,1.0,3.1,0.1631,0.0,1,0.028390502125603866,0.9787,1
4c75769b2b88d10ef8fdfd1951270e545a8b27366cb489a86a83b1e84c6cc6be,813,301,0.3702,3,5,162.6,31,0,1,0,1,2.09400078,6,2025-11-06 11:24:02.954,2025-11-18 09:35:47.912,11.92,168.59,0.2199,0.1181,1,0.020026413444444443,0.9176,1
f1f97d1ec63f6c845af600260dd3691d672f7acaa87504734306264424d214bf,487,205,0.4209,2,2,243.5,21,0,1,0,1,0.0,1,2025-11-06 14:14:31.461,2025-11-14 07:50:39.950,7.73,44.98,0.1489,0.9938,1,0.023539391984126985,0.9384,1
031bb159574967f5f8570b91dc6a6b9bd48d574d9da018aae7b5f85be04a0d4b,528,168,0.3182,1,2,264.0,25,0,1,0,1,0.0,1,2025-11-06 13:53:17.019,2025-11-06 15:43:06.616,1.0,73.02,0.1773,0.0,1,0.02610305403846154,0.9792,1
41d312a8450bc2d8efb971b9bb28adc5333d2d56e4faa5b4c5d171149ffbdf3f,183,80,0.4372,1,1,183.0,10,0,1,0,1,0.0,0,2025-11-06 14:07:07.797,2025-11-06 17:27:14.022,1.0,6.0,0.0709,0.0,1,0.01975999323529412,1.0,1
7188841d3ffc3279fd0b46b6c1ffc0e7c92bef45a829e930162106c9f06c2d35,22,5,0.2273,1,2,11.0,11,0,1,0,1,0.0,1,2025-11-06 13:42:26.592,2025-11-06 15:05:32.267,1.0,75.27,0.078,0.0,0,0.0113,0.6364,1
e5cacf6d6e53a3ee836f9775c816f5e8229aa535b6088baaa4e1fcd439d00405,30,2,0.0667,1,2,15.0,21,1,1,0,1,0.0,1,2025-11-06 14:56:46.678,2025-11-06 16:23:40.968,1.0,5.23,0.1489,0.0,0,0.0016975616666666665,0.2333,1
91eb88db0cc0d40bb07753d80ca157c82bc1f0b32f541866c00a0924944a1e6f,8,0,0.0,1,1,8.0,5,0,0,0,1,0.0,0,2025-11-06 04:22:32.728,2025-11-06 14:06:50.363,1.0,-1.0,0.0355,0.0,0,0.0,0.25,1
016465b4cff5591cc420809012d92e56d811907ad002672c0943382728e5f53a,12,2,0.1667,2,3,4.0,10,0,1,0,1,0.0,1,2025-11-06 14:10:53.836,2025-11-18 20:29:59.810,12.26,44.92,0.0709,0.8,0,0.00021671,0.1667,1
523396e1ca3ab3b79ba91171b558760d68f9fbc147f89bd79967b3d0906a422e,10,0,0.0,2,3,3.33,5,0,0,0,1,0.0,0,2025-11-06 11:16:09.460,2025-11-17 14:22:05.689,11.13,-1.0,0.0355,0.8889,0,0.0,0.1,1
0fa9866436e0544c2ad0907dfbf240c47dbce8b8692b782463e3d850dad42507,5,0,0.0,1,2,2.5,5,0,0,0,1,0.0,0,2025-11-06 11:54:29.245,2025-11-06 14:06:08.698,1.0,-1.0,0.0355,0.0,0,0.0,0.4,1
7f7335d50c7c5530c7eabbd60c8c6dd536e046bac56254c64fb1cda880cc9c35,6,0,0.0,1,1,6.0,5,0,0,0,1,0.0,0,2025-11-06 14:01:21.848,2025-11-06 14:06:43.591,1.0,-1.0,0.0355,0.0,0,0.0,0.3333,1
32e2f91e496850151937334ce5b4227382b7c97215507adeccbd765830a0bbbd,14,4,0.2857,1,2,7.0,9,0,1,0,1,0.0,2,2025-11-06 10:53:04.420,2025-11-06 11:02:03.468,1.0,1.71,0.0638,0.0,0,0.0052,0.3571,1
b1b46197bff2279f51130a1d98a5b8be8ced3b7abead7c11b768397e4ffde78a,6,0,0.0,1,1,6.0,6,0,0,0,1,0.0,0,2025-11-06 08:41:58.759,2025-11-06 08:44:06.257,1.0,-1.0,0.0426,0.0,0,0.0,0.1667,1
4794a94afe070fda92c37ec9b4b321397e84e983ffe3df85776f737e31733fdd,11,0,0.0,1,3,3.67,5,0,0,0,1,0.0,0,2025-11-06 11:14:46.437,2025-11-06 14:06:16.369,1.0,-1.0,0.0355,0.0,0,0.0,0.0909,1
d3a2d41e8a90017c1c9ca917d7a2303fe6181f1905aaa7ec5611e0eb09cde50a,15,0,0.0,1,2,7.5,5,0,0,0,1,0.0,0,2025-11-06 11:16:52.231,2025-11-06 11:26:57.963,1.0,-1.0,0.0355,0.0,0,0.0,0.0667,1
b676da9bd10192e42b56c9099e1abcf026837acb77cc5635735d7293c38dd216,499,219,0.4389,2,8,62.38,19,0,1,0,1,0.0,3,2025-11-06 13:59:54.935,2025-11-15 15:17:30.251,9.05,196.91,0.1348,0.9919,1,0.02434899712121212,0.9579,1
222c4efad01e91a95abdca1369aed5b5a5f071eae3adea9882913faacb1d0b8b,574,250,0.4355,1,2,287.0,29,0,1,0,1,0.0,4,2025-11-06 14:07:36.410,2025-11-06 15:40:24.801,1.0,4.15,0.2057,0.0,1,0.016361651622516557,0.953,1
869e86b87af305ff0ca2ca55426695eb448f242f2dcb1ce9c9268909f3011393,483,207,0.4286,1,2,241.5,26,0,1,0,1,0.0,1,2025-11-06 13:16:59.583,2025-11-06 15:49:13.471,1.0,94.94,0.1844,0.0,1,0.025742735481171546,0.9089,1
9f928b243eacbbcb5bcc88312d6ce9592101fbce34f93a68f6aa56d6f6a1994d,277,120,0.4332,4,5,55.4,17,0,1,0,1,0.0,0,2025-11-06 14:59:45.143,2025-11-25 12:14:55.085,18.89,8.54,0.1206,0.9963,1,0.06923311323943662,0.9531,0
c89c1d6beacbb3b3d1616e26a8576eaadff9b1b62a1b5fb6ef169a5ff4975a4c,1,1,1.0,1,1,1.0,1,0,1,0,0,0.0,0,2025-11-06 10:02:20.466,2025-11-06 10:02:20.466,1.0,0.0,0.0071,0.0,0,0.0,0.0,1
c049adbb832b7917c299566c828e9e9832b8e1c03408bda62e18dde165af92ed,7,0,0.0,1,2,3.5,5,0,0,0,1,0.0,0,2025-11-06 09:11:41.713,2025-11-06 14:09:51.596,1.0,-1.0,0.0355,0.0,0,0.0,0.2857,1
0157e4d8696aa5a190142fc640036697612cdb44ca7a97442de4d47f533cdab7,6,0,0.0,1,1,6.0,5,0,0,0,1,0.0,0,2025-11-06 14:06:23.483,2025-11-06 14:06:45.477,1.0,-1.0,0.0355,0.0,0,0.0,0.3333,1
fd3f853e25f6df2421c2e0791202aa11e1558b6931fba77d3ce39073c4ea34f2,1876,504,0.2687,10,20,93.8,36,0,1,0,1,16.5988,4,2025-11-06 14:14:14.833,2025-12-03 15:25:34.629,27.05,18601.51,0.2553,-147.8,1,0.030868452442857144,0.9184,0
70a767c4c31b1c35f6cebbffcd85bc337147e7c658b1594c7b611cd2852835f1,6,0,0.0,1,1,6.0,5,0,0,0,1,0.0,0,2025-11-06 14:20:02.948,2025-11-06 14:21:06.065,1.0,-1.0,0.0355,0.0,0,0.0,0.3333,1
06a7e952cd0cc03ccf2b5478e673a67e5cc1acf72c238126022b7072a3ca672e,6,0,0.0,2,2,3.0,5,0,0,0,1,0.0,0,2025-11-06 13:19:03.363,2025-11-12 17:04:46.378,6.16,-1.0,0.0355,0.0,0,0.0,0.3333,1
78c3f0533899646acb96496fbc647a62e0cd67a9ba7a863ac5cbb3bc64a2d27e,5,0,0.0,2,3,1.67,3,0,0,0,1,0.0,0,2025-11-06 11:40:24.600,2025-11-10 13:24:05.707,4.07,-1.0,0.0213,0.0,0,0.0,0.2,1
e1e29a6552ef828c0fb467917fec889e34830b4367ebb8c0411f2e2f0821558e,1,0,0.0,1,1,1.0,1,0,0,0,1,0.0,0,2025-11-06 09:28:22.693,2025-11-06 09:28:22.693,1.0,-1.0,0.0071,0.0,0,0.0,1.0,1
264fbea9a40beaf8e6e47a91d3c66be60ad9cb025186de508bf6b84d641e3a61,1,1,1.0,1,1,1.0,1,0,1,0,0,0.0,0,2025-11-06 11:20:05.497,2025-11-06 11:20:05.497,1.0,0.0,0.0071,0.0,0,0.0,0.0,1
46da52d9c6e54a5b2a8254706b03d2e963c4f17701ccb9ae3baee142b4cea520,2,0,0.0,1,1,2.0,2,0,0,0,1,0.0,0,2025-11-06 14:11:26.539,2025-11-06 14:12:18.899,1.0,-1.0,0.0142,0.0,0,0.0,1.0,1
739cae1ff55abe106e1a20c58d0d0f7b8693c634843ae2006d797c667fbf1504,2,0,0.0,1,1,2.0,2,0,0,0,1,0.0,0,2025-11-06 11:41:28.459,2025-11-06 14:06:26.347,1.0,-1.0,0.0142,0.0,0,0.0,1.0,1
b45dbb7e8f8ff62ef824dbf122a33f1445f6f37e594d349c01f9a7c308499859,9,0,0.0,1,2,4.5,5,0,0,0,1,0.0,0,2025-11-06 11:41:23.191,2025-11-06 14:02:45.102,1.0,-1.0,0.0355,0.0,0,0.0,0.1111,1
73349de74d520a8137bff3bd49347b22c15d82d9bbc499ed3a364809fae164c1,8,1,0.125,1,1,8.0,8,0,1,0,1,0.0,1,2025-11-06 14:09:17.048,2025-11-06 14:28:17.437,1.0,19.01,0.0567,0.0,0,0.0,0.25,1
8b4b7b0815f4693a6f9797494f18bf94da76fdc37dc813c4af4054328b447174,1,1,1.0,1,1,1.0,1,0,1,0,0,0.0,0,2025-11-06 16:28:00.942,2025-11-06 16:28:00.942,1.0,0.0,0.0071,0.0,0,0.0,0.0,1
30971a438b77514aa6ad495f0764d1ce06c9c49f0daae0cb7a1d4cf58d1fa19d,8,2,0.25,2,2,4.0,6,0,1,0,1,0.0,2,2025-11-06 14:06:10.345,2025-11-07 18:35:59.375,1.19,1708.17,0.0426,0.0,0,0.0,0.25,1
4cac25266b5d7ef5d6a932baa8b24fbd3aa20866ee3d184aeb5cea91fc1d1f37,14,1,0.0714,1,1,14.0,9,0,1,0,1,0.0,1,2025-11-06 14:06:04.687,2025-11-06 14:20:40.966,1.0,5.92,0.0638,0.0,0,0.00575,0.2857,1
ce8f5cfbc51f7b001207a07218e0dec5a13bbb8461224cecd5cee16c3fcd42e9,3,0,0.0,1,1,3.0,3,0,0,0,1,0.0,0,2025-11-06 13:14:14.387,2025-11-06 13:18:27.055,1.0,-1.0,0.0213,0.0,0,0.0,0.3333,1
beaa46cfdf7e7fbcc7027fb03ae513572db7fbaa29350bb65b7cf6602ef5d28e,618,271,0.4385,1,4,154.5,28,0,1,0,1,0.0,2,2025-11-06 12:52:19.162,2025-11-06 22:12:50.082,1.0,79.48,0.1986,0.0,1,0.027373444383116882,0.9223,1
43791019749be6bdcea4289b5c07551d3569281ff8ed6a8f715063b935e49b3d,10,2,0.2,1,1,10.0,7,0,1,0,1,0.0,1,2025-11-06 21:24:34.029,2025-11-06 21:37:03.902,1.0,3.02,0.0496,0.0,0,0.0071,0.5,1
a5f4e25d9c1099b357afae30d5864b3fe6f3d3f46f35d855b7534f8f2cd9c3db,2,2,1.0,1,1,2.0,1,0,1,0,0,0.0,0,2025-11-06 21:00:15.202,2025-11-06 21:00:16.997,1.0,0.0,0.0071,0.0,0,0.0,0.0,1
c2610c72b6a76f42868d169a9b8a5f45584fe3cc152a2cad5972385b33c9da4a,1,1,1.0,1,1,1.0,1,0,1,0,0,0.0,0,2025-11-06 20:49:01.655,2025-11-06 20:49:01.655,1.0,0.0,0.0071,0.0,0,0.0,0.0,1
e76570d1c04fe4b4cb1a8d06605dd6433392da146409b0c82ffc7ca558a6ab6d,2,2,1.0,1,1,2.0,1,0,1,0,0,0.0,0,2025-11-06 08:40:05.697,2025-11-06 08:40:07.468,1.0,0.0,0.0071,0.0,0,0.0,0.0,1
a12b620e0ede95acae734a30878a9466071730ad20a7932f1b3e2e37c3d6eda7,5,1,0.2,1,2,2.5,4,0,1,0,1,0.0,1,2025-11-06 14:35:55.438,2025-11-06 15:30:29.072,1.0,54.56,0.0284,0.0,0,0.0,0.2,1
92c0881f617231be5777068179d3b36e7aa92a58f3f76aec50497c810279f97a,6,0,0.0,1,1,6.0,5,0,0,0,1,0.0,0,2025-11-06 13:55:15.243,2025-11-06 14:06:38.190,1.0,-1.0,0.0355,0.0,0,0.0,0.3333,1
a9c393b32cc6a1cd47daa7849fe11c4ccb8c4c1f8842095d0eb1c4f7eced8069,1,0,0.0,1,1,1.0,1,0,0,0,1,0.0,0,2025-11-06 09:56:06.142,2025-11-06 09:56:06.142,1.0,-1.0,0.0071,0.0,0,0.0,1.0,1
03227989672c9424cc7b30f448775fc73e82c45d12f9daeafba8a8b4643efe8b,1,0,0.0,1,1,1.0,1,0,0,0,1,0.0,0,2025-11-06 01:18:20.752,2025-11-06 01:18:20.752,1.0,-1.0,0.0071,0.0,0,0.0,1.0,1
e4c6b48bdf7e9b07aeedfac849dd2f35f1a6e031e329b57731b5868f4843c29e,4,0,0.0,1,1,4.0,4,0,0,0,1,0.0,0,2025-11-06 14:09:02.487,2025-11-06 14:09:33.320,1.0,-1.0,0.0284,0.0,0,0.0,0.5,1
fc404d290a1b86debbd5e2bb19b07622768f3376a94c672ffe62cc04a80b19d5,6,0,0.0,1,2,3.0,5,0,0,0,1,0.0,0,2025-11-06 09:46:45.515,2025-11-06 14:06:24.483,1.0,-1.0,0.0355,0.0,0,0.0,0.3333,1
4fc9951c0aa6e50e24b2e346c3adb61d755b91b7389993fdcaa0180a4aa12df7,4,0,0.0,1,2,2.0,4,0,0,0,1,0.0,0,2025-11-06 08:07:38.824,2025-11-06 14:20:48.181,1.0,-1.0,0.0284,0.0,0,0.0,0.25,1
7cbbd019b37f05b384a1d1a26ef4aab5c5529e7387806f96275b6513d3618cc0,2,1,0.5,1,1,2.0,2,0,1,0,0,0.0,1,2025-11-06 10:51:17.928,2025-11-06 10:51:36.115,1.0,0.0,0.0142,0.0,0,0.0,0.0,1
642cfd41bbd2d685a265a07a583dd435784f16d4d6442f5a9ca24fcb83c43dba,2,0,0.0,1,1,2.0,2,0,0,0,1,0.0,0,2025-11-06 14:13:09.211,2025-11-06 14:13:10.721,1.0,-1.0,0.0142,0.0,0,0.0,0.5,1
7e966b5d6458380ba82aca381182d4b88aeede6652e8016f424d4890bf77be61,4,0,0.0,1,1,4.0,4,0,0,0,1,0.0,0,2025-11-06 17:09:07.521,2025-11-06 17:10:54.563,1.0,-1.0,0.0284,0.0,0,0.0,0.25,1
e54289b4b46db55e5e7fd099ce2c74242cf5204cec74c69ced9250cd9766cb4f,1,1,1.0,1,1,1.0,1,0,1,0,0,0.0,0,2025-11-06 02:42:29.003,2025-11-06 02:42:29.003,1.0,0.0,0.0071,0.0,0,0.0,0.0,1
b0d9c5deda05ac92cf14f271c73c0faab8ddd583ea5c6e2bfc073e9b6429d823,1,1,1.0,1,1,1.0,1,0,1,0,0,0.0,0,2025-11-06 11:46:21.576,2025-11-06 11:46:21.576,1.0,0.0,0.0071,0.0,0,0.0,0.0,1
008a7cb2dd31f779c25a5ee9dd1c79758ec32d0181bc79194a13584f76ee3122,1,1,1.0,1,1,1.0,1,0,1,0,0,0.0,0,2025-11-06 14:58:23.848,2025-11-06 14:58:23.848,1.0,0.0,0.0071,0.0,0,0.0,0.0,1
6b30f5a7033fbf979be1cd192e7317fdeae4b69a1f216ab4e4094096b3d1d7ce,4,0,0.0,1,1,4.0,2,0,0,0,1,0.0,0,2025-11-06 13:22:07.460,2025-11-06 14:23:00.296,1.0,-1.0,0.0142,0.0,0,0.0020226266666666663,1.0,1
30735db0918d0372eaf2022ec988d4029223edb817aaf7791c4a7551c1dd6e53,3,0,0.0,1,1,3.0,3,0,0,0,1,0.0,0,2025-11-06 08:52:20.724,2025-11-06 08:54:01.661,1.0,-1.0,0.0213,0.0,0,0.0,0.3333,1
05eb0ce37827fcf88e379c59049a28e702b3162bc37d7366f014cb4b9d5eec4f,4,0,0.0,2,2,2.0,4,0,0,0,1,0.0,0,2025-11-06 15:34:58.284,2025-11-08 17:30:52.222,2.08,-1.0,0.0284,0.0,0,0.0,0.25,1
1fbc64a61a557b1a887fae744b70274d709098138eb9cd0b57d91958c00314f8,4,0,0.0,1,1,4.0,4,0,0,0,1,0.0,0,2025-11-06 15:11:47.196,2025-11-06 15:13:07.749,1.0,-1.0,0.0284,0.0,0,0.0,0.5,1
f2a8ad4acbf71618c8ce2ea7bf6fd9c8fbd82307271c52bc96ad36aa1462f639,2,2,1.0,1,1,2.0,1,0,1,0,0,0.0,0,2025-11-06 22:47:38.866,2025-11-06 22:47:41.270,1.0,0.0,0.0071,0.0,0,0.0,0.0,1
b1832f30f66cd2f25d1a3c31fbe480be239c75bfd138ebc716d9ed4895e7dac9,1,0,0.0,1,1,1.0,1,0,0,0,0,0.0,0,2025-11-06 14:01:44.174,2025-11-06 14:01:44.174,1.0,-1.0,0.0071,0.0,0,0.0,0.0,1
b885b7c261fc26d4e66820fe698235e3387836273a3f4d76feaa015ddcd0d165,2,2,1.0,1,1,2.0,1,0,1,0,0,0.0,0,2025-11-06 16:30:59.780,2025-11-06 16:31:01.086,1.0,0.0,0.0071,0.0,0,0.0,0.0,1
357606107d776754f80fce6c78a4ab9885f37fd1b698212066ab95928aa2de50,2,0,0.0,1,1,2.0,2,0,0,0,1,0.0,0,2025-11-06 12:58:04.554,2025-11-06 12:58:06.048,1.0,-1.0,0.0142,0.0,0,0.0,0.5,1
8d26ee08a278331357b1f5d77e6f6bb38e1ce6e623551e181685ba7c99cef0da,1,0,0.0,1,1,1.0,1,0,0,0,1,0.0,0,2025-11-06 12:23:35.019,2025-11-06 12:23:35.019,1.0,-1.0,0.0071,0.0,0,0.0,1.0,1
cd8719a300f7cabdee8b75987472faf9970164377b3add39b629c53863d40c9c,3,0,0.0,1,1,3.0,3,0,0,0,1,0.0,0,2025-11-06 12:22:22.412,2025-11-06 12:23:47.748,1.0,-1.0,0.0213,0.0,0,0.0,0.3333,1
90aba63f05c9d5a1213aa5e27d657ea6fd02e71c2f937e7c887ea12e6b7a6896,1,1,1.0,1,1,1.0,1,0,1,0,0,0.0,0,2025-11-06 04:15:29.861,2025-11-06 04:15:29.861,1.0,0.0,0.0071,0.0,0,0.0,0.0,1
caf8dca141cc756be22f16e96ab73282e950639b6a17a38f04d80d9135e48753,2,2,1.0,1,1,2.0,1,0,1,0,0,0.0,0,2025-11-06 22:23:59.441,2025-11-06 22:24:01.066,1.0,0.0,0.0071,0.0,0,0.0,0.0,1
cdef93a35bfa445ee729e49c406ce77fa2664979e719cd433987abbddad45f4b,1,0,0.0,1,1,1.0,1,0,0,0,0,0.0,1,2025-11-06 10:02:44.314,2025-11-06 10:02:44.314,1.0,-1.0,0.0071,0.0,0,0.0,0.0,1
0d2ad9246eacad6db33c7607bdf064b7fa7411b5d9670ac06dcaec5baa5a8613,1,1,1.0,1,1,1.0,1,0,1,0,0,0.0,1,2025-11-06 07:38:42.584,2025-11-06 07:38:42.584,1.0,0.0,0.0071,0.0,0,0.0,0.0,1
462d9073a76cc3bb9025290058ee7f7139d3dfa61836c5008678bfcb398afe42,1,1,1.0,1,1,1.0,1,0,1,0,0,0.0,0,2025-11-06 09:42:48.405,2025-11-06 09:42:48.405,1.0,0.0,0.0071,0.0,0,0.0,0.0,1
88b9c051eb2ccc6520e638dd029c6c27b8b0e758d7611651a2dba54d0e33b8a2,2,2,1.0,1,1,2.0,1,0,1,0,0,0.0,0,2025-11-06 05:58:28.756,2025-11-06 06:01:20.685,1.0,0.0,0.0071,0.0,0,0.0,0.0,1
4dc9db1e1e484d404f5a006abfe5539dc4774e43f9c8eb481a9a7ae8acf09b34,1,1,1.0,1,1,1.0,1,0,1,0,0,0.0,0,2025-11-06 04:59:21.781,2025-11-06 04:59:21.781,1.0,0.0,0.0071,0.0,0,0.0,0.0,1
6ba007f9a5a0fe7e6ff3c79dadbc1511fe7b698babf45bffc104f82dad36a35d,1,1,1.0,1,1,1.0,1,0,1,0,0,0.0,0,2025-11-06 19:10:35.176,2025-11-06 19:10:35.176,1.0,0.0,0.0071,0.0,0,0.0,0.0,1
d1e5e50848acf4c17f94461cc2861c3fc6f733e22366922427ee9b4bc7791687,1,1,1.0,1,1,1.0,1,0,1,0,0,0.0,0,2025-11-06 16:25:09.548,2025-11-06 16:25:09.548,1.0,0.0,0.0071,0.0,0,0.0,0.0,1
4d82e5331c368247c3958fd690283b0cb06200462ad323c66fc116afeae479b9,86,0,0.0,6,6,14.33,3,0,0,0,1,0.0,0,2025-11-06 12:34:01.594,2025-11-25 09:38:52.608,18.88,-1.0,0.0213,-15.2,0,0.015221831538461537,1.0,0
30b871c54bdce1f43c33f4070441f0ee67748be49d9c0478c39a8a47d9a76608,454,205,0.4515,2,5,90.8,24,0,1,0,1,0.0,1,2025-11-06 00:12:35.862,2025-11-11 19:55:01.050,5.82,893.95,0.1702,0.0,1,0.028181348355555556,0.9449,1
21073af0d7fda9b7a75ead46287765d61dda258a1b0cc6280266745b70168644,554,162,0.2924,3,5,110.8,34,0,1,0,1,0.0,1,2025-11-06 13:18:49.891,2025-11-14 10:29:11.583,7.88,54.9,0.2411,0.9964,1,0.016198065268292684,0.9152,1
26419f4d49f8664d2f11a8df7a89fb7dbf4928c4feba244377fd2515a0f3c581,158,62,0.3924,1,1,158.0,22,0,1,0,1,0.0,1,2025-11-06 13:52:17.316,2025-11-06 14:52:58.254,1.0,35.28,0.156,0.0,1,0.015044376933333332,0.8608,1
4cc8000491b0fe80e876152add6922725fd3c8f1afa86b098e523c329edde9ac,2338,917,0.3922,2,2,1169.0,16,0,1,0,1,0.0,0,2025-11-06 04:16:53.552,2025-11-07 06:16:03.205,1.08,6.82,0.1135,0.0,1,0.03493439496883348,1.0,1
cd122e4845ad101c1ec0fb9f4fb546123ce04ee2a6b75e881133209a575d77e4,1204,410,0.3405,4,5,240.8,35,0,1,0,1,4.22166788,7,2025-11-06 09:15:19.885,2025-11-17 14:24:28.078,11.21,298.36,0.2482,0.0518,1,0.01929400114754098,0.8895,1
d373dad260e4d39163d4da98e462e9086a4dc37e2b9c3fa899d4b5682fd5382c,197,78,0.3959,2,2,98.5,20,0,1,0,1,0.0,1,2025-11-06 13:58:04.695,2025-11-07 11:06:24.913,1.0,13.79,0.1418,0.0,1,0.013182140412371134,0.8832,1
51b3b47453456e94f37d8099dfdf830aa9288fa5817250f55de3986a471d24a3,249,83,0.3333,1,1,249.0,19,0,1,0,1,0.0,1,2025-11-06 07:19:41.768,2025-11-06 07:36:50.251,1.0,0.31,0.1348,0.0,1,0.01857655444444444,0.9558,1
ce5a1efe252ad6b56a10b2a55f9029922029b2541c9498e4b1eec775b5575c58,390,174,0.4462,1,2,195.0,21,0,1,0,1,0.0,2,2025-11-06 14:07:28.747,2025-11-06 15:09:04.146,1.0,4.77,0.1489,0.0,1,0.01578407305825243,0.9692,1
d945a9bcdeac548415b844f815826137878b997722413e089490a057c15d2afa,98,37,0.3776,1,1,98.0,19,0,1,0,1,0.0,1,2025-11-06 14:18:13.591,2025-11-06 15:44:39.050,1.0,1.39,0.1348,0.0,1,0.01576522304347826,0.8469,1
d2f393b0604a1e7f79e61a164fc47ddcee3f9bca1be0aabcc6842d76b5363294,168,71,0.4226,1,2,84.0,18,0,1,0,1,0.0,1,2025-11-06 15:37:14.429,2025-11-06 17:03:50.816,1.0,42.03,0.1277,0.0,1,0.012905696341463414,0.9286,1
262edad27973556c4aeef4185470e457c18b2abb796f266d3f318ccd2d19ec63,184,74,0.4022,1,1,184.0,20,0,1,0,1,0.0,2,2025-11-06 13:45:12.135,2025-11-06 15:04:37.783,1.0,1.65,0.1418,0.0,1,0.02239811590909091,0.8804,1
4a8cfec46d6e03cd3fdcf25c36df3716285a8082b38a00750d28852142c7641b,307,134,0.4365,1,4,76.75,23,0,1,0,1,0.0,1,2025-11-06 14:10:20.786,2025-11-06 15:54:47.310,1.0,2.57,0.1631,0.0,1,0.01505267098159509,0.9544,1
900f55dd67974465a26e6b368fe59e461b6934f5f3b49e72127d57a6a744944c,25,6,0.24,1,1,25.0,9,0,1,0,1,0.0,1,2025-11-06 14:10:20.434,2025-11-06 15:06:00.283,1.0,47.57,0.0638,0.0,0,0.01074,0.48,1
c08a96d5175de306b2ca943a52390a841b6cd22a5a5f17d944ef3046c3f34b29,173,71,0.4104,1,2,86.5,19,0,1,0,1,0.0,1,2025-11-06 13:12:41.823,2025-11-06 14:20:53.466,1.0,60.05,0.1348,0.0,1,0.016101296813186814,0.9422,1
168419253dae20748ec459d6d5c6717e63673517e56015852135445064e667f9,479,165,0.3445,1,1,479.0,15,0,1,0,1,0.0,0,2025-11-06 09:42:21.756,2025-11-06 15:41:44.741,1.0,330.53,0.1064,0.0,1,0.0362626731147541,1.0,1
de396d6397bc3721d3277e4b533074bc6e526874659da9fcc3a75231970a0c59,669,218,0.3259,1,1,669.0,15,0,1,0,1,0.0,0,2025-11-06 17:04:14.738,2025-11-06 17:28:00.187,1.0,0.56,0.1064,0.0,1,0.023519078287937745,1.0,1
4b8cac52f3d3cf8f5155fc2ab4799aa1f0158301092feead9955111469f381aa,444,144,0.3243,1,1,444.0,16,0,1,0,1,0.0,0,2025-11-06 12:25:16.823,2025-11-06 15:38:29.511,1.0,163.84,0.1135,0.0,1,0.042989507834394904,1.0,1
b3b98a953109a2c3e04bd6f8bcbb5464864d6b998a0b807e0dd9b81c9d9619d3,176,80,0.4545,1,2,88.0,19,0,1,0,1,0.0,1,2025-11-06 13:18:57.671,2025-11-06 14:33:31.288,1.0,53.21,0.1348,0.0,1,0.016417457727272728,0.9602,1
d206536cc008bf6573658567d33b073244ae565621d8c6c101dc6371d7e03c71,245,106,0.4327,1,2,122.5,16,0,1,0,1,0.0,0,2025-11-06 13:31:28.749,2025-11-06 15:23:20.284,1.0,97.3,0.1135,0.0,1,0.021578983692307693,0.9714,1
379b7828b53a110dd4f6785cb2a2c1e290b3f9babe6eda075c4c537ef84d08ae,238,80,0.3361,1,1,238.0,16,0,1,0,1,0.0,1,2025-11-06 18:25:38.953,2025-11-06 18:40:35.646,1.0,0.48,0.1135,0.0,1,0.015159666635514019,0.9706,1
ab2116933a1cea8dbc71686c03d1001eebf450f7143deb246725b498ef88cc52,202,87,0.4307,1,2,101.0,16,0,1,0,1,0.0,1,2025-11-06 10:54:57.954,2025-11-06 14:23:15.128,1.0,197.46,0.1135,0.0,1,0.018356550560747663,0.9554,1
308163d34eb960626d06da3f54a9978566af596d5c117be89a5e8c5f6f0eff1f,206,81,0.3932,1,1,206.0,28,0,1,0,1,0.0,2,2025-11-06 14:06:51.341,2025-11-06 14:56:54.851,1.0,6.4,0.1986,0.0,1,0.015253865578947368,0.8398,1
eef07ef434912c6773e9e01558939366fd70fecb8b114dc4f4d61cc51a9c70d5,24,3,0.125,1,1,24.0,17,1,1,0,1,0.0,3,2025-11-06 14:13:24.356,2025-11-06 14:22:38.832,1.0,2.94,0.1206,0.0,0,0.003616918,0.2917,1
35d3cebcdb9b0e8dae0889aba674f2fc77b50447c61d46ddc768b3b6dd93cb0b,26,7,0.2692,1,1,26.0,15,0,1,0,1,0.0,1,2025-11-06 12:02:31.595,2025-11-06 12:06:22.499,1.0,1.45,0.1064,0.0,1,0.014470844166666668,0.6923,1
95cc7010ac3da576386ad4c0396325f006444db0da80a1ce008f24e490983909,28,9,0.3214,1,1,28.0,15,1,1,0,1,0.0,3,2025-11-06 14:07:16.694,2025-11-06 14:21:08.374,1.0,5.67,0.1064,0.0,0,0.008271428571428572,0.4643,1
a13f78c2375fab5edcf9296e36445115fe286c20ed5adf3d10413a99523823b9,11,1,0.0909,1,2,5.5,9,0,1,0,1,0.0,1,2025-11-06 12:29:20.509,2025-11-06 14:22:57.996,1.0,112.48,0.0638,0.0,0,0.0,0.1818,1
1cfdc1f8bb662317bafa63f4fc09d44a5a5282cc1e566b2d72f95dad3bd70b90,19,1,0.0526,2,2,9.5,17,1,1,0,1,0.0,1,2025-11-06 14:59:10.064,2025-11-07 09:23:59.473,1.0,40.16,0.1206,0.0,0,0.0011557866666666668,0.2632,1
26130844b1eb239ed0a2b66053e8d7ef005c01c2091250ceb1f793c476314332,9,0,0.0,2,2,4.5,6,0,0,0,1,0.0,0,2025-11-06 13:39:08.253,2025-11-11 13:45:44.748,5.0,-1.0,0.0426,0.0,0,0.0,0.2222,1
5a846200f7b545ea044d6afce74194379d0d4b7bff0080fdf02a752b9c44a3ed,10,0,0.0,1,2,5.0,6,0,0,0,1,0.0,0,2025-11-06 13:56:33.481,2025-11-06 14:06:29.260,1.0,-1.0,0.0426,0.0,0,0.0,0.2,1
065234c623a020422254bc6dda2ece28e4d92d3eeb17339b057d3bd041da8daa,8,0,0.0,2,2,4.0,4,0,0,0,1,0.0,0,2025-11-06 14:04:49.673,2025-11-11 10:14:04.260,4.84,-1.0,0.0284,0.0,0,0.0,0.25,1
0b1a7eb64de21f85d38d170e5bfc1ca3ff6729281e1f1c389f9f3e53d41db0b7,9,1,0.1111,1,2,4.5,8,0,1,0,1,0.0,1,2025-11-06 09:53:21.595,2025-11-06 14:11:45.592,1.0,258.4,0.0567,0.0,0,0.0,0.2222,1
3691eccb34e75fbe6531646f4be443e541ef8946902dfc57ef08d2f16b654f48,12,1,0.0833,1,1,12.0,10,0,1,0,1,0.0,1,2025-11-06 14:07:19.932,2025-11-06 14:17:42.726,1.0,4.36,0.0709,0.0,0,0.00086684,0.25,1
aa37389246761a7bec020bdd0ed71c193354c2d6025ad4fafb232abec7dc4ade,8,0,0.0,3,6,1.33,4,0,0,0,1,0.0,0,2025-11-06 13:12:40.843,2025-11-10 10:22:17.610,3.88,-1.0,0.0284,0.0,0,0.0,0.125,1
5d0ae0249ee55600b089bc7e051127fc98c85d0563423560332833597a6ccd80,11,0,0.0,1,1,11.0,6,0,0,0,1,0.0,0,2025-11-06 10:34:05.548,2025-11-06 10:47:14.005,1.0,-1.0,0.0426,0.0,0,0.0,0.1818,1
5be06b7278dc29a1dfe46af000794d530f9c6a75c1d11a451daa08b876c21b35,19,2,0.1053,2,4,4.75,11,0,1,0,1,0.0,1,2025-11-06 13:13:48.673,2025-11-12 15:34:04.462,6.1,58.92,0.078,0.0,0,0.0059,0.1579,1
1fa1892755379a7316b353e04c6cd828dcab9b5b53608c286c96f0dfe8df1ab2,32,6,0.1875,1,1,32.0,10,0,1,0,1,0.0,3,2025-11-06 13:50:34.930,2025-11-06 15:10:09.927,1.0,21.83,0.0709,0.0,0,0.0,0.0938,1
1766986b15903525376b1d688c2baee98a70853abf989c2205ac8c10290c6a80,6,0,0.0,1,2,3.0,5,0,0,0,1,0.0,0,2025-11-06 10:53:55.355,2025-11-06 11:54:00.696,1.0,-1.0,0.0355,0.0,0,0.0,0.3333,1
f7b39afe207bf5d3ce1478c08a0e85b30de30951b91385abc5e4b489d6271ed7,8,0,0.0,1,3,2.67,6,0,0,0,1,0.0,0,2025-11-06 13:34:10.143,2025-11-06 14:06:38.990,1.0,-1.0,0.0426,0.0,0,0.0,0.25,1
85e23a8efe42349e8aea30fa935fd10395bb54d3218136a5dd1bad40a35ba186,11,0,0.0,2,3,3.67,6,0,0,0,1,0.0,0,2025-11-06 08:53:18.462,2025-11-07 08:30:55.699,1.0,-1.0,0.0426,0.0,0,0.0,0.1818,1
75e0b16c63bcae4a332f50701acf8bf090f2e6ebe06875550302544db8c003e1,9,1,0.1111,1,2,4.5,9,0,1,0,1,0.0,1,2025-11-06 14:01:31.112,2025-11-06 14:51:58.432,1.0,0.88,0.0638,0.0,0,0.0,0.2222,1
4fd61d7ebce784adb43eef968ce6bbd47bc266e171c70cc9e3402c022ee47984,7,0,0.0,1,1,7.0,4,0,0,0,1,0.0,0,2025-11-06 08:34:26.261,2025-11-06 08:34:38.932,1.0,-1.0,0.0284,0.0,0,0.0,0.1429,1
fbc0f7d1c502ff20279fa071e28bcc5775d9130606d883cf62dad165a43fce0b,212,71,0.3349,1,1,212.0,18,0,1,0,1,0.0,1,2025-11-06 13:59:41.316,2025-11-06 14:22:27.269,1.0,12.55,0.1277,0.0,1,0.02408733965909091,0.9717,1
91f05a7da20f3ca1a2feaad1ed129280030f8fd42cc687a35a740c611ef9a1c5,358,156,0.4358,1,1,358.0,11,0,1,0,1,0.0,0,2025-11-06 13:17:10.810,2025-11-06 15:45:16.469,1.0,58.41,0.078,0.0,1,0.0208648803,1.0,1
0d743beaa4a823ba4bc0b6c509d1fb71c780b2ded096d4dda058e85bbe19f14e,20,2,0.1,1,2,10.0,13,0,1,0,1,0.0,2,2025-11-06 09:28:22.603,2025-11-06 14:23:33.424,1.0,265.94,0.0922,0.0,0,0.0,0.1,1
3fbef7e6bb438dd27591d9f08c5ba1e04bd155730a1ec611ca9c0f86e68550ce,4,0,0.0,1,1,4.0,4,0,0,0,1,0.0,0,2025-11-06 14:06:45.673,2025-11-06 14:07:21.753,1.0,-1.0,0.0284,0.0,0,0.0,0.5,1
e3410c827ac73753cc6606cb0c36386ae915d97f27697dc9890054d52cbe01fe,7,0,0.0,1,1,7.0,5,0,0,0,1,0.0,0,2025-11-06 14:07:41.053,2025-11-06 14:07:57.983,1.0,-1.0,0.0355,0.0,0,0.0,0.2857,1
d2ce565e0c79422373fdef0cbeb1ffdd54f7641ab36316c0b3220063252f04a9,29,1,0.0345,2,3,9.67,23,1,1,0,1,0.0,1,2025-11-06 21:26:40.432,2025-11-10 04:04:49.700,3.28,4633.59,0.1631,0.0,0,0.00130026,0.1379,1
83a7573fcf026473a297c093c68eaae541509531fd0214d58bc7ee2f823cf338,2,0,0.0,1,1,2.0,2,0,0,0,1,0.0,0,2025-11-06 14:01:39.656,2025-11-06 14:06:28.244,1.0,-1.0,0.0142,0.0,0,0.0,1.0,1
98f65be6f117c7b1a15a2ffda572703c24c0fd1e3493a05ae8e121c8c1115bdd,1,1,1.0,1,1,1.0,1,0,1,0,0,0.0,1,2025-11-06 15:56:02.561,2025-11-06 15:56:02.561,1.0,0.0,0.0071,0.0,0,0.0,0.0,1
4a02bf72806b2f63babcd30bfb3ed6d7749d30e06f303e77f95145c3da2a06df,5,0,0.0,1,1,5.0,4,0,0,0,1,0.0,0,2025-11-06 14:06:47.823,2025-11-06 14:09:49.815,1.0,-1.0,0.0284,0.0,0,0.0,0.4,1
c5d742924777072466d566c89d26bd150a20f80e93073d0b2542ae01343617a3,60,20,0.3333,5,5,12.0,20,0,1,0,1,0.0,1,2025-11-06 18:58:54.357,2025-12-04 06:06:50.506,27.46,37402.45,0.1418,-10.0,0,0.012932577727272727,0.5,0
27e4fb0aa4e2b56d723540c9633d8bb9f45fa6ba3f1eed531ea5f66dee84bdb5,1,0,0.0,1,1,1.0,1,0,0,0,1,0.0,0,2025-11-06 13:54:59.764,2025-11-06 13:54:59.764,1.0,-1.0,0.0071,0.0,0,0.0,1.0,1
f755501be4e88a0a21a7679e581f8883f7f439f7a693994a72d7357ea3d5ddeb,2,0,0.0,1,1,2.0,2,0,0,0,1,0.0,0,2025-11-06 14:07:30.798,2025-11-06 14:08:08.277,1.0,-1.0,0.0142,0.0,0,0.0,1.0,1
765627256a26ee1c1022ea7c670517239d47863b00e0401f786e8ed305dfcc8d,3,0,0.0,1,1,3.0,3,0,0,0,1,0.0,0,2025-11-06 13:36:26.965,2025-11-06 13:37:27.119,1.0,-1.0,0.0213,0.0,0,0.0,0.3333,1
427ceba91fd6c8611547f1c87b37bdc8da875902dcbe36d8463f734d34e23da5,9,2,0.2222,1,2,4.5,9,0,1,0,1,0.0,1,2025-11-06 13:06:50.811,2025-11-06 14:26:51.569,1.0,78.08,0.0638,0.0,0,0.0,0.2222,1
324f426778ae0750f6720fafb8cb7480cf7d91cba39c561fd2832fa6170c709f,2,2,1.0,1,1,2.0,1,0,1,0,0,0.0,0,2025-11-06 10:48:37.736,2025-11-06 10:48:43.733,1.0,0.0,0.0071,0.0,0,0.0,0.0,1
22f07c1d857236fe899e765a3198d5d6786be013c4464156ce570e9dd2e17a21,1,1,1.0,1,1,1.0,1,0,1,0,0,0.0,0,2025-11-06 07:34:26.383,2025-11-06 07:34:26.383,1.0,0.0,0.0071,0.0,0,0.0,0.0,1
dcfec223f6c2ecfe309eb92aa6811f7ff34d782614ae545d582be17fca1f0f44,6,1,0.1667,1,2,3.0,6,0,1,0,1,0.0,1,2025-11-06 12:48:02.230,2025-11-06 14:53:40.844,1.0,125.64,0.0426,0.0,0,0.0,0.1667,1
7c8e3747012e8655aa2cfa794c96c31cd6e6189123ae546e6d7b56222f4d27eb,3,0,0.0,1,1,3.0,2,0,0,0,1,0.0,0,2025-11-06 09:37:41.976,2025-11-06 09:45:24.614,1.0,-1.0,0.0142,0.0,0,0.0073,1.0,1
02fade83a82a1f5157f059b7ef8905bf9f5558fb8b8532d710dc379da0dba490,6,0,0.0,1,1,6.0,5,0,0,0,1,0.0,0,2025-11-06 14:07:12.400,2025-11-06 14:52:01.645,1.0,-1.0,0.0355,0.0,0,0.0,0.3333,1
708fab63d1942b8277c4f6aae4d0ea1cd5493f067d83b2dcf3983634ae58712e,12,1,0.0833,2,2,6.0,8,0,1,0,1,0.0,1,2025-11-06 14:08:23.370,2025-11-07 03:39:11.383,1.0,810.39,0.0567,0.0,0,0.0068,0.3333,1
228a9e423e36ff287bc97a2870401822db2eb21c1e94df001cc30bde40d879b9,3,0,0.0,1,1,3.0,3,0,0,0,1,0.0,0,2025-11-06 13:44:40.253,2025-11-06 13:45:21.677,1.0,-1.0,0.0213,0.0,0,0.0,0.3333,1
55d6fd4e157b92c9e5a08197fe0e4d9ac5e286b7fce705bb7b35f2be0a9882bd,8,0,0.0,2,3,2.67,6,0,0,0,1,0.0,0,2025-11-06 11:18:20.935,2025-11-10 20:41:45.469,4.39,-1.0,0.0426,0.0,0,0.0,0.25,1
824e5d6efdd03cda6330b582cdf7c7ef11878a455727325f0ee642c241622b42,36,6,0.1667,13,17,2.12,3,0,1,0,0,0.0,0,2025-11-06 10:47:10.525,2025-12-02 12:06:52.099,26.06,0.0,0.0213,0.4286,0,0.0,0.0,0
b9cba8787e3f8a4a7b1d28682a13c906840da5e7c42f2fc77c73b59a7f33579e,4,2,0.5,2,2,2.0,2,0,1,0,0,0.0,1,2025-11-06 14:30:38.275,2025-11-21 21:52:28.930,15.31,0.07,0.0142,0.0,0,0.0,0.0,1
67d6715e55c6f87b422e48335b095a3a7f8f2f3964f5ebe4d5f4a79195839878,2,0,0.0,1,1,2.0,2,0,0,0,1,0.0,0,2025-11-06 14:05:04.765,2025-11-06 14:06:18.933,1.0,-1.0,0.0142,0.0,0,0.0,1.0,1
9b629c179b651628cbfae99372dd44e4a210d51a68bdf5ab9460faa8ad76f9b3,6,0,0.0,1,2,3.0,5,0,0,0,1,0.0,0,2025-11-06 11:35:06.442,2025-11-06 14:09:54.247,1.0,-1.0,0.0355,0.0,0,0.0,0.3333,1
538bd1100df94a2ab5199781723c86d32acaf896c8065e59a65dbc8b45f9c59b,7,0,0.0,1,1,7.0,6,0,0,0,1,0.0,0,2025-11-06 13:58:49.370,2025-11-06 14:06:09.576,1.0,-1.0,0.0426,0.0,0,0.0,0.2857,1
fd1217f380beaa1b4f548dd8c8843cdae0bfa8e1909ffba52c9c828b3fdebcad,6,0,0.0,3,3,2.0,4,0,0,0,1,0.0,0,2025-11-06 13:51:15.773,2025-11-17 21:45:48.196,11.33,-1.0,0.0284,0.8,0,0.0,0.1667,1
4ed2494555e763c4211fe04a2057ebc73bfbd9177134f028d08f399597ee1ccd,2,0,0.0,1,1,2.0,2,0,0,0,1,0.0,0,2025-11-06 12:32:44.141,2025-11-06 12:32:45.667,1.0,-1.0,0.0142,0.0,0,0.0,0.5,1
1ea8b0af593484fedccded167de36aadeb3557c7942c7a6fb2a36ef9a82510dd,2,2,1.0,1,1,2.0,2,0,1,0,0,0.0,0,2025-11-06 03:13:10.175,2025-11-06 03:14:10.888,1.0,0.0,0.0142,0.0,0,0.0,0.0,1
deabc048ac8ea569bb03073264a4c9bf84c438d17537f60301242ec02a1b0d6d,4,4,1.0,1,1,4.0,1,0,1,0,0,0.0,4,2025-11-06 18:33:17.996,2025-11-06 18:33:53.973,1.0,0.0,0.0071,0.0,0,0.0,0.0,1
3c7ee3936dc978ed4b5de3ffeb60b38698de3797e2309cde10f7a7c992dce5a2,1,1,1.0,1,1,1.0,1,0,1,0,0,0.0,0,2025-11-06 15:29:18.226,2025-11-06 15:29:18.226,1.0,0.0,0.0071,0.0,0,0.0,0.0,1
bb856bd68943329ab08fd7915e832d7091b164c5afa5d1eb46e0e84a57044a92,6,1,0.1667,1,1,6.0,6,1,1,0,0,0.0,1,2025-11-06 13:07:23.617,2025-11-06 13:14:31.084,1.0,0.73,0.0426,0.0,0,0.0,0.0,1
a2f9d5f9726343a508d0d75b4758abc176cff8242e5e84e58a89ec60e1ea1942,2,0,0.0,1,1,2.0,2,0,0,0,1,0.0,0,2025-11-06 14:01:48.603,2025-11-06 14:01:48.803,1.0,-1.0,0.0142,0.0,0,0.0,0.5,1
825f029269f980e20b71d5d3b094042a47c0ffc9f7f766839f6f999572eb3631,5,0,0.0,1,2,2.5,5,0,0,0,1,0.0,0,2025-11-06 09:44:35.732,2025-11-06 14:06:23.855,1.0,-1.0,0.0355,0.0,0,0.0,0.4,1
f62242e65cd120c0429c8b9c34bc3e81475744c2192c47783b38beab4e5d245a,1,1,1.0,1,1,1.0,1,0,1,0,0,0.0,0,2025-11-06 11:41:09.537,2025-11-06 11:41:09.537,1.0,0.0,0.0071,0.0,0,0.0,0.0,1
0aa6d13d87ea3357a86870d4fd668e360f0311df4f10cef66123f2147adabe6d,4,0,0.0,1,1,4.0,4,0,0,0,1,0.0,0,2025-11-06 14:13:05.162,2025-11-06 14:14:09.025,1.0,-1.0,0.0284,0.0,0,0.0,0.5,1
32e182ba7b51a3d904036595400651cf6a9fcd992db74c4cc555a502a6c8e3e2,4,0,0.0,1,1,4.0,4,0,0,0,1,0.0,0,2025-11-06 14:10:00.128,2025-11-06 14:10:29.543,1.0,-1.0,0.0284,0.0,0,0.0,0.5,1
b9fff5e97898d91ce82cf036d5823aa5292437edd88a21cd60bcb7bba78feed7,1,1,1.0,1,1,1.0,1,0,1,0,0,0.0,1,2025-11-06 03:55:57.265,2025-11-06 03:55:57.265,1.0,0.0,0.0071,0.0,0,0.0,0.0,1
a3182c1bc16f70c03d8255a95acfe5b0aa76075308f1f0927df086f1a5d65db7,4,0,0.0,1,1,4.0,4,0,0,0,1,0.0,0,2025-11-06 14:06:40.199,2025-11-06 14:07:51.347,1.0,-1.0,0.0284,0.0,0,0.0,0.5,1
bcd936a63a06feb260ff8df8b4ebf74fe4b91b7aaa3ac19c05636d52aee4b6b3,1,1,1.0,1,1,1.0,1,0,1,0,0,0.0,0,2025-11-06 15:38:53.907,2025-11-06 15:38:53.907,1.0,0.0,0.0071,0.0,0,0.0,0.0,1
84056608baf5d32bd9e22865f66ae345796b0ca058801274dfdadf723c753d03,38,8,0.2105,3,5,7.6,15,0,1,0,1,0.0,0,2025-11-06 11:43:18.412,2025-12-08 10:22:11.817,31.94,45857.18,0.1064,-2.75,0,0.006382264615384616,0.4737,0
d453092e728d6e56ecec993196fe0a417f53d37165b66750291136332a2c0454,1,1,1.0,1,1,1.0,1,0,1,0,0,0.0,0,2025-11-06 12:49:30.843,2025-11-06 12:49:30.843,1.0,0.0,0.0071,0.0,0,0.0,0.0,1
047bb905f7016eb505c6cc1bd29cf818d43928d2f7ea846b976bd4ca6ecdabaa,2,0,0.0,1,1,2.0,2,0,0,0,1,0.0,0,2025-11-06 12:46:51.054,2025-11-06 14:06:19.805,1.0,-1.0,0.0142,0.0,0,0.0,1.0,1
731196013ec60ec4e1992d77725deb28df0621d159895eef7a408f61669428fd,1,1,1.0,1,1,1.0,1,0,1,0,0,0.0,0,2025-11-06 09:09:40.314,2025-11-06 09:09:40.314,1.0,0.0,0.0071,0.0,0,0.0,0.0,1
faa1ff0dc6a93bf35d186f2b3e0e771bc475f97d494003a093da1397e872af37,7,0,0.0,1,1,7.0,5,0,0,0,1,0.0,0,2025-11-06 11:24:30.448,2025-11-06 11:31:57.214,1.0,-1.0,0.0355,0.0,0,0.0,0.1429,1
8104fdc227faead4dadbda358edcee486fb8e79378cb65510f4d475bb8dd74f8,4,0,0.0,1,1,4.0,4,0,0,0,1,0.0,0,2025-11-06 14:21:28.808,2025-11-06 14:22:43.795,1.0,-1.0,0.0284,0.0,0,0.0,0.25,1
aafe7e62e394a0181250808647d99289641e2605a6cda07799b6b289a7f90e22,5,1,0.2,1,2,2.5,5,0,1,0,1,0.0,1,2025-11-06 11:22:57.046,2025-11-06 14:11:39.569,1.0,168.71,0.0355,0.0,0,0.0,0.2,1
ddf09992052d51c62f3a5a3e7dac06dbeeac2ba90840a36c4ffb2f9672ac5907,6,0,0.0,1,2,3.0,6,0,0,0,1,0.0,0,2025-11-06 08:12:03.771,2025-11-06 14:07:45.719,1.0,-1.0,0.0426,0.0,0,0.0,0.3333,1
ce1271ff10356f15bb81dc833b4bde4a753b634da666ea92fe96d0b8e366d252,5,5,1.0,1,1,5.0,1,0,1,0,0,0.0,0,2025-11-06 03:35:56.960,2025-11-06 03:36:40.662,1.0,0.0,0.0071,0.0,0,0.0,0.0,1
3f25b8616751a8241340bfe4a8c728338b8e3c7449713bc4d1e086d3725f8043,2,2,1.0,1,1,2.0,2,0,1,0,0,0.0,0,2025-11-06 17:45:33.949,2025-11-06 17:46:16.535,1.0,0.0,0.0142,0.0,0,0.0,0.0,1
b62266ab48ea372aa793b36689a744c06b0cfebbe6cff04a35999d8ac1d6dbf9,1,1,1.0,1,1,1.0,1,0,1,0,0,0.0,0,2025-11-06 00:37:16.206,2025-11-06 00:37:16.206,1.0,0.0,0.0071,0.0,0,0.0,0.0,1
5d15f3f9e78ef431ffc6a4df0ac2a382de6ef721a86e77f964de23f68c034a69,1,1,1.0,1,1,1.0,1,0,1,0,0,0.0,0,2025-11-06 09:02:27.256,2025-11-06 09:02:27.256,1.0,0.0,0.0071,0.0,0,0.0,0.0,1
bf96195099f43f6fa981b32d39bf3afcddd036f3cceeca7733598a35aa9fa96b,1,1,1.0,1,1,1.0,1,0,1,0,0,0.0,0,2025-11-06 15:11:58.091,2025-11-06 15:11:58.091,1.0,0.0,0.0071,0.0,0,0.0,0.0,1
f544a7da1056808707b4a8355f98139fd6d2a51ba0936b6c06748ef71ef529cf,25,2,0.08,1,1,25.0,21,1,1,0,1,0.0,1,2025-11-07 08:40:34.515,2025-11-07 08:51:55.746,1.0,0.93,0.1489,0.0,0,0.00249184,0.24,1
b12053cab1c2ce2c5ed59bdf649b0d6c7fb2753bae1078cc27775e338ac76094,1404,566,0.4031,3,3,468.0,17,0,1,0,1,0.0,0,2025-11-07 22:28:10.538,2025-11-10 21:15:44.047,2.95,0.92,0.1206,0.0,1,0.025311716592709983,1.0,1
8fd3e7c18615fa092ff0430505ee3a65cc6b3a01c3d5572e61f60bfdd95248e6,12,6,0.5,1,1,12.0,6,0,1,0,1,0.0,0,2025-11-07 12:31:16.809,2025-11-07 12:34:03.251,1.0,2.35,0.0426,0.0,0,0.012766666666666667,0.75,1
bd60dbc36377d17c742a9e8701a81cfae611ffe7b1da038dec60cf2479ad99c1,7,1,0.1429,1,1,7.0,7,0,1,0,1,0.0,1,2025-11-07 17:45:48.162,2025-11-07 17:47:46.970,1.0,1.0,0.0496,0.0,0,0.007,0.2857,1
57d9e7989c11fe1c307fa744941c59f1b535cf96e78db43ad65482398bcfcc31,19,3,0.1579,2,2,9.5,9,0,1,0,1,0.0,1,2025-11-07 16:10:48.737,2025-11-10 12:18:57.617,2.84,0.7,0.0638,0.0,0,0.0,0.1053,1
a35ef73fc65ba7b9e6272b750d86f8b3b2827e7ccbac0b910d2cc33a50bb5e8a,20,1,0.05,2,2,10.0,18,1,1,0,1,0.0,1,2025-11-07 13:53:05.478,2025-11-12 16:14:21.089,5.1,3.19,0.1277,0.0,0,0.0013002600000000001,0.25,1
3f7fd7b3ee94c3bcf4a14f912d541c11f0ded6d4b4a4ff80150d155c47007d86,1,1,1.0,1,1,1.0,1,0,1,0,0,0.0,0,2025-11-07 15:54:59.513,2025-11-07 15:54:59.513,1.0,0.0,0.0071,0.0,0,0.0,0.0,1
aa0be73de925a812ccfcf86321611f8a81f271602cb36f22ebe54cd9d9c2c56f,16,8,0.5,1,1,16.0,9,0,1,0,1,0.0,1,2025-11-07 17:54:56.028,2025-11-07 18:01:22.001,1.0,4.72,0.0638,0.0,0,0.014766666666666666,0.625,1
7de09150f3ea39f13c3a69bcbaaddc57acaa09a38d60531b0396ce1ae4aee1c6,5,0,0.0,1,1,5.0,5,0,0,0,1,0.0,0,2025-11-07 09:55:19.113,2025-11-07 09:56:18.254,1.0,-1.0,0.0355,0.0,0,0.0,0.2,1
13ae6dd85bf28d1d0ef568e70d54508ba6f48181a2fb4319bbafc0871b46e3a5,1,0,0.0,1,1,1.0,1,0,0,0,0,0.0,1,2025-11-07 17:14:35.864,2025-11-07 17:14:35.864,1.0,-1.0,0.0071,0.0,0,0.0,0.0,1
42480c9f7812793b1b7d09f30ce1ec81859c3b715ca78c6ef1ac4e4ebadaf023,7,0,0.0,2,2,3.5,6,0,0,0,1,0.0,0,2025-11-07 09:51:30.315,2025-11-12 16:12:16.556,5.26,-1.0,0.0426,0.0,0,0.0,0.2857,1
24dbd897a6a48fbc3abb34cfc0ee8412cef7a4ce6b4e73fb307ac3d0fdf94bfe,5,0,0.0,1,1,5.0,5,0,0,0,1,0.0,0,2025-11-07 08:34:34.721,2025-11-07 08:37:38.471,1.0,-1.0,0.0355,0.0,0,0.0,0.4,1
eb7bf775f12f7d731c8f735cf2454d970f6826f8910cbc0f00ac0b73f79c7e6a,152,57,0.375,1,1,152.0,21,0,1,0,1,0.0,1,2025-11-07 13:31:49.567,2025-11-07 13:42:30.173,1.0,1.09,0.1489,0.0,1,0.013849357402597403,0.9211,1
8db51f9ecfd47d8a1eaae34239a4fb3b1425b2e7bc2dadadf5f9ed8a524ad60d,4,0,0.0,1,1,4.0,3,0,0,0,1,0.0,0,2025-11-07 16:49:17.137,2025-11-07 16:50:39.587,1.0,-1.0,0.0213,0.0,0,0.0,0.25,1
6be583ddc8ec7a32a1c7754a60c425daa95b93b0c9b7f29acf60c9c4531ae9db,14,1,0.0714,1,2,7.0,10,0,1,0,1,0.0,1,2025-11-07 12:16:19.067,2025-11-07 16:44:55.481,1.0,1.21,0.0709,0.0,0,0.0,0.1429,1
8c13ae69dd01b88877c70802218e9bd3ba3735f39f687f8e5f9f2d71cdcc37f8,5,0,0.0,2,2,2.5,5,0,0,0,1,0.0,0,2025-11-07 17:36:19.053,2025-11-12 16:12:32.830,4.94,-1.0,0.0355,0.0,0,0.0,0.4,1
6954b9ddab5b49ddbb019630d5d4dd39584ed83e13f287e55eb661d5609906c1,1,1,1.0,1,1,1.0,1,0,1,0,0,0.0,0,2025-11-07 15:14:56.489,2025-11-07 15:14:56.489,1.0,0.0,0.0071,0.0,0,0.0,0.0,1
d5b4f0783832a0bc9e0eb3bd3123912e90b7b8169fde9425622339b5339111ff,3,3,1.0,1,1,3.0,2,0,1,0,0,0.0,0,2025-11-07 07:25:27.696,2025-11-07 07:25:50.954,1.0,0.0,0.0142,0.0,0,0.0,0.0,1
809fb0def86b5f1dc55511b280ed7418e28670e6628766f904991dcd07b39c75,1,1,1.0,1,1,1.0,1,0,1,0,0,0.0,0,2025-11-07 14:17:26.295,2025-11-07 14:17:26.295,1.0,0.0,0.0071,0.0,0,0.0,0.0,1
1ef469c7fc5ccb890ea63ea452200fdc20488d787e6ec74bcc10ad6700e1f236,2,0,0.0,1,1,2.0,2,0,0,0,1,0.0,0,2025-11-07 22:16:11.937,2025-11-07 22:16:13.848,1.0,-1.0,0.0142,0.0,0,0.0,0.5,1
a2edc56c2def215349379dd8547d682fb51635e4eea3bc57b62d1fbd95112797,4,1,0.25,1,1,4.0,4,0,1,0,1,0.0,1,2025-11-07 06:21:32.294,2025-11-07 06:23:10.388,1.0,1.63,0.0284,0.0,0,0.0,0.25,1
ffe849e92f5a6f284a0b82ba39f79fba8b5a7bc720fff1646203991117b59610,4,0,0.0,1,1,4.0,4,0,0,0,1,0.0,0,2025-11-07 17:19:14.280,2025-11-07 17:20:31.722,1.0,-1.0,0.0284,0.0,0,0.0,0.25,1
7e083a2a6db1102d0588bffe442898021986e797d6419f758642abf73723724b,106,35,0.3302,7,10,10.6,10,0,1,0,1,0.0,5,2025-11-07 17:34:40.057,2025-12-05 18:30:24.105,28.04,2.07,0.0709,-8.6,0,0.008497872340425532,0.5094,0
2b30906fd19dd701c33f19cd292739ae2e3a32a34037ea5479a2e168fe5744ab,1,1,1.0,1,1,1.0,1,0,1,0,0,0.0,0,2025-11-07 17:21:01.436,2025-11-07 17:21:01.436,1.0,0.0,0.0071,0.0,0,0.0,0.0,1
ed540eb09d6ab02d8a86fb53ea194ba7bd7da9e52c8991b89f19e0c49eaad36a,5,0,0.0,1,1,5.0,4,0,0,0,1,0.0,0,2025-11-07 13:13:00.992,2025-11-07 13:13:31.130,1.0,-1.0,0.0284,0.0,0,0.0,0.2,1
ad8088ac3f8ae3f8e4b64e29226d67e17b9d85100b5342fb2897162d6d7d3fa1,1,1,1.0,1,1,1.0,1,0,1,0,0,0.0,1,2025-11-07 17:14:06.556,2025-11-07 17:14:06.556,1.0,0.0,0.0071,0.0,0,0.0,0.0,1
8ce9ad17118f3acd790f2b670165347ef757fa6ead89318e70246ec6d0cc5e93,17,0,0.0,2,3,5.67,5,0,0,0,1,0.0,1,2025-11-07 14:28:58.518,2025-11-28 16:41:06.446,21.09,-1.0,0.0355,-0.8333,0,0.0126,0.6471,0
3193859ac6cb4c5a8d46d04a3acaef6006d90ab305aafcc13985420d32b5e2be,2,2,1.0,1,1,2.0,1,0,1,0,0,0.0,0,2025-11-07 06:14:22.751,2025-11-07 06:14:31.670,1.0,0.0,0.0071,0.0,0,0.0,0.0,1
edb8ddd6f30e3a7ab0b45e3c72b5a4b756b407f23abbc135a707f2ef893e65d0,1,1,1.0,1,1,1.0,1,0,1,0,0,0.0,0,2025-11-07 14:19:03.816,2025-11-07 14:19:03.816,1.0,0.0,0.0071,0.0,0,0.0,0.0,1
170192b2a33afa185ed8b6aa40b70b04e0645e1bc89484b0b96cca52fdc5c8b3,1,1,1.0,1,1,1.0,1,0,1,0,0,0.0,0,2025-11-07 18:29:27.305,2025-11-07 18:29:27.305,1.0,0.0,0.0071,0.0,0,0.0,0.0,1
59cb1b01237a66508feb068b51fd36658788595053eb33997cf95d5de50cbde1,3,0,0.0,1,1,3.0,3,0,0,0,1,0.0,0,2025-11-07 17:55:28.423,2025-11-07 17:56:12.989,1.0,-1.0,0.0213,0.0,0,0.0,0.3333,1
25cbed037fc651f274b483e1828ff7efbb5e15920a47b27c73acddb42ad1552b,4,0,0.0,3,3,1.33,3,0,0,0,1,0.0,0,2025-11-07 11:13:47.079,2025-11-13 11:12:48.149,6.0,-1.0,0.0213,0.0,0,0.0,0.25,1
22c095f416a2d3bc0ef5a30213f4fe529cede0060011cc56a1425a3f4cc3aa69,1,1,1.0,1,1,1.0,1,0,1,0,0,0.0,0,2025-11-07 11:19:25.889,2025-11-07 11:19:25.889,1.0,0.0,0.0071,0.0,0,0.0,0.0,1
bb56f65f2400788cbd565bac1701063f64a2eafdd2aa99f685fd2d32d1b3c669,1,1,1.0,1,1,1.0,1,0,1,0,0,0.0,0,2025-11-07 01:31:14.025,2025-11-07 01:31:14.025,1.0,0.0,0.0071,0.0,0,0.0,0.0,1
058b307a9f4fb271b033f981b48f3f1065ab5e612ba40a80b9597806f7b15926,1,1,1.0,1,1,1.0,1,0,1,0,0,0.0,0,2025-11-07 14:44:43.128,2025-11-07 14:44:43.128,1.0,0.0,0.0071,0.0,0,0.0,0.0,1
e91360a1525db044e14818a831b92361f73ae788f542e275de968623c281ef31,1,1,1.0,1,1,1.0,1,0,1,0,0,0.0,0,2025-11-07 12:44:24.225,2025-11-07 12:44:24.225,1.0,0.0,0.0071,0.0,0,0.0,0.0,1
b942726213cbacb51a9cd722ff576fb4984790cea7cfbec5844ae2a5f64ae4aa,1,1,1.0,1,1,1.0,1,0,1,0,0,0.0,0,2025-11-07 23:50:12.720,2025-11-07 23:50:12.720,1.0,0.0,0.0071,0.0,0,0.0,0.0,1
99605f466d068d72d70b33812f6c0a6c88b60f8989d690d925a16a8cbad6af64,1,1,1.0,1,1,1.0,1,0,1,0,0,0.0,0,2025-11-07 22:26:00.387,2025-11-07 22:26:00.387,1.0,0.0,0.0071,0.0,0,0.0,0.0,1
9b0e3f4c170493a2f8744135f4dae8f71973f9f1de628b37c1313a07d4404d1c,28,6,0.2143,1,1,28.0,8,0,1,0,1,0.0,1,2025-11-08 17:01:58.932,2025-11-08 17:07:31.828,1.0,1.71,0.0567,0.0,0,0.008577777777777778,0.6786,1
6efbdb43c8ff0d7fdf491909b8e0407fbe9923a057ab51b8579bd3d1a5a18408,27,7,0.2593,1,2,13.5,11,0,1,0,1,0.0,1,2025-11-08 20:37:16.843,2025-11-08 21:46:02.489,1.0,0.41,0.078,0.0,0,0.01748571428571429,0.4444,1
adbf41ab8390bbc5f7a70b8800688b6e558f94492a320c86a55cdaa99deef22c,95,37,0.3895,1,1,95.0,15,0,1,0,1,0.0,1,2025-11-08 12:32:13.146,2025-11-08 12:47:39.671,1.0,1.09,0.1064,0.0,1,0.0161470182,0.9158,1
c540fe6a9376d6520d1fc34518976c93d93d5b66f15a9e9f7032c2b800bfc8af,22,8,0.3636,1,2,11.0,10,0,1,0,1,0.0,3,2025-11-08 10:27:10.314,2025-11-08 13:09:21.633,1.0,1.32,0.0709,0.0,0,0.013057142857142856,0.6364,1
c0ecd0a68ea89e9fa50958ec76885626b85bf7458efbae0d5bd7771ef592572d,173,65,0.3757,1,2,86.5,19,0,1,0,1,0.0,2,2025-11-08 03:43:13.480,2025-11-08 05:42:11.615,1.0,0.54,0.1348,0.0,1,0.012808249438202246,0.9249,1
39740dc3ab3a7c92792ef28cb9714b9fb7a56292be9c6ec0a0643e1edea46d64,632,205,0.3244,2,3,210.67,35,0,1,0,1,0.0,1,2025-11-08 11:20:20.027,2025-11-10 04:43:21.878,1.72,1.71,0.2482,0.0,1,0.025265089567099566,0.943,1
36ca010336dc1621e30ec8a040c1754fef77a037a56bd829bff08b7edfe41974,376,130,0.3457,1,1,376.0,13,0,1,0,1,0.0,0,2025-11-08 21:30:14.104,2025-11-08 21:47:46.582,1.0,1.69,0.0922,0.0,1,0.021259531688311687,1.0,1
6489cae65adc069682e7b07a7d61a90be3541c19f93e397c8270236aacc18aaa,1,1,1.0,1,1,1.0,1,0,1,0,0,0.0,0,2025-11-08 06:39:21.608,2025-11-08 06:39:21.608,1.0,0.0,0.0071,0.0,0,0.0,0.0,1
5822a6f3e0a0aff1907a94c5e7964336c46b3849124b6a8843abbcb6db00f124,6,0,0.0,1,1,6.0,5,0,0,0,1,0.0,0,2025-11-08 05:31:36.165,2025-11-08 05:33:16.542,1.0,-1.0,0.0355,0.0,0,0.0,0.1667,1
adf4d459c1f50844968034f0788dd3e2d3c115c1e6727d4341d360177ace66f0,12,3,0.25,2,2,6.0,3,0,1,0,1,0.0,0,2025-11-08 20:34:05.762,2025-11-15 19:20:38.384,6.95,10006.52,0.0213,0.0,0,0.0162625,1.0,1
5e29ac4f801a870b70a0c0507b0139827771be597c5af83597bcfba0ef69867d,1,1,1.0,1,1,1.0,1,0,1,0,0,0.0,0,2025-11-08 11:13:57.772,2025-11-08 11:13:57.772,1.0,0.0,0.0071,0.0,0,0.0,0.0,1
61279eddaff9a7ca09f0f28b3761bea994d479b4554e4622b74faa35ba47bb33,6,2,0.3333,1,2,3.0,4,0,1,0,0,0.0,1,2025-11-08 00:33:14.729,2025-11-08 14:19:11.233,1.0,1.64,0.0284,0.0,0,0.0,0.0,1
013df00cdeb7e024a570509b5a41da40d890f9a08590c2d97627db33e0da8991,6,1,0.1667,1,1,6.0,5,0,1,0,1,0.0,0,2025-11-08 19:26:28.371,2025-11-08 19:26:50.973,1.0,0.12,0.0355,0.0,0,0.00725,0.5,1
509a75b40882dc872fb667f1d0dc996e58690e089a8962a664875859ffb0d62d,4,0,0.0,1,1,4.0,4,0,0,0,1,0.0,0,2025-11-08 17:35:32.180,2025-11-08 17:36:20.570,1.0,-1.0,0.0284,0.0,0,0.0,0.25,1
86e15ff18be931dc3c9a118e12eb67ce8f6f63d9ebe77d139c9fbd7f1cb24063,1,1,1.0,1,1,1.0,1,0,1,0,0,0.0,0,2025-11-08 07:32:12.263,2025-11-08 07:32:12.263,1.0,0.0,0.0071,0.0,0,0.0,0.0,1
aa241f96e9b918692d9f1b9566de7578280eff61c8c423adbe189b4498715766,1,1,1.0,1,1,1.0,1,0,1,0,0,0.0,0,2025-11-08 02:58:03.273,2025-11-08 02:58:03.273,1.0,0.0,0.0071,0.0,0,0.0,0.0,1
02d17f150425480a4beba9d970334a30620749f9d35d797f5effae36cda3d0a5,1,1,1.0,1,1,1.0,1,0,1,0,0,0.0,0,2025-11-08 19:23:33.677,2025-11-08 19:23:33.677,1.0,0.0,0.0071,0.0,0,0.0,0.0,1
21e4eac9f7add3bd866f5ac1b0e0afab528b0fd80f021408f1adf16d7454cd64,7,0,0.0,2,2,3.5,4,0,0,0,1,0.0,0,2025-11-09 09:39:29.921,2025-11-13 15:16:10.698,4.23,-1.0,0.0284,0.0,0,0.0,0.2857,1
95760769cb842c8df3baf9409849e836feb4dc87cbd9fbd691875361b47e5b03,5,0,0.0,2,2,2.5,4,0,0,0,1,0.0,0,2025-11-09 09:32:51.323,2025-11-13 15:18:04.678,4.24,-1.0,0.0284,0.0,0,0.0,0.4,1
66592ddaa3bf7a36d89e6f5f318ad4b3a5c60ad27b77aac6a326099be92b22af,10,2,0.2,1,1,10.0,7,0,1,0,1,0.0,1,2025-11-09 22:16:23.621,2025-11-09 22:50:28.591,1.0,25.2,0.0496,0.0,0,0.0074,0.5,1
8e66c952df5bf622fa857bc213495211ff21b9fed5b9bdbf111e280b12041141,1,1,1.0,1,1,1.0,1,0,1,0,0,0.0,0,2025-11-09 17:07:20.189,2025-11-09 17:07:20.189,1.0,0.0,0.0071,0.0,0,0.0,0.0,1
ec2b102a03150146cb9defebce70f4f2f9893315d2b171c758b4c524cbf506a8,1299,401,0.3087,7,15,86.6,31,0,1,0,1,4.85197022,3,2025-11-09 17:17:55.393,2025-12-03 14:34:46.584,23.89,69.33,0.2199,-0.0619,1,0.05068644320366133,0.8168,0
1983234767512e45feafa04d9e0e67c02f22446f90f209be0680ffb56a57b357,729,248,0.3402,3,5,145.8,29,0,1,0,1,0.0,2,2025-11-09 09:22:35.674,2025-11-29 12:56:02.359,20.15,1.23,0.2057,0.9972,1,0.023141872061068703,0.9684,0
ed4a70f54bccd5bfc7539f17d80b1c18a1afcf4ef63ae0eb3dad2a0a7ee8be7f,18,5,0.2778,1,1,18.0,8,0,1,0,1,0.0,1,2025-11-09 05:00:35.323,2025-11-09 05:08:24.139,1.0,1.01,0.0567,0.0,0,0.011544444444444444,0.5556,1
62765f84f1facd66e1226c4af35b2dacefaa8f02f812c49de65962e37a8ac160,76,3,0.0395,5,13,5.85,19,0,1,0,1,0.0,2,2025-11-09 13:09:16.685,2025-11-23 18:31:08.213,14.22,3.28,0.1348,0.973,0,0.005875,0.0658,1
c486e6bb203d9943998db305eb08b928f99a18a548e8d7c535a6dd8f5a1f4d54,9,1,0.1111,1,1,9.0,7,0,1,0,1,0.0,1,2025-11-09 23:25:46.078,2025-11-09 23:26:44.077,1.0,0.42,0.0496,0.0,0,0.0,0.1111,1
0ef6a9027c851957c380a208cb888a97a621062445bd5bddc942e84a7371f597,11,3,0.2727,1,1,11.0,10,1,1,0,1,0.0,1,2025-11-09 10:19:37.519,2025-11-09 10:21:20.171,1.0,0.64,0.0709,0.0,0,0.0,0.0909,1
1c0b1200161ec97d87ac2d08693bafa9272159a65f9154598e14e312c3d74f76,1,1,1.0,1,1,1.0,1,0,1,0,0,0.0,0,2025-11-09 19:33:24.996,2025-11-09 19:33:24.996,1.0,0.0,0.0071,0.0,0,0.0,0.0,1
f75a80aebb5f93cbdd6562116d2fa70f45722df7cc88e571e0d53b4398e2c54c,5,0,0.0,2,2,2.5,5,0,0,0,1,0.0,0,2025-11-09 18:08:41.987,2025-11-15 16:00:28.416,5.91,-1.0,0.0355,0.0,0,0.0,0.2,1
62bde5c48c8f4dcfbf90ab7feb757d93fb94ae9b10d39d53bd7f269176284bb9,2,0,0.0,1,1,2.0,2,0,0,0,1,0.0,0,2025-11-09 06:09:46.125,2025-11-09 06:09:47.792,1.0,-1.0,0.0142,0.0,0,0.0,0.5,1
c8d7259a431c6ed03ae9dfac56c85b7b14c261ccd3340c9f5d0d6ddb9becb22b,7,0,0.0,1,1,7.0,2,0,0,0,1,0.0,0,2025-11-09 17:27:40.220,2025-11-09 17:32:08.650,1.0,-1.0,0.0142,0.0,0,0.0012641416666666668,1.0,1
7363a7d9be0c06d04593edfa5053f1f01b00ae5ebe157dc73c17215d7d80b18a,1,1,1.0,1,1,1.0,1,0,1,0,0,0.0,0,2025-11-09 16:30:15.259,2025-11-09 16:30:15.259,1.0,0.0,0.0071,0.0,0,0.0,0.0,1
d4f9cb333dc88283034460edc55a6b300f613dbd9b12e14152d74ab3cd8f7c96,1,0,0.0,1,1,1.0,1,0,0,0,1,0.0,0,2025-11-09 15:23:07.163,2025-11-09 15:23:07.163,1.0,-1.0,0.0071,0.0,0,0.0,1.0,1
d36c70a73212bc622871c42dfeb12c7bbc5869d436444e24b2c851ca762adcc2,1,1,1.0,1,1,1.0,1,0,1,0,0,0.0,0,2025-11-09 12:32:32.531,2025-11-09 12:32:32.531,1.0,0.0,0.0071,0.0,0,0.0,0.0,1
d95e7fd708646d8659793b299c9b0d7a93ced92a7569abdd8fe34bb4e8906194,1,1,1.0,1,1,1.0,1,0,1,0,0,0.0,0,2025-11-09 17:25:58.043,2025-11-09 17:25:58.043,1.0,0.0,0.0071,0.0,0,0.0,0.0,1
186bd294a0b48ba114f814b9946e3c3e562d4ecf7b660cb2d215bf2f8c39380c,3,0,0.0,1,1,3.0,3,0,0,0,1,0.0,0,2025-11-09 16:48:29.117,2025-11-09 16:48:55.807,1.0,-1.0,0.0213,0.0,0,0.0,0.3333,1
2266c57b33bf7f4a54b08ffd0a9c4e7cb07576ef412621e5026c25089697d958,1,1,1.0,1,1,1.0,1,0,1,0,0,0.0,0,2025-11-09 08:05:29.362,2025-11-09 08:05:29.362,1.0,0.0,0.0071,0.0,0,0.0,0.0,1
fa2ebb641b302d2abeb02c7e1ef40a182b41f98873e8dc95193b545517ff3194,4,0,0.0,4,4,1.0,3,0,0,0,0,0.0,0,2025-11-09 09:31:13.718,2025-12-03 08:21:43.136,23.95,-1.0,0.0213,0.0,0,0.0,0.0,0
9641d3684f186f716f57163759b06ca6af7794d5478442913f26db779d3a5d85,1,1,1.0,1,1,1.0,1,0,1,0,0,0.0,0,2025-11-09 05:59:19.182,2025-11-09 05:59:19.182,1.0,0.0,0.0071,0.0,0,0.0,0.0,1
bfeca45fc80566a926e7766f979c7ec54812bc25268cb76e17eb8fb0ff683d1a,1,1,1.0,1,1,1.0,1,0,1,0,0,0.0,0,2025-11-09 08:14:51.136,2025-11-09 08:14:51.136,1.0,0.0,0.0071,0.0,0,0.0,0.0,1
3c3df1a6d4b46e570ab175b08cd5f1fb4d948da13049bf189a8bb1c35c34ee61,8,0,0.0,1,1,8.0,2,0,0,0,1,0.0204,0,2025-11-10 16:22:22.001,2025-11-10 16:23:26.503,1.0,-1.0,0.0142,0.0,0,0.0051,1.0,1
59b6953cb54fc487560b3b4a83ba44b378f2a798d9182710aa1fb89e2a10cc5d,7,0,0.0,4,4,1.75,5,0,0,0,1,0.0,0,2025-11-10 16:26:40.416,2025-11-19 18:41:20.209,9.09,-1.0,0.0355,0.6667,0,0.0,0.1429,1
40068bbdb549f8d57aed19ecf1d919b6186da965d9c7a6ee04e648fa6de48d84,1,1,1.0,1,1,1.0,1,0,1,0,0,0.0,0,2025-11-10 23:17:14.876,2025-11-10 23:17:14.876,1.0,0.0,0.0071,0.0,0,0.0,0.0,1
06734661d526ecb9af709ce87c6ad43b2b21719a15173a5ca7c2a841e6a2cf95,103,31,0.301,1,1,103.0,13,0,1,0,1,0.0,1,2025-11-10 23:17:55.236,2025-11-10 23:42:39.955,1.0,0.29,0.0922,0.0,1,0.01504714657142857,0.9806,1
8a26cd80cfeac80219bc6acfa051bfd2ebff275d0f9168b20fa6f255e16d546e,5,0,0.0,2,3,1.67,4,0,0,0,1,0.0,1,2025-11-10 19:01:41.071,2025-11-11 15:36:35.841,1.0,-1.0,0.0284,0.0,0,0.0,0.4,1
f8592ca79526643d5f3d18ae83a27a4866b1ceccb02bf118b88b76086afa74de,533,174,0.3265,1,1,533.0,20,0,1,0,1,0.0,1,2025-11-10 13:57:13.741,2025-11-10 14:49:53.545,1.0,1.06,0.1418,0.0,1,0.017998544976958526,0.9887,1
eb5d029ce31079dd58bc6ca6cec518bc686f662f758a89aae2f69b27e0ab0a23,8,0,0.0,1,1,8.0,3,0,0,0,1,0.0,0,2025-11-10 12:19:59.448,2025-11-10 12:42:30.251,1.0,-1.0,0.0213,0.0,0,0.0012641416666666666,1.0,1
aa61e3cef9b865468d96d2e0830de8409d599d2b4c93bf1dc8803afc9fca224d,407,158,0.3882,1,1,407.0,20,0,1,0,1,0.0,1,2025-11-10 10:42:35.269,2025-11-10 11:06:12.617,1.0,2.35,0.1418,0.0,1,0.026063768506493508,0.9853,1
da74d2d671bfbfe0a8041ecc028b4fbeae3c210cd98943a8717f2397d59dd0c4,180,75,0.4167,1,1,180.0,11,0,1,0,1,0.0,0,2025-11-10 14:25:20.849,2025-11-10 15:18:32.560,1.0,36.77,0.078,0.0,1,0.015841385294117646,1.0,1
aa5c919b48788a2fe602d6fa54b77934914e6a68844655242e5ed6fd5514be96,2,0,0.0,1,1,2.0,2,0,0,0,1,0.0,0,2025-11-10 16:18:54.221,2025-11-10 16:18:55.886,1.0,-1.0,0.0142,0.0,0,0.0,0.5,1
b99ddb56ea8f5b465e6ad8140d34a27f4b2851939934856c2959be7c48b34096,134,50,0.3731,1,1,134.0,17,0,1,0,1,0.0,1,2025-11-10 11:50:44.429,2025-11-10 11:59:27.451,1.0,0.31,0.1206,0.0,1,0.028712152727272726,0.9104,1
f472b6310fc3c3114c128f3722aea519bc2e9fbe4933d537ad61e2d753588e96,20,7,0.35,2,2,10.0,8,0,1,0,1,0.0,1,2025-11-10 06:28:58.779,2025-11-18 06:46:52.889,8.01,1.26,0.0567,0.3333,0,0.009022222222222221,0.65,1
2835b44994d4b345c10e0dbddd152ed1ce2e44735def1309babb2a4616db5e21,1114,369,0.3312,3,4,278.5,39,1,1,0,1,0.0,3,2025-11-10 18:29:02.828,2025-11-20 16:30:07.869,9.92,1.11,0.2766,0.9714,1,0.013463196786632391,0.965,1
e018222ffda0d09bf4120430ff25803352884c720d827019d54deb2054fdf37f,12,0,0.0,2,2,6.0,5,0,0,0,1,0.0,0,2025-11-10 15:10:39.575,2025-11-14 10:10:29.690,3.79,-1.0,0.0355,0.0,0,0.0,0.0833,1
d0a1869dffa81c97fe2a75b892d8d6c02a06a0aa6c1751d9cbfd3a7e3bce577f,2101,575,0.2737,8,11,191.0,50,1,1,0,1,6.23760019,4,2025-11-10 15:14:22.445,2025-12-03 17:14:09.166,23.08,1.43,0.3546,0.9982,1,0.021422137002427184,0.9429,0
4feed558cdbf6ba0e900256ed313ad1faeeebef18a008fb1b46a2332e49946fc,1,1,1.0,1,1,1.0,1,0,1,0,0,0.0,0,2025-11-10 10:28:37.427,2025-11-10 10:28:37.427,1.0,0.0,0.0071,0.0,0,0.0,0.0,1
10536251af6895b53f9ef358381f8a5c5045a4ff1b92cf7bf42b549a4839f89d,7,1,0.1429,1,2,3.5,6,0,1,0,1,0.0,0,2025-11-10 07:59:39.351,2025-11-10 10:47:48.117,1.0,167.99,0.0426,0.0,0,0.0056500000000000005,0.4286,1
fffa2e00c3af3bce971c074842322c5e13635c27454a561652ab01e6ebd39260,1416,421,0.2973,2,1,1416.0,16,0,1,0,1,11.32691768,0,2025-11-10 13:58:05.205,2025-11-22 11:13:09.388,11.89,17055.81,0.1135,-281.2,1,0.027283065314569536,0.9979,1
a38e3628f70a5f4ec6d5168bc9fc9a73561fe109af92d0f25e20d4819b52b6f5,3,3,1.0,1,1,3.0,1,0,1,0,0,0.0,0,2025-11-10 05:21:09.302,2025-11-10 05:21:10.255,1.0,0.0,0.0071,0.0,0,0.0,0.0,1
06db023e318de6526dc33947c173b083d6b829c8118f3a63f19078721f43a917,1,1,1.0,1,1,1.0,1,0,1,0,0,0.0,0,2025-11-10 14:05:15.045,2025-11-10 14:05:15.045,1.0,0.0,0.0071,0.0,0,0.0,0.0,1
cff4dd959e62a6dfe7ef762ef1660913f3c935d898f006ac5edce7c2ddb8069c,14,1,0.0714,1,1,14.0,9,0,1,0,1,0.0,1,2025-11-10 21:13:14.743,2025-11-10 21:25:17.395,1.0,4.53,0.0638,0.0,0,0.0,0.5,1
7458c2c4a6043f762bc38ca15b291f0b52bbbfa7a7d812a0b8a1310406a0c217,4,0,0.0,1,1,4.0,2,0,0,0,1,0.0,0,2025-11-10 04:02:48.821,2025-11-10 04:07:42.893,1.0,-1.0,0.0142,0.0,0,0.004044473333333333,1.0,1
3a3e6fcfcee4b867614b5b306c94d3a53a98d55262c09d8fc6d42f248cdb99f3,1,1,1.0,1,1,1.0,1,0,1,0,0,0.0,0,2025-11-10 13:49:31.893,2025-11-10 13:49:31.893,1.0,0.0,0.0071,0.0,0,0.0,0.0,1
d6dbb92efe09e285998c0c381ed39d80f632e6237dd4cbd585620baa2fb012e9,8,1,0.125,1,1,8.0,8,1,1,0,1,0.0,1,2025-11-10 01:23:22.075,2025-11-10 01:24:41.414,1.0,1.25,0.0567,0.0,0,0.0,0.125,1
e80acb95b150107a7989e8543fe92539f6b331cbb938fe571dd2edfdd0bd7ab8,7,0,0.0,1,1,7.0,4,0,0,0,1,0.0,0,2025-11-10 18:52:53.951,2025-11-10 18:53:08.291,1.0,-1.0,0.0284,0.0,0,0.0,0.1429,1
eb815feaab811b6434375551fcdddd54c331f055e91f68e527493b173e210499,1,1,1.0,1,1,1.0,1,0,1,0,0,0.0,0,2025-11-10 10:23:44.965,2025-11-10 10:23:44.965,1.0,0.0,0.0071,0.0,0,0.0,0.0,1
d51c4ee13608a453bcaf2adb5248b8a5bfbb41b28ba0a43c8661fa00a2368efc,1,1,1.0,1,1,1.0,1,0,1,0,0,0.0,1,2025-11-10 19:59:45.090,2025-11-10 19:59:45.090,1.0,0.0,0.0071,0.0,0,0.0,0.0,1
c4ed7994875c91b2be8e19435d0ad2047bcbb3b8ece81c3d97aee0e8bbd29f89,5,1,0.2,1,1,5.0,5,0,1,0,1,0.0,1,2025-11-10 05:54:29.777,2025-11-10 05:55:19.065,1.0,0.82,0.0355,0.0,0,0.0,0.2,1
da3fc75b28bdff015ef12533f5aaef07af3e8d16a8d3808d9d5d1a68116622c9,1,1,1.0,1,1,1.0,1,0,1,0,0,0.0,0,2025-11-10 23:17:49.764,2025-11-10 23:17:49.764,1.0,0.0,0.0071,0.0,0,0.0,0.0,1
9981b16de8ea6bbbc5ef0904d4153d8679b4d2ec9d180d53bfd01bfe942511ac,4,0,0.0,2,2,2.0,4,0,0,0,1,0.0,0,2025-11-10 18:42:57.844,2025-11-12 08:17:14.104,1.57,-1.0,0.0284,0.0,0,0.0,0.25,1
9a29cea50babe5f41d4019e92645121c40740722219bd2f37ae4c1f13de2aae1,1,1,1.0,1,1,1.0,1,0,1,0,0,0.0,0,2025-11-10 11:36:15.761,2025-11-10 11:36:15.761,1.0,0.0,0.0071,0.0,0,0.0,0.0,1
8fec2e6b81cf6c8864dcb8f3572e34a4c8b22f0fde724b508f8f74f873b9f100,6,3,0.5,2,3,2.0,2,0,1,0,0,0.0,1,2025-11-10 23:15:54.058,2025-11-11 12:39:25.128,1.0,0.13,0.0142,0.0,0,0.0,0.0,1
85e190f23c752f99f54d17605642b28d9a662012ee2053e5130b918f8b78c164,1,1,1.0,1,1,1.0,1,0,1,0,0,0.0,0,2025-11-10 19:18:09.811,2025-11-10 19:18:09.811,1.0,0.0,0.0071,0.0,0,0.0,0.0,1
e66387888377aec52142152d229c1f0c18878dc951a63da6b7081adb3cd248f0,1,1,1.0,1,1,1.0,1,0,1,0,0,0.0,0,2025-11-10 11:45:34.355,2025-11-10 11:45:34.355,1.0,0.0,0.0071,0.0,0,0.0,0.0,1
42a9fdda7057a038843179dbabcec3fe38292853ca7970d4eb98ab56c2cb6947,72,32,0.4444,2,2,36.0,10,0,1,0,1,0.0,0,2025-11-10 15:16:45.542,2025-12-08 03:15:49.463,27.5,39594.81,0.0709,-70.0,1,0.03434532358974359,1.0,0
6e3ce408a89fbc7a87ce33eb714dcc81b3b009cc0dc0645aa82c2e57bd072ed4,3,0,0.0,1,1,3.0,3,0,0,0,1,0.0,0,2025-11-10 16:30:52.055,2025-11-10 16:31:18.914,1.0,-1.0,0.0213,0.0,0,0.0,0.3333,1
d5854f72476149b347adb1b9ebb7544d12b4dba1e57ee21393efdef2860623bc,1,1,1.0,1,1,1.0,1,0,1,0,0,0.0,0,2025-11-10 23:37:48.748,2025-11-10 23:37:48.748,1.0,0.0,0.0071,0.0,0,0.0,0.0,1
28131667fd54770359803e05d92bd1ea46ba321aa848f43d973d5aa14c4222b9,1,1,1.0,1,1,1.0,1,0,1,0,0,0.0,0,2025-11-10 03:40:28.309,2025-11-10 03:40:28.309,1.0,0.0,0.0071,0.0,0,0.0,0.0,1
fc0c0cb47e11e19e07ae27d1a1d9e52326418df846d35ad7c45161774e224b57,1,1,1.0,1,1,1.0,1,0,1,0,0,0.0,0,2025-11-10 13:20:44.331,2025-11-10 13:20:44.331,1.0,0.0,0.0071,0.0,0,0.0,0.0,1
06d63737bf2d2a389fc5d5d8e96b869c9446ca26f1452dd39e75507b218ed16a,2,2,1.0,1,1,2.0,1,0,1,0,0,0.0,0,2025-11-10 11:46:08.193,2025-11-10 11:46:46.850,1.0,0.0,0.0071,0.0,0,0.0,0.0,1
9deee608db48274a3922e1cc9641af21d4ecae388ded46d96474c8dc31e2955d,1,1,1.0,1,1,1.0,1,0,1,0,0,0.0,0,2025-11-10 00:34:16.513,2025-11-10 00:34:16.513,1.0,0.0,0.0071,0.0,0,0.0,0.0,1
0cf7ce5e68f8dc25abc4da5640c5eea44cc97677f0b0a9dc86e7968025564b70,218,93,0.4266,2,2,109.0,20,0,1,0,1,0.0,2,2025-11-11 15:59:36.863,2025-11-12 19:02:31.205,1.13,1.4,0.1418,0.0,1,0.018942551842105262,0.9037,1
4c4361ccd1e066f36eed594b356ad0fc0281d491ffb8f03a3124e3d98fca1c43,751,263,0.3502,1,1,751.0,22,0,1,0,1,0.0,0,2025-11-11 18:43:29.089,2025-11-11 19:15:25.629,1.0,1.4,0.156,0.0,1,0.019422813688212928,0.9907,1
cf903af7cf2d28999a4d4b82b2b30aaf049f37ed7cfa1c938efac343c1cb73bb,1,0,0.0,1,1,1.0,1,0,0,0,0,0.0,0,2025-11-11 16:58:58.142,2025-11-11 16:58:58.142,1.0,-1.0,0.0071,0.0,0,0.0,0.0,1
9e8d26d85f65d43c15c1a021ab6a6aabec3a0442b5b00eb4b10083265c977958,1,0,0.0,1,1,1.0,1,0,0,0,0,0.0,0,2025-11-11 23:02:45.294,2025-11-11 23:02:45.294,1.0,-1.0,0.0071,0.0,0,0.0,0.0,1
7cbf1603b7dd115b6b760a0633baeb249b90f78adcb8a20a6cbaa8477fa3c30b,9,3,0.3333,1,1,9.0,6,0,1,0,1,0.0,3,2025-11-11 16:42:29.170,2025-11-11 17:07:44.578,1.0,24.44,0.0426,0.0,0,0.0,0.2222,1
79c432f68360bb51ecb1bbb12d1c66cd566749e90c9a6028ec80ffc2b93e4fa2,8,0,0.0,1,1,8.0,4,0,0,0,1,0.0,0,2025-11-11 06:57:57.551,2025-11-11 07:11:02.304,1.0,-1.0,0.0284,0.0,0,0.0,0.125,1
eb1cca3ccab10564de4c76a949c3097e5370c8e92eac1c20e040c771bc72e714,22,2,0.0909,1,2,11.0,14,0,1,0,1,0.0,1,2025-11-11 14:21:51.232,2025-11-11 15:48:56.622,1.0,8.3,0.0993,0.0,0,0.00014447333333333334,0.1818,1
94dd4efcee9651625b5fd419bd7cb6a09966a15fe1800952d398088a45867779,8,1,0.125,1,1,8.0,7,0,1,0,1,0.0,1,2025-11-11 13:56:42.678,2025-11-11 13:59:49.229,1.0,0.9,0.0496,0.0,0,0.0,0.125,1
e1fec9c8a0f91243f5f33bb2faacb44376105f858dd1c68253e0d0e85ee77b88,804,260,0.3234,6,9,89.33,28,0,1,0,1,0.29483342,1,2025-11-11 12:00:41.653,2025-11-27 16:58:54.275,16.21,0.33,0.1986,0.9887,1,0.057393568048780486,0.9677,0
c0e041ffda8f7d0186b63a87a369920844004c82348eb88fa1349ae39657f233,3,0,0.0,1,1,3.0,2,0,0,0,0,0.0,0,2025-11-11 17:01:07.360,2025-11-11 17:07:52.980,1.0,-1.0,0.0142,0.0,0,0.0,0.0,1
e2c3dcd28d9b69304a54598ca613d62699c2034b3831a50e1898427d060f8524,26,3,0.1154,1,1,26.0,18,1,1,0,1,0.0,2,2025-11-11 11:46:04.603,2025-11-11 12:04:15.139,1.0,1.18,0.1277,0.0,0,0.0015892066666666667,0.1538,1
199c94031ef3557494151b130b70fd636fa14e0b4bc354ef8665be51fa9bb64c,68,8,0.1176,2,2,34.0,28,1,1,0,1,0.0,2,2025-11-11 12:57:13.480,2025-11-20 15:23:55.652,9.1,0.86,0.1986,-0.72,0,0.006823843571428572,0.4706,1
535215f31ea1997ae8f538dc25c588b9918aa06bf1946a5e3694f1ead12dc083,2,0,0.0,1,1,2.0,1,0,0,0,0,0.0,0,2025-11-11 20:52:27.360,2025-11-11 20:52:45.123,1.0,-1.0,0.0071,0.0,0,0.0,0.0,1
783e50b4e84f20fba3cdf88ecb17baabbbc6e9024a0964d7fdaf26a81e348e0a,3,0,0.0,1,1,3.0,1,0,0,0,0,0.0,0,2025-11-11 18:29:49.420,2025-11-11 18:29:51.480,1.0,-1.0,0.0071,0.0,0,0.0,0.0,1
49d448af163ed04bee8e22f250e0c7d16cd8d3de6250aaa4046e587f3a8c22cf,1,0,0.0,1,1,1.0,1,0,0,0,1,0.0,0,2025-11-11 09:24:04.269,2025-11-11 09:24:04.269,1.0,-1.0,0.0071,0.0,0,0.0,1.0,1
b576a6ad533b4898e0901c13b8fbb5cf3a0198ed882199684d593e7244c70131,29,1,0.0345,1,1,29.0,16,1,1,0,1,0.0,1,2025-11-11 13:11:10.266,2025-11-11 13:15:09.673,1.0,1.05,0.1135,0.0,0,0.0016373644444444444,0.3448,1
1a140d6d3de337b2b4a353797ca06c1333abd5b77624bbc60a13db79cefbca17,3,0,0.0,1,1,3.0,3,0,0,0,1,0.0,0,2025-11-11 09:49:17.937,2025-11-11 09:49:19.902,1.0,-1.0,0.0213,0.0,0,0.0,1.0,1
b813feb10559f86402ddcd4ba2dde546cada1ab3d981ec2ee15cb081d3a98bf3,12,2,0.1667,1,1,12.0,7,0,1,0,1,0.0,0,2025-11-11 16:45:38.646,2025-11-11 16:46:21.835,1.0,0.41,0.0496,0.0,0,0.010933333333333335,0.4167,1
fcbd55940eb7a8a184924d0cf19de921d3907b7b308784bdcfb00eb04b0b2dae,2,0,0.0,1,1,2.0,1,0,0,0,0,0.0,0,2025-11-11 22:08:42.410,2025-11-11 22:09:03.509,1.0,-1.0,0.0071,0.0,0,0.0,0.0,1
3a8fb80ac0f0509c80c6b9259816b64ab1e4765355fb160dd166debd07a24b1b,1,0,0.0,1,1,1.0,1,0,0,0,0,0.0,0,2025-11-11 17:47:00.810,2025-11-11 17:47:00.810,1.0,-1.0,0.0071,0.0,0,0.0,0.0,1
1464428cde8f4d55fc66557158409fcfdef07b534179cd4b65c59c0902834b56,3,0,0.0,1,1,3.0,3,0,0,0,1,0.0,0,2025-11-11 17:13:06.569,2025-11-11 17:13:38.476,1.0,-1.0,0.0213,0.0,0,0.0,0.3333,1
503946f51f641b61c35d2c2c5b216270681e83d13cb7ccd4003c57768a462a85,1,0,0.0,1,1,1.0,1,0,0,0,0,0.0,0,2025-11-11 17:52:21.414,2025-11-11 17:52:21.414,1.0,-1.0,0.0071,0.0,0,0.0,0.0,1
261cde37e14d7bcb60f4db0bdcc233f4cbf24d9a263bbae455d9663b3473f58e,1,1,1.0,1,1,1.0,1,0,1,0,0,0.0,0,2025-11-11 03:36:29.791,2025-11-11 03:36:29.791,1.0,0.0,0.0071,0.0,0,0.0,0.0,1
a63054ce8be4be637493bd93b74295535ca744959060c01356a7e94f960e9c81,5,0,0.0,1,1,5.0,1,0,0,0,0,0.0,0,2025-11-11 18:46:50.543,2025-11-11 18:47:39.455,1.0,-1.0,0.0071,0.0,0,0.0,0.0,1
d9bbe31ce68cc6385f5b230168756221c5fa220be831c37826834ec129baca07,16,1,0.0625,1,1,16.0,14,1,1,0,1,0.0,1,2025-11-11 05:57:58.776,2025-11-11 05:59:24.364,1.0,0.75,0.0993,0.0,0,0.0013002600000000001,0.1875,1
b597e3b5c0a1f876e1a528fe54528d598590b0f68b537c8c54a63974bdcbed6f,1,1,1.0,1,1,1.0,1,0,1,0,0,0.0,0,2025-11-11 03:03:13.976,2025-11-11 03:03:13.976,1.0,0.0,0.0071,0.0,0,0.0,0.0,1
684edd3ddf71479fc482f3f39207d31de4077e3a53a11fbb3078397f3863e952,1,1,1.0,1,1,1.0,1,0,1,0,0,0.0,0,2025-11-11 18:40:53.638,2025-11-11 18:40:53.638,1.0,0.0,0.0071,0.0,0,0.0,0.0,1
57bd1202ea0449b2ea6291a8b491be58a0c8fa91abac14cbaf3a5150ffa67610,7,2,0.2857,1,1,7.0,6,0,1,0,1,0.0,1,2025-11-11 06:59:38.464,2025-11-11 07:03:04.665,1.0,1.19,0.0426,0.0,0,0.0,0.1429,1
d426cc1d1c6b1c9763ac5fb98f7b79b7e33993bdb9b2788983354c553aa890f8,3,1,0.3333,1,1,3.0,3,0,1,0,0,0.0,1,2025-11-11 11:47:45.924,2025-11-11 11:48:02.869,1.0,0.0,0.0213,0.0,0,0.0,0.0,1
aaca9f187515a55938987bc8343ec3f12f88063a9cf2a8552b4b56d8397787a6,4,0,0.0,1,1,4.0,4,0,0,0,1,0.0,0,2025-11-11 10:20:59.650,2025-11-11 10:22:00.741,1.0,-1.0,0.0284,0.0,0,0.0,0.25,1
493501fdd911341f6cf1ea632fdf79ff07ceb1581db64d528f1e64342ea170d4,3,0,0.0,1,1,3.0,1,0,0,0,0,0.0,0,2025-11-11 17:05:39.333,2025-11-11 17:10:41.372,1.0,-1.0,0.0071,0.0,0,0.0,0.0,1
b82e79e66a73d49443cea142a198286eaa8fab8a19f8ffa53731b941b048b6f9,8,0,0.0,1,1,8.0,4,0,0,0,1,0.0,0,2025-11-11 07:17:20.337,2025-11-11 07:17:36.971,1.0,-1.0,0.0284,0.0,0,0.0,0.125,1
f0c4f89d28406b47aebdbd3a326f2a7a79a3aa55fb99994951879a9fc0984b14,1,0,0.0,1,1,1.0,1,0,0,0,0,0.0,0,2025-11-11 17:12:43.267,2025-11-11 17:12:43.267,1.0,-1.0,0.0071,0.0,0,0.0,0.0,1
d31e3cef2e720af1d5de7f629b4ccf8c61b9b9069745b1956204dfd3cd8b9082,1,1,1.0,1,1,1.0,1,0,1,0,0,0.0,1,2025-11-11 18:21:14.200,2025-11-11 18:21:14.200,1.0,0.0,0.0071,0.0,0,0.0,0.0,1
93879902c7ee7aa88cea0892dc2d55e148b0f443ca1f8bea3a6693dde7ece5f0,4,0,0.0,1,2,2.0,1,0,0,0,0,0.0,0,2025-11-11 17:16:02.806,2025-11-11 18:40:13.680,1.0,-1.0,0.0071,0.0,0,0.0,0.0,1
109d3359d4e4321504f119a30f4a7c9afe0dd7490139fa449db4540ed9303e78,1,1,1.0,1,1,1.0,1,0,1,0,0,0.0,0,2025-11-11 04:30:55.303,2025-11-11 04:30:55.303,1.0,0.0,0.0071,0.0,0,0.0,0.0,1
b50723f8a059c8dc09c07e242b5fe7c033dcc6f72613166e4a91abc1d979b439,5,0,0.0,1,1,5.0,2,0,0,0,0,0.0,0,2025-11-11 22:59:02.313,2025-11-11 23:08:21.064,1.0,-1.0,0.0142,0.0,0,0.0,0.0,1
ca0fec229d047705fc73db02f15a39a3c6b18397e5f457186ced267ce9be2981,2,0,0.0,1,1,2.0,1,0,0,0,0,0.0,0,2025-11-11 18:49:59.419,2025-11-11 18:50:07.887,1.0,-1.0,0.0071,0.0,0,0.0,0.0,1
5f100bfb89ac992c0e51dd8c5a4c8ae070deeab4184846a7acd24b213b722a09,2,0,0.0,1,2,1.0,1,0,0,0,0,0.0,0,2025-11-11 13:56:00.387,2025-11-11 21:07:20.864,1.0,-1.0,0.0071,0.0,0,0.0,0.0,1
e9197db5fab6fef8469c0aed3b2db6fa7aeccc587c31f1abcac9fc55a3cf3b53,2,0,0.0,1,1,2.0,1,0,0,0,0,0.0,0,2025-11-11 07:10:52.088,2025-11-11 07:22:53.002,1.0,-1.0,0.0071,0.0,0,0.0,0.0,1
ab3223fd700761051cefc6fe6c7def365fedb3865f5814ea119f92f305ad308a,1,1,1.0,1,1,1.0,1,0,1,0,0,0.0,0,2025-11-11 17:09:29.869,2025-11-11 17:09:29.869,1.0,0.0,0.0071,0.0,0,0.0,0.0,1
012e228137363494d4c38c980f16757e4f0033cd1617d374434cd4eb4c312510,1,0,0.0,1,1,1.0,1,0,0,0,0,0.0,0,2025-11-11 21:20:35.738,2025-11-11 21:20:35.738,1.0,-1.0,0.0071,0.0,0,0.0,0.0,1
91a967b9d71fa2c1a0fa42ecbc84e36b9d93751bd4d8599e2d7ea1524177131a,275,73,0.2655,2,2,137.5,27,1,1,0,1,0.0,3,2025-11-11 13:54:45.834,2025-11-26 15:47:26.812,15.08,21689.28,0.1915,-273.0,1,0.03535888260416666,0.8945,0
681312e4634882bb437d0238237f7d0732336c8b3c7f2f1f652153ed77438cb1,1,1,1.0,1,1,1.0,1,0,1,0,0,0.0,1,2025-11-11 19:49:54.412,2025-11-11 19:49:54.412,1.0,0.0,0.0071,0.0,0,0.0,0.0,1
d2e20fa03ce0b85e3c60443e1e13ef88b2df2828b4e8cea4f9bbb9d1258e31da,1,0,0.0,1,1,1.0,1,0,0,0,0,0.0,0,2025-11-11 17:03:42.031,2025-11-11 17:03:42.031,1.0,-1.0,0.0071,0.0,0,0.0,0.0,1
e726cb9c08021f3886af1e269d8db847ac2a561ecc8378c8dbe776ccafe7d0c1,1,0,0.0,1,1,1.0,1,0,0,0,0,0.0,0,2025-11-11 17:02:35.277,2025-11-11 17:02:35.277,1.0,-1.0,0.0071,0.0,0,0.0,0.0,1
54b20b67daf3e412b93dab9140f248b4c9a0420949d5d03cda9c2bedb0aa9ab9,1,0,0.0,1,1,1.0,1,0,0,0,0,0.0,0,2025-11-11 12:51:11.822,2025-11-11 12:51:11.822,1.0,-1.0,0.0071,0.0,0,0.0,0.0,1
e45b4004db0814a26331491c63c855da813284d26ce8e9c5293c32e2eae6e4b7,4,0,0.0,1,1,4.0,1,0,0,0,0,0.0,0,2025-11-11 16:16:26.854,2025-11-11 16:17:29.257,1.0,-1.0,0.0071,0.0,0,0.0,0.0,1
e9a1f78035b0d29e018c6a5a7ce2d8d4ee86cf79b6c97610fc8d4f19429025c1,1,0,0.0,1,1,1.0,1,0,0,0,0,0.0,0,2025-11-11 16:16:35.631,2025-11-11 16:16:35.631,1.0,-1.0,0.0071,0.0,0,0.0,0.0,1
2d16ae65dd24717c5a511a7ebcb8a618b911782d3187dab861814e83e71d8d1e,1,0,0.0,1,1,1.0,1,0,0,0,0,0.0,0,2025-11-11 23:38:55.600,2025-11-11 23:38:55.600,1.0,-1.0,0.0071,0.0,0,0.0,0.0,1
641f1e1a8b10d7fc827be0eaa0b455c568fe09582d2bb91938e85f6d1232a9b7,1,0,0.0,1,1,1.0,1,0,0,0,0,0.0,0,2025-11-11 17:40:26.342,2025-11-11 17:40:26.342,1.0,-1.0,0.0071,0.0,0,0.0,0.0,1
0d9ef7306351af0f5eef9e9a0b68885bca69f236085cc20526fc6a801047af2b,1,0,0.0,1,1,1.0,1,0,0,0,0,0.0,0,2025-11-11 21:09:48.772,2025-11-11 21:09:48.772,1.0,-1.0,0.0071,0.0,0,0.0,0.0,1
65b856ff6603909b37dbcbfc945aaa949b1dd23adb0e945ce723a1a93387d51a,1,1,1.0,1,1,1.0,1,0,1,0,0,0.0,0,2025-11-11 02:35:30.777,2025-11-11 02:35:30.777,1.0,0.0,0.0071,0.0,0,0.0,0.0,1
22e65c16cf3c85b13bf475f0714165c6cd97f603b895a0dcaab989370330d67e,1,1,1.0,1,1,1.0,1,0,1,0,0,0.0,0,2025-11-11 07:16:56.696,2025-11-11 07:16:56.696,1.0,0.0,0.0071,0.0,0,0.0,0.0,1
64ddcc97ff4592324ed62f55979318012e3d4300c66a8cc34a6147458067115b,1,1,1.0,1,1,1.0,1,0,1,0,0,0.0,0,2025-11-11 16:43:05.966,2025-11-11 16:43:05.966,1.0,0.0,0.0071,0.0,0,0.0,0.0,1
20be16a659898333115bc559363a857b59424f8d1b0e71114fcd0d42584f188e,1,0,0.0,1,1,1.0,1,0,0,0,0,0.0,0,2025-11-11 16:42:12.182,2025-11-11 16:42:12.182,1.0,-1.0,0.0071,0.0,0,0.0,0.0,1
658e60aa95feb4f74b7469f3914ed61153f3c233df1e2c781061352c2fcbbc97,1,0,0.0,1,1,1.0,1,0,0,0,0,0.0,0,2025-11-11 17:30:54.550,2025-11-11 17:30:54.550,1.0,-1.0,0.0071,0.0,0,0.0,0.0,1
04783ccb2f713989a7c8c553949e061eb67982f6ea2cc304d8f207fc6a1dce80,1,1,1.0,1,1,1.0,1,0,1,0,0,0.0,0,2025-11-11 07:40:34.163,2025-11-11 07:40:34.163,1.0,0.0,0.0071,0.0,0,0.0,0.0,1
6fcc4ce1f0f71be72f80047ffea0e1f269b0031eecfbd451de0dfc348f601328,1,0,0.0,1,1,1.0,1,0,0,0,0,0.0,0,2025-11-11 17:46:18.893,2025-11-11 17:46:18.893,1.0,-1.0,0.0071,0.0,0,0.0,0.0,1
60eefb93bc9d5bcbca452f853265bd86697d05a2d11c4c421175a891e2e5e31f,1,0,0.0,1,1,1.0,1,0,0,0,0,0.0,0,2025-11-11 16:29:07.456,2025-11-11 16:29:07.456,1.0,-1.0,0.0071,0.0,0,0.0,0.0,1
8bebd83099e6f210e4e031dbee5ff2fbf70895a2302d452acb319052a562e114,4,0,0.0,2,3,1.33,1,0,0,0,0,0.0,0,2025-11-12 22:25:14.506,2025-11-15 23:23:54.455,3.04,-1.0,0.0071,0.0,0,0.0,0.0,1
2361948484bc162e3f951a8dcfc887381e26da221d6c3a9f76870ee617f8dd08,1,0,0.0,1,1,1.0,1,0,0,0,0,0.0,0,2025-11-12 20:14:46.014,2025-11-12 20:14:46.014,1.0,-1.0,0.0071,0.0,0,0.0,0.0,1
e0fd437712450b5adc19bfb55101d11e6b5c89dd2c5322c079bb03be534a18c9,507,152,0.2998,3,4,126.75,35,1,1,0,1,0.0,2,2025-11-12 09:06:38.179,2025-11-17 14:49:20.889,5.24,3.35,0.2482,0.0,1,0.018555368894736843,0.9132,1
5b96550cd379cf8abe9ca8b47b2cc7dfb1990807fd66e390f4c35387d02f11ca,3,0,0.0,1,1,3.0,2,0,0,0,0,0.0,0,2025-11-12 09:58:27.944,2025-11-12 09:58:44.912,1.0,-1.0,0.0142,0.0,0,0.0,0.0,1
f3bed22d70f99ee824c8b886e82ea8cccbf284ace326e8c08df4c319381b7171,9,0,0.0,1,3,3.0,6,0,0,0,1,0.0,0,2025-11-12 10:11:23.425,2025-11-12 11:52:39.973,1.0,-1.0,0.0426,0.0,0,0.0,0.1111,1
34a3f4b1f3861b38b9a8865eb62aa3a15b145072b4340d8c663d1bee9105a07c,208,81,0.3894,1,1,208.0,21,0,1,0,1,0.0,1,2025-11-12 16:15:31.098,2025-11-12 16:44:19.883,1.0,1.61,0.1489,0.0,1,0.019414910176991148,0.9231,1
7c71fca97b880e722f2b87c93ce835e7c3c2d7a5f0d84ea0e5d19f987938550a,25,20,0.8,1,2,12.5,7,0,1,0,1,0.0,1,2025-11-12 12:32:47.907,2025-11-12 16:46:15.030,1.0,1.73,0.0496,0.0,0,0.0,0.04,1
2e266878e058b5b2e73d7507fdd516d5aacb36b67e607e9483afa97bb9b588ef,3,0,0.0,1,1,3.0,1,0,0,0,0,0.0,0,2025-11-12 14:36:30.869,2025-11-12 14:45:47.417,1.0,-1.0,0.0071,0.0,0,0.0,0.0,1
96eae0b2d431e160d9ee4a671c3d1769b498ff60e92331fc498e7336fbaa27df,9,0,0.0,1,1,9.0,5,0,0,0,1,0.0,0,2025-11-12 20:36:02.369,2025-11-12 20:39:17.156,1.0,-1.0,0.0355,0.0,0,0.0,0.1111,1
c94e7cb8020fd92f659f7c6bf44cc6665ae7fbad3cf4acba2f6a1c72e0c4d0e4,8,1,0.125,1,1,8.0,3,0,1,0,0,0.0,1,2025-11-12 03:49:17.821,2025-11-12 04:19:11.382,1.0,0.64,0.0213,0.0,0,0.0,0.0,1
051e708ec83ce8831ebadb5b03115955f67067d3c69092476582244ecdd26eb2,13,2,0.1538,3,5,2.6,7,0,1,0,1,0.0,2,2025-11-12 18:15:35.489,2025-12-02 19:18:13.878,20.04,15.78,0.0496,0.5556,0,0.0,0.1538,0
a6f3f6449c3b3d04856dfafc0488f2d2c2ad3efc2a68eeb7db068e8c5e56535b,8,0,0.0,1,1,8.0,2,0,0,0,0,0.0,0,2025-11-12 20:28:44.612,2025-11-12 20:38:07.612,1.0,-1.0,0.0142,0.0,0,0.0,0.0,1
3e2ed3f9ef79220887279a355847984e66921c0251dbdafd6fb39f366605d1bc,1,0,0.0,1,1,1.0,1,0,0,0,1,0.0,0,2025-11-12 13:21:51.093,2025-11-12 13:21:51.093,1.0,-1.0,0.0071,0.0,0,0.0,1.0,1
cd8bee153b21cb9c672a8ab4138c4685d8ffd80dff3d4f8e7f2aeb93945e6416,9,0,0.0,1,1,9.0,5,0,0,0,1,0.0,0,2025-11-12 21:29:32.517,2025-11-12 21:30:07.582,1.0,-1.0,0.0355,0.0,0,0.0,0.1111,1
fd58de5863a77116b69352ef0d7ebb941258dc62a83b4cfb59b8160df515d8ba,15,3,0.2,1,1,15.0,7,0,1,0,1,0.0,2,2025-11-12 07:38:09.950,2025-11-12 08:11:32.262,1.0,2.55,0.0496,0.0,0,0.0,0.1333,1
745d99bed0c4f1209103bc02daa5bf369f4560d982f0d48601a5f3c3c459422b,16,5,0.3125,1,1,16.0,8,0,1,0,1,0.0,1,2025-11-12 09:59:18.213,2025-11-12 10:02:08.892,1.0,1.6,0.0567,0.0,0,0.012066666666666668,0.5,1
d34bd3d1f1104d05e1d9c8f5eb9c45a01dfbd1606a015fa0969d7d9531a6b7c8,24,2,0.0833,1,1,24.0,13,0,1,0,1,0.0,2,2025-11-12 23:30:53.106,2025-11-12 23:36:48.085,1.0,2.65,0.0922,0.0,0,0.00021671,0.0833,1
7e7dba82c726684566ca17c9cbf13bb64462975ca1426a42a2deb34cbce381d6,6,0,0.0,1,1,6.0,1,0,0,0,0,0.0,0,2025-11-12 11:25:50.672,2025-11-12 11:28:56.683,1.0,-1.0,0.0071,0.0,0,0.0,0.0,1
fa7c05ac1eb499df706015944d0e899defeb0308986905b16ad620543514ba31,7,2,0.2857,1,1,7.0,7,0,1,0,1,0.0,1,2025-11-12 11:30:52.468,2025-11-12 11:33:23.679,1.0,0.98,0.0496,0.0,0,0.0,0.1429,1
c450d1b45ff9c9e7efc16795e236a62a7b6000e7562c4700f1c6bc1c65e07267,1,1,1.0,1,1,1.0,1,0,1,0,0,0.0,0,2025-11-12 20:26:33.586,2025-11-12 20:26:33.586,1.0,0.0,0.0071,0.0,0,0.0,0.0,1
eefb514bed7e1327daf90c683a1bbed872d676ce29e8f6cbbe08cb5e57323087,263,91,0.346,2,3,87.67,20,0,1,0,1,0.0,1,2025-11-12 17:32:00.521,2025-11-13 02:08:08.814,1.0,0.15,0.1418,0.0,1,0.03249890528846154,0.9316,1
5230b7afe344a3d1c15877dface96d5128f948e2f9cc09dba95c7acb95b0415c,1218,385,0.3161,4,10,121.8,33,0,1,0,1,20.98730926,3,2025-11-12 16:13:12.377,2025-11-16 11:55:59.521,3.82,4.0,0.234,0.0,1,0.05678054048034935,0.9417,1
28c239a3fa02ff8e6cd357352789809c2302c5005fa1c038e441466a926f865c,30,1,0.0333,1,1,30.0,17,1,1,0,1,0.0,1,2025-11-12 18:36:06.584,2025-11-12 18:42:30.288,1.0,0.4,0.1206,0.0,0,0.0013002600000000001,0.1333,1
201bdefd22966c1e98f4b0bbc0e15fbf03c30e01058e1bf2d883b99978d08b22,3,0,0.0,2,3,1.0,1,0,0,0,0,0.0,0,2025-11-12 11:55:34.728,2025-11-13 16:59:28.733,1.21,-1.0,0.0071,0.0,0,0.0,0.0,1
3017a67874cdbe27c89ee0984bc664f499c4c0eab9fff77fe152cabcfcf72a5a,2721,911,0.3348,4,8,340.12,54,1,1,0,1,28.8213433,8,2025-11-12 13:43:07.376,2025-11-20 11:13:23.849,7.9,1.1,0.383,0.0007,1,0.03598425081914894,0.91,1
febe1e27500f0608eb11df440ded1d55c432e4740d83c7578d5592f9bd04bdad,5,1,0.2,1,1,5.0,5,0,1,0,1,0.0,0,2025-11-12 20:11:25.640,2025-11-12 20:12:11.221,1.0,0.76,0.0355,0.0,0,0.0,0.2,1
3c9f8011d1c53bcdd44cca7d83001165b9db45a59fc63d1caf6b7612538ed457,7,1,0.1429,4,5,1.4,2,0,1,0,0,0.0,0,2025-11-12 03:32:27.311,2025-11-18 05:12:00.851,6.07,0.0,0.0142,0.0,0,0.0,0.0,1
38af072aa54a9b2e094e1124a0a39cdbb372d9ba6fa07fb093cb938eb144fcbf,2,0,0.0,1,1,2.0,1,0,0,0,0,0.0,0,2025-11-12 16:51:33.948,2025-11-12 16:51:40.440,1.0,-1.0,0.0071,0.0,0,0.0,0.0,1
00f85c30cc4208ed8b52528a9124c4eea67790fa0cc66ac45852545cc2f225e5,4,0,0.0,1,1,4.0,4,0,0,0,1,0.0,0,2025-11-12 14:39:02.361,2025-11-12 14:39:39.465,1.0,-1.0,0.0284,0.0,0,0.0,0.25,1
4115f04a5b2b6c7934859e29e84a7024836455b190eeba8c7d1521249cab88da,1911,696,0.3642,4,6,318.5,43,1,1,0,1,0.0,2,2025-11-12 20:41:56.805,2025-11-17 01:51:51.779,4.22,0.42,0.305,0.0,1,0.031770836984815615,0.943,1
a7656c2a5d3352fdade5a3db81631cf6fb3a9a5dff3fad44ed61404d579df538,1,0,0.0,1,1,1.0,1,0,0,0,0,0.0,0,2025-11-12 11:56:39.220,2025-11-12 11:56:39.220,1.0,-1.0,0.0071,0.0,0,0.0,0.0,1
4463aa3264657ed9509f07acc51bcd77a784952c6f12f016886d23c2dd3b41e3,1,0,0.0,1,1,1.0,1,0,0,0,0,0.0,0,2025-11-12 02:55:27.904,2025-11-12 02:55:27.904,1.0,-1.0,0.0071,0.0,0,0.0,0.0,1
ba7648a70d8194afab74c05099be4279e1726d441651b6f913e7806ceffa3b05,4,0,0.0,2,3,1.33,1,0,0,0,0,0.0,0,2025-11-12 13:41:41.281,2025-11-15 19:59:54.498,3.26,-1.0,0.0071,0.0,0,0.0,0.0,1
516b8ad0d066a0458c6d4193041f637d197b46348df384382c25480af575c7b3,5,0,0.0,1,1,5.0,1,0,0,0,0,0.0,0,2025-11-12 16:51:33.545,2025-11-12 16:52:02.107,1.0,-1.0,0.0071,0.0,0,0.0,0.0,1
bf51d29ad0132ca15c546e07f8e08b3521d281c600b1238856c9a09d3a99e8fa,6,0,0.0,1,1,6.0,4,0,0,0,1,0.0,0,2025-11-12 04:25:37.515,2025-11-12 04:26:30.196,1.0,-1.0,0.0284,0.0,0,0.0,0.1667,1
520ba2129fc4cd433707a6a3bd5345581217ddcd16da623a8e3d5570a3e7d658,35771,10155,0.2839,20,48,745.23,46,0,1,0,1,561.98356903,29,2025-11-12 03:33:44.280,2025-12-02 07:57:57.281,20.18,0.25,0.3262,-0.1416,1,0.09591825834722441,0.9584,0
c47b96069b067075b33055ca46ad3b92ad3e962e7d2833a70915df2a26faa05f,450,141,0.3133,3,7,64.29,36,0,1,0,1,0.0,1,2025-11-12 20:28:05.603,2025-11-14 14:01:33.104,1.73,0.85,0.2553,0.0,1,0.03980941342281879,0.8556,1
d29464f8fe108cecd2ad61c68c41fd81fda70326b4352c586e74db529626cdb9,69,28,0.4058,2,2,34.5,16,0,1,0,1,0.0,1,2025-11-12 16:10:02.468,2025-11-21 16:18:47.085,9.01,5.55,0.1135,0.9853,1,0.01656465696969697,0.8116,1
becbecf1bf1a27e9b6c1b3b8b5ad2447fa0c87598873d22a55bcee616a1deef7,286,94,0.3287,1,1,286.0,20,0,1,0,1,0.0,1,2025-11-12 16:50:34.138,2025-11-12 17:09:16.773,1.0,1.82,0.1418,0.0,1,0.05568932846153846,0.979,1
f22d8b2947fd28e8131be76c73e0afe99566217471ad9f22a433d97cbaae445e,20,7,0.35,1,1,20.0,14,0,1,0,1,0.0,2,2025-11-12 14:46:15.345,2025-11-12 14:53:21.578,1.0,1.1,0.0993,0.0,0,0.006025,0.25,1
6881628d46ecfc5edd203307bf530640fadc6e0688cfc7350857d23158bffd64,2,0,0.0,1,1,2.0,1,0,0,0,0,0.0,0,2025-11-12 14:51:16.753,2025-11-12 14:54:57.502,1.0,-1.0,0.0071,0.0,0,0.0,0.0,1
22eb74c117e95038fe0a3bb6cb5f43a6aad0e4d372535fb1a19aced210723bbf,6,1,0.1667,1,1,6.0,6,0,1,0,1,0.0,1,2025-11-12 16:14:09.373,2025-11-12 16:17:03.275,1.0,2.9,0.0426,0.0,0,0.0,0.3333,1
1c9be1f1082f0b297b370948598181dab88a64461bf09feaf5f455a277617644,1,0,0.0,1,1,1.0,1,0,0,0,0,0.0,0,2025-11-12 14:10:30.556,2025-11-12 14:10:30.556,1.0,-1.0,0.0071,0.0,0,0.0,0.0,1
351da3b5bd5c797f9bf488ceebce53e7e21cd90f8f40bd055a76ec809cf98233,1,1,1.0,1,1,1.0,1,0,1,0,0,0.0,0,2025-11-12 20:57:47.527,2025-11-12 20:57:47.527,1.0,0.0,0.0071,0.0,0,0.0,0.0,1
5f30f495d91d52a093851123fcda380e5e840e2fb100b4021e855d05b903d9a6,4,0,0.0,1,1,4.0,1,0,0,0,0,0.0,0,2025-11-12 14:53:08.486,2025-11-12 14:53:41.462,1.0,-1.0,0.0071,0.0,0,0.0,0.0,1
4e28650c2547e5dd72186c57d177a5ee336764c475a4442b0619dac994a4de96,1,0,0.0,1,1,1.0,1,0,0,0,0,0.0,0,2025-11-12 04:29:19.754,2025-11-12 04:29:19.754,1.0,-1.0,0.0071,0.0,0,0.0,0.0,1
b181f8c524eb4e2ab166bcd11c5bef8d33de5d2b10f4d2948a5f71ad4c1a0b45,1,0,0.0,1,1,1.0,1,0,0,0,0,0.0,0,2025-11-12 14:38:45.425,2025-11-12 14:38:45.425,1.0,-1.0,0.0071,0.0,0,0.0,0.0,1
60f6409d0a934acc489ccab72765543f24aef5a1344d82d764d2a70e8f80e508,1,0,0.0,1,1,1.0,1,0,0,0,0,0.0,0,2025-11-12 08:09:39.041,2025-11-12 08:09:39.041,1.0,-1.0,0.0071,0.0,0,0.0,0.0,1
f7704f543295d66c48fa3670f3eef8115b72800cd2cb0d6d929183080b734e34,4,0,0.0,2,2,2.0,1,0,0,0,0,0.0,0,2025-11-12 21:53:18.818,2025-11-13 16:01:15.853,1.0,-1.0,0.0071,0.0,0,0.0,0.0,1
68efba36c9db654cd49e329a96fb126aadc13ca8804a5fdfa6d467665114a7f4,1,1,1.0,1,1,1.0,1,0,1,0,0,0.0,0,2025-11-12 00:58:58.334,2025-11-12 00:58:58.334,1.0,0.0,0.0071,0.0,0,0.0,0.0,1
d3822ff1a900d518c5ebeaf4e9b6c24b3ab9f0728d61d32cde73b85bd4ac8c7b,4,0,0.0,1,1,4.0,2,0,0,0,1,0.0,0,2025-11-12 09:32:06.369,2025-11-12 09:33:11.816,1.0,-1.0,0.0142,0.0,0,0.0012280233333333333,1.0,1
29b228ce3f3bab97e1159f6f4481b19cff1046b7d2d852229913b0b9f2cc9831,1,1,1.0,1,1,1.0,1,0,1,0,0,0.0,0,2025-11-12 20:35:49.836,2025-11-12 20:35:49.836,1.0,0.0,0.0071,0.0,0,0.0,0.0,1
6c16b5482d0e3eb13b8a6c21f91ff7503d47e0d17a5c2eabc8b7e63f3cf92d2d,1,0,0.0,1,1,1.0,1,0,0,0,0,0.0,0,2025-11-12 18:24:18.757,2025-11-12 18:24:18.757,1.0,-1.0,0.0071,0.0,0,0.0,0.0,1
6da82517fe21eb4fe68f3b9b8147401a919153d6f65bc7eb7e4f63546435b69f,5,0,0.0,1,1,5.0,5,0,0,0,1,0.0,0,2025-11-12 16:12:50.630,2025-11-12 16:41:35.637,1.0,-1.0,0.0355,0.0,0,0.0,0.4,1
9c053cb7aff59d80a6ab781c6bb57265cdb03714d819b2297f58df946efd8319,6,0,0.0,2,2,3.0,5,0,0,0,1,0.0,0,2025-11-12 12:00:12.118,2025-11-14 11:04:03.835,1.96,-1.0,0.0355,0.0,0,0.0,0.1667,1
aa6ed17e0fa7f1e79b8d39d6b5a5b3a7afd4802ddfba2f2e7efdc25a210fe285,1,1,1.0,1,1,1.0,1,0,1,0,0,0.0,0,2025-11-12 20:20:11.058,2025-11-12 20:20:11.058,1.0,0.0,0.0071,0.0,0,0.0,0.0,1
0d8336fc8276869a3b64bf202c0742a8d743772399ab72cc981a29a8a7b9a22b,2,1,0.5,1,1,2.0,2,0,1,0,0,0.0,1,2025-11-12 14:46:41.029,2025-11-12 14:46:44.136,1.0,0.05,0.0142,0.0,0,0.0,0.0,1
3f1d9301c2b31cb7e1868c8e87d30c36bff47b0aadda78d64f909fa73c133b6c,1,0,0.0,1,1,1.0,1,0,0,0,0,0.0,0,2025-11-12 11:30:23.815,2025-11-12 11:30:23.815,1.0,-1.0,0.0071,0.0,0,0.0,0.0,1
732cbf4bae6949bfded77b0579f815825724128384dd0b852aff6ca7fb9e20ce,1,1,1.0,1,1,1.0,1,0,1,0,0,0.0,0,2025-11-12 21:58:36.763,2025-11-12 21:58:36.763,1.0,0.0,0.0071,0.0,0,0.0,0.0,1
9ec8676a9cdc1b144dbb14cee90d529b217a3cd902ce2dea78970f0615f52af9,3,0,0.0,1,1,3.0,2,0,0,0,0,0.0,0,2025-11-12 18:29:51.053,2025-11-12 18:30:08.834,1.0,-1.0,0.0142,0.0,0,0.0,0.0,1
9bcf17bb469d8597ae37b9acd1b86e2db6a716df6fc03bde552fc3057db2d1ed,1,0,0.0,1,1,1.0,1,0,0,0,0,0.0,0,2025-11-12 17:42:34.513,2025-11-12 17:42:34.513,1.0,-1.0,0.0071,0.0,0,0.0,0.0,1
9cc512589dce3fdf6f7a9675e902e7d76b2bd9475f551d73c6060954e2915dee,6,3,0.5,3,3,2.0,3,0,1,0,0,0.0,0,2025-11-12 14:40:30.285,2025-12-02 12:16:53.290,19.9,28654.97,0.0213,0.0,0,0.0,0.0,0
4bd8cc9832b3d9a5e3afae2213330067dce0774ca47bf23538a6b8a1735dc93a,4,0,0.0,1,1,4.0,1,0,0,0,0,0.0,0,2025-11-12 21:26:13.574,2025-11-12 21:26:22.790,1.0,-1.0,0.0071,0.0,0,0.0,0.0,1
fd5ba7f03f2e314faa6f208dea0420296689b2dc39941da8db7d5c0f55cdae54,1,1,1.0,1,1,1.0,1,0,1,0,0,0.0,0,2025-11-12 11:24:07.077,2025-11-12 11:24:07.077,1.0,0.0,0.0071,0.0,0,0.0,0.0,1
b50f45c83083283d2e0641609c4e8e12045794dbd624e65bb8c198a2a100197a,2,2,1.0,1,1,2.0,1,0,1,0,0,0.0,0,2025-11-12 05:58:38.844,2025-11-12 05:58:39.829,1.0,0.0,0.0071,0.0,0,0.0,0.0,1
256e04b8ad731aa5490f8dfab2ad6e74483a6b054f3dde04274c8e1fd158fdca,1,0,0.0,1,1,1.0,1,0,0,0,0,0.0,0,2025-11-12 12:56:37.684,2025-11-12 12:56:37.684,1.0,-1.0,0.0071,0.0,0,0.0,0.0,1
93a10734637096dd60f33b07145d3cbf3bccb83963270d643a480ff2446ab450,3,0,0.0,1,1,3.0,1,0,0,0,0,0.0,0,2025-11-12 17:42:56.626,2025-11-12 17:49:00.816,1.0,-1.0,0.0071,0.0,0,0.0,0.0,1
0e6685b71d09ecb7bfe4db6eb51d51329e98e478f4e1d47f959e3e1db1260908,1,0,0.0,1,1,1.0,1,0,0,0,0,0.0,0,2025-11-12 16:50:00.730,2025-11-12 16:50:00.730,1.0,-1.0,0.0071,0.0,0,0.0,0.0,1
33f404146772003025bb225808a7f3edc5187e7aad8dad3a89930be2d5b5dc77,7,0,0.0,1,1,7.0,5,0,0,0,1,0.0,0,2025-11-12 04:02:54.674,2025-11-12 04:19:12.489,1.0,-1.0,0.0355,0.0,0,0.0,0.1429,1
e3d2f31e65139dbf04e60c981616947c36ee793ffd327464df1689bbc7f2a5dd,1,0,0.0,1,1,1.0,1,0,0,0,0,0.0,0,2025-11-12 18:30:31.341,2025-11-12 18:30:31.341,1.0,-1.0,0.0071,0.0,0,0.0,0.0,1
a6f9a46d4d4e524bc92eaa7357b1201f4a445995aa3841b0141382cb444d31ab,2,0,0.0,1,1,2.0,2,0,0,0,1,0.0,0,2025-11-12 16:17:31.266,2025-11-12 16:17:55.407,1.0,-1.0,0.0142,0.0,0,0.0,1.0,1
db22ec94fb6cdad0cf9af4a7f8f1499e4f2affc28531c5c0e665a82ce47b5765,1,0,0.0,1,1,1.0,1,0,0,0,0,0.0,0,2025-11-12 16:02:42.636,2025-11-12 16:02:42.636,1.0,-1.0,0.0071,0.0,0,0.0,0.0,1
927235689823004eb0cdc5f0bdde9d9ffe173af7fe65a8d63139a3c0598a4605,1,1,1.0,1,1,1.0,1,0,1,0,0,0.0,0,2025-11-12 15:26:55.749,2025-11-12 15:26:55.749,1.0,0.0,0.0071,0.0,0,0.0,0.0,1
d99a71bce808500776e27d87bb103cb7cd0d1ab00986fe8959eb1267ca0ca4cd,1,0,0.0,1,1,1.0,1,0,0,0,0,0.0,0,2025-11-12 12:32:19.747,2025-11-12 12:32:19.747,1.0,-1.0,0.0071,0.0,0,0.0,0.0,1
77daac5589ce77a13d004afb4576a10f1db30073d0d6ded1ff10dabee3cf44b5,1,1,1.0,1,1,1.0,1,0,1,0,0,0.0,0,2025-11-12 11:51:00.339,2025-11-12 11:51:00.339,1.0,0.0,0.0071,0.0,0,0.0,0.0,1
25e3d729d3578fa03f692e6aea9a12463b88f7d06db32457b3b6c820a0962719,1,1,1.0,1,1,1.0,1,0,1,0,0,0.0,0,2025-11-12 21:58:06.771,2025-11-12 21:58:06.771,1.0,0.0,0.0071,0.0,0,0.0,0.0,1
80a39ee94789f9ebff7d66b12662243ce7390d5ea70fc7b0715edca83ca70a33,1,0,0.0,1,1,1.0,1,0,0,0,0,0.0,0,2025-11-12 21:23:24.583,2025-11-12 21:23:24.583,1.0,-1.0,0.0071,0.0,0,0.0,0.0,1
b5313bbe7e545f175163c11ff12db3365512c2ddcc9ea51182a87d3109deb8e1,441,166,0.3764,4,4,110.25,15,0,1,0,1,1.79040052,0,2025-11-12 16:13:25.744,2025-11-16 10:14:31.143,3.75,4046.34,0.1064,0.0,1,0.02850276087866109,1.0,1
d80de108152411e7d12304aafe206ac7dbeecd080690825c8c1a4eb7f10d5071,8,0,0.0,1,1,8.0,5,0,0,0,1,0.0,0,2025-11-12 16:13:32.130,2025-11-12 16:14:44.626,1.0,-1.0,0.0355,0.0,0,0.0,0.25,1
ab26570886e0c90de3aa2e1981054f05610dac8b74a0acab4a405ba250106dca,1,1,1.0,1,1,1.0,1,0,1,0,0,0.0,0,2025-11-12 20:27:13.452,2025-11-12 20:27:13.452,1.0,0.0,0.0071,0.0,0,0.0,0.0,1
a9c0d038947d8af7d0219180a7c15afaba228e263fd6f044e9546e4d90b8265a,1,0,0.0,1,1,1.0,1,0,0,0,0,0.0,0,2025-11-12 14:19:14.704,2025-11-12 14:19:14.704,1.0,-1.0,0.0071,0.0,0,0.0,0.0,1
3899275685bde47fa83f9da14d485cd8029581cf8bd1d1c0b56c84cc88802ef7,1,0,0.0,1,1,1.0,1,0,0,0,0,0.0,0,2025-11-12 04:24:09.997,2025-11-12 04:24:09.997,1.0,-1.0,0.0071,0.0,0,0.0,0.0,1
5d2f74ba34c0d01c301f02a9415430f69365bda89704c01024371efc10fcb9bf,1,0,0.0,1,1,1.0,1,0,0,0,0,0.0,0,2025-11-12 22:45:04.959,2025-11-12 22:45:04.959,1.0,-1.0,0.0071,0.0,0,0.0,0.0,1
36808539971231301c6fe8400cea29d4d190fda80e51b8c8458530798b790329,2,0,0.0,1,1,2.0,2,0,0,0,0,0.0,0,2025-11-12 23:30:36.055,2025-11-12 23:30:40.473,1.0,-1.0,0.0142,0.0,0,0.0,0.0,1
5bd4bb3118b5f377b4a6fc87b23e2d2343e3cde7c5de24a11a9cadf5665209e5,1,0,0.0,1,1,1.0,1,0,0,0,0,0.0,0,2025-11-12 09:06:14.061,2025-11-12 09:06:14.061,1.0,-1.0,0.0071,0.0,0,0.0,0.0,1
c958723036b5df321bccf0aa30faa05645299ba0de68c1fdf47a8c987ba39534,1,0,0.0,1,1,1.0,1,0,0,0,0,0.0,0,2025-11-12 23:04:13.017,2025-11-12 23:04:13.017,1.0,-1.0,0.0071,0.0,0,0.0,0.0,1
9942f8ea4fb47c825f8a3e1b15289d4eeb6e914106176b777b4fb418fd72e51f,2,0,0.0,1,1,2.0,2,0,0,0,0,0.0,0,2025-11-12 04:17:03.248,2025-11-12 04:17:09.641,1.0,-1.0,0.0142,0.0,0,0.0,0.0,1
97fd967eb3aa851d043840babf967ec7eaf5a280744103e277d14fb8b49cb246,1,0,0.0,1,1,1.0,1,0,0,0,0,0.0,0,2025-11-12 21:29:19.428,2025-11-12 21:29:19.428,1.0,-1.0,0.0071,0.0,0,0.0,0.0,1
b4bc6a7ca758c23e379b53d35fa060f96b8002b6a394d770797f5e939b322566,2,0,0.0,1,1,2.0,1,0,0,0,0,0.0,0,2025-11-12 17:50:37.199,2025-11-12 17:51:01.665,1.0,-1.0,0.0071,0.0,0,0.0,0.0,1
e92c3a15ce06b052784df109b7c5e3cde8522ed5502bf49c4ed017c6c70599b1,1,0,0.0,1,1,1.0,1,0,0,0,0,0.0,0,2025-11-12 20:41:37.897,2025-11-12 20:41:37.897,1.0,-1.0,0.0071,0.0,0,0.0,0.0,1
0a5de826b9232333124b18819bac15f9a89af1b5c59c3b88abcfc86939941986,1,1,1.0,1,1,1.0,1,0,1,0,0,0.0,0,2025-11-12 02:45:10.986,2025-11-12 02:45:10.986,1.0,0.0,0.0071,0.0,0,0.0,0.0,1
8ebdacded2611fabd196fea32bae72c109ff5b3a7ae1ff0923759851de50823e,1,0,0.0,1,1,1.0,1,0,0,0,0,0.0,0,2025-11-12 23:40:13.183,2025-11-12 23:40:13.183,1.0,-1.0,0.0071,0.0,0,0.0,0.0,1
d16b64a53ae3da34ca88d0d5ae185fdfc14ab20eac8499633494934005b9d51a,1,1,1.0,1,1,1.0,1,0,1,0,0,0.0,0,2025-11-12 19:30:06.189,2025-11-12 19:30:06.189,1.0,0.0,0.0071,0.0,0,0.0,0.0,1
bf984cf110b548a1cd02569d329c907814ff94d70cf330a31bffe1987cc1c316,1,0,0.0,1,1,1.0,1,0,0,0,0,0.0,0,2025-11-12 07:37:23.051,2025-11-12 07:37:23.051,1.0,-1.0,0.0071,0.0,0,0.0,0.0,1
4d5f272e153812b72d917c9fa85d980ae7fa143fb256ed66663b0fe15a51c390,1,0,0.0,1,1,1.0,1,0,0,0,0,0.0,0,2025-11-12 17:31:44.016,2025-11-12 17:31:44.016,1.0,-1.0,0.0071,0.0,0,0.0,0.0,1
5f72f3d3f3f859c5fb66ef52e53f0e4268f3bcac0f2c5d2befe32267b112796b,1,0,0.0,1,1,1.0,1,0,0,0,0,0.0,0,2025-11-12 16:42:08.419,2025-11-12 16:42:08.419,1.0,-1.0,0.0071,0.0,0,0.0,0.0,1
f707830a2186cd0556178d5ad6399092c3e8e20ef99546c14a39cad84cae420c,3,0,0.0,2,2,1.5,1,0,0,0,0,0.0,0,2025-11-12 14:03:05.439,2025-11-14 12:42:05.551,1.94,-1.0,0.0071,0.0,0,0.0,0.0,1
67a3c68b4817fe4ced40a6984ce99e4eba9210bdca9daacfa61613483972d2de,1,0,0.0,1,1,1.0,1,0,0,0,0,0.0,0,2025-11-12 20:11:07.349,2025-11-12 20:11:07.349,1.0,-1.0,0.0071,0.0,0,0.0,0.0,1
8a325185ba564d86304039fa91d050941cfd248950e864969419a5ff1f2bcab5,1,0,0.0,1,1,1.0,1,0,0,0,0,0.0,0,2025-11-12 12:50:13.808,2025-11-12 12:50:13.808,1.0,-1.0,0.0071,0.0,0,0.0,0.0,1
29d3b22922da47b226f0a813acffed5467b36bf68b2f085cfbe79a9753d0ef82,433,32,0.0739,7,13,33.31,30,0,1,0,1,0.0,1,2025-11-12 14:03:25.001,2025-12-05 15:13:12.712,23.05,798.47,0.2128,-13.8,1,0.00504195865,0.515,0
b835862fa4b4ab34a1e33bf2f483c1106f7ba0def505232354da8a21b98a70f7,2,0,0.0,2,2,1.0,1,0,0,0,0,0.0,0,2025-11-12 13:48:40.397,2025-12-03 15:38:37.243,21.08,-1.0,0.0071,0.0,0,0.0,0.0,0
8b531e95bd3eb88f01dd9215309f1722cf87bb1f1f4db34e17ac361ef1e36390,1,0,0.0,1,1,1.0,1,0,0,0,0,0.0,0,2025-11-12 12:03:56.556,2025-11-12 12:03:56.556,1.0,-1.0,0.0071,0.0,0,0.0,0.0,1
022c5d78428a7fdabc8dc3f967ed9b2d7804518e2713046acc6706744435c2dc,1,0,0.0,1,1,1.0,1,0,0,0,0,0.0,0,2025-11-12 16:13:29.065,2025-11-12 16:13:29.065,1.0,-1.0,0.0071,0.0,0,0.0,0.0,1
f3bf9a9e95e781c6b19ebd4933b9c21c0754f448400942be700cec6791288918,1,0,0.0,1,1,1.0,1,0,0,0,0,0.0,0,2025-11-12 03:43:57.024,2025-11-12 03:43:57.024,1.0,-1.0,0.0071,0.0,0,0.0,0.0,1
7eab51311757b884d25e5496cf1fcf9e800fc696c4ad3c68d674772c5cad04f8,1,0,0.0,1,1,1.0,1,0,0,0,0,0.0,0,2025-11-12 14:36:54.825,2025-11-12 14:36:54.825,1.0,-1.0,0.0071,0.0,0,0.0,0.0,1
d45defa17d4eafef4f668b77b1a4046deea43a6b131f0b26583adf2c3dfa8d0b,2,1,0.5,2,2,1.0,2,0,1,0,0,0.0,0,2025-11-12 08:18:37.284,2025-11-13 13:13:07.064,1.2,1734.5,0.0142,0.0,0,0.0,0.0,1
0f4ff30ca7e0e816e0b8b23bda1d31a4373c5426b215c9b09ed3590c69eeb76d,1,1,1.0,1,1,1.0,1,0,1,0,0,0.0,0,2025-11-12 13:17:18.756,2025-11-12 13:17:18.756,1.0,0.0,0.0071,0.0,0,0.0,0.0,1
69f349daf8411ad5f34aa15e86da4b01b04bc65ea303514d690e8e372aba96d3,1,0,0.0,1,1,1.0,1,0,0,0,0,0.0,0,2025-11-12 13:26:39.649,2025-11-12 13:26:39.649,1.0,-1.0,0.0071,0.0,0,0.0,0.0,1
daf71de77f322e8fe8122c2c90bd2f5eb89bd02810524d5ca58d50611538da23,1,1,1.0,1,1,1.0,1,0,1,0,0,0.0,0,2025-11-12 11:32:42.246,2025-11-12 11:32:42.246,1.0,0.0,0.0071,0.0,0,0.0,0.0,1
b4f518337bf0b8f536e6d5646c8033a39da0a145eb8c9a0b21d8a1853defbfe9,1,0,0.0,1,1,1.0,1,0,0,0,1,0.0,0,2025-11-12 12:51:16.554,2025-11-12 12:51:16.554,1.0,-1.0,0.0071,0.0,0,0.0,1.0,1
b70f7e3bd666fb71c3127b5f71b9ef671e1c20fb13dadd00a9816ae21fd59317,1,0,0.0,1,1,1.0,1,0,0,0,0,0.0,0,2025-11-12 15:54:14.158,2025-11-12 15:54:14.158,1.0,-1.0,0.0071,0.0,0,0.0,0.0,1
5905ebb50d62f90e7f4f127502ab2b2efce822f4a2270fbbf811fab70ee903db,12,0,0.0,2,3,4.0,1,0,0,0,0,0.0,0,2025-11-12 18:16:17.206,2025-11-20 12:44:29.803,7.77,-1.0,0.0071,-4.0,0,0.0,0.0,1
70cbadf881330cbaf775d08d0e38b04985bc9d84e689b40413bced0ef29bc71b,1,1,1.0,1,1,1.0,1,0,1,0,0,0.0,0,2025-11-12 11:17:49.016,2025-11-12 11:17:49.016,1.0,0.0,0.0071,0.0,0,0.0,0.0,1
28975fde272abccf3b99e995ecd14f3dec66d8a0bba58f68f70435aa225ec06a,1,1,1.0,1,1,1.0,1,0,1,0,0,0.0,0,2025-11-12 13:22:43.716,2025-11-12 13:22:43.716,1.0,0.0,0.0071,0.0,0,0.0,0.0,1
46f84eabec7fd7de7be70cf43617d61ed85d87f265e5d017b7f8f7308cdb565f,1,0,0.0,1,1,1.0,1,0,0,0,0,0.0,0,2025-11-12 11:23:57.113,2025-11-12 11:23:57.113,1.0,-1.0,0.0071,0.0,0,0.0,0.0,1
d90efbbb81c49c5abfd9a473df87bdc969aa9323631941a9d39eb75accff827f,1,0,0.0,1,1,1.0,1,0,0,0,0,0.0,0,2025-11-12 12:07:58.659,2025-11-12 12:07:58.659,1.0,-1.0,0.0071,0.0,0,0.0,0.0,1
49a34c32f3cd4e0719bb6cc6c506e6b6471b3835c7113e4cac03d1f58c03a923,1,0,0.0,1,1,1.0,1,0,0,0,0,0.0,0,2025-11-12 20:58:36.063,2025-11-12 20:58:36.063,1.0,-1.0,0.0071,0.0,0,0.0,0.0,1
bcf0f0329d629e92c1ecc8a1e86622301e7dbae4faf7bbb22dc2206922d34e05,1,1,1.0,1,1,1.0,1,0,1,0,0,0.0,0,2025-11-13 15:49:58.920,2025-11-13 15:49:58.920,1.0,0.0,0.0071,0.0,0,0.0,0.0,1
e3f7abee0b1b87ad199ae832952ca5a9d516475896551d6ea080a66d2e86c03c,1,0,0.0,1,1,1.0,1,0,0,0,0,0.0,0,2025-11-13 20:20:26.397,2025-11-13 20:20:26.397,1.0,-1.0,0.0071,0.0,0,0.0,0.0,1
bd0fe5432554c815897885af68652e001fe3858787e0a1fb4a5d7cd24ba18aa6,5,0,0.0,1,1,5.0,5,0,0,0,1,0.0,0,2025-11-13 19:54:08.054,2025-11-13 19:55:08.452,1.0,-1.0,0.0355,0.0,0,0.0,0.2,1
0eb1f4b5cb0057454d9f4c6a3237408b6e6a2213c37f9b4d827a9dffd6ee4989,253,71,0.2806,1,1,253.0,15,0,1,0,1,0.0,2,2025-11-13 10:27:42.199,2025-11-13 10:58:58.870,1.0,0.22,0.1064,0.0,1,0.018365511785714283,0.9842,1
e8d2fe933768204267dac1e20c2b5dbbcfea35046b99902ce895673bf48dbde8,6,1,0.1667,1,1,6.0,6,0,1,0,1,0.0,1,2025-11-13 13:53:41.543,2025-11-13 13:56:10.982,1.0,1.22,0.0426,0.0,0,0.0,0.1667,1
3493295ba3a5e23299e88521a918004e2a0b4958c247508d0d22b3bccbff6930,9,1,0.1111,2,2,4.5,3,0,1,0,0,0.0,1,2025-11-13 12:25:40.700,2025-11-26 19:16:42.449,13.29,0.86,0.0213,0.2,0,0.0,0.0,0
fae911359774ac75aa0835c7ce888bae16eb4b346664ecb6e83cc3b3c3ce3113,1,0,0.0,1,1,1.0,1,0,0,0,0,0.0,0,2025-11-13 10:36:32.808,2025-11-13 10:36:32.808,1.0,-1.0,0.0071,0.0,0,0.0,0.0,1
408ca9820b4b12b3cb425f67ac97360a4a66c0d9320fdea0417c963b2f1b9f8c,4,3,0.75,1,1,4.0,2,0,1,0,0,0.0,0,2025-11-13 15:50:45.174,2025-11-13 15:52:00.536,1.0,0.0,0.0142,0.0,0,0.0,0.0,1
a7d2b9bbdfffb3092e6f7960b0b50dd30ba6a300acab268a10d74b3a31ea64fa,407,133,0.3268,1,1,407.0,21,0,1,0,1,0.0,1,2025-11-13 16:40:27.763,2025-11-13 17:30:12.146,1.0,0.83,0.1489,0.0,1,0.03664695070063694,0.9853,1
7482f1a4aa8e7c6c3ed97d1a71f4d24176aa477d279b2cf39885373ac95a26ce,9,1,0.1111,3,3,3.0,3,0,1,0,0,0.0,0,2025-11-13 21:20:53.065,2025-12-08 20:57:34.822,24.98,35976.7,0.0213,0.5,0,0.0,0.0,0
50a99e6e1c22f708f5e43ba98cc5966bc30e8f21f08821b44fbed1f2a474e66e,1,0,0.0,1,1,1.0,1,0,0,0,0,0.0,0,2025-11-13 00:58:40.288,2025-11-13 00:58:40.288,1.0,-1.0,0.0071,0.0,0,0.0,0.0,1
45ede7ed6513ad6f794e96766064eab6a6b0ca1a49a24aea836231e7a6df3364,2,2,1.0,1,1,2.0,1,0,1,0,0,0.0,0,2025-11-13 19:04:01.657,2025-11-13 19:04:22.185,1.0,0.0,0.0071,0.0,0,0.0,0.0,1
e6a8c924420adc1e1835265e4b041d09ef28ae5e239e654dedf986ef7b9583f6,87,31,0.3563,1,1,87.0,14,0,1,0,1,0.0,0,2025-11-13 17:38:54.883,2025-11-13 17:58:49.100,1.0,3.13,0.0993,0.0,1,0.06497048114285714,0.954,1
59ee799725abc8a08f34523287800c5b880c4443012cde2bf68828c13a17d0ec,1,0,0.0,1,1,1.0,1,0,0,0,0,0.0,0,2025-11-13 18:24:22.301,2025-11-13 18:24:22.301,1.0,-1.0,0.0071,0.0,0,0.0,0.0,1
6dfa39f73348789cec79349f78939d811bd2271f40a5cf4e38ef6e493e7038ef,433,154,0.3557,1,1,433.0,17,0,1,0,1,0.0,0,2025-11-13 18:57:19.814,2025-11-13 23:40:26.094,1.0,77.38,0.1206,0.0,1,0.035421350306748464,1.0,1
135aced24656d6f331447ea05c93c8e3604cd814540dd2635a260692ffad7cdf,244,76,0.3115,2,2,122.0,22,0,1,0,1,0.0,1,2025-11-13 19:53:20.411,2025-11-19 20:12:46.367,6.01,4.46,0.156,0.0,1,0.0332301775,0.9467,1
c08ce160c1c6c7a0e597d2eb5a1b49669e88c62ffad4acb49dfabaa1fa143063,360,113,0.3139,1,4,90.0,25,0,1,0,1,0.0,2,2025-11-13 01:25:29.404,2025-11-13 18:15:20.769,1.0,0.68,0.1773,0.0,1,0.018635140935251798,0.8944,1
b9a1148463cd1021d5a6d27667d8d9f60a9c170c32d2e33537d14ac7000de234,9,0,0.0,1,1,9.0,1,0,0,0,0,0.0,0,2025-11-13 11:33:29.288,2025-11-13 11:34:39.885,1.0,-1.0,0.0071,0.0,0,0.0,0.0,1
bd37f7b4b5294b5bbab88f94f65e5b8f27a5844e40d1ee2416fcad2315cbbe03,10,2,0.2,1,1,10.0,8,0,1,0,1,0.0,1,2025-11-13 00:59:01.240,2025-11-13 01:00:44.310,1.0,0.55,0.0567,0.0,0,0.0057,0.3,1
c1a4617bedf123f48ad9ccb89cf6e427f5960080aca100216b64198853d8ce3a,10,1,0.1,1,1,10.0,6,0,1,0,1,0.0,0,2025-11-13 20:40:53.002,2025-11-13 20:41:41.595,1.0,0.68,0.0426,0.0,0,0.0052,0.3,1
dc539822075336d6d4dcc6c9b3edcabf424db7f7de0f0dc0f02c91c3eb43b7a0,1,1,1.0,1,1,1.0,1,0,1,0,0,0.0,0,2025-11-13 06:59:48.308,2025-11-13 06:59:48.308,1.0,0.0,0.0071,0.0,0,0.0,0.0,1
183299c0bb82a535a2f0a1004bf26176780b04d21c27d282b557e0906fddf02c,2,1,0.5,1,1,2.0,2,0,1,0,0,0.0,0,2025-11-13 19:49:13.391,2025-11-13 19:50:43.069,1.0,1.49,0.0142,0.0,0,0.0,0.0,1
91d963fcfdbe08af541881456a30a3696d473a4bf6c039ab4fb85d2394af48d0,900,298,0.3311,1,3,300.0,29,0,1,0,1,0.0,1,2025-11-13 07:47:53.814,2025-11-13 12:39:22.223,1.0,6.09,0.2057,0.0,1,0.030221536265822784,0.97,1
6c917ea69f1f19d37e068f8c9d8290670226108d3fc47b2b493e5a3d43fa6991,3,0,0.0,1,2,1.5,1,0,0,0,0,0.0,0,2025-11-13 21:04:17.118,2025-11-13 22:32:16.237,1.0,-1.0,0.0071,0.0,0,0.0,0.0,1
553272197251e65e03ce9855f2cd65f60f39909ac3d77af37e8a8612fbe235d2,29,5,0.1724,3,5,5.8,19,1,1,0,1,0.0,1,2025-11-13 11:09:51.051,2025-12-04 13:44:08.337,21.11,8.72,0.1348,0.7368,0,0.00130026,0.1379,0
72fe0db47c9e000165d0d698184da9b9f5eded99d2d66933da9488c5e78967e2,11,7,0.6364,1,1,11.0,7,0,1,0,1,0.0,1,2025-11-13 03:29:00.242,2025-11-13 03:30:44.128,1.0,0.12,0.0496,0.0,0,0.006,0.0909,1
a7fc339b56959fe552f817e15958f1aa8e35d209294f07e00c2c8bcdebdcd3d2,6,0,0.0,1,3,2.0,1,0,0,0,0,0.0,0,2025-11-13 12:05:27.463,2025-11-13 19:30:53.240,1.0,-1.0,0.0071,0.0,0,0.0,0.0,1
cc170f374c20af7fd09687e8966c3f0cdecf2b9c028fcc8c92319910a44cb599,5,0,0.0,2,2,2.5,1,0,0,0,0,0.0,0,2025-11-13 10:36:58.026,2025-11-20 16:10:47.067,7.23,-1.0,0.0071,-3.0,0,0.0,0.0,1
c527e6b303bc2112d125ba8bff7fb8afa5d28bb09c74bf3b8494cb0a24c1d8b7,8,0,0.0,6,7,1.14,1,0,0,0,0,0.0,0,2025-11-13 14:08:48.964,2025-12-08 18:34:13.454,25.18,-1.0,0.0071,-1.0,0,0.0,0.0,0
8a94be8128201b16b60ec1af2f74b9f740743abdf0b0e32f04b785f990f3df7e,7,0,0.0,1,1,7.0,1,0,0,0,0,0.0,0,2025-11-13 13:14:04.647,2025-11-13 13:16:02.916,1.0,-1.0,0.0071,0.0,0,0.0,0.0,1
07a974a6545194f97e9f77f1051ddce92ad77c592cd37c8c883feafd66c15630,1,0,0.0,1,1,1.0,1,0,0,0,0,0.0,0,2025-11-13 14:16:18.245,2025-11-13 14:16:18.245,1.0,-1.0,0.0071,0.0,0,0.0,0.0,1
e62ba670508f2a74490feb51fe33318655ff16bf4b32f0349859f867452d9641,3,1,0.3333,1,1,3.0,3,0,1,0,0,0.0,0,2025-11-13 09:01:26.984,2025-11-13 09:04:21.054,1.0,2.9,0.0213,0.0,0,0.0,0.0,1
07228dd82ab872d91ea3415a27e8e91b2414e63b013b28bb44356a983119fc25,4,0,0.0,1,1,4.0,1,0,0,0,0,0.0,0,2025-11-13 07:43:39.836,2025-11-13 07:43:50.721,1.0,-1.0,0.0071,0.0,0,0.0,0.0,1
466feffc3f590f60f21ccf843c003abda260baa9bed3d07dd126253916b2808f,2,0,0.0,1,1,2.0,2,0,0,0,1,0.0,0,2025-11-13 16:32:32.557,2025-11-13 16:32:35.332,1.0,-1.0,0.0142,0.0,0,0.0,0.5,1
bf3d0a1fdd12b6568ad4c0eb30ddd8e8a79c95e1288496a5857a6e89a90f6ffb,3,0,0.0,1,1,3.0,1,0,0,0,0,0.0,0,2025-11-13 23:10:15.639,2025-11-13 23:11:29.377,1.0,-1.0,0.0071,0.0,0,0.0,0.0,1
c1e9ecf9eced80b3f67c6e7bd98691dd05ac9680ee1fd520efc3a8a9c6d6d52e,1,1,1.0,1,1,1.0,1,0,1,0,0,0.0,0,2025-11-13 21:21:24.236,2025-11-13 21:21:24.236,1.0,0.0,0.0071,0.0,0,0.0,0.0,1
c3decb90704d88a5357c3a008b0f9d6564d31250003235b1792ddfba584d817d,2,1,0.5,1,1,2.0,2,0,1,0,0,0.0,0,2025-11-13 22:54:45.118,2025-11-13 22:54:56.430,1.0,0.0,0.0142,0.0,0,0.0,0.0,1
f7b1b432e05b31afaeba5e3c3fe669dfcbe2d64e43fd9dd52f36b5d66797e7a7,4,0,0.0,1,1,4.0,1,0,0,0,0,0.0,0,2025-11-13 19:50:42.561,2025-11-13 19:52:33.278,1.0,-1.0,0.0071,0.0,0,0.0,0.0,1
f3ed3fb1d031135e33d475b7630488b0b0dd91cd9c736419d4968eac9a106864,15,3,0.2,1,1,15.0,8,0,1,0,1,0.0,0,2025-11-13 00:48:07.997,2025-11-13 00:49:29.922,1.0,0.72,0.0567,0.0,0,0.0129,0.4,1
c9f88659b780d1aa9e0618b75b48dac33577711d393647c8c585344b35a89a53,1,0,0.0,1,1,1.0,1,0,0,0,0,0.0,0,2025-11-13 18:11:20.426,2025-11-13 18:11:20.426,1.0,-1.0,0.0071,0.0,0,0.0,0.0,1
51078dec5a4aa9c528e5abff9596eb77c43c983e97290170c2ad1fdba79a6ebd,2,0,0.0,1,1,2.0,1,0,0,0,0,0.0,0,2025-11-13 15:52:14.467,2025-11-13 15:52:32.408,1.0,-1.0,0.0071,0.0,0,0.0,0.0,1
c4094368770f99158274807869392d2331cc3969d56a57880c3d150176ff86c1,3,3,1.0,1,1,3.0,1,0,1,0,0,0.0,0,2025-11-13 01:41:22.774,2025-11-13 01:41:51.242,1.0,0.0,0.0071,0.0,0,0.0,0.0,1
374bd6f32d8a30e94ebd202c8d7bc92a13fa35c6e6330f14e307b7177c7d8237,1,1,1.0,1,1,1.0,1,0,1,0,0,0.0,0,2025-11-13 07:24:06.713,2025-11-13 07:24:06.713,1.0,0.0,0.0071,0.0,0,0.0,0.0,1
bbb3ed07c97d93a4734344f3727037f66e0345e21743f5496a32e08067b7c258,1,0,0.0,1,1,1.0,1,0,0,0,0,0.0,0,2025-11-13 21:06:51.652,2025-11-13 21:06:51.652,1.0,-1.0,0.0071,0.0,0,0.0,0.0,1
fed72b15ec835741f45ec98827bf4aaa5e04d4b49abe6d7ecfa6cf86a8fcf049,1,0,0.0,1,1,1.0,1,0,0,0,0,0.0,0,2025-11-13 09:06:28.366,2025-11-13 09:06:28.366,1.0,-1.0,0.0071,0.0,0,0.0,0.0,1
088c348344e1b6edb35d039459706a8a04db8b095ae4b1e76c638cefb90b1556,3,0,0.0,1,1,3.0,1,0,0,0,0,0.0,0,2025-11-13 17:09:33.379,2025-11-13 17:10:07.003,1.0,-1.0,0.0071,0.0,0,0.0,0.0,1
eb5f4550cec0f9eef8f19244717f40c3d0fdc4e693d0d1757b4d803b3bf593cd,12,0,0.0,2,3,4.0,6,0,0,0,1,0.0,2,2025-11-13 12:20:30.288,2025-11-18 12:41:38.775,5.01,-1.0,0.0426,0.0,0,0.0,0.0833,1
82a708c5b4f45a850fef755fd5a6c52e2a70f047325d4aad0a81a9fae6021751,1,0,0.0,1,1,1.0,1,0,0,0,0,0.0,0,2025-11-13 09:59:39.996,2025-11-13 09:59:39.996,1.0,-1.0,0.0071,0.0,0,0.0,0.0,1
8ce2e70b29040dab82f22c7bd056d40e9b2b696fcdf2b19d920c793ce2e39104,1,0,0.0,1,1,1.0,1,0,0,0,0,0.0,0,2025-11-13 15:24:37.048,2025-11-13 15:24:37.048,1.0,-1.0,0.0071,0.0,0,0.0,0.0,1
548baf5b8254c5de71a64b99bd1ffbf7e998dc15e6fb4aa0c608a1915d2bfe6b,3,0,0.0,1,1,3.0,1,0,0,0,0,0.0,0,2025-11-13 13:43:08.725,2025-11-13 13:43:13.563,1.0,-1.0,0.0071,0.0,0,0.0,0.0,1
b45f87db73874fa32360366e993e3048e40696454fdfec38a128e1fcf2afad18,1,0,0.0,1,1,1.0,1,0,0,0,0,0.0,0,2025-11-13 18:59:43.778,2025-11-13 18:59:43.778,1.0,-1.0,0.0071,0.0,0,0.0,0.0,1
2fd496cad9390368ec163d6b5d31d4286339579a8cc88198bae7bf0ac5d73f1b,11,1,0.0909,1,1,11.0,6,0,1,0,1,0.0,0,2025-11-13 18:25:19.848,2025-11-13 18:26:09.018,1.0,0.58,0.0426,0.0,0,0.0072499999999999995,0.2727,1
aa3ce8b7cec357d22fa449545ad55660c16ff750e0fa73dc975c1310c8ad9737,8,0,0.0,1,1,8.0,4,0,0,0,1,0.0,0,2025-11-13 17:42:58.997,2025-11-13 17:43:07.072,1.0,-1.0,0.0284,0.0,0,0.0,0.125,1
fcf98fea3b86380f271cad3acfa19c42148b7d8cffaaec4b126f0ddfc5f69204,1,0,0.0,1,1,1.0,1,0,0,0,0,0.0,0,2025-11-13 02:28:50.253,2025-11-13 02:28:50.253,1.0,-1.0,0.0071,0.0,0,0.0,0.0,1
a1845443f7f61800fe8eade3a0a661a80d7c62ffb2d7ee8e5f98aeee2ba0ae90,2,0,0.0,1,2,1.0,1,0,0,0,0,0.0,0,2025-11-13 01:25:09.606,2025-11-13 18:11:06.006,1.0,-1.0,0.0071,0.0,0,0.0,0.0,1
5472f8b448d7ca517dc1bfcf1821b60b6795f473e350496b1b7cb77d4a29e078,3,0,0.0,1,1,3.0,3,0,0,0,1,0.0,0,2025-11-13 20:42:18.033,2025-11-13 20:42:45.996,1.0,-1.0,0.0213,0.0,0,0.0,0.3333,1
25dcd4bc3f93183dd2d5bf3ee675e970ea5335993aa19213b1fc74e39498501c,1,1,1.0,1,1,1.0,1,0,1,0,0,0.0,0,2025-11-13 21:46:34.274,2025-11-13 21:46:34.274,1.0,0.0,0.0071,0.0,0,0.0,0.0,1
7282348565ccf6b19100223ff99aca00224461be49a5528cd4b1c4fee122ccb2,1,0,0.0,1,1,1.0,1,0,0,0,0,0.0,0,2025-11-13 16:39:55.362,2025-11-13 16:39:55.362,1.0,-1.0,0.0071,0.0,0,0.0,0.0,1
67d87d77b8022ec6fcafdc42e4d85a36293f8dbf146cc927a2b3b84b3243297e,1,1,1.0,1,1,1.0,1,0,1,0,0,0.0,1,2025-11-13 18:11:09.370,2025-11-13 18:11:09.370,1.0,0.0,0.0071,0.0,0,0.0,0.0,1
3bb7954375751b23d620ec98457892d25349283361e755c1c62156b6d05db382,3,0,0.0,1,1,3.0,3,0,0,0,1,0.0,0,2025-11-13 14:16:46.260,2025-11-13 14:17:11.453,1.0,-1.0,0.0213,0.0,0,0.0,0.3333,1
08a96196ce6384f9a01ef0cbccb4b704f6afa96d9809fdac6f396030f9b506be,1,0,0.0,1,1,1.0,1,0,0,0,0,0.0,0,2025-11-13 15:24:26.301,2025-11-13 15:24:26.301,1.0,-1.0,0.0071,0.0,0,0.0,0.0,1
a4c717fcf9c31611f48655729014f1f42baa35b3d50fb19a7767020c04d2810c,1,0,0.0,1,1,1.0,1,0,0,0,0,0.0,0,2025-11-13 07:47:26.310,2025-11-13 07:47:26.310,1.0,-1.0,0.0071,0.0,0,0.0,0.0,1
5b40ad4bd838ae41c47a82d1ee723f69e15583fc9cee60483aadfe1d4f141837,1,1,1.0,1,1,1.0,1,0,1,0,0,0.0,0,2025-11-13 14:16:24.466,2025-11-13 14:16:24.466,1.0,0.0,0.0071,0.0,0,0.0,0.0,1
e78b17fb36e6bde9b4ce29ef48ce78e9ecfe787f669ac57402e14b4113de7093,1,0,0.0,1,1,1.0,1,0,0,0,0,0.0,0,2025-11-13 10:26:36.247,2025-11-13 10:26:36.247,1.0,-1.0,0.0071,0.0,0,0.0,0.0,1
f89e7d693a1c640564834ba4ce86af48bc741e8e517c085d10538b9f54c0ed35,1,0,0.0,1,1,1.0,1,0,0,0,1,0.0,0,2025-11-13 18:19:14.085,2025-11-13 18:19:14.085,1.0,-1.0,0.0071,0.0,0,0.0,1.0,1
6b535b8d66cebd2d39dfe1e96f6a1995eaaee759ef1e803a8519416c7dfe8157,1,0,0.0,1,1,1.0,1,0,0,0,0,0.0,0,2025-11-13 03:54:54.971,2025-11-13 03:54:54.971,1.0,-1.0,0.0071,0.0,0,0.0,0.0,1
7d6b080c94a490fb9c497475df8965caf694d5ccf86e51df0b5e27198e0dce52,1,0,0.0,1,1,1.0,1,0,0,0,0,0.0,0,2025-11-13 09:57:18.540,2025-11-13 09:57:18.540,1.0,-1.0,0.0071,0.0,0,0.0,0.0,1
cb6b2a7bb3685597e1fdd370902584866029d1039ad57003b12f7a88b0855e49,2,1,0.5,1,1,2.0,2,0,1,0,0,0.0,0,2025-11-13 17:38:12.496,2025-11-13 17:38:27.932,1.0,0.0,0.0142,0.0,0,0.0,0.0,1
ec14cc33eabdfdadf8b59c6ed692c8aa106ebf036c4affacf4a3850cc8b46f59,1,0,0.0,1,1,1.0,1,0,0,0,0,0.0,0,2025-11-13 15:53:16.266,2025-11-13 15:53:16.266,1.0,-1.0,0.0071,0.0,0,0.0,0.0,1
ead1df22530e0b0d444de30d0e232e19bdaf0af50b06b38b3e54c2df66df8a13,1,1,1.0,1,1,1.0,1,0,1,0,0,0.0,0,2025-11-13 19:34:33.472,2025-11-13 19:34:33.472,1.0,0.0,0.0071,0.0,0,0.0,0.0,1
a2f508d3a8b36e9d2de73070c017f484d8fa925057180e14e09e5e37077dcc18,1,0,0.0,1,1,1.0,1,0,0,0,0,0.0,0,2025-11-13 23:42:33.791,2025-11-13 23:42:33.791,1.0,-1.0,0.0071,0.0,0,0.0,0.0,1
c13b55360c1094472de9b6866538e92ac34408e92d95b69754baed2a7dea0d80,2,0,0.0,1,1,2.0,1,0,0,0,0,0.0,0,2025-11-13 17:58:09.419,2025-11-13 17:59:04.681,1.0,-1.0,0.0071,0.0,0,0.0,0.0,1
01082ad9dd451baa5fc549e59aaa65ece766d822ac702694c2b194ab8d02bf10,1,0,0.0,1,1,1.0,1,0,0,0,0,0.0,0,2025-11-13 07:05:58.542,2025-11-13 07:05:58.542,1.0,-1.0,0.0071,0.0,0,0.0,0.0,1
c9ae0a40cb758e8585a953829f0b9c5b89bf219049dcb3e94eb91a7455267ab8,1,0,0.0,1,1,1.0,1,0,0,0,0,0.0,0,2025-11-13 17:55:52.781,2025-11-13 17:55:52.781,1.0,-1.0,0.0071,0.0,0,0.0,0.0,1
9d432d64ab34af8d1fa04995c8adc9558eca7549ddc7d564bd7c7bc37ca0d5e1,1,0,0.0,1,1,1.0,1,0,0,0,0,0.0,0,2025-11-13 03:28:46.593,2025-11-13 03:28:46.593,1.0,-1.0,0.0071,0.0,0,0.0,0.0,1
06dfad22ed6ff39d0fed87d72baec722470b1f045bf22c5dd0da1104153dd8c9,1,1,1.0,1,1,1.0,1,0,1,0,0,0.0,0,2025-11-13 13:22:42.143,2025-11-13 13:22:42.143,1.0,0.0,0.0071,0.0,0,0.0,0.0,1
f02c8ccca1f803b37bd8fd017878284f396c2c89d2b1c750777f3a20556e6bff,1,0,0.0,1,1,1.0,1,0,0,0,0,0.0,0,2025-11-13 10:28:40.666,2025-11-13 10:28:40.666,1.0,-1.0,0.0071,0.0,0,0.0,0.0,1
7b815fc3e1f806c858a66551058f4909e06d994ce60301eb496da001dd006ee6,1,0,0.0,1,1,1.0,1,0,0,0,0,0.0,0,2025-11-13 11:24:09.242,2025-11-13 11:24:09.242,1.0,-1.0,0.0071,0.0,0,0.0,0.0,1
be8e9f50b76550aa1e00d1884bcaa1c36ab13090a0aaad9cedafc2edd4b609ac,1,1,1.0,1,1,1.0,1,0,1,0,0,0.0,0,2025-11-13 22:09:33.785,2025-11-13 22:09:33.785,1.0,0.0,0.0071,0.0,0,0.0,0.0,1
e937fe6e1f31e34d707a65603d6f20987817616e0cd570c90edd3869f4c00ff0,3,0,0.0,2,2,1.5,1,0,0,0,0,0.0,0,2025-11-13 11:33:30.213,2025-11-18 17:08:46.735,5.23,-1.0,0.0071,0.0,0,0.0,0.0,1
a47eb1086fa2b4879a20fc54a76b6a657ee85a89f9d85ce290506e4eb8a6c092,1,1,1.0,1,1,1.0,1,0,1,0,0,0.0,0,2025-11-13 18:06:43.669,2025-11-13 18:06:43.669,1.0,0.0,0.0071,0.0,0,0.0,0.0,1
02cbea6055de8b33f3aa4e13db7641bd1c01c6a13e56925fb04cb3bc7e43b7e9,1,1,1.0,1,1,1.0,1,0,1,0,0,0.0,0,2025-11-13 19:32:40.839,2025-11-13 19:32:40.839,1.0,0.0,0.0071,0.0,0,0.0,0.0,1
64fd197c11d35fd7bfbf61fd2219d178d0688ea96a5b1aadd7fee2bc6d63acf7,1,0,0.0,1,1,1.0,1,0,0,0,0,0.0,0,2025-11-13 21:50:24.998,2025-11-13 21:50:24.998,1.0,-1.0,0.0071,0.0,0,0.0,0.0,1
1f68b74d0a60c401a467edbf5254c467376d53cfd96acd0cf5de2f9039ec866d,2,0,0.0,1,1,2.0,1,0,0,0,0,0.0,0,2025-11-13 12:42:08.363,2025-11-13 12:42:16.897,1.0,-1.0,0.0071,0.0,0,0.0,0.0,1
3538109ae9e967332809175025d707bca60a05dceda0d8fd33a1dbab9b49bf93,1,1,1.0,1,1,1.0,1,0,1,0,0,0.0,0,2025-11-13 20:32:28.172,2025-11-13 20:32:28.172,1.0,0.0,0.0071,0.0,0,0.0,0.0,1
58ba55c0920d20c2ed8bfa0dcbe9211b6a471943d6feed37fb14a0926e0e81ee,1,1,1.0,1,1,1.0,1,0,1,0,0,0.0,0,2025-11-13 07:14:03.585,2025-11-13 07:14:03.585,1.0,0.0,0.0071,0.0,0,0.0,0.0,1
e022196f27c74ade230db43fe2dd0668b439a8b245d88416481c2ee75db40eb0,1,0,0.0,1,1,1.0,1,0,0,0,0,0.0,0,2025-11-13 13:28:59.464,2025-11-13 13:28:59.464,1.0,-1.0,0.0071,0.0,0,0.0,0.0,1
b84467adf732f1a03f23e7b2a168e6910f275bca59cec65a92de1167c7811220,1,1,1.0,1,1,1.0,1,0,1,0,0,0.0,0,2025-11-13 04:32:14.871,2025-11-13 04:32:14.871,1.0,0.0,0.0071,0.0,0,0.0,0.0,1
4955bcd8a3aeece743092c966c81f6f6150c6acf7848715bfac19d089ff3cb30,2,2,1.0,1,1,2.0,1,0,1,0,0,0.0,0,2025-11-13 19:52:31.721,2025-11-13 19:52:46.531,1.0,0.0,0.0071,0.0,0,0.0,0.0,1
59d2d0fc2ab9308c574b6e45468c92f8101c6f8b0867cce18278aed7a6576141,1,1,1.0,1,1,1.0,1,0,1,0,0,0.0,0,2025-11-13 19:25:16.042,2025-11-13 19:25:16.042,1.0,0.0,0.0071,0.0,0,0.0,0.0,1
dfa034258a260366953059cda9c9cea25567dece1798c002b3c3af92a01ed37a,1,0,0.0,1,1,1.0,1,0,0,0,0,0.0,0,2025-11-13 10:11:24.286,2025-11-13 10:11:24.286,1.0,-1.0,0.0071,0.0,0,0.0,0.0,1
4369f5be61be4a539c8fb9e8d03338a5e5283ee72d4edd153803c4fd03a41726,1,0,0.0,1,1,1.0,1,0,0,0,0,0.0,0,2025-11-13 19:45:17.857,2025-11-13 19:45:17.857,1.0,-1.0,0.0071,0.0,0,0.0,0.0,1
452233edf100d23680481e2dca044d62f180fdfaa7be34f7070c5996cb8522ca,4,0,0.0,2,2,2.0,2,0,0,0,0,0.0,0,2025-11-13 17:42:24.186,2025-11-15 14:53:18.310,1.88,-1.0,0.0142,0.0,0,0.0,0.0,1
2ad5453e7ae9943fe7ce6f0d8406985dac4c1673ece476f48c488ada1918c0ed,1,0,0.0,1,1,1.0,1,0,0,0,0,0.0,0,2025-11-13 10:18:27.608,2025-11-13 10:18:27.608,1.0,-1.0,0.0071,0.0,0,0.0,0.0,1
cda575c58c9b13d3b425114c209fe037a6fa5f79406b6df2f86fd3592adb0e4c,1,0,0.0,1,1,1.0,1,0,0,0,0,0.0,0,2025-11-13 01:28:32.093,2025-11-13 01:28:32.093,1.0,-1.0,0.0071,0.0,0,0.0,0.0,1
ea3db895fb4079ae39a7bd03b5df1d516b34dcb822988fa103ed02cbe628d948,1,1,1.0,1,1,1.0,1,0,1,0,0,0.0,0,2025-11-13 17:36:08.552,2025-11-13 17:36:08.552,1.0,0.0,0.0071,0.0,0,0.0,0.0,1
2c6c49c65df803593a748dedad59e973572dc6f78365bf86cef26ba49a0944e4,1,1,1.0,1,1,1.0,1,0,1,0,0,0.0,0,2025-11-13 00:45:49.931,2025-11-13 00:45:49.931,1.0,0.0,0.0071,0.0,0,0.0,0.0,1
1af4a46d8eb2d61609afe4fa3bfe5d2aa29a052f2739a74685551a871382d4d6,1,1,1.0,1,1,1.0,1,0,1,0,0,0.0,0,2025-11-13 16:21:35.128,2025-11-13 16:21:35.128,1.0,0.0,0.0071,0.0,0,0.0,0.0,1
6136da42b4212e944d8c4a71ceb9fa9adb573c9d4adc975c81ad9a55b3f34002,1,1,1.0,1,1,1.0,1,0,1,0,0,0.0,0,2025-11-13 14:13:44.353,2025-11-13 14:13:44.353,1.0,0.0,0.0071,0.0,0,0.0,0.0,1
9bcf4a2288c6ee64e8b3c50515ef5f4ab3e492792640d2aecd5acf02db126d69,1,1,1.0,1,1,1.0,1,0,1,0,0,0.0,0,2025-11-13 16:31:12.917,2025-11-13 16:31:12.917,1.0,0.0,0.0071,0.0,0,0.0,0.0,1
b8e3b044667c0c5eedf4ef721e06aec9a333c6ae8f551ee3eff7b6b919ff0bc7,1,1,1.0,1,1,1.0,1,0,1,0,0,0.0,0,2025-11-13 13:51:19.988,2025-11-13 13:51:19.988,1.0,0.0,0.0071,0.0,0,0.0,0.0,1
3e875f742a03387110573025b4abd5c5eebacd3387d48b32740763febbc7f9fc,1,1,1.0,1,1,1.0,1,0,1,0,0,0.0,0,2025-11-13 18:18:48.142,2025-11-13 18:18:48.142,1.0,0.0,0.0071,0.0,0,0.0,0.0,1
8ecb8ec843d4703e7c4b733afd50c823f9d08a6b1cee9542ffaec9b5fed4ca07,1,0,0.0,1,1,1.0,1,0,0,0,1,0.0,0,2025-11-13 07:15:13.902,2025-11-13 07:15:13.902,1.0,-1.0,0.0071,0.0,0,0.0,1.0,1
ec53640d7c1914e4db14109cdd61afc56abf1f35c16e3778fd5c0e54f8e72532,14,2,0.1429,1,1,14.0,9,0,1,0,1,0.0,1,2025-11-14 18:59:26.299,2025-11-14 19:00:59.712,1.0,1.16,0.0638,0.0,0,0.0,0.1429,1
b4c7fa7574188236971e3a92d40bd464d9db63c85e4fcdd2231d907bd07a4355,3,0,0.0,2,3,1.0,1,0,0,0,0,0.0,0,2025-11-14 05:11:33.238,2025-11-21 08:36:42.366,7.14,-1.0,0.0071,0.5,0,0.0,0.0,1
379c8491d610b057c24c5797744ae5d91f8528a29406f4f163cca1c9808724a5,1,1,1.0,1,1,1.0,1,0,1,0,0,0.0,0,2025-11-14 07:05:20.426,2025-11-14 07:05:20.426,1.0,0.0,0.0071,0.0,0,0.0,0.0,1
2aabbe7312d6745e9de8df3d5d9ccf33372165268adf2ad500bdb9f6f0a13c0f,5,0,0.0,1,1,5.0,1,0,0,0,0,0.0,0,2025-11-14 04:26:20.032,2025-11-14 04:28:56.553,1.0,-1.0,0.0071,0.0,0,0.0,0.0,1
cc0f4436c4784b5254e1ac90d5b62b883f966b6977d8ee10aafa2b9b67f785f2,9,1,0.1111,1,1,9.0,5,0,1,0,1,0.0,0,2025-11-14 01:35:22.073,2025-11-14 01:35:44.815,1.0,0.38,0.0355,0.0,0,0.0,0.1111,1
12275bcff83ec087b57cce44f8e6a4a2ab6f449eb66b65fdcdd131a3fcf08c97,3,3,1.0,1,1,3.0,1,0,1,0,0,0.0,0,2025-11-14 17:38:32.937,2025-11-14 17:45:21.042,1.0,0.0,0.0071,0.0,0,0.0,0.0,1
1b664577b3dd668f9091096f1608edb59c5336ff4bc866d291914c7249248d10,3,0,0.0,1,1,3.0,1,0,0,0,0,0.0,0,2025-11-14 01:53:54.888,2025-11-14 01:55:01.261,1.0,-1.0,0.0071,0.0,0,0.0,0.0,1
ad0ee4e16e05be14826aa0aef112681d02056d9b5fee305544771d8780905fb0,1,1,1.0,1,1,1.0,1,0,1,0,0,0.0,0,2025-11-14 10:39:06.812,2025-11-14 10:39:06.812,1.0,0.0,0.0071,0.0,0,0.0,0.0,1
d4a361e256015bcf260180828a3f5b1469093971eb71784dcfbebb072549ad39,8,0,0.0,2,5,1.6,5,0,0,0,1,0.0,0,2025-11-14 10:51:57.625,2025-11-19 15:14:07.741,5.18,-1.0,0.0355,0.0,0,0.0,0.125,1
f7ac945c283863036f8dae113bf6fd18c22c4502571a9be699b06796e7968170,14,2,0.1429,1,1,14.0,12,1,1,0,1,0.0,1,2025-11-14 01:55:14.348,2025-11-14 02:00:08.058,1.0,2.51,0.0851,0.0,0,0.0014447333333333333,0.2857,1
b30537aa9e7bcbbfcbd820f5ec7cab01f4a76463eabcfb270ef2aed06ee258c0,33,0,0.0,1,1,33.0,1,0,0,0,0,0.0,0,2025-11-14 12:45:58.702,2025-11-14 12:49:40.370,1.0,-1.0,0.0071,0.0,0,0.0,0.0,1
9b8e69262cdb26fb8143fee764e9f3b7f66a2e8c521d1165656ce416832bda15,163,53,0.3252,1,1,163.0,16,0,1,0,1,0.0,1,2025-11-14 07:08:15.280,2025-11-14 07:42:07.493,1.0,4.92,0.1135,0.0,1,0.020967958717948716,0.9755,1
4893bd084ab5ae80f3ef1bc39baf3cac7ea47e4b081f02b88e5fdcff78d918ee,1,0,0.0,1,1,1.0,1,0,0,0,0,0.0,0,2025-11-14 13:55:39.052,2025-11-14 13:55:39.052,1.0,-1.0,0.0071,0.0,0,0.0,0.0,1
ac646ffca5469f504cc11a8a3f5709abc0de5a96cfcbaca1032645d1e1926b61,4,0,0.0,1,1,4.0,2,0,0,0,0,0.0,0,2025-11-14 09:18:36.827,2025-11-14 09:19:36.117,1.0,-1.0,0.0142,0.0,0,0.0,0.0,1
c63db97ced52573dd7c5537782f56090576833d5be663dc9fb67c9dd6238239d,852,257,0.3016,1,1,852.0,25,0,1,0,1,0.0,1,2025-11-14 11:14:33.098,2025-11-14 11:50:18.109,1.0,0.59,0.1773,0.0,1,0.0273432098089172,0.9894,1
83b561ceaf15289f362459537ef32a681eb9a37d78bdcaa07396f9201987542f,2,1,0.5,1,1,2.0,2,0,1,0,0,0.0,0,2025-11-14 03:05:47.449,2025-11-14 03:05:55.268,1.0,0.13,0.0142,0.0,0,0.0,0.0,1
9b1b7dc82370b4983714dc1b350cb7223c0a97d20dd5f373938c26444ecceae5,650,0,0.0,25,25,26.0,1,0,0,0,1,0.0,0,2025-11-14 00:00:16.828,2025-12-08 07:04:12.384,24.29,-1.0,0.0071,0.0,0,0.0010708389077843054,1.0,0
7806724e9f82f275543812b4e04765175eaaa89b5d1d78f07622fab2c45adecc,21,7,0.3333,1,1,21.0,8,0,1,0,1,0.0,1,2025-11-14 17:04:26.171,2025-11-14 17:06:36.720,1.0,0.95,0.0567,0.0,0,0.026883333333333332,0.5714,1
2f551f2a0dd94af782ca5049c6b3c1f4d6dff9673e258e8fd30629528811a206,13,0,0.0,2,2,6.5,2,0,0,0,0,0.0,0,2025-11-14 23:24:48.587,2025-11-15 08:51:20.817,1.0,-1.0,0.0142,0.0,0,0.0,0.0,1
54c59e30441b9e426cd737ce18fa4a118ffe17aada94b3ee86f4ef483a348669,5,0,0.0,1,2,2.5,5,0,0,0,1,0.0,0,2025-11-14 23:00:23.658,2025-11-14 23:53:21.465,1.0,-1.0,0.0355,0.0,0,0.0,0.4,1
24c22aefee0a93c1b13f4f171ee3ec799710878b6c3e593d645eedb762a4f90a,11,1,0.0909,2,3,3.67,8,0,1,0,1,0.0,1,2025-11-14 18:17:41.237,2025-11-15 16:37:43.709,1.0,219.3,0.0567,0.0,0,0.0,0.0909,1
3922a3dd971500cfebe2878db5e13043d5567c2777785aaaa54d7b0858dcd5e4,1,0,0.0,1,1,1.0,1,0,0,0,1,0.0,0,2025-11-14 15:30:01.376,2025-11-14 15:30:01.376,1.0,-1.0,0.0071,0.0,0,0.0,1.0,1
8759946c1f875ae149a8a2d1f247290267490f74690473f12737e01da45dc0f3,6,0,0.0,1,1,6.0,4,0,0,0,1,0.0,0,2025-11-14 12:31:28.892,2025-11-14 12:33:10.537,1.0,-1.0,0.0284,0.0,0,0.0,0.1667,1
eef2c5c473cc13061d75e984fb797a67e482e4198b7ce6ab9341e3a51ce075d4,1,1,1.0,1,1,1.0,1,0,1,0,0,0.0,0,2025-11-14 13:08:18.577,2025-11-14 13:08:18.577,1.0,0.0,0.0071,0.0,0,0.0,0.0,1
997f1ea1806e9f57d461092157a0b4ed6f29e44519613f04af72b9b4d84c2f0f,2,0,0.0,1,1,2.0,1,0,0,0,0,0.0,0,2025-11-14 13:47:09.158,2025-11-14 13:51:05.017,1.0,-1.0,0.0071,0.0,0,0.0,0.0,1
01c0dae53f99c5c0b08f3151c880f2690185dedbe3d34539a9118b59edce0ad6,10,0,0.0,1,1,10.0,6,0,0,0,1,0.0,0,2025-11-14 15:55:21.859,2025-11-14 15:56:32.842,1.0,-1.0,0.0426,0.0,0,0.0,0.2,1
ab3bcce9f079214133895e81cbc57b47a2036dd36098f9ded51213fc6fea3d58,10,2,0.2,1,1,10.0,6,0,1,0,1,0.0,1,2025-11-14 14:24:38.636,2025-11-14 14:27:14.992,1.0,2.12,0.0426,0.0,0,0.0,0.1,1
08437e3bc5e9b2240ca2e5b4f6a108e751c659e51e56169b312aa85ccf7c0b0f,1,1,1.0,1,1,1.0,1,0,1,0,0,0.0,0,2025-11-14 05:32:14.621,2025-11-14 05:32:14.621,1.0,0.0,0.0071,0.0,0,0.0,0.0,1
bcdcef52142a02089b46acba86b87ea86498196fd1c3157d94611f35f04325d4,1,0,0.0,1,1,1.0,1,0,0,0,0,0.0,0,2025-11-14 14:28:19.114,2025-11-14 14:28:19.114,1.0,-1.0,0.0071,0.0,0,0.0,0.0,1
448de1efebc405ec3bd3931132bc9431cb6dd8039f463da3fc920389625cb907,1,1,1.0,1,1,1.0,1,0,1,0,0,0.0,0,2025-11-14 07:30:09.980,2025-11-14 07:30:09.980,1.0,0.0,0.0071,0.0,0,0.0,0.0,1
15e11e3d76f1b244ae386733b5a91a339689cdb979ce920af7ff6d5b23686c49,4,0,0.0,1,1,4.0,4,0,0,0,1,0.0,0,2025-11-14 03:46:26.109,2025-11-14 03:47:23.626,1.0,-1.0,0.0284,0.0,0,0.0,0.25,1
c83ed594ce8d7c6eb2b04cc55e2afcc56690d28b6eb7f4007e4f6db054a29b34,14,1,0.0714,2,3,4.67,11,0,1,0,1,0.0,1,2025-11-14 12:16:49.950,2025-11-16 15:52:01.210,2.15,3010.23,0.078,0.0,0,0.0,0.0714,1
e6554e2a04e9bf7789c71bfbf7a62380b06ae334c7d3e2028da08d9b76443247,2,0,0.0,1,1,2.0,2,0,0,0,0,0.0,0,2025-11-14 12:16:29.419,2025-11-14 12:16:35.899,1.0,-1.0,0.0142,0.0,0,0.0,0.0,1
2cf761f1f3013d779b7e276531067fe426807fef5b66b017c9f0cb9f58f1bca3,4,0,0.0,1,1,4.0,1,0,0,0,0,0.0,0,2025-11-14 10:54:16.214,2025-11-14 10:55:15.364,1.0,-1.0,0.0071,0.0,0,0.0,0.0,1
5aecd85fd1adc02849f6b96944a39269c041c5da1cf499499f889e2bd8ddb7dc,4,0,0.0,1,1,4.0,1,0,0,0,0,0.0,0,2025-11-14 16:36:45.865,2025-11-14 16:40:19.917,1.0,-1.0,0.0071,0.0,0,0.0,0.0,1
b5e91321cad3be001fdeac64729fd379a3e4c5233f98e1acca958b364471749b,1,1,1.0,1,1,1.0,1,0,1,0,0,0.0,0,2025-11-14 18:19:00.560,2025-11-14 18:19:00.560,1.0,0.0,0.0071,0.0,0,0.0,0.0,1
d680d6ffcf2f63e27d1dbcef4ad2120fa6ef4b540c27ec1ea7f7060e08992b63,5,1,0.2,1,1,5.0,2,0,1,0,0,0.0,0,2025-11-14 00:31:51.584,2025-11-14 00:33:45.261,1.0,0.0,0.0142,0.0,0,0.0,0.0,1
ff0441ae33f914ac4c0f4ac5eb79d776a897d1671e668a48855c1f0694cd6659,3,0,0.0,1,2,1.5,3,0,0,0,1,0.0,0,2025-11-14 12:27:49.503,2025-11-14 14:10:56.160,1.0,-1.0,0.0213,0.0,0,0.0,0.3333,1
559372565f479211e61bf58f760a9f28dba1b82a87282652d43e80939c435dbf,1,1,1.0,1,1,1.0,1,0,1,0,0,0.0,0,2025-11-14 06:27:13.576,2025-11-14 06:27:13.576,1.0,0.0,0.0071,0.0,0,0.0,0.0,1
5bfa9c03ebad4af816bf7e4bbe83b90189ed0f4c95aa94694c036a32daa973ac,1,0,0.0,1,1,1.0,1,0,0,0,0,0.0,0,2025-11-14 08:09:36.112,2025-11-14 08:09:36.112,1.0,-1.0,0.0071,0.0,0,0.0,0.0,1
deef582b0a5e99e0eb2843a1fe6c26d14b9e904d650aa45d68618a0605e912c4,1,0,0.0,1,1,1.0,1,0,0,0,0,0.0,0,2025-11-14 01:35:08.914,2025-11-14 01:35:08.914,1.0,-1.0,0.0071,0.0,0,0.0,0.0,1
04bfa3677446401b8952f1d762e06674cad285d3474efe7400e7f8d4edf9f6c5,3,0,0.0,1,1,3.0,3,0,0,0,1,0.0,0,2025-11-14 14:32:07.801,2025-11-14 14:32:37.063,1.0,-1.0,0.0213,0.0,0,0.0,0.3333,1
f712b31bdd7e44e70fc00c26e9fec68f72b1d44ece03058f82291da3d5632428,1,0,0.0,1,1,1.0,1,0,0,0,0,0.0,0,2025-11-14 17:55:43.017,2025-11-14 17:55:43.017,1.0,-1.0,0.0071,0.0,0,0.0,0.0,1
4530c70a45cab5458965bb2e6d349b64db4bbfcdf914793cc15991a0f332700a,1,1,1.0,1,1,1.0,1,0,1,0,0,0.0,0,2025-11-14 07:06:29.368,2025-11-14 07:06:29.368,1.0,0.0,0.0071,0.0,0,0.0,0.0,1
d8ccddf9cebcde70ae1d32922275a9014ee27a7ee0251434a2af0c505e0b3c5e,2,1,0.5,1,1,2.0,2,0,1,0,0,0.0,0,2025-11-14 01:45:50.516,2025-11-14 01:46:30.265,1.0,0.66,0.0142,0.0,0,0.0,0.0,1
c3db1ba105cdce962a8ec6b459f27dba32e8ac5fe30a0660dca4cff88a9c23ae,7,0,0.0,1,2,3.5,1,0,0,0,0,0.0,0,2025-11-14 10:54:57.830,2025-11-14 16:10:24.443,1.0,-1.0,0.0071,0.0,0,0.0,0.0,1
22936450c8565bb1707217aa715663a180ce576290b309ff911026d9a98aaef1,1,0,0.0,1,1,1.0,1,0,0,0,0,0.0,0,2025-11-14 04:31:55.232,2025-11-14 04:31:55.232,1.0,-1.0,0.0071,0.0,0,0.0,0.0,1
f5e7505a5e5ceb6f2c5776a5ae59120b02ed58b934a9710be1d8f0e266b646c9,1,0,0.0,1,1,1.0,1,0,0,0,0,0.0,0,2025-11-14 07:12:52.411,2025-11-14 07:12:52.411,1.0,-1.0,0.0071,0.0,0,0.0,0.0,1
0273a6b7b306d3a8e3b1c48f5205cf9cd12d23b997ebce01386bf49b7701b32a,2,0,0.0,1,1,2.0,1,0,0,0,0,0.0,0,2025-11-14 03:45:25.844,2025-11-14 03:45:26.237,1.0,-1.0,0.0071,0.0,0,0.0,0.0,1
e9d5fd5a8f2b854f330d4ee21bda9f3591070c48dc306710e84b3aff6f352d37,7,0,0.0,1,1,7.0,1,0,0,0,0,0.0,0,2025-11-14 09:21:34.208,2025-11-14 09:22:23.609,1.0,-1.0,0.0071,0.0,0,0.0,0.0,1
ac5ddbb11addeeb4e5968c39f8041616cf3db1616ec3d852106d9f61b7c8b995,2,0,0.0,1,1,2.0,1,0,0,0,0,0.0,0,2025-11-14 03:10:13.179,2025-11-14 03:10:21.229,1.0,-1.0,0.0071,0.0,0,0.0,0.0,1
62fa72cafc4836f7b6dff6e9d5676173aa130787fb9b6374c0406aa65d02bb55,1,1,1.0,1,1,1.0,1,0,1,0,0,0.0,0,2025-11-14 10:26:22.899,2025-11-14 10:26:22.899,1.0,0.0,0.0071,0.0,0,0.0,0.0,1
b03f3ebbe3b0e11e9c4a76b87df37e1653afc8c35fc789a5554815e236bb46e6,2,0,0.0,1,1,2.0,1,0,0,0,0,0.0,0,2025-11-14 00:03:25.617,2025-11-14 00:03:27.027,1.0,-1.0,0.0071,0.0,0,0.0,0.0,1
3606c3b9238613767fbd8de8edd3adc2b37d4326987a5628a77e83a549f0ce19,5,0,0.0,1,1,5.0,4,0,0,0,1,0.0,0,2025-11-14 10:56:12.130,2025-11-14 10:57:22.816,1.0,-1.0,0.0284,0.0,0,0.0,0.2,1
00587fd68401f8203636d603d8ee13bffafd30d0770483d17bb482a3d4b8971e,1,0,0.0,1,1,1.0,1,0,0,0,0,0.0,0,2025-11-14 09:07:38.483,2025-11-14 09:07:38.483,1.0,-1.0,0.0071,0.0,0,0.0,0.0,1
7d4657f01f4c273740d1dada4da384135a830b602a404c011a3beb42abf9e382,2,0,0.0,1,1,2.0,2,0,0,0,1,0.0,0,2025-11-14 04:28:59.276,2025-11-14 04:29:01.219,1.0,-1.0,0.0142,0.0,0,0.0,0.5,1
f0ec1bbdfc469cbbb5391fd2191d3b7e112c34bdd622b330afb0b8136c9d4355,8,3,0.375,1,1,8.0,4,0,1,0,1,0.0,1,2025-11-14 17:45:06.898,2025-11-14 17:45:52.507,1.0,0.73,0.0284,0.0,0,0.013033333333333334,0.875,1
8480581d0761a34b04e945e96902b2a87328e1d5a0bac7f76e47f52263218031,1,1,1.0,1,1,1.0,1,0,1,0,0,0.0,0,2025-11-14 14:30:50.829,2025-11-14 14:30:50.829,1.0,0.0,0.0071,0.0,0,0.0,0.0,1
568e64098109c30ac825301e37aeceecd0e231d330943e5ece7fa1c5a23e4209,1,1,1.0,1,1,1.0,1,0,1,0,0,0.0,0,2025-11-14 14:08:07.300,2025-11-14 14:08:07.300,1.0,0.0,0.0071,0.0,0,0.0,0.0,1
86dddf413f4f05ba782c7611e2092f801baae040c114b5c16246ff6bf79493a5,1,0,0.0,1,1,1.0,1,0,0,0,0,0.0,0,2025-11-14 14:24:14.430,2025-11-14 14:24:14.430,1.0,-1.0,0.0071,0.0,0,0.0,0.0,1
88f043966492216de9cd7ff8c4ac7725c4fad90ed4e481562a36d92c1d428466,1,0,0.0,1,1,1.0,1,0,0,0,0,0.0,0,2025-11-14 01:41:29.164,2025-11-14 01:41:29.164,1.0,-1.0,0.0071,0.0,0,0.0,0.0,1
db4d39fc2d1c529b4c4ab7631fce716c202dd31534e5567d89cb0d4194ec7e10,1,0,0.0,1,1,1.0,1,0,0,0,0,0.0,0,2025-11-14 20:39:46.878,2025-11-14 20:39:46.878,1.0,-1.0,0.0071,0.0,0,0.0,0.0,1
f367a212494cb72413e387e21ab4bc32111de715b2a4a1b83f96f1fc031fa59a,1,1,1.0,1,1,1.0,1,0,1,0,0,0.0,0,2025-11-14 04:55:07.591,2025-11-14 04:55:07.591,1.0,0.0,0.0071,0.0,0,0.0,0.0,1
751e5f3b283ae88abf81ea158ddabbaf950cd8199e6e4a760f693e1ad1818e23,2,0,0.0,1,1,2.0,1,0,0,0,0,0.0,0,2025-11-14 00:12:40.721,2025-11-14 00:12:41.586,1.0,-1.0,0.0071,0.0,0,0.0,0.0,1
fdc0c800c199f87cb47537236e889126464353b094a9ee1c86049f9523e9a582,1,1,1.0,1,1,1.0,1,0,1,0,0,0.0,0,2025-11-14 16:54:43.109,2025-11-14 16:54:43.109,1.0,0.0,0.0071,0.0,0,0.0,0.0,1
49de9a413ad95ac2a6bdb97eec44d5ee363489b0efffc60d63fde0d027e41a35,1,0,0.0,1,1,1.0,1,0,0,0,0,0.0,0,2025-11-14 18:16:55.846,2025-11-14 18:16:55.846,1.0,-1.0,0.0071,0.0,0,0.0,0.0,1
5c3fe1dfc5cb85a640bf5edcff36a673435aac7bf70a41d08037f12ab69fd905,1,1,1.0,1,1,1.0,1,0,1,0,0,0.0,0,2025-11-14 05:37:46.294,2025-11-14 05:37:46.294,1.0,0.0,0.0071,0.0,0,0.0,0.0,1
13f69ffc442bfa3b33b5623858373add0296798f39c1e894cf9bcd31dbbc8b0a,1,1,1.0,1,1,1.0,1,0,1,0,0,0.0,0,2025-11-14 01:51:31.438,2025-11-14 01:51:31.438,1.0,0.0,0.0071,0.0,0,0.0,0.0,1
2cbcb0dd70f3f3d10e0426770d44bd0897dac9f39e61f469b2b3d317bbbc408a,1,0,0.0,1,1,1.0,1,0,0,0,0,0.0,0,2025-11-14 07:55:55.630,2025-11-14 07:55:55.630,1.0,-1.0,0.0071,0.0,0,0.0,0.0,1
ab597bd169a5a1788f17bfc94424b35b856f404872929e2945a53963da0e4c15,3,0,0.0,1,1,3.0,1,0,0,0,0,0.0,0,2025-11-14 16:06:28.930,2025-11-14 16:07:42.342,1.0,-1.0,0.0071,0.0,0,0.0,0.0,1
2f1085176d44116712967be94e5d5b7754496cd93e81688ec95e92b0ecb74efe,1,0,0.0,1,1,1.0,1,0,0,0,0,0.0,0,2025-11-14 17:04:04.521,2025-11-14 17:04:04.521,1.0,-1.0,0.0071,0.0,0,0.0,0.0,1
ee18b6e1a767b367909c7d94889fc2c860fa9a64d6fd52dd166bc1fb583beb8c,2,0,0.0,1,1,2.0,1,0,0,0,0,0.0,0,2025-11-14 13:57:37.962,2025-11-14 13:57:47.722,1.0,-1.0,0.0071,0.0,0,0.0,0.0,1
3c35f4793d8249fb39018a9bfe1c0e6a7b1cb98c239d35fae4105436d1fc4329,1,1,1.0,1,1,1.0,1,0,1,0,0,0.0,0,2025-11-14 10:25:01.091,2025-11-14 10:25:01.091,1.0,0.0,0.0071,0.0,0,0.0,0.0,1
567c139f160f70bb7f7cf225e052e330d4c1b8c167c4ed00e5e1f9b42b34679c,1,1,1.0,1,1,1.0,1,0,1,0,0,0.0,0,2025-11-14 05:30:56.204,2025-11-14 05:30:56.204,1.0,0.0,0.0071,0.0,0,0.0,0.0,1
65f46b68efdc21c1246f85f3530a042dc43bf11e1d0dac240cd925d697c2574b,1,0,0.0,1,1,1.0,1,0,0,0,0,0.0,0,2025-11-14 12:15:53.793,2025-11-14 12:15:53.793,1.0,-1.0,0.0071,0.0,0,0.0,0.0,1
ee04a87cc22b6d42a319eb3c567fbcd4ebd9c1375861c36d45829ab4bcd68b47,2,0,0.0,2,2,1.0,1,0,0,0,0,0.0,0,2025-11-14 17:06:23.550,2025-11-15 08:07:20.760,1.0,-1.0,0.0071,0.0,0,0.0,0.0,1
2af5c6e05487509484c9253ca19581ecd6d148b61ec94c9c16d03b6995b737ad,1,1,1.0,1,1,1.0,1,0,1,0,0,0.0,0,2025-11-14 07:14:43.291,2025-11-14 07:14:43.291,1.0,0.0,0.0071,0.0,0,0.0,0.0,1
db26b038bc39060dfa26565c9c3bd529527fbbb46751a4d6f19b4f0ae963a4da,1,1,1.0,1,1,1.0,1,0,1,0,0,0.0,0,2025-11-14 02:25:54.411,2025-11-14 02:25:54.411,1.0,0.0,0.0071,0.0,0,0.0,0.0,1
a2f2fb206570b043c26ed10494c9d75d06303934a89dabe21f7488a998d17055,2,0,0.0,1,1,2.0,2,0,0,0,0,0.0,0,2025-11-14 16:48:55.380,2025-11-14 16:52:54.629,1.0,-1.0,0.0142,0.0,0,0.0,0.0,1
a12221619a427b6017c25312b18fef45904e2a5795a940b64cc0c89822bc4f53,4,0,0.0,1,1,4.0,1,0,0,0,0,0.0,0,2025-11-14 01:41:29.938,2025-11-14 01:42:24.051,1.0,-1.0,0.0071,0.0,0,0.0,0.0,1
e1011dbd9e01ee8459d4e23ea4b440a5b8463c05100698dddaba638302aaee6d,1,1,1.0,1,1,1.0,1,0,1,0,0,0.0,0,2025-11-14 10:51:29.226,2025-11-14 10:51:29.226,1.0,0.0,0.0071,0.0,0,0.0,0.0,1
8effd3f3212327e1fb82ec42d4e0ef11edee628b98ee3f901e7eb024e96b0353,1,1,1.0,1,1,1.0,1,0,1,0,0,0.0,0,2025-11-14 07:45:59.592,2025-11-14 07:45:59.592,1.0,0.0,0.0071,0.0,0,0.0,0.0,1
b8d0bc04541ea15b9ba92fcc28ae9a88e4641f7752a21c741a64181f3a8f897f,1,0,0.0,1,1,1.0,1,0,0,0,0,0.0,0,2025-11-14 04:21:01.139,2025-11-14 04:21:01.139,1.0,-1.0,0.0071,0.0,0,0.0,0.0,1
0cf389e1d2e7588d3c4a7fd9ca47f585069ea14c82ded267d1c3a5150bca2f59,1,0,0.0,1,1,1.0,1,0,0,0,1,0.0,0,2025-11-14 07:08:15.279,2025-11-14 07:08:15.279,1.0,-1.0,0.0071,0.0,0,0.0,1.0,1
e0745fc23ca5314e850cee8b8f9dba28248622dfb0fcc5c0867e31db1b584202,1,0,0.0,1,1,1.0,1,0,0,0,0,0.0,0,2025-11-14 20:52:29.379,2025-11-14 20:52:29.379,1.0,-1.0,0.0071,0.0,0,0.0,0.0,1
69217b9682a35426fa301a73957e7827aa851dc6319e21a5c5cacfe020268e9b,2,2,1.0,2,2,1.0,1,0,1,0,0,0.0,0,2025-11-14 09:24:58.896,2025-11-26 06:01:01.048,11.86,0.0,0.0071,0.0,0,0.0,0.0,0
fb9150b3ca690d186754e8b3a288f5c31ad15c7b769654e39f67f5ca7c17d9ff,1,0,0.0,1,1,1.0,1,0,0,0,0,0.0,0,2025-11-14 21:48:28.616,2025-11-14 21:48:28.616,1.0,-1.0,0.0071,0.0,0,0.0,0.0,1
8e8efae34751e18175b0c8ada6c7e3f6d5c6f3e954ac32ab0b369689b7a6e848,1,1,1.0,1,1,1.0,1,0,1,0,0,0.0,0,2025-11-14 06:58:43.502,2025-11-14 06:58:43.502,1.0,0.0,0.0071,0.0,0,0.0,0.0,1
6ec03bd3526dff7c23c91d960b0954abcd9dda457fe53872fb7c4e2faadac0f7,1,1,1.0,1,1,1.0,1,0,1,0,0,0.0,0,2025-11-14 03:20:54.693,2025-11-14 03:20:54.693,1.0,0.0,0.0071,0.0,0,0.0,0.0,1
9482d6e69cbd43fcd2a736e37f75d770d8ed1ca84da2639162ddee9d3bda63cc,1,0,0.0,1,1,1.0,1,0,0,0,0,0.0,0,2025-11-14 03:11:11.196,2025-11-14 03:11:11.196,1.0,-1.0,0.0071,0.0,0,0.0,0.0,1
f552f9fc56ffbc7a2db14e1c7b441be6c3d49982b67652259edd4f7b0fc01450,1,1,1.0,1,1,1.0,1,0,1,0,0,0.0,0,2025-11-14 11:13:53.752,2025-11-14 11:13:53.752,1.0,0.0,0.0071,0.0,0,0.0,0.0,1
6b928097a999bb4954b2e3735d868a4a8d961886bfc23fbe0ab6fb03127d4c96,1,1,1.0,1,1,1.0,1,0,1,0,0,0.0,0,2025-11-14 05:06:12.451,2025-11-14 05:06:12.451,1.0,0.0,0.0071,0.0,0,0.0,0.0,1
7cfed3e45c0eeb0b6337485201d70337508d859b3a4dd1dd9cc0215eb3422a1c,1,1,1.0,1,1,1.0,1,0,1,0,0,0.0,0,2025-11-14 08:30:14.188,2025-11-14 08:30:14.188,1.0,0.0,0.0071,0.0,0,0.0,0.0,1
cbf0a757c69f34ae62d52ee6c137d9f5897e2846e393ecc96c043353211abf10,1,1,1.0,1,1,1.0,1,0,1,0,0,0.0,0,2025-11-14 12:22:43.089,2025-11-14 12:22:43.089,1.0,0.0,0.0071,0.0,0,0.0,0.0,1
69d73e3205b944f4d0f5a78b8f99cafcfede13b8f55253afe128316fe8250000,759,82,0.108,4,5,151.8,40,0,1,1,1,0.0,2,2025-11-15 12:47:04.193,2025-11-19 23:24:07.491,4.44,1.26,0.2837,0.0,1,0.008868615948051948,0.5718,1
5e5b3a20a4b3d116d19ee4af0a72557efcf909e585c1b29f77260d9d3fed561a,3,2,0.6667,1,1,3.0,2,0,1,0,0,0.0,0,2025-11-15 04:14:48.739,2025-11-15 04:35:14.883,1.0,0.0,0.0142,0.0,0,0.0,0.0,1
37eb30e47c507deca0382b5c498c3f6caeb0c9380f1b14bb257748419d154521,2,0,0.0,1,1,2.0,2,0,0,0,1,0.0,0,2025-11-15 10:44:50.345,2025-11-15 10:46:04.335,1.0,-1.0,0.0142,0.0,0,0.0,1.0,1
e81bdb7c938203e5030829c7de8dce202acd7ab200c8e153d92cec985bed5e4b,18,0,0.0,2,2,9.0,2,0,0,0,0,0.0,0,2025-11-15 23:14:14.725,2025-11-24 03:41:43.718,8.19,-1.0,0.0142,-1.0,0,0.0,0.0,1
59d713d6260829b649104ca0f98ae41d5a31de0d94e205e4799005fd5c5107a3,317,94,0.2965,2,2,158.5,22,0,1,0,1,0.0,2,2025-11-15 18:42:17.574,2025-11-18 12:21:07.753,2.74,0.65,0.156,0.0,1,0.023585384758064515,0.9274,1
6b91fc504b6ad80c41616df0e6c4c7a9540a8eebd55450a01fcb260cd373a92c,615,186,0.3024,3,2,307.5,30,0,1,0,1,0.0,2,2025-11-15 23:18:47.557,2025-11-24 03:24:08.340,8.17,3.68,0.2128,0.9901,1,0.024521115155555554,0.9187,1
8cb81183f7c7831f871f0f39b7b273ae440544194fa6da462962670876bf7b75,4,0,0.0,1,1,4.0,1,0,0,0,0,0.0,0,2025-11-15 16:40:08.880,2025-11-15 16:40:19.923,1.0,-1.0,0.0071,0.0,0,0.0,0.0,1
8a28423288e88e56207f6ad1f83788870f36342b51736dbfd0a3ec2bd83c0c41,2,0,0.0,1,1,2.0,2,0,0,0,1,0.0,0,2025-11-15 11:16:53.712,2025-11-15 11:19:58.939,1.0,-1.0,0.0142,0.0,0,0.0,1.0,1
e79714df6eacf262f03aeca021b2480f0d010df37c60abf6a9ed29ae69d70c06,51,6,0.1176,3,4,12.75,21,1,1,0,1,0.0,1,2025-11-15 11:01:34.905,2025-12-01 18:11:11.495,16.3,11.28,0.1489,0.9592,0,0.0,0.098,0
c720b7031e6cc6cf3e8dad27ce43c2f1eda294e2f544c434588d21b7ebea7a72,125,44,0.352,1,1,125.0,13,0,1,0,1,0.0,2,2025-11-15 14:16:34.956,2025-11-15 14:25:04.854,1.0,0.3,0.0922,0.0,1,0.02721783103448276,0.96,1
5c0ffbd0b7c4de813e5fe088b13524fb36157d98df59e336982456529a4ffb42,456,119,0.261,1,1,456.0,15,0,1,0,1,0.0,0,2025-11-15 21:08:34.509,2025-11-15 21:32:52.673,1.0,8.48,0.1064,0.0,1,0.022622547234042552,1.0,1
ee2993ea48b3d80578e676ed959ba060ddd0a050a43a405390ab206990da26ac,4,0,0.0,1,1,4.0,2,0,0,0,1,0.0,0,2025-11-15 21:04:42.773,2025-11-15 21:05:34.843,1.0,-1.0,0.0142,0.0,0,0.03365,1.0,1
c6ed2945e020ff25b7844b2acabcff5f95d28a06ee5040ad5b1c4fc1775646f2,1,0,0.0,1,1,1.0,1,0,0,0,0,0.0,0,2025-11-15 14:30:00.027,2025-11-15 14:30:00.027,1.0,-1.0,0.0071,0.0,0,0.0,0.0,1
20b41e2f70e014e22185bfe393ceb99586bfaa214537520953acc8ab0507c387,1499,331,0.2208,2,4,374.75,47,0,1,1,1,6.349707757777079,1,2025-11-15 12:34:43.317,2025-11-16 13:03:15.112,1.02,11.15,0.3333,0.0,1,0.022849842967423855,0.7478,1
7021b0be41c582fce7483c2276a199de714e43340f35dff086b8639f4013d957,1581,673,0.4257,3,7,225.86,27,0,1,0,1,11.5708,2,2025-11-15 20:01:00.407,2025-11-17 14:00:56.912,1.75,1.26,0.1915,0.0,1,0.03274271653543307,0.9722,1
e1b83713adc122849e0c8faf2656fa830d1bb2a724c534a76f3365aee287411d,1,1,1.0,1,1,1.0,1,0,1,0,0,0.0,0,2025-11-15 12:49:51.534,2025-11-15 12:49:51.534,1.0,0.0,0.0071,0.0,0,0.0,0.0,1
5edf8992d48cddb6452a83cad6778be7e0a794084d9d1c08626a72fbc97586ce,2,2,1.0,1,1,2.0,1,0,1,0,0,0.0,0,2025-11-15 00:56:49.299,2025-11-15 00:56:49.344,1.0,0.0,0.0071,0.0,0,0.0,0.0,1
245dc5a9275fa3be3751f0be252790ece6fe1bce273b4dbc9fed429dfbe1c208,15,5,0.3333,1,2,7.5,6,0,1,0,1,0.0,1,2025-11-15 12:35:40.464,2025-11-15 13:27:51.757,1.0,51.4,0.0426,0.0,0,0.014799999999999999,0.6,1
c8f815cb361c7331d2ebce7a1d2e6a142ffe1f715768c23d427ebdc587dad4f7,7,0,0.0,1,1,7.0,1,0,0,0,0,0.0,0,2025-11-15 18:40:52.787,2025-11-15 18:43:54.136,1.0,-1.0,0.0071,0.0,0,0.0,0.0,1
6083bfca2add7d17a2cef1e2b836ca8bb94298c9a31c62b8992f9d0bedd36419,9,0,0.0,1,1,9.0,5,0,0,0,1,0.0,0,2025-11-15 09:21:31.377,2025-11-15 09:25:24.558,1.0,-1.0,0.0355,0.0,0,0.0,0.1111,1
7bd923dfb11df7d55da923daf1781bcedee9f75475b7a57ccc928ce93b91d8a6,11,1,0.0909,1,1,11.0,6,0,1,0,1,0.0,0,2025-11-15 10:44:13.383,2025-11-15 10:44:37.163,1.0,0.23,0.0426,0.0,0,0.0056500000000000005,0.2727,1
59d1b6ec8bf222a98d0612edb97007db4219c44ff4b12001ba36c4ca4766c82e,7267,2189,0.3012,13,36,201.86,49,0,1,0,1,75.72489396,9,2025-11-15 11:41:30.899,2025-12-05 06:38:45.834,19.79,1.28,0.3475,0.9882,1,0.08584309390613452,0.9573,0
6a40a17780cbe44ac4a747dae853fec7f930901735e7c5605c9c950eaefa33c8,13,3,0.2308,1,2,6.5,8,0,1,0,1,0.0,1,2025-11-15 10:22:49.209,2025-11-15 11:19:00.123,1.0,51.86,0.0567,0.0,0,0.0057,0.3077,1
46cf7b4970bfc0dd081e983a3928c750bd94041fb5bef434bbdc200eff6e0861,4,2,0.5,1,1,4.0,3,0,1,0,0,0.0,0,2025-11-15 18:40:36.410,2025-11-15 18:54:35.149,1.0,0.0,0.0213,0.0,0,0.0,0.0,1
989fb4c36e39924e8dd2625026b5680e1a179c9daae973e938067cd0afbc43d9,556,192,0.3453,1,1,556.0,28,0,1,0,1,1.16176788,1,2025-11-15 14:00:55.616,2025-11-15 15:09:23.496,1.0,9.56,0.1986,0.0,1,0.021747663873239436,0.955,1
de93b2ae4b78fdb0569abc78a3c2a985d080a25892afbc581e7bec4cf975df7f,9,2,0.2222,1,1,9.0,3,0,1,0,0,0.0,2,2025-11-15 14:12:44.967,2025-11-15 14:14:25.561,1.0,0.43,0.0213,0.0,0,0.0,0.0,1
ff6e07b2ce00fbe52f672b70f4b548c4c3b9fd05ffdb9b140989e9d437ec466b,2,2,1.0,1,1,2.0,1,0,1,0,0,0.0,0,2025-11-15 15:15:54.382,2025-11-15 15:18:03.571,1.0,0.0,0.0071,0.0,0,0.0,0.0,1
2055f4fb7e1a6687ddb08a6a8975fc026603886941fe838fc989d49f189aac8f,3,0,0.0,1,1,3.0,1,0,0,0,0,0.0,0,2025-11-15 04:28:30.045,2025-11-15 04:28:35.346,1.0,-1.0,0.0071,0.0,0,0.0,0.0,1
fd2273c8a3ad944d56026f81dfc3b630890c4eace6fdd3d6a82857adfdd28bc3,10,5,0.5,2,2,5.0,4,0,1,0,1,0.0,0,2025-11-15 10:04:01.902,2025-11-17 10:41:00.257,2.03,2916.94,0.0284,0.0,0,0.013,1.0,1
439aac3d0aa13dfa946d082e0b454b1ed9e395564e67447ffbc8f60b28411d04,11,1,0.0909,1,1,11.0,7,0,1,0,1,0.0,1,2025-11-15 14:30:41.350,2025-11-15 14:31:39.765,1.0,0.97,0.0496,0.0,0,0.0,0.1818,1
da9d7da3a83cd57d38d4538fc69d4add0b4b10e359da68fe6d00fc5cb7a08170,2,0,0.0,1,1,2.0,2,0,0,0,1,0.0,0,2025-11-15 00:17:25.354,2025-11-15 00:17:26.968,1.0,-1.0,0.0142,0.0,0,0.0,0.5,1
68873b0be10362bc638d4aa9d1fc6952f4e8e82cb071737a6320d89bf19718b7,1,1,1.0,1,1,1.0,1,0,1,0,0,0.0,0,2025-11-15 23:07:38.327,2025-11-15 23:07:38.327,1.0,0.0,0.0071,0.0,0,0.0,0.0,1
dd7c41958a96eb3f09cb7bed72caee89f7dc249498a62db2ab75f4ba6c070ff9,1,0,0.0,1,1,1.0,1,0,0,0,0,0.0,0,2025-11-15 18:16:09.407,2025-11-15 18:16:09.407,1.0,-1.0,0.0071,0.0,0,0.0,0.0,1
de8ae007d875c94413c52c88db479524eddafae959030a3cef435cc2dc6828d0,5,0,0.0,2,1,5.0,5,0,0,0,1,0.0,0,2025-11-15 13:37:59.633,2025-11-26 12:50:27.064,10.97,-1.0,0.0355,0.75,0,83.0,0.6,0
4c9753548acba9dfcb1c071969577db709df19681ec5920762b0f1cb7b6d403e,1,0,0.0,1,1,1.0,1,0,0,0,0,0.0,0,2025-11-15 12:34:30.471,2025-11-15 12:34:30.471,1.0,-1.0,0.0071,0.0,0,0.0,0.0,1
0b01d7415091fbf98f2747edd1da0de6e34178be954d27bbea17f8eef112aba0,2,0,0.0,1,1,2.0,1,0,0,0,0,0.0,0,2025-11-15 06:49:57.233,2025-11-15 06:49:58.086,1.0,-1.0,0.0071,0.0,0,0.0,0.0,1
744cd9978f5876e952e048d09bfa9bc509eb9b6cf452f4564c05f6ffcb62166e,1310,380,0.2901,2,2,655.0,14,0,1,0,1,14.07814772,0,2025-11-15 19:28:26.977,2025-11-29 21:58:07.100,14.1,20186.99,0.0993,-325.5,1,0.035742207431192656,0.9977,0
52af906872ee7bfa9ba4aec30e35cbd418be93f80a3d09b6c8b5f37ff418058b,7,0,0.0,1,1,7.0,7,0,0,0,1,0.0,0,2025-11-15 14:27:16.611,2025-11-15 14:30:49.717,1.0,-1.0,0.0496,0.0,0,0.0,0.2857,1
7f474698829af5cd170b4801a712f1d5e820eed7a6b3a8fa19ae645c7192ae24,3,0,0.0,3,3,1.0,1,0,0,0,0,0.0,0,2025-11-15 12:46:35.023,2025-11-19 16:11:25.604,4.14,-1.0,0.0071,0.0,0,0.0,0.0,1
00d4d178710ca707d2ce02aa62cf1b376ebe78fc4c473923e3464b3e19fafbac,9,1,0.1111,1,1,9.0,2,0,1,0,0,0.0,1,2025-11-15 16:31:46.717,2025-11-15 16:35:39.571,1.0,2.9,0.0142,0.0,0,0.0,0.0,1
7cb7b65004fce7917734e2a077be8adc982dc5c9e6f3dab438833a3736c0ab2c,4,0,0.0,1,1,4.0,1,0,0,0,0,0.0,0,2025-11-15 19:01:15.293,2025-11-15 19:03:21.209,1.0,-1.0,0.0071,0.0,0,0.0,0.0,1
4507624b79ce4607c7027741448882f314ed6f7dbb819ab1ba1f99cbec2da531,9,1,0.1111,1,1,9.0,5,0,1,0,1,0.0,0,2025-11-15 23:23:58.450,2025-11-15 23:25:09.293,1.0,1.18,0.0355,0.0,0,0.0,0.1111,1
5c528cab7e1bbb448df740f515b634b92c01c0847f9b7813271b80d971ee0cf3,1,1,1.0,1,1,1.0,1,0,1,0,0,0.0,0,2025-11-15 11:52:32.626,2025-11-15 11:52:32.626,1.0,0.0,0.0071,0.0,0,0.0,0.0,1
257e5bed8401d407d695be6e514e9dac97a56bed3f98b1ecb56595311d38cb28,3,0,0.0,1,1,3.0,1,0,0,0,0,0.0,0,2025-11-15 18:17:41.271,2025-11-15 18:17:43.513,1.0,-1.0,0.0071,0.0,0,0.0,0.0,1
d12228b122bf86a32f6d3995fa6c7d67da829b8666d5b3380a871ec6b30a953e,1,0,0.0,1,1,1.0,1,0,0,0,0,0.0,0,2025-11-15 14:22:09.891,2025-11-15 14:22:09.891,1.0,-1.0,0.0071,0.0,0,0.0,0.0,1
d99614b15e0ae5fae11b5b6fd9fb697f83c7e5b1747e7f30a7de480991e21ca1,2,0,0.0,1,1,2.0,2,0,0,0,1,0.0,0,2025-11-15 05:47:05.416,2025-11-15 06:51:28.600,1.0,-1.0,0.0142,0.0,0,0.0,0.5,1
f103b095f28f5e1f4b6913013a51a71b77cf2c20581970b19649f0b556cc0620,1,1,1.0,1,1,1.0,1,0,1,0,0,0.0,0,2025-11-15 06:12:50.294,2025-11-15 06:12:50.294,1.0,0.0,0.0071,0.0,0,0.0,0.0,1
b3559b7df3d655153f4226bb119f01c91036b1ef4a92e271387b3b68e85767ba,2,2,1.0,1,1,2.0,1,0,1,0,0,0.0,0,2025-11-15 18:01:56.131,2025-11-15 18:02:01.479,1.0,0.0,0.0071,0.0,0,0.0,0.0,1
809152187e0bf3a1b53320a882e1a60652fd72a35bc60a6369ff4993c88ce366,7,0,0.0,1,2,3.5,2,0,0,0,0,0.0,0,2025-11-15 06:27:59.985,2025-11-15 10:54:27.556,1.0,-1.0,0.0142,0.0,0,0.0,0.0,1
11d2de9e7629e6f3553af79049719689b1fa01c2fc2d92deaa27dfaabf11de6c,2,0,0.0,1,1,2.0,2,0,0,0,1,0.0,0,2025-11-15 17:01:00.305,2025-11-15 17:01:02.164,1.0,-1.0,0.0142,0.0,0,0.0,0.5,1
abe88c29d41eb051b2af499b3d29f7574183bc8659b95699c02efc3aa325acb9,1,1,1.0,1,1,1.0,1,0,1,0,0,0.0,0,2025-11-15 02:59:43.219,2025-11-15 02:59:43.219,1.0,0.0,0.0071,0.0,0,0.0,0.0,1
1759c176f965f9e1c7421633bb0b0b8eb9eb57d78ab53910c3c02b2276bf14f5,2,0,0.0,1,1,2.0,1,0,0,0,0,0.0,0,2025-11-15 09:00:18.574,2025-11-15 09:00:29.273,1.0,-1.0,0.0071,0.0,0,0.0,0.0,1
cb80cd24da363a202c8b573e62fdcad5b2eb34ae8e6519e8935fbf30f393b813,4,0,0.0,1,1,4.0,4,0,0,0,1,0.0,0,2025-11-15 10:23:57.990,2025-11-15 10:25:01.653,1.0,-1.0,0.0284,0.0,0,0.0,0.5,1
040bca5b82b4afe09093834557c3d3f18809e4d2abe49f37297910d2c8e85400,7,0,0.0,1,2,3.5,2,0,0,0,0,0.0,0,2025-11-15 13:44:43.351,2025-11-15 15:18:05.836,1.0,-1.0,0.0142,0.0,0,0.0,0.0,1
69e9a6543f36e7b5520f887347fc9b0c057470071c7638a3200bad8d3220a28f,2,2,1.0,1,2,1.0,1,0,1,0,0,0.0,0,2025-11-15 10:19:32.127,2025-11-15 13:26:29.708,1.0,0.0,0.0071,0.0,0,0.0,0.0,1
411743dfd776633992440adef53aa4dfc8f523dd1c00f17842571c6020548b5e,1,0,0.0,1,1,1.0,1,0,0,0,0,0.0,0,2025-11-15 16:50:25.925,2025-11-15 16:50:25.925,1.0,-1.0,0.0071,0.0,0,0.0,0.0,1
09d0a6a0870e93e6efd8b7b991944cc10c3bad38e3d6ce4e3751dfddca658568,1,0,0.0,1,1,1.0,1,0,0,0,0,0.0,0,2025-11-15 10:42:44.646,2025-11-15 10:42:44.646,1.0,-1.0,0.0071,0.0,0,0.0,0.0,1
01297ad68010e8b54b6ebe1104c0bd7f31a50bb241ddc17c76ba143eaa99aefd,4,0,0.0,1,1,4.0,1,0,0,0,0,0.0,0,2025-11-15 10:25:42.469,2025-11-15 10:26:07.007,1.0,-1.0,0.0071,0.0,0,0.0,0.0,1
bae26990a7b1eddfbe016fc7851f8124351d231c91c097837b49aa4f0439b344,9,0,0.0,2,2,4.5,2,0,0,0,0,0.0,0,2025-11-15 08:51:11.605,2025-12-02 18:31:34.242,17.4,-1.0,0.0142,-0.25,0,0.0,0.0,0
53ce72c85edabf57c4b4e36ce98c638c4f4bef640a34f6ac3ce6996145822b14,1,1,1.0,1,1,1.0,1,0,1,0,0,0.0,0,2025-11-15 00:38:27.791,2025-11-15 00:38:27.791,1.0,0.0,0.0071,0.0,0,0.0,0.0,1
f9b4dd919df9d92bcced279538d440df4015345f30e3867220424d1d7a1b6ccb,2,1,0.5,1,1,2.0,2,0,1,0,0,0.0,0,2025-11-15 04:17:21.882,2025-11-15 04:18:36.723,1.0,0.0,0.0142,0.0,0,0.0,0.0,1
f2b5b2be96be4600e92272431829ddc67df422be7d62c835b75907be35102a4a,3,1,0.3333,1,1,3.0,3,0,1,0,0,0.0,0,2025-11-15 10:06:58.127,2025-11-15 10:08:13.942,1.0,1.26,0.0213,0.0,0,0.0,0.0,1
61179f71b48a14623d9665322e109276b7f38f7bd2475588c2389b610815876c,1,0,0.0,1,1,1.0,1,0,0,0,0,0.0,0,2025-11-15 13:37:41.154,2025-11-15 13:37:41.154,1.0,-1.0,0.0071,0.0,0,0.0,0.0,1
a89553415b3b32152c0b7c5bd05e0a88f067bcfbb13ddb370474c64abb354b36,1,1,1.0,1,1,1.0,1,0,1,0,0,0.0,0,2025-11-15 13:04:14.264,2025-11-15 13:04:14.264,1.0,0.0,0.0071,0.0,0,0.0,0.0,1
3ab8963d5ec06829bac7fccc198616fa94628ad7758ea3c954478aba724357b6,2,2,1.0,1,1,2.0,1,0,1,0,0,0.0,0,2025-11-15 01:57:18.479,2025-11-15 01:57:18.707,1.0,0.0,0.0071,0.0,0,0.0,0.0,1
75e6082519a8e6e78317492cbe0b97a14623bc6400f06d94d234a0b465351489,1,0,0.0,1,1,1.0,1,0,0,0,0,0.0,0,2025-11-15 14:15:58.255,2025-11-15 14:15:58.255,1.0,-1.0,0.0071,0.0,0,0.0,0.0,1
451813dba0537cb3fb166aec5d80a7238ae3d8e23c10c369381de912b1b95962,6,0,0.0,1,1,6.0,1,0,0,0,0,0.0,0,2025-11-15 13:16:55.809,2025-11-15 14:00:40.822,1.0,-1.0,0.0071,0.0,0,0.0,0.0,1
0c43cca77384eee1656dcbc59353f4dd50cdf7af29db3ab327c2c196333d3aee,1,1,1.0,1,1,1.0,1,0,1,0,0,0.0,0,2025-11-15 01:37:51.381,2025-11-15 01:37:51.381,1.0,0.0,0.0071,0.0,0,0.0,0.0,1
c37deb98ea81032e1e7996687e4052771ac41d30fbcf8f0bb65611f712a857ff,1,0,0.0,1,1,1.0,1,0,0,0,0,0.0,0,2025-11-15 16:25:37.157,2025-11-15 16:25:37.157,1.0,-1.0,0.0071,0.0,0,0.0,0.0,1
56ebf2bba4d020e3f9385dfe37ed46cc63a88cb6413362e272676b4257a0a51c,1,1,1.0,1,1,1.0,1,0,1,0,0,0.0,0,2025-11-15 13:38:04.207,2025-11-15 13:38:04.207,1.0,0.0,0.0071,0.0,0,0.0,0.0,1
a29381a202fa85dcdc8f84458659198fcd65c491b347aab49f30ac974c595d4d,3,0,0.0,1,1,3.0,3,0,0,0,1,0.0,0,2025-11-15 07:02:44.813,2025-11-15 07:03:07.495,1.0,-1.0,0.0213,0.0,0,0.0,0.3333,1
e8d3438dcab6108ce7b51066c604b1580bc00c07963fc5a17d4d5474f4f0fa21,1,0,0.0,1,1,1.0,1,0,0,0,0,0.0,0,2025-11-15 10:25:52.682,2025-11-15 10:25:52.682,1.0,-1.0,0.0071,0.0,0,0.0,0.0,1
2eede32950d8e8f261a1aef2d7be3628808c18b19ed1e1470b2ac0e5c83382c9,1,1,1.0,1,1,1.0,1,0,1,0,0,0.0,0,2025-11-15 11:27:23.169,2025-11-15 11:27:23.169,1.0,0.0,0.0071,0.0,0,0.0,0.0,1
0bf322102ff393af1fa1f84aa130c5d970bfbd59c1d331ebf262cce659924bbc,6,0,0.0,2,2,3.0,1,0,0,0,0,0.0,0,2025-11-15 01:20:23.174,2025-11-18 23:55:24.613,3.94,-1.0,0.0071,0.0,0,0.0,0.0,1
befe4a68b5fe7e049315b9dd8576bb1263f87be314d9effd481aaf3e3a0d426c,2,0,0.0,1,1,2.0,2,0,0,0,1,0.0,0,2025-11-15 06:49:49.288,2025-11-15 06:49:50.945,1.0,-1.0,0.0142,0.0,0,0.0,0.5,1
e590ba1b469216d9c81770c37fd08c99bf141f0bb83abfd70dcad43aa134fba8,417,125,0.2998,2,2,208.5,15,0,1,0,1,0.0,0,2025-11-15 23:55:23.251,2025-11-16 00:33:51.834,1.0,5.98,0.1064,0.0,1,0.03266852257668712,1.0,1
655633326d261c29fb8228b3d12c784257a43c03e8df4064076894465674e67d,2,0,0.0,1,1,2.0,1,0,0,0,0,0.0,0,2025-11-15 19:25:19.619,2025-11-15 19:25:24.407,1.0,-1.0,0.0071,0.0,0,0.0,0.0,1
6d2763fbafe4a1b797fa71ca2b47944a3db5f8b636192209c91cc5a1ea1b451a,1,1,1.0,1,1,1.0,1,0,1,0,0,0.0,0,2025-11-15 09:20:09.810,2025-11-15 09:20:09.810,1.0,0.0,0.0071,0.0,0,0.0,0.0,1
be83beb5e04c944feeea0452930dc57666e8375552bfa10da5642a653e29b411,1,0,0.0,1,1,1.0,1,0,0,0,0,0.0,0,2025-11-15 01:24:24.831,2025-11-15 01:24:24.831,1.0,-1.0,0.0071,0.0,0,0.0,0.0,1
b7fc2ca153712b4dd8c847ae70b144253201999aafd5067cddd98230b547e1c8,1,0,0.0,1,1,1.0,1,0,0,0,0,0.0,0,2025-11-15 22:02:55.370,2025-11-15 22:02:55.370,1.0,-1.0,0.0071,0.0,0,0.0,0.0,1
f39366a0008d09d4720affb3d17f168df8a4315ac6503796a1c36fca3fe197f0,4,0,0.0,1,2,2.0,1,0,0,0,0,0.0,0,2025-11-15 10:22:22.316,2025-11-15 11:07:05.408,1.0,-1.0,0.0071,0.0,0,0.0,0.0,1
ee5a2ea388aebc96d67689ad2834934fae0ab5ddd881d224ada2b8bb930447e2,1,0,0.0,1,1,1.0,1,0,0,0,1,0.0,0,2025-11-15 18:03:20.638,2025-11-15 18:03:20.638,1.0,-1.0,0.0071,0.0,0,0.0,1.0,1
56a973d6865fa060de41cc42ddc97c57711434e2e315de343533f076769f4a33,1,1,1.0,1,1,1.0,1,0,1,0,0,0.0,0,2025-11-15 10:11:29.479,2025-11-15 10:11:29.479,1.0,0.0,0.0071,0.0,0,0.0,0.0,1
641679cdcfca1db7acb84de5e40d0ccff9b8a27241e1b05211713497ac882811,1,0,0.0,1,1,1.0,1,0,0,0,0,0.0,0,2025-11-15 00:36:45.608,2025-11-15 00:36:45.608,1.0,-1.0,0.0071,0.0,0,0.0,0.0,1
0e8123d2ffb64a7063b5252bf25168df692e4665efb42607073129d273319177,1,1,1.0,1,1,1.0,1,0,1,0,0,0.0,0,2025-11-15 09:59:47.529,2025-11-15 09:59:47.529,1.0,0.0,0.0071,0.0,0,0.0,0.0,1
751870142bf53e28727c2f032c91c3889639c6fbe56ebafb9fc53937d3cc1c72,1,0,0.0,1,1,1.0,1,0,0,0,0,0.0,0,2025-11-15 03:42:24.965,2025-11-15 03:42:24.965,1.0,-1.0,0.0071,0.0,0,0.0,0.0,1
af9582055daa0f328c3a6ebc45ae97bb93a78bb23be8b33cc3e5b42350b46f96,2,0,0.0,1,1,2.0,2,0,0,0,1,0.0,0,2025-11-15 17:11:00.758,2025-11-15 17:11:05.782,1.0,-1.0,0.0142,0.0,0,0.0,0.5,1
04069e60a0ac4a2fed27a31e8c5865cda9b01d130532b817672103948da7846c,1,0,0.0,1,1,1.0,1,0,0,0,1,0.0,0,2025-11-15 09:52:38.517,2025-11-15 09:52:38.517,1.0,-1.0,0.0071,0.0,0,0.00043342,1.0,1
563d301426b1d838bcf971b0448aad845fa5f2870bb7449b12ec65e5998c54e3,2,0,0.0,1,1,2.0,2,0,0,0,1,0.0,1,2025-11-15 15:09:27.142,2025-11-15 15:09:28.583,1.0,-1.0,0.0142,0.0,0,0.0,0.5,1
407725523dc185327ca9d3f72a9b27721a42f4546742b45699aa6efd0afc160f,2,0,0.0,1,1,2.0,2,0,0,0,1,0.0,0,2025-11-15 04:12:00.128,2025-11-15 04:12:25.923,1.0,-1.0,0.0142,0.0,0,0.0,1.0,1
c32c15767ff1f5bef12a7d072b1ceacf7df0def71928c895e14890bb6066bf1f,1,1,1.0,1,1,1.0,1,0,1,0,0,0.0,0,2025-11-15 21:31:33.550,2025-11-15 21:31:33.550,1.0,0.0,0.0071,0.0,0,0.0,0.0,1
d8dac38bf31d66bfaa4184ab0546d08183164f435fd139184c7f26a00f676237,1,1,1.0,1,1,1.0,1,0,1,0,0,0.0,0,2025-11-15 10:46:04.052,2025-11-15 10:46:04.052,1.0,0.0,0.0071,0.0,0,0.0,0.0,1
405d82c0f32924cea0e3d539907c4f873a954ce45e3b5511024ed3be443112c8,1,1,1.0,1,1,1.0,1,0,1,0,0,0.0,0,2025-11-15 04:32:58.692,2025-11-15 04:32:58.692,1.0,0.0,0.0071,0.0,0,0.0,0.0,1
0c811857187e57641104879ec9a2fc2d7ef309e81dcd328c8d63428e62fa7824,1,1,1.0,1,1,1.0,1,0,1,0,0,0.0,1,2025-11-15 16:10:57.154,2025-11-15 16:10:57.154,1.0,0.0,0.0071,0.0,0,0.0,0.0,1
d9cbf4655c0e1ba59cdcd476cd945a2aba9be06174b3b357e51c49c63e4acc1b,1,0,0.0,1,1,1.0,1,0,0,0,0,0.0,0,2025-11-15 05:18:02.071,2025-11-15 05:18:02.071,1.0,-1.0,0.0071,0.0,0,0.0,0.0,1
08a9f7680c4a14794f5629c60cc40ab1426a3db8765ffedf4027e4c143cd945c,1,0,0.0,1,1,1.0,1,0,0,0,0,0.0,0,2025-11-15 22:57:44.648,2025-11-15 22:57:44.648,1.0,-1.0,0.0071,0.0,0,0.0,0.0,1
6abb30d057372cbf43a7d5bcd1040b45d16b52a20da713e5b7d7e7fb87debc96,1,1,1.0,1,1,1.0,1,0,1,0,0,0.0,0,2025-11-15 19:18:48.558,2025-11-15 19:18:48.558,1.0,0.0,0.0071,0.0,0,0.0,0.0,1
2fcf2f92d20785dd93843e71d265d3d17604a6814c0fceb203deb67bc87a535d,1,1,1.0,1,1,1.0,1,0,1,0,0,0.0,0,2025-11-15 19:32:30.353,2025-11-15 19:32:30.353,1.0,0.0,0.0071,0.0,0,0.0,0.0,1
1ccf0d401b2e55782695a1ba3e9dca32e04cb33225c7e825bfe33f5120955d5c,1,1,1.0,1,1,1.0,1,0,1,0,0,0.0,0,2025-11-15 13:55:18.443,2025-11-15 13:55:18.443,1.0,0.0,0.0071,0.0,0,0.0,0.0,1
23578d8324c9483f189b15a025856d3d6aa2c27e5eaf8218af6b596e953d0828,1,1,1.0,1,1,1.0,1,0,1,0,0,0.0,0,2025-11-15 13:16:25.286,2025-11-15 13:16:25.286,1.0,0.0,0.0071,0.0,0,0.0,0.0,1
a6725e9d71b620a1d771bf74d9f2bf4d11ae3e544b00c19beb5737722b101bec,1,0,0.0,1,1,1.0,1,0,0,0,0,0.0,0,2025-11-15 09:40:12.776,2025-11-15 09:40:12.776,1.0,-1.0,0.0071,0.0,0,0.0,0.0,1
1e96b31ee37b09a118cfc0945c05a2c240e4f68a1049f5067fe8be64c7669ad1,2,0,0.0,1,1,2.0,2,0,0,0,0,0.0,0,2025-11-15 07:01:44.188,2025-11-15 07:02:29.932,1.0,-1.0,0.0142,0.0,0,0.0,0.0,1
4ff9cd08ab7f467c03dd2f33102e225db53bc0470b111c06c08962e2aaa4edf6,1,0,0.0,1,1,1.0,1,0,0,0,0,0.0,0,2025-11-15 20:30:23.330,2025-11-15 20:30:23.330,1.0,-1.0,0.0071,0.0,0,0.0,0.0,1
ec21ba7d7fa6fb2a553d477968e73a0ad41ed2ec4693da1b0d6813fc23ff53c5,1,1,1.0,1,1,1.0,1,0,1,0,0,0.0,0,2025-11-15 04:44:28.962,2025-11-15 04:44:28.962,1.0,0.0,0.0071,0.0,0,0.0,0.0,1
192bed1e31d6dafded99cbdb5095dfa70497c784eb4c658896e056ed2665115f,1,1,1.0,1,1,1.0,1,0,1,0,0,0.0,0,2025-11-15 12:27:54.008,2025-11-15 12:27:54.008,1.0,0.0,0.0071,0.0,0,0.0,0.0,1
e1ed7a15b0ec583d7183805e4da4256249451e49b9c1749fd3d911978664fb4d,1,1,1.0,1,1,1.0,1,0,1,0,0,0.0,0,2025-11-16 21:23:24.138,2025-11-16 21:23:24.138,1.0,0.0,0.0071,0.0,0,0.0,0.0,1
e8e13224dd25260b0df16a4e58e8ab6bfa2cc5c8fbe5418c91b573d4d51f1fb2,1,1,1.0,1,1,1.0,1,0,1,0,0,0.0,0,2025-11-16 17:55:21.629,2025-11-16 17:55:21.629,1.0,0.0,0.0071,0.0,0,0.0,0.0,1
0fd311853b2a450f3bd6dfb268d2ca52780f1d02c76c3c6bdef815b06d920848,30,4,0.1333,1,1,30.0,18,1,1,0,1,0.0,2,2025-11-16 18:25:01.991,2025-11-16 18:29:47.897,1.0,0.6,0.1277,0.0,0,0.003173472,0.2,1
1548c8dedfa7a9bbbd1551c1bc87c65cc53202d57eaad3e9a386c8bb04a97513,1,1,1.0,1,1,1.0,1,0,1,0,0,0.0,0,2025-11-16 04:02:33.757,2025-11-16 04:02:33.757,1.0,0.0,0.0071,0.0,0,0.0,0.0,1
97433126e3832ef8e33835e5b53476347a9722bc0a5c402884f954e0be49215d,2,0,0.0,1,1,2.0,1,0,0,0,0,0.0,0,2025-11-16 00:01:54.877,2025-11-16 00:02:36.398,1.0,-1.0,0.0071,0.0,0,0.0,0.0,1
454dd3e5ea4fb7a9d56cdcb504b73ee2171dec8c93fe81cbcfe7abeca518424c,3,0,0.0,1,1,3.0,1,0,0,0,0,0.0,0,2025-11-16 01:36:43.821,2025-11-16 01:37:10.450,1.0,-1.0,0.0071,0.0,0,0.0,0.0,1
b37227eaad5efcec35387c2f56d33e6868b3774c66c0175d62d5c10b798235aa,1,1,1.0,1,1,1.0,1,0,1,0,0,0.0,0,2025-11-16 15:41:16.770,2025-11-16 15:41:16.770,1.0,0.0,0.0071,0.0,0,0.0,0.0,1
6c2e8462002c20c30d45ba076400c367610fcfe48255d405c2a54611f20b74be,3,3,1.0,1,1,3.0,1,0,1,0,0,0.0,0,2025-11-16 18:31:49.022,2025-11-16 18:31:49.392,1.0,0.0,0.0071,0.0,0,0.0,0.0,1
48c7a670a271ed3ad1558442663e47619663e29f35f6c18acbceaf06fbaabed4,116,40,0.3448,1,1,116.0,15,0,1,0,1,0.0,1,2025-11-16 23:23:48.389,2025-11-16 23:37:57.349,1.0,2.32,0.1064,0.0,1,0.033417311132075474,0.9483,1
e8f6a673c28c0098a0e93c9f2a17ed5f5633b55b0299067e2ff332390cf3d962,1,1,1.0,1,1,1.0,1,0,1,0,0,0.0,0,2025-11-16 23:21:43.054,2025-11-16 23:21:43.054,1.0,0.0,0.0071,0.0,0,0.0,0.0,1
b5877970d94ad0cc2f6007481826a269d3cb970cb6666687d34aeeac5567c66b,464,152,0.3276,1,1,464.0,22,0,1,0,1,0.0,1,2025-11-16 05:25:01.960,2025-11-16 06:01:11.850,1.0,0.46,0.156,0.0,1,0.033413357443181815,0.9741,1
f3b7c54a7ad102a124a5185998b5743530b1cbc6673b8cc842d42bb29b269817,551,144,0.2613,1,3,183.67,45,1,1,0,1,0.0,3,2025-11-16 12:22:15.283,2025-11-16 19:23:38.684,1.0,0.5,0.3191,0.0,1,0.020746384827586204,0.8748,1
7bee2a1eb4058bf728bff61c509f799f60e0839b13be446c1ca2f12e693f6e1d,45,12,0.2667,1,1,45.0,12,0,1,0,1,0.0,1,2025-11-16 06:15:39.928,2025-11-16 06:37:18.506,1.0,1.93,0.0851,0.0,1,0.016388698214285714,0.8444,1
dff8d184f781a4a05f41264c654f782ef7e32a6c093769d374f1e9b7bb1854cd,455,165,0.3626,1,1,455.0,23,0,1,0,1,0.0,1,2025-11-16 19:52:09.047,2025-11-16 21:05:34.137,1.0,1.83,0.1631,0.0,1,0.03529331292993631,0.9648,1
41c0cff2d130a3ed4db4bb854d9b3c2020c30831092d34b16faa12b0846b7c4d,2,1,0.5,1,1,2.0,2,0,1,0,0,0.0,0,2025-11-16 08:37:46.036,2025-11-16 08:38:01.387,1.0,0.0,0.0142,0.0,0,0.0,0.0,1
29b0513f165c030a6093e710568e53470ffcaef39c1ea5f5d1cb1773064fd81b,3,0,0.0,1,1,3.0,1,0,0,0,0,0.0,0,2025-11-16 16:35:39.115,2025-11-16 16:36:09.303,1.0,-1.0,0.0071,0.0,0,0.0,0.0,1
bd2847c5b94a03261096d789c34c92f8e991c954e53860e6efda55a452fac1f2,10,0,0.0,1,1,10.0,6,0,0,0,1,0.0,0,2025-11-16 18:19:14.084,2025-11-16 18:22:12.201,1.0,-1.0,0.0426,0.0,0,0.0,0.1,1
6071d12d08e0951829e2b757d0ada9c78d8d543a39282e69203bcd8cf435f39a,9,0,0.0,1,1,9.0,1,0,0,0,0,0.0,0,2025-11-16 17:46:29.407,2025-11-16 17:47:40.023,1.0,-1.0,0.0071,0.0,0,0.0,0.0,1
5b9f0c0cb8233ac64dcc66261c7b0ae6aaa6d05104a0da9414e8b9f3c0f2a17f,244,72,0.2951,1,1,244.0,16,0,1,0,1,0.0,1,2025-11-16 06:08:29.163,2025-11-16 06:21:48.839,1.0,0.42,0.1135,0.0,1,0.025159133396226416,0.9631,1
d0adb670e376ebe33ad9e2dead9ff1fc0c230c83aae691e33274d0cb44a71bb9,2,0,0.0,1,1,2.0,2,0,0,0,1,0.0,0,2025-11-16 06:55:27.299,2025-11-16 06:55:46.751,1.0,-1.0,0.0142,0.0,0,0.0,0.5,1
c9632d0b825aaacf5ea95dea7f5925f67079ee3c302ef6e8f294dd1184c7338f,1,1,1.0,1,1,1.0,1,0,1,0,0,0.0,0,2025-11-16 10:18:50.614,2025-11-16 10:18:50.614,1.0,0.0,0.0071,0.0,0,0.0,0.0,1
e0f6667fb47d4aa693f49f175a8559058df298ca6f6cd00036e519c87131fde4,14,6,0.4286,1,1,14.0,7,0,1,0,1,0.0,1,2025-11-16 12:05:57.830,2025-11-16 12:12:04.568,1.0,0.55,0.0496,0.0,1,0.027102785,0.8571,1
87492ce7a96d51814c982835d7ec52d0f0df822e0373af42a0d435c174f27d4c,1,1,1.0,1,1,1.0,1,0,1,0,0,0.0,0,2025-11-16 07:30:00.597,2025-11-16 07:30:00.597,1.0,0.0,0.0071,0.0,0,0.0,0.0,1
fada7b6bba04e9bf5730735cfb394d55ec8cdb34736c6cfa2e9677fe1d989739,1,0,0.0,1,1,1.0,1,0,0,0,0,0.0,0,2025-11-16 23:38:22.085,2025-11-16 23:38:22.085,1.0,-1.0,0.0071,0.0,0,0.0,0.0,1
438c256257b66154e913f9bfc05af5c51932d7223a6feec135f6467a8475269d,1,0,0.0,1,1,1.0,1,0,0,0,0,0.0,0,2025-11-16 21:31:11.401,2025-11-16 21:31:11.401,1.0,-1.0,0.0071,0.0,0,0.0,0.0,1
ac788660299e6be23c2c412e8bb97c062895ce06c9b960161c32ac91f332c5db,1,0,0.0,1,1,1.0,1,0,0,0,0,0.0,0,2025-11-16 21:21:58.147,2025-11-16 21:21:58.147,1.0,-1.0,0.0071,0.0,0,0.0,0.0,1
0d8f911c0cb9ecc82e295d71d6cc333af014f6384318acb79fea49f9bfb8d1b2,393,112,0.285,2,2,196.5,15,0,1,0,1,0.0,0,2025-11-16 07:19:15.007,2025-11-17 06:46:36.725,1.0,1083.46,0.1064,0.0,1,0.029845571801242234,1.0,1
352aedd84b5c6eaf8ce95040059d64328e05af87d5578944e650eaae88013ea0,3,1,0.3333,1,1,3.0,2,0,1,0,0,0.0,0,2025-11-16 06:10:33.593,2025-11-16 06:17:09.472,1.0,0.0,0.0142,0.0,0,0.0,0.0,1
77127cd6bb243b0b24c9fb22347d08752ff77b4c5d02a53d30485ca15c388be6,3,0,0.0,1,1,3.0,1,0,0,0,0,0.0,0,2025-11-16 10:10:31.930,2025-11-16 10:11:30.040,1.0,-1.0,0.0071,0.0,0,0.0,0.0,1
0975e635e9fa24854179d0a4d5ff783fef3a4aa1a0ab307f96fcc1e461e422b2,1,1,1.0,1,1,1.0,1,0,1,0,0,0.0,0,2025-11-16 17:22:54.878,2025-11-16 17:22:54.878,1.0,0.0,0.0071,0.0,0,0.0,0.0,1
24c29bf0700ad3754a93c59373d0502334e37d920a3ecf02bfa9e14ddf303b70,2,0,0.0,1,1,2.0,1,0,0,0,0,0.0,0,2025-11-16 12:21:45.183,2025-11-16 12:21:56.737,1.0,-1.0,0.0071,0.0,0,0.0,0.0,1
c57114849e9389fe6946ff1c67bbf5ffae762c28ef20719c3cb0bde24ab05ba4,1,1,1.0,1,1,1.0,1,0,1,0,0,0.0,0,2025-11-16 14:33:28.847,2025-11-16 14:33:28.847,1.0,0.0,0.0071,0.0,0,0.0,0.0,1
0f4a76fe9d3a73edf1b87cb6949d04a2732b25496d7042f363345f5b73b08024,2,0,0.0,1,1,2.0,1,0,0,0,0,0.0,0,2025-11-16 18:03:35.578,2025-11-16 18:03:42.012,1.0,-1.0,0.0071,0.0,0,0.0,0.0,1
d2f4c76da3d5b88ff3e66fc51dfe85e3560deffe744899675e9f2b2d761cf668,2,0,0.0,1,1,2.0,1,0,0,0,0,0.0,0,2025-11-16 02:44:43.384,2025-11-16 02:44:44.098,1.0,-1.0,0.0071,0.0,0,0.0,0.0,1
c76b2fa864655bf7c5df1fd8f7d677b5569f1ec3ea69efd9201043fb63e9fed1,2,0,0.0,1,1,2.0,1,0,0,0,0,0.0,0,2025-11-16 17:14:12.895,2025-11-16 17:14:47.360,1.0,-1.0,0.0071,0.0,0,0.0,0.0,1
99f8ab1a2bbcbf61bdcfb4c9fb724197f7e5c0e9e9c06fe25665a5c273b17d0f,1,1,1.0,1,1,1.0,1,0,1,0,0,0.0,0,2025-11-16 04:33:37.000,2025-11-16 04:33:37.000,1.0,0.0,0.0071,0.0,0,0.0,0.0,1
378c216fb377ba6881db00619696bf756a272f65efc1cfee43ba8aaa5e61e96a,7,1,0.1429,1,1,7.0,6,0,1,0,1,0.0,1,2025-11-16 06:05:24.097,2025-11-16 06:07:44.811,1.0,1.42,0.0426,0.0,0,0.0,0.1429,1
2d0369dbe9affeab32a66c88b777da7e9a1d803492228e07548cb6c0fcb0cdc2,4,0,0.0,1,2,2.0,4,0,0,0,1,0.0,0,2025-11-16 12:23:47.913,2025-11-16 14:47:57.678,1.0,-1.0,0.0284,0.0,0,0.0,0.25,1
4522794e702e3995c95f22bb1a3fb3accb82bcf48a32653f8cd9f916e6b6a6b2,1,1,1.0,1,1,1.0,1,0,1,0,0,0.0,0,2025-11-16 12:06:05.111,2025-11-16 12:06:05.111,1.0,0.0,0.0071,0.0,0,0.0,0.0,1
dee4c1be02be9605f018b833fa93f111f312242f4f62520fb00bf70644243792,1,1,1.0,1,1,1.0,1,0,1,0,0,0.0,0,2025-11-16 05:19:45.566,2025-11-16 05:19:45.566,1.0,0.0,0.0071,0.0,0,0.0,0.0,1
5576d1efb9a180b68adee4e70d2892146b59fcfc7bfd5797a2d8692f870c8074,4,0,0.0,1,1,4.0,2,0,0,0,0,0.0,0,2025-11-16 18:24:01.011,2025-11-16 18:28:58.711,1.0,-1.0,0.0142,0.0,0,0.0,0.0,1
d7163e4bc9282ca4ee0186be3854d1fd45dea8f0ed9b44c21c0fbbeb9ab811c1,4,0,0.0,1,1,4.0,1,0,0,0,0,0.0,0,2025-11-16 10:49:03.791,2025-11-16 10:50:36.304,1.0,-1.0,0.0071,0.0,0,0.0,0.0,1
b366984a135ba1416b379ac0f1e63fb239f28a48456d2bf2173d0b57c46e8126,4,0,0.0,2,3,1.33,3,0,0,0,1,0.0,0,2025-11-16 09:44:24.628,2025-11-17 22:38:36.606,1.54,-1.0,0.0213,0.0,0,0.0,0.25,1
bbaa82202b8a7ce5061a24c17def975c91d74507784d2131b8b7b1171d05fb30,2,0,0.0,1,1,2.0,2,0,0,0,0,0.0,0,2025-11-16 03:00:40.637,2025-11-16 03:00:54.590,1.0,-1.0,0.0142,0.0,0,0.0,0.0,1
fff778cb9f3d8879a20936adaec51a74907e8676d543d285cc3fd36e34232c7f,1,0,0.0,1,1,1.0,1,0,0,0,0,0.0,0,2025-11-16 00:59:25.532,2025-11-16 00:59:25.532,1.0,-1.0,0.0071,0.0,0,0.0,0.0,1
d3515b5192165ebcb428fecafa1091140054ae68df3f6b7ef97897c93f3d14c2,3,0,0.0,1,1,3.0,1,0,0,0,0,0.0,0,2025-11-16 09:26:43.465,2025-11-16 09:26:47.016,1.0,-1.0,0.0071,0.0,0,0.0,0.0,1
bee4529a0ff05f66640ef7a5902934422edc5cbc77b1846013d5c49271c1e656,1,1,1.0,1,1,1.0,1,0,1,0,0,0.0,0,2025-11-16 19:50:55.989,2025-11-16 19:50:55.989,1.0,0.0,0.0071,0.0,0,0.0,0.0,1
239eb80bb4f59818f396e06edee7980be728650078b5d8c84eff080cf862a133,1,1,1.0,1,1,1.0,1,0,1,0,0,0.0,0,2025-11-16 06:45:18.668,2025-11-16 06:45:18.668,1.0,0.0,0.0071,0.0,0,0.0,0.0,1
6728d3c758edb893cccb5c1b092934e3a3c3eba6613a97c19ded349afca8169a,2,1,0.5,1,1,2.0,2,0,1,0,0,0.0,0,2025-11-16 07:59:25.453,2025-11-16 07:59:41.667,1.0,0.27,0.0142,0.0,0,0.0,0.0,1
ae84aa54c558b49f4a61e379e3bf4f1374c12bb1900875d3de84b83974bcac49,1,0,0.0,1,1,1.0,1,0,0,0,0,0.0,0,2025-11-16 12:13:09.553,2025-11-16 12:13:09.553,1.0,-1.0,0.0071,0.0,0,0.0,0.0,1
7d254c84ce24ab3e773c5450f36ff3e944fbb9e9577649771f2dfa89122712cc,2,1,0.5,1,1,2.0,2,0,1,0,0,0.0,0,2025-11-16 19:44:28.875,2025-11-16 19:52:35.669,1.0,0.0,0.0142,0.0,0,0.0,0.0,1
76904fc6222190669845d97cfc4e1d6aadbca733cbff9a4c911d1a33a17ef819,1,1,1.0,1,1,1.0,1,0,1,0,0,0.0,0,2025-11-16 13:47:48.213,2025-11-16 13:47:48.213,1.0,0.0,0.0071,0.0,0,0.0,0.0,1
7dded056b1ed8b61a65cf03605dc7f4a760b94d1652bcc3887a89a732bc65191,1,0,0.0,1,1,1.0,1,0,0,0,0,0.0,0,2025-11-16 17:28:34.089,2025-11-16 17:28:34.089,1.0,-1.0,0.0071,0.0,0,0.0,0.0,1
52a4272631297dee5a1b260a522915763513534b928b283881725a84c23debae,1,1,1.0,1,1,1.0,1,0,1,0,0,0.0,0,2025-11-16 15:26:44.004,2025-11-16 15:26:44.004,1.0,0.0,0.0071,0.0,0,0.0,0.0,1
413620b10b477e235f41f048363a8469a2c8348f0ecb57920caaf1fe9a06666c,1,1,1.0,1,1,1.0,1,0,1,0,0,0.0,0,2025-11-16 05:23:01.229,2025-11-16 05:23:01.229,1.0,0.0,0.0071,0.0,0,0.0,0.0,1
7083468b2a4f38955d23505a2976308687e5d2b1ca0ef5ba783e0f40975a8bfd,1,1,1.0,1,1,1.0,1,0,1,0,0,0.0,0,2025-11-16 03:43:30.662,2025-11-16 03:43:30.662,1.0,0.0,0.0071,0.0,0,0.0,0.0,1
63d4ad23f9c0b8cba22edc4f7032fd9302eed6f7176c24164c39757ef305ae34,4,0,0.0,2,3,1.33,3,0,0,0,1,0.0,0,2025-11-16 19:39:21.957,2025-11-17 06:57:50.934,1.0,-1.0,0.0213,0.0,0,0.0,0.25,1
f893944b228f017178e53b65ad62d310f3e724cc9363ad14f9d22a5e67f4c171,1,1,1.0,1,1,1.0,1,0,1,0,0,0.0,0,2025-11-16 20:01:09.218,2025-11-16 20:01:09.218,1.0,0.0,0.0071,0.0,0,0.0,0.0,1
b445e93fb2e2eac3a4a14bf83dbef473879b5a7e507ecd46c7b262b19558e412,1,1,1.0,1,1,1.0,1,0,1,0,0,0.0,0,2025-11-16 12:10:07.900,2025-11-16 12:10:07.900,1.0,0.0,0.0071,0.0,0,0.0,0.0,1
0033d6b8ce15f6edff01954e2145012ad985427566b4e1c72b55dd4729c88ab3,1,1,1.0,1,1,1.0,1,0,1,0,0,0.0,0,2025-11-16 06:41:46.814,2025-11-16 06:41:46.814,1.0,0.0,0.0071,0.0,0,0.0,0.0,1
c7c45decd6edfa60d255c2a5bba8f9c046e0a19b25e889964b193da0b0ef739f,2,0,0.0,1,1,2.0,1,0,0,0,0,0.0,0,2025-11-16 03:51:00.240,2025-11-16 03:51:13.208,1.0,-1.0,0.0071,0.0,0,0.0,0.0,1
8dce298aaf9f93ba83e4efd9f0f58e512d8515f56d487215b53ff002d5fb9228,1,1,1.0,1,1,1.0,1,0,1,0,0,0.0,0,2025-11-16 16:57:36.186,2025-11-16 16:57:36.186,1.0,0.0,0.0071,0.0,0,0.0,0.0,1
4f597739b14cec0f7dc4ba6721938a8e8c98695a364fb3a8fca54aa2f72686da,1,1,1.0,1,1,1.0,1,0,1,0,0,0.0,0,2025-11-16 16:17:44.466,2025-11-16 16:17:44.466,1.0,0.0,0.0071,0.0,0,0.0,0.0,1
9b762b4b91085de990ecb42077f48c69e0b9ed5281434b9060a3cffcce55679a,1,1,1.0,1,1,1.0,1,0,1,0,0,0.0,0,2025-11-16 11:36:59.496,2025-11-16 11:36:59.496,1.0,0.0,0.0071,0.0,0,0.0,0.0,1
4abca4e937b4f1d2ff99b03a2905149b7896108fb1416d019ab824adc85c79a8,1,1,1.0,1,1,1.0,1,0,1,0,0,0.0,0,2025-11-16 04:10:48.170,2025-11-16 04:10:48.170,1.0,0.0,0.0071,0.0,0,0.0,0.0,1
0386ef99b8bd1105e1273543db54137115da9806b784551573235f0efdbadac2,1,0,0.0,1,1,1.0,1,0,0,0,0,0.0,0,2025-11-16 06:05:10.671,2025-11-16 06:05:10.671,1.0,-1.0,0.0071,0.0,0,0.0,0.0,1
28a9dfa35bcecc912f747c4042ee2429a1a35a707c00990eca86e1c5d4722808,1,1,1.0,1,1,1.0,1,0,1,0,0,0.0,0,2025-11-16 17:10:53.262,2025-11-16 17:10:53.262,1.0,0.0,0.0071,0.0,0,0.0,0.0,1
bd878d543c5b961a0874d57fe3f177564748ca04c45a370b8a3d15f4e2235af4,1,1,1.0,1,1,1.0,1,0,1,0,0,0.0,0,2025-11-16 04:55:23.863,2025-11-16 04:55:23.863,1.0,0.0,0.0071,0.0,0,0.0,0.0,1
ad3635f4da5abab48dc55c31fe2af1d8cb0e32fde0a84d167584dbcd7a244cfe,1,1,1.0,1,1,1.0,1,0,1,0,0,0.0,0,2025-11-16 19:18:13.623,2025-11-16 19:18:13.623,1.0,0.0,0.0071,0.0,0,0.0,0.0,1
7396ca53861e5e498b558b3aea686c7db11482cdec1129a6ae4db59c9c64aa97,1,0,0.0,1,1,1.0,1,0,0,0,1,0.0,0,2025-11-16 15:42:02.885,2025-11-16 15:42:02.885,1.0,-1.0,0.0071,0.0,0,0.0,1.0,1
7cecb7b3d2cbcf1eb35866f803bfe0a79d699b364343187ce84c77e6784af0e9,1,1,1.0,1,1,1.0,1,0,1,0,0,0.0,0,2025-11-16 02:03:13.935,2025-11-16 02:03:13.935,1.0,0.0,0.0071,0.0,0,0.0,0.0,1
23947e0013aa7552f67736fed932cafc463e694591940d8b1e684f6bfdd248f2,1,1,1.0,1,1,1.0,1,0,1,0,0,0.0,0,2025-11-16 13:56:36.398,2025-11-16 13:56:36.398,1.0,0.0,0.0071,0.0,0,0.0,0.0,1
7857d972ac8c905f41d662ca3da2e880a354e8dbf57328b943159619d74237ff,1,1,1.0,1,1,1.0,1,0,1,0,0,0.0,0,2025-11-16 14:01:54.374,2025-11-16 14:01:54.374,1.0,0.0,0.0071,0.0,0,0.0,0.0,1
d556655a79bc8a1508208bb5c6b494cc0828a58e8605b45b21bf546c43460428,2,0,0.0,1,1,2.0,2,0,0,0,1,0.0,0,2025-11-16 07:32:02.840,2025-11-16 07:32:04.466,1.0,-1.0,0.0142,0.0,0,0.0,0.5,1
c3f94ef39ec54cfc7b6fe1525e41a572c03a5c10e77c24118d6260e730f49a92,1,1,1.0,1,1,1.0,1,0,1,0,0,0.0,0,2025-11-16 05:25:29.202,2025-11-16 05:25:29.202,1.0,0.0,0.0071,0.0,0,0.0,0.0,1
be12ef2d556621d95bd568e1f37dc40fa83699726ef6bfdc2ff6a96fe0a18c9b,1,1,1.0,1,1,1.0,1,0,1,0,0,0.0,0,2025-11-16 08:44:12.770,2025-11-16 08:44:12.770,1.0,0.0,0.0071,0.0,0,0.0,0.0,1
665ea369e4d3e68c0cb0ceccd8ddf8c8d01195385319c22aaa9c02d6f8e2da5d,1,0,0.0,1,1,1.0,1,0,0,0,0,0.0,0,2025-11-16 13:59:08.150,2025-11-16 13:59:08.150,1.0,-1.0,0.0071,0.0,0,0.0,0.0,1
6b24c1cf5c6a7928dc01faec2e504a2db2e4dc97e2a59428a93f72b849194bd1,2,0,0.0,1,1,2.0,1,0,0,0,0,0.0,0,2025-11-16 21:33:30.775,2025-11-16 21:36:03.321,1.0,-1.0,0.0071,0.0,0,0.0,0.0,1
0b8798ff38b64b45937cba414494157473c106d352ac8dc38f9b610bd063a1b3,1,1,1.0,1,1,1.0,1,0,1,0,0,0.0,0,2025-11-16 06:46:50.065,2025-11-16 06:46:50.065,1.0,0.0,0.0071,0.0,0,0.0,0.0,1
c253b6db987ad0292290d0dab825a68e1ab06342e6cb7552e2c5329bfacbb522,1,1,1.0,1,1,1.0,1,0,1,0,0,0.0,0,2025-11-16 14:19:49.017,2025-11-16 14:19:49.017,1.0,0.0,0.0071,0.0,0,0.0,0.0,1
4fb1258dfd35e9e00b14509efa690031800adad8e358c62a05eed35e7c0c4de7,2,0,0.0,1,1,2.0,1,0,0,0,0,0.0,0,2025-11-16 06:48:36.668,2025-11-16 06:55:59.198,1.0,-1.0,0.0071,0.0,0,0.0,0.0,1
08232284afd122ffa40dc21e340329ce3219abf495d2bf7a584eb37ac99aa3be,1,1,1.0,1,1,1.0,1,0,1,0,0,0.0,0,2025-11-16 12:57:10.723,2025-11-16 12:57:10.723,1.0,0.0,0.0071,0.0,0,0.0,0.0,1
ce6331f41e9b5a881dbed4c6c80c08d4d040b64f59f66c84557ff9256e88fe4c,1,1,1.0,1,1,1.0,1,0,1,0,0,0.0,0,2025-11-16 05:20:00.986,2025-11-16 05:20:00.986,1.0,0.0,0.0071,0.0,0,0.0,0.0,1
e72997434dc7a570af0188e348658a33828e86c6ebf3f7197a31353b4038348e,1,0,0.0,1,1,1.0,1,0,0,0,0,0.0,0,2025-11-16 06:26:15.390,2025-11-16 06:26:15.390,1.0,-1.0,0.0071,0.0,0,0.0,0.0,1
45f6e28259ee9439a480c0541fc29008eeeca352f61a4d13026a6814489384f4,1,0,0.0,1,1,1.0,1,0,0,0,0,0.0,0,2025-11-17 05:53:51.925,2025-11-17 05:53:51.925,1.0,-1.0,0.0071,0.0,0,0.0,0.0,1
9a80075956cd55881eebd3984cde6c0ae8369c275132628024324e094b7b1881,7,0,0.0,1,1,7.0,4,0,0,0,1,0.0,0,2025-11-17 00:38:46.367,2025-11-17 00:39:04.267,1.0,-1.0,0.0284,0.0,0,0.0,0.1429,1
92a290f6fa12b9f78369b48634b37616de44ccfc6aa556e5caba10c91048f1c0,52,17,0.3269,1,1,52.0,14,0,1,0,1,0.0,1,2025-11-17 02:02:51.443,2025-11-17 02:14:15.822,1.0,0.98,0.0993,0.0,1,0.022496153846153846,0.7692,1
91f280d8fc0844472a246cabe5c696fd7ec3a5e046541a12bfbb4fd888026ee0,1,1,1.0,1,1,1.0,1,0,1,0,0,0.0,0,2025-11-17 17:03:11.025,2025-11-17 17:03:11.025,1.0,0.0,0.0071,0.0,0,0.0,0.0,1
3c35c33f33bfd869a644cb8d16028cb4d45f5531b23f56b084c4a6374c42690d,19,8,0.4211,1,1,19.0,7,0,1,0,1,0.0,0,2025-11-17 04:21:55.615,2025-11-17 04:23:37.087,1.0,1.02,0.0496,0.0,0,0.0183,0.5789,1
83c432bdf178572a4f1da168384da997368cd76d23e47bbbd86bf82a9c5abf0f,8,0,0.0,1,1,8.0,3,0,0,0,1,0.0,0,2025-11-17 09:49:37.925,2025-11-17 10:00:29.279,1.0,-1.0,0.0213,0.0,0,0.009022366666666667,1.0,1
5b356f3983a59168a3fd8780232f80758e0d2bebe3e96e73a0233282338ffc9d,236,115,0.4873,1,1,236.0,26,1,1,0,1,0.0,2,2025-11-17 04:06:06.504,2025-11-17 04:29:48.618,1.0,1.76,0.1844,0.0,1,0.025315752777777777,0.8983,1
8b0886817da5dd1af8cdf373123e3cae022cbc2fbe3d96478c018150d61964a7,23,3,0.1304,1,1,23.0,18,1,1,0,1,0.0,1,2025-11-17 04:07:03.052,2025-11-17 04:18:08.484,1.0,9.44,0.1277,0.0,0,0.0034201559999999997,0.2609,1
78aab69045748c079a18242543bac6058345fc9ff63bd8cad81e016b6e699fda,3,0,0.0,1,1,3.0,1,0,0,0,0,0.0,0,2025-11-17 20:15:26.830,2025-11-17 20:16:53.736,1.0,-1.0,0.0071,0.0,0,0.0,0.0,1
c23f3903d17cc10986a1d17b621b5436f6c68cf8a70d818edb6c372b31f9911b,1,1,1.0,1,1,1.0,1,0,1,0,0,0.0,0,2025-11-17 09:53:56.421,2025-11-17 09:53:56.421,1.0,0.0,0.0071,0.0,0,0.0,0.0,1
db9d17b25e867e3912b49c563bdc525f04593e2d0eef39789cfdd1f5e65b3ca5,41,3,0.0732,3,5,8.2,23,1,1,0,1,0.0,1,2025-11-17 10:36:36.275,2025-12-07 23:20:37.748,20.53,0.55,0.1631,0.7576,0,0.002573964285714286,0.1951,0
8a2341b0051dfd353306f7fca4d8a302a01128d046cb525036a644a819d3415a,8,0,0.0,1,1,8.0,4,0,0,0,1,0.0,0,2025-11-17 11:04:29.215,2025-11-17 11:04:33.946,1.0,-1.0,0.0284,0.0,0,0.0,0.125,1
8ac8b31adbc8977fce8592dd4a1553b25a914168689208bd0d2d7163a43e86be,5,1,0.2,1,1,5.0,2,0,1,0,0,0.0,0,2025-11-17 19:44:31.284,2025-11-17 19:45:18.734,1.0,0.24,0.0142,0.0,0,0.0,0.0,1
6031cde4bd1ec82500064aded006a453b14a8fe148aaad31cddc5f84a624d5c0,736,213,0.2894,2,3,245.33,35,0,1,0,1,0.0,2,2025-11-17 17:30:10.424,2025-11-18 07:53:07.661,1.0,1.59,0.2482,0.0,1,0.021844494618181817,0.9484,1
f74dd2812fd58b1aef7410cb05bdedef91930b3469ab9d2dcf0e900c7497b1a7,1,1,1.0,1,1,1.0,1,0,1,0,0,0.0,0,2025-11-17 12:22:47.982,2025-11-17 12:22:47.982,1.0,0.0,0.0071,0.0,0,0.0,0.0,1
cd9fc7e7abd2c661e93064f0ed4aee755694cdc27922951d8e8e077c3e2de2ec,786,239,0.3041,3,4,196.5,30,0,1,0,1,2.0123671,1,2025-11-17 04:56:13.258,2025-11-19 07:50:02.830,2.12,1.79,0.2128,0.0,1,0.037093865106382976,0.9618,1
db8a30ad4ac68becfb94478529fb2bf762c088fed4daa27be33e985e4bcff915,6,0,0.0,2,2,3.0,1,0,0,0,0,0.0,0,2025-11-17 10:47:04.852,2025-11-26 05:22:53.227,8.77,-1.0,0.0071,0.8,0,0.0,0.0,0
4b3cada1b33b48ba4ec2bc6cf426c124eaab05525cf8d8df834b61530c2d4c79,3,0,0.0,1,1,3.0,2,0,0,0,0,0.0,0,2025-11-17 19:30:58.049,2025-11-17 19:31:09.730,1.0,-1.0,0.0142,0.0,0,0.0,0.0,1
a890aceba454ffee2343813822e87ff59081702984724ffdb01a91b1c01da01c,8,0,0.0,1,1,8.0,4,0,0,0,1,0.0,0,2025-11-17 05:26:36.653,2025-11-17 05:26:46.051,1.0,-1.0,0.0284,0.0,0,0.0,0.125,1
667bb25992698acbf0b0c34c4208940814ea9f019a3043e75682f2d6288b0d47,2,2,1.0,1,1,2.0,1,0,1,0,0,0.0,0,2025-11-17 17:05:23.756,2025-11-17 17:05:24.078,1.0,0.0,0.0071,0.0,0,0.0,0.0,1
d7a3ff92aed63582f0ac981e968e63b2310a9b3091bc2482be4dfd6b66c2f03a,54,21,0.3889,1,1,54.0,13,0,1,0,1,0.0,0,2025-11-17 00:52:55.471,2025-11-17 00:56:51.250,1.0,0.34,0.0922,0.0,1,0.024074142413793104,0.9259,1
fafbbbf0132540c7fbe4fcde80562019acf077bbba8650a17c612af891cad318,20,2,0.1,1,1,20.0,17,1,1,0,1,0.0,2,2025-11-17 04:51:53.157,2025-11-17 05:27:02.600,1.0,3.12,0.1206,0.0,0,0.0011557866666666668,0.25,1
ad61b826bca99b68184bf6ebca1a9b0c3fafaff293da5642dc9e5bfbc797136f,8,0,0.0,1,1,8.0,1,0,0,0,0,0.0,0,2025-11-17 09:29:53.495,2025-11-17 09:40:20.184,1.0,-1.0,0.0071,0.0,0,0.0,0.0,1
89f9c10dccaa8ac2d3d6c05911c59459baab024e9820fd8f4b50ea3462ca0d42,7,3,0.4286,1,1,7.0,3,0,1,0,1,0.0,0,2025-11-17 08:57:27.014,2025-11-17 09:01:24.209,1.0,3.91,0.0213,0.0,0,0.012666666666666666,1.0,1
47b9232c63475b12b82911a3fbb9ffa3c331eca5ce1f5d6e3a61264a3b920fc1,1,1,1.0,1,1,1.0,1,0,1,0,0,0.0,0,2025-11-17 17:57:01.036,2025-11-17 17:57:01.036,1.0,0.0,0.0071,0.0,0,0.0,0.0,1
1b09a4b970d605d07e1349159ede05837041e2be081f4326c1fcfcc5e2514a9c,1,1,1.0,1,1,1.0,1,0,1,0,0,0.0,0,2025-11-17 04:41:52.149,2025-11-17 04:41:52.149,1.0,0.0,0.0071,0.0,0,0.0,0.0,1
2a9c4091cf1cfd20f39bf0042c4a443fb4187a2cd4180b8871081623b173cf13,13,2,0.1538,1,2,6.5,10,0,1,0,1,0.0,1,2025-11-17 08:49:51.560,2025-11-17 22:10:29.957,1.0,0.77,0.0709,0.0,0,0.0,0.0769,1
6b0f2851102b76c539dee4daca79b50985f0b77abb0ace5ca147ab3ed753920d,1,1,1.0,1,1,1.0,1,0,1,0,0,0.0,0,2025-11-17 11:49:27.158,2025-11-17 11:49:27.158,1.0,0.0,0.0071,0.0,0,0.0,0.0,1
9678f74db177636ec41385b7de7e517750de8097546a38cc1a0a5c48428984d4,23,0,0.0,10,19,1.21,1,0,0,0,0,0.0,0,2025-11-17 14:22:03.088,2025-12-03 13:56:37.520,15.98,-1.0,0.0071,0.8824,0,0.0,0.0,0
b49b717f6069e339ae4e91eacdb3669b3a5dccd187be6642ff8940b0634d0674,4,0,0.0,1,1,4.0,1,0,0,0,0,0.0,0,2025-11-17 14:13:07.142,2025-11-17 14:13:53.066,1.0,-1.0,0.0071,0.0,0,0.0,0.0,1
377b85169dcdc9de66787009183aae8ede5b4adb16fc2639d18544bb6bb308d1,2,1,0.5,2,2,1.0,2,0,1,0,0,0.0,0,2025-11-17 12:21:05.556,2025-11-18 09:06:41.582,1.0,1245.6,0.0142,0.0,0,0.0,0.0,1
420f7d308e68c9e3a036433ff905f8067701eb0ab12ef539a21ea6e858dbecc9,3,0,0.0,1,1,3.0,1,0,0,0,0,0.0,0,2025-11-17 22:41:35.923,2025-11-17 22:41:45.847,1.0,-1.0,0.0071,0.0,0,0.0,0.0,1
3abcf854925c822d98c6700e86253c30ea63443f339b8c0cc688f766b5bde3e5,1,0,0.0,1,1,1.0,1,0,0,0,1,0.0,0,2025-11-17 17:14:26.305,2025-11-17 17:14:26.305,1.0,-1.0,0.0071,0.0,0,0.0,1.0,1
3ee8c28ba09756221e253214f409dec72adaadfea239ef82f3425ca4bfda6591,1,1,1.0,1,1,1.0,1,0,1,0,0,0.0,0,2025-11-17 05:35:36.942,2025-11-17 05:35:36.942,1.0,0.0,0.0071,0.0,0,0.0,0.0,1
7f250a2e723e7673d16f8ff047d3a2da5de19239ba3b9a5127775d5058ff60bf,5,0,0.0,2,2,2.5,1,0,0,0,0,0.0,0,2025-11-17 11:15:40.359,2025-11-24 12:20:36.915,7.05,-1.0,0.0071,0.3333,0,0.0,0.0,1
85d50e8093da5c8c718650465901e3417c2cf9b4282ba826fe45e7db565b1805,6,6,1.0,1,2,3.0,1,0,1,0,0,0.0,1,2025-11-17 09:48:57.012,2025-11-17 16:09:36.721,1.0,0.0,0.0071,0.0,0,0.0,0.0,1
87874e7a93b2e830af6128e48489ea29d479c59bc2ad12d9382302694ae13eb9,5,0,0.0,1,1,5.0,5,0,0,0,1,0.0,0,2025-11-17 19:07:13.229,2025-11-17 19:09:45.554,1.0,-1.0,0.0355,0.0,0,0.0,0.4,1
ea68095075ff606cbbbe7c85e26987333b6070c8a7f75028d78599212cdbef3c,2,0,0.0,1,1,2.0,1,0,0,0,0,0.0,0,2025-11-17 11:27:12.247,2025-11-17 11:28:24.815,1.0,-1.0,0.0071,0.0,0,0.0,0.0,1
df5b8ca000ada5a98c169e5f1ba0fafb678d29735c25c563b1c6500fb5ed8d9a,2,0,0.0,1,1,2.0,2,0,0,0,0,0.0,0,2025-11-17 18:18:11.087,2025-11-17 18:18:59.174,1.0,-1.0,0.0142,0.0,0,0.0,0.0,1
40da7a1cb2de0fae622b8cc0ebcb7fa407cfc0c3df2a297418ee7dec88d670d4,2,0,0.0,1,1,2.0,1,0,0,0,0,0.0,0,2025-11-17 11:38:25.891,2025-11-17 11:38:29.520,1.0,-1.0,0.0071,0.0,0,0.0,0.0,1
2993afc04c16da2f26cea6ba895b1a21d59f53aa7ecfd437e12124a39962372f,3,2,0.6667,1,1,3.0,2,0,1,0,0,0.0,0,2025-11-17 00:36:44.688,2025-11-17 00:38:44.007,1.0,0.0,0.0142,0.0,0,0.0,0.0,1
06280b95bdd939c6f64785c34745663540bc517fe4ab1b2377587994de6af02e,1,0,0.0,1,1,1.0,1,0,0,0,0,0.0,0,2025-11-17 08:36:08.408,2025-11-17 08:36:08.408,1.0,-1.0,0.0071,0.0,0,0.0,0.0,1
81c8096a9af74ca0961b8ef71858687d234bfbd663d1b345fa9461b13960874c,2,0,0.0,1,1,2.0,2,0,0,0,1,0.0,0,2025-11-17 14:22:18.250,2025-11-17 14:22:18.444,1.0,-1.0,0.0142,0.0,0,0.0,0.5,1
1f4895231e9de4c22be4066774629b749eff93dfcd5d98dc136ef56bf0e0d2ef,4,0,0.0,1,1,4.0,1,0,0,0,0,0.0,0,2025-11-17 08:39:55.538,2025-11-17 08:49:39.797,1.0,-1.0,0.0071,0.0,0,0.0,0.0,1
a1da88921aef06d1d4f72c7366bf71c242ded518323f85e2372e32e73470e90e,16,4,0.25,4,7,2.29,7,0,1,0,1,0.0,2,2025-11-17 11:05:54.684,2025-11-20 14:00:00.906,3.12,96.92,0.0496,0.0,0,0.0055,0.1875,1
1974214b71b90c48783f05b35b4d4ce7fe0917e2ee0d8a4cbdb2a1f6cb85df34,4,1,0.25,2,2,2.0,2,0,1,0,0,0.0,0,2025-11-17 22:34:13.276,2025-11-25 21:51:18.755,7.97,11477.09,0.0142,0.0,0,0.0,0.0,0
05965c9b3fa0fa32cd334da271f22c82b5570aa670f98a7fa1331e9f2706ec79,1,0,0.0,1,1,1.0,1,0,0,0,0,0.0,0,2025-11-17 10:57:13.535,2025-11-17 10:57:13.535,1.0,-1.0,0.0071,0.0,0,0.0,0.0,1
629237c34392dc1628911be4810acccd28d8a300788578f704977032b10c6d9f,4,0,0.0,1,1,4.0,4,0,0,0,1,0.0,0,2025-11-17 12:25:58.423,2025-11-17 12:27:14.364,1.0,-1.0,0.0284,0.0,0,0.0,0.5,1
df72955726ae1866b96f4afac7993427274898b202d0b88ca01886fa2417186b,3,0,0.0,1,1,3.0,1,0,0,0,0,0.0,0,2025-11-17 04:05:54.051,2025-11-17 04:06:08.838,1.0,-1.0,0.0071,0.0,0,0.0,0.0,1
eb0325d64a3d2e9510d17135f0f3b5cf1011ce3cdd271aeba7bc49b61d324878,1,0,0.0,1,1,1.0,1,0,0,0,0,0.0,0,2025-11-17 15:06:24.159,2025-11-17 15:06:24.159,1.0,-1.0,0.0071,0.0,0,0.0,0.0,1
7f98602f73b9a283eadbe601739db72115b9b661a52c782eb4707e261105106c,1,0,0.0,1,1,1.0,1,0,0,0,0,0.0,0,2025-11-17 02:51:34.249,2025-11-17 02:51:34.249,1.0,-1.0,0.0071,0.0,0,0.0,0.0,1
548588284a262fdb83f2bc136c784ec7d055a7465e3f7578c6ffc65e48ea67ec,1,0,0.0,1,1,1.0,1,0,0,0,0,0.0,0,2025-11-17 04:05:49.089,2025-11-17 04:05:49.089,1.0,-1.0,0.0071,0.0,0,0.0,0.0,1
9976311885ba8fe15e1b83ba64aa1e185016be19a5378f7e4cb39327bdbbdd5d,3,0,0.0,1,1,3.0,1,0,0,0,0,0.0,0,2025-11-17 16:25:40.030,2025-11-17 16:26:30.335,1.0,-1.0,0.0071,0.0,0,0.0,0.0,1
8dd60b273e1581009e8879638a9ba89a432a9a0f749398f65ec8dfd9273aaa37,2,1,0.5,1,1,2.0,2,0,1,0,0,0.0,0,2025-11-17 00:49:06.636,2025-11-17 00:52:53.015,1.0,0.0,0.0142,0.0,0,0.0,0.0,1
2f6eca5326cd60a5d77de94cd91f501a41fa50853580d8292cb84ce500a204b6,1,0,0.0,1,1,1.0,1,0,0,0,0,0.0,0,2025-11-17 01:47:09.462,2025-11-17 01:47:09.462,1.0,-1.0,0.0071,0.0,0,0.0,0.0,1
b79490f72a17257b8945fa53ed4fdf196e6d04b5a980159cd3ceb189a0d5dbe0,1,0,0.0,1,1,1.0,1,0,0,0,0,0.0,0,2025-11-17 12:27:02.610,2025-11-17 12:27:02.610,1.0,-1.0,0.0071,0.0,0,0.0,0.0,1
31e2cea912ca6e07cd0630f24c4446cbd247e788f92dc9137c7fba8ab90682d1,1,1,1.0,1,1,1.0,1,0,1,0,0,0.0,0,2025-11-17 16:52:53.036,2025-11-17 16:52:53.036,1.0,0.0,0.0071,0.0,0,0.0,0.0,1
33c449640adc7c37182f1db992c1b9badc65c1ff29beb9fec47c9cd8ffcee6a3,1,1,1.0,1,1,1.0,1,0,1,0,0,0.0,0,2025-11-17 15:42:36.286,2025-11-17 15:42:36.286,1.0,0.0,0.0071,0.0,0,0.0,0.0,1
60a007a6760beb57533759379f2ba396ea25f6ea187e94753ceb400477ec655d,3,0,0.0,1,1,3.0,1,0,0,0,0,0.0,0,2025-11-17 16:56:10.757,2025-11-17 16:56:23.320,1.0,-1.0,0.0071,0.0,0,0.0,0.0,1
82bacffdeba1daf6139fc52709b9e21686e2113b55144559779f33fab2d49774,2,0,0.0,1,1,2.0,2,0,0,0,1,0.0,0,2025-11-17 13:07:25.552,2025-11-17 13:07:27.127,1.0,-1.0,0.0142,0.0,0,0.0,0.5,1
05d60afa2207603087146fc0f50ac7a1af53ec7788c7ffd844d3dfae748a2c86,1,1,1.0,1,1,1.0,1,0,1,0,0,0.0,0,2025-11-17 11:11:47.867,2025-11-17 11:11:47.867,1.0,0.0,0.0071,0.0,0,0.0,0.0,1
afbb1a0afcf6852d39cb85eccfe70dc03ec64822e73b092c39c862c5aa1f8881,1,0,0.0,1,1,1.0,1,0,0,0,0,0.0,0,2025-11-17 20:56:01.397,2025-11-17 20:56:01.397,1.0,-1.0,0.0071,0.0,0,0.0,0.0,1
cbc03319c48e0716c666585fec074916bd25d4f17cbae0889a4a664ae7fdfabf,2,2,1.0,1,1,2.0,1,0,1,0,0,0.0,0,2025-11-17 13:57:28.706,2025-11-17 13:57:30.587,1.0,0.0,0.0071,0.0,0,0.0,0.0,1
641d90e7f93f3d2774985961051b3b19e9b99422b35420a94ce5df83699deec1,1,0,0.0,1,1,1.0,1,0,0,0,0,0.0,0,2025-11-17 21:55:58.789,2025-11-17 21:55:58.789,1.0,-1.0,0.0071,0.0,0,0.0,0.0,1
c153076ebda37d8d65142d8f7de7d15a3ec7c8e8dbde51b81bf9cb03146d0553,2,0,0.0,1,1,2.0,2,0,0,0,1,0.0,0,2025-11-17 18:33:26.999,2025-11-17 18:33:29.358,1.0,-1.0,0.0142,0.0,0,0.0,0.5,1
37bd663f8125cd27bebd739eea4f84815fa821849d3ad1a3e51ff65b373c44cc,1,0,0.0,1,1,1.0,1,0,0,0,0,0.0,0,2025-11-17 10:21:09.012,2025-11-17 10:21:09.012,1.0,-1.0,0.0071,0.0,0,0.0,0.0,1
433f1a1985895bafc22f56aa2d5a57c4ca44ad2c3764ebadf3cb8ac6cd7426e6,1,0,0.0,1,1,1.0,1,0,0,0,0,0.0,0,2025-11-17 12:25:30.195,2025-11-17 12:25:30.195,1.0,-1.0,0.0071,0.0,0,0.0,0.0,1
8e93f0c25be5749228f8e8598e0e392b902813a12d0b00b5e925d1cf14989e93,1,0,0.0,1,1,1.0,1,0,0,0,0,0.0,0,2025-11-17 21:48:37.954,2025-11-17 21:48:37.954,1.0,-1.0,0.0071,0.0,0,0.0,0.0,1
974a198d854d6467032a1f2377efe16363282183d8661e2de01f31d92f3a6feb,2,2,1.0,1,1,2.0,1,0,1,0,0,0.0,0,2025-11-17 04:47:12.525,2025-11-17 04:51:46.647,1.0,0.0,0.0071,0.0,0,0.0,0.0,1
e70f0380c847c0fc52940b2cc956035e1167a52e0aaf661ed0c7b20f301c26dd,1,0,0.0,1,1,1.0,1,0,0,0,0,0.0,0,2025-11-17 16:45:01.714,2025-11-17 16:45:01.714,1.0,-1.0,0.0071,0.0,0,0.0,0.0,1
46a03201feb3b28441fb25feca19127435ec828c964f2ad0cafabbe93a665eb8,1,0,0.0,1,1,1.0,1,0,0,0,0,0.0,0,2025-11-17 17:45:16.982,2025-11-17 17:45:16.982,1.0,-1.0,0.0071,0.0,0,0.0,0.0,1
40fb6a764a80746bea32a110fe07544aebc57222a3a17e1bfa6579ab7e807ee9,1,1,1.0,1,1,1.0,1,0,1,0,0,0.0,1,2025-11-17 05:19:36.777,2025-11-17 05:19:36.777,1.0,0.0,0.0071,0.0,0,0.0,0.0,1
3982513178142c0fe60dc3c497302a80f29551ec5b89c9176d0cea33b73157fb,1,0,0.0,1,1,1.0,1,0,0,0,0,0.0,0,2025-11-17 06:29:39.072,2025-11-17 06:29:39.072,1.0,-1.0,0.0071,0.0,0,0.0,0.0,1
c2c7e7acdeae9a1f526945f47ea7403e51a80e53b08048c98f8fbe5a57eaced5,1,1,1.0,1,1,1.0,1,0,1,0,0,0.0,0,2025-11-17 11:13:02.335,2025-11-17 11:13:02.335,1.0,0.0,0.0071,0.0,0,0.0,0.0,1
83ee9ef0bb02328dd1fd8eef62fe18cc8d66dc6c6de32344497a52f874d8698c,1,1,1.0,1,1,1.0,1,0,1,0,0,0.0,0,2025-11-17 16:38:11.553,2025-11-17 16:38:11.553,1.0,0.0,0.0071,0.0,0,0.0,0.0,1
4d60d0189cf0d539702772940655cd825ba0447d5ee94684fda6a24d41c2d996,1,1,1.0,1,1,1.0,1,0,1,0,0,0.0,0,2025-11-17 20:37:33.170,2025-11-17 20:37:33.170,1.0,0.0,0.0071,0.0,0,0.0,0.0,1
07c08cc59a6aa597cca7043edd0438e77f75c40bab6204ec0ce3994c87a686fa,5,1,0.2,3,3,1.67,2,0,1,0,0,0.0,0,2025-11-17 14:39:09.987,2025-12-05 17:24:01.510,18.11,0.0,0.0142,0.3333,0,0.0,0.0,0
c358d5b0de4fd5075fbd0417bea3b33540c3988862a3fa76e5ae24d370b97525,3,0,0.0,2,2,1.5,1,0,0,0,0,0.0,0,2025-11-17 13:20:52.979,2025-12-02 18:33:44.520,15.22,-1.0,0.0071,-1.0,0,0.0,0.0,0
1aa15cd7a994a08cb504a4d1d6bc71937050d97b730826e7d331a5d5df16cbc3,1,0,0.0,1,1,1.0,1,0,0,0,0,0.0,0,2025-11-17 18:54:32.307,2025-11-17 18:54:32.307,1.0,-1.0,0.0071,0.0,0,0.0,0.0,1
0da2e70663cb9461417131b0a56719b29f94bf90caa37d3b5dce4bbebc9877a4,1,1,1.0,1,1,1.0,1,0,1,0,0,0.0,0,2025-11-17 02:02:08.575,2025-11-17 02:02:08.575,1.0,0.0,0.0071,0.0,0,0.0,0.0,1
91e175697dcbc856fdd526696bd37b8f6ada5609a6039c5366703e58c26405c6,2,1,0.5,1,1,2.0,2,0,1,0,0,0.0,0,2025-11-17 05:25:55.770,2025-11-17 05:26:04.885,1.0,0.0,0.0142,0.0,0,0.0,0.0,1
6cc44694e37e1bdde05ca4dac3d41b62ba9aee17319f9504f939665f91c4c834,1,0,0.0,1,1,1.0,1,0,0,0,0,0.0,0,2025-11-17 19:26:25.276,2025-11-17 19:26:25.276,1.0,-1.0,0.0071,0.0,0,0.0,0.0,1
71e990ce41f36c124dad01b24daec8942ef303b65092ad3c7a7aba917141f845,1,1,1.0,1,1,1.0,1,0,1,0,0,0.0,0,2025-11-17 04:25:41.916,2025-11-17 04:25:41.916,1.0,0.0,0.0071,0.0,0,0.0,0.0,1
7e4de35df4c8d02d8ee38114c67960729364f301c19a461f4e256f640903595d,1,1,1.0,1,1,1.0,1,0,1,0,0,0.0,0,2025-11-17 21:14:22.443,2025-11-17 21:14:22.443,1.0,0.0,0.0071,0.0,0,0.0,0.0,1
f025dd135920c9045616bf1380009f7a93d87e0076e1f44ffe876b88ec458022,1,0,0.0,1,1,1.0,1,0,0,0,0,0.0,0,2025-11-17 10:36:24.700,2025-11-17 10:36:24.700,1.0,-1.0,0.0071,0.0,0,0.0,0.0,1
aa9c390f6b24ef9b1d6b2e416b3da64742bbfe47ba416ad336e9b66f6bab165f,1,0,0.0,1,1,1.0,1,0,0,0,0,0.0,0,2025-11-17 16:24:14.739,2025-11-17 16:24:14.739,1.0,-1.0,0.0071,0.0,0,0.0,0.0,1
c5ad6ef1d0eca9393d679346de76499b5220f20bfb8a48ca15ebf22c2204ea20,1,0,0.0,1,1,1.0,1,0,0,0,0,0.0,0,2025-11-17 04:51:29.190,2025-11-17 04:51:29.190,1.0,-1.0,0.0071,0.0,0,0.0,0.0,1
804debe93b704961a58094757e8e8aa92e279a3fa884d66c1bd1eb380c936887,1,1,1.0,1,1,1.0,1,0,1,0,0,0.0,0,2025-11-17 13:01:09.071,2025-11-17 13:01:09.071,1.0,0.0,0.0071,0.0,0,0.0,0.0,1
80928fd7ed6f894d95a7e935ba6cdafbb6c7cb7aceb2c6fae2bbecbd049f33e0,1,0,0.0,1,1,1.0,1,0,0,0,0,0.0,0,2025-11-17 10:02:31.797,2025-11-17 10:02:31.797,1.0,-1.0,0.0071,0.0,0,0.0,0.0,1
c0baf8089bb278f81a027f1a978f73c3dc1b8275e20994e92a2b15a5bf55638c,1,1,1.0,1,1,1.0,1,0,1,0,0,0.0,0,2025-11-17 04:20:47.207,2025-11-17 04:20:47.207,1.0,0.0,0.0071,0.0,0,0.0,0.0,1
52af04e3ffc6e7bdb11daf8ae1afa2750dd52b9fb567662c23f1341afdc2e85c,1,0,0.0,1,1,1.0,1,0,0,0,0,0.0,0,2025-11-17 17:56:05.202,2025-11-17 17:56:05.202,1.0,-1.0,0.0071,0.0,0,0.0,0.0,1
4fec92a3f84221b51119ea6572c026797bab7cf4d2464d9626a7248f7f01fe36,1,1,1.0,1,1,1.0,1,0,1,0,0,0.0,0,2025-11-17 16:23:31.281,2025-11-17 16:23:31.281,1.0,0.0,0.0071,0.0,0,0.0,0.0,1
8970df34ec15976c5f06ff57ed228bc78a8aacdfb11c4f9d2bfedfbd3e4132c5,1,1,1.0,1,1,1.0,1,0,1,0,0,0.0,0,2025-11-17 00:09:40.334,2025-11-17 00:09:40.334,1.0,0.0,0.0071,0.0,0,0.0,0.0,1
f8c869f46020a3c023a1af313fe7732379c3fe289c3aa21099deae686e78652f,1,1,1.0,1,1,1.0,1,0,1,0,0,0.0,0,2025-11-17 07:48:01.430,2025-11-17 07:48:01.430,1.0,0.0,0.0071,0.0,0,0.0,0.0,1
5f4f65546f73b8bd15ac1d4c486d4263a852abc451cbefcbaa2f45efcbf5aa94,1,1,1.0,1,1,1.0,1,0,1,0,0,0.0,0,2025-11-17 03:18:19.998,2025-11-17 03:18:19.998,1.0,0.0,0.0071,0.0,0,0.0,0.0,1
e31bbc5ce6be4bf334ce1c242091e4398e8d800a0bd13a3826df8f439fee7128,1,1,1.0,1,1,1.0,1,0,1,0,0,0.0,0,2025-11-17 12:46:25.859,2025-11-17 12:46:25.859,1.0,0.0,0.0071,0.0,0,0.0,0.0,1
b3392b57a189268abdc11bdd303a506735a73fe7dc81c0beebe02d115d4f8c6c,2,2,1.0,1,1,2.0,1,0,1,0,0,0.0,0,2025-11-17 07:53:28.226,2025-11-17 07:53:41.733,1.0,0.0,0.0071,0.0,0,0.0,0.0,1
c6433f8e47e42f244781adfbe4eece1f09db35677e45db59d994671c88dd800f,89,34,0.382,1,1,89.0,16,0,1,0,1,0.0,1,2025-11-18 17:08:29.712,2025-11-18 17:15:31.266,1.0,1.41,0.1135,0.0,1,0.020393339111111113,0.8876,1
bfb118eae97291f0568d1f76e633ce07d974eee1c862def95e74f26d5416bc5a,7,0,0.0,1,1,7.0,1,0,0,0,0,0.0,0,2025-11-18 06:31:56.273,2025-11-18 06:32:04.043,1.0,-1.0,0.0071,0.0,0,0.0,0.0,1
7c9b8df72ffa7851f216c0f8538880a5e1a610a6b2a281eb0e575977a9c57c2e,24,13,0.5417,2,2,12.0,12,0,1,0,1,0.0,3,2025-11-18 07:11:55.231,2025-11-20 06:41:00.801,1.98,0.78,0.0851,0.0,0,0.013533333333333333,0.3333,1
8dce281ce52142675dd11034460611373b76489f3e514d241c5fda1db230ac50,1,0,0.0,1,1,1.0,1,0,0,0,0,0.0,0,2025-11-18 00:28:09.739,2025-11-18 00:28:09.739,1.0,-1.0,0.0071,0.0,0,0.0,0.0,1
eedb73783980f0ab4f9ba13d91f9073b69344cbdb1df597c4702ae09f7c3ab2e,1,0,0.0,1,1,1.0,1,0,0,0,0,0.0,0,2025-11-18 17:07:53.742,2025-11-18 17:07:53.742,1.0,-1.0,0.0071,0.0,0,0.0,0.0,1
01ac199502a4b26e826d447c28e1b6c9ee8dbaf94a2cf1b35ce11c8a6a65ce8b,60,6,0.1,1,1,60.0,9,0,1,0,1,0.0,0,2025-11-18 10:41:27.073,2025-11-18 11:51:53.825,1.0,57.26,0.0638,0.0,1,0.018497599230769234,1.0,1
cb1429f400f186806a03afab117210c6864ade67ff88d04fbbf027ca0cbc68c5,4,0,0.0,1,1,4.0,4,0,0,0,1,0.0,0,2025-11-18 10:53:29.787,2025-11-18 10:53:43.582,1.0,-1.0,0.0284,0.0,0,0.0,0.5,1
0531c109352b834f7dc1c8ae29458e5b7bddca17051af57446d1989dd2e1cf8d,158,57,0.3608,1,1,158.0,35,1,1,0,1,0.0,2,2025-11-18 01:38:24.295,2025-11-18 02:03:57.358,1.0,5.09,0.2482,0.0,1,0.029802831549295774,0.7785,1
7dec13e59a6e30323f7182dcd6a9794f9dc22bd7e784a5d5f9823a7ba7687c80,302,99,0.3278,1,1,302.0,17,0,1,0,1,0.0,1,2025-11-18 07:39:53.827,2025-11-18 08:10:12.041,1.0,1.56,0.1206,0.0,1,0.031083615619834713,0.9735,1
31c68e572fe37ca8c06da20fd772071239f74f08a819f50ed22dfdcdf424b959,1,1,1.0,1,1,1.0,1,0,1,0,0,0.0,0,2025-11-18 06:57:00.027,2025-11-18 06:57:00.027,1.0,0.0,0.0071,0.0,0,0.0,0.0,1
5df35ce75ee6b23aeb4a6653624844a8c9a03b7fcfef7ca869ab18fd7030fa41,9,1,0.1111,1,1,9.0,6,0,1,0,1,0.0,1,2025-11-18 09:48:21.961,2025-11-18 09:51:42.008,1.0,0.77,0.0426,0.0,0,0.00195039,0.2222,1
f41f82f6283405e787d3f84a19d7a1e71473c1921c34a364bb3e341ec6ab71dc,1,0,0.0,1,1,1.0,1,0,0,0,0,0.0,0,2025-11-18 11:57:47.003,2025-11-18 11:57:47.003,1.0,-1.0,0.0071,0.0,0,0.0,0.0,1
0d2eae214c3a06540ae68e9f1c0fb3141b5959128e62b0e8d99d729708a6fcce,6,0,0.0,1,1,6.0,1,0,0,0,0,0.0,0,2025-11-18 14:42:20.602,2025-11-18 16:15:31.351,1.0,-1.0,0.0071,0.0,0,0.0,0.0,1
4b1b30952c0bebcab146a3933edd9dec070b52f4c7b417c1ccd5eba01e5035f4,5,0,0.0,1,1,5.0,1,0,0,0,0,0.0,0,2025-11-18 01:34:26.140,2025-11-18 01:35:58.874,1.0,-1.0,0.0071,0.0,0,0.0,0.0,1
b8df8e88ab0972bb03a2442781d37e90fc70256262bc0b09a51586256a009cfe,5,0,0.0,1,1,5.0,1,0,0,0,0,0.0,0,2025-11-18 04:43:25.553,2025-11-18 04:46:57.793,1.0,-1.0,0.0071,0.0,0,0.0,0.0,1
512204573c8c1a155adf0f0b8c94bb5017c2a27f0ecd4c7184f2950952c55403,21,4,0.1905,1,1,21.0,13,1,1,0,1,0.0,1,2025-11-18 13:28:37.761,2025-11-18 13:30:45.211,1.0,1.09,0.0922,0.0,0,0.006202871666666666,0.381,1
3db925b34e7e9a0018a777de8693e95b6509692356d4e96cd2690a0cc9707851,13,2,0.1538,1,1,13.0,10,1,1,0,1,0.0,2,2025-11-18 14:36:15.425,2025-11-18 14:39:17.861,1.0,1.37,0.0709,0.0,0,0.0,0.0769,1
7caeb018663701068bd8a91d5424a75c1af24e2f7531dbcb24ebd75ece639d1b,19,6,0.3158,1,1,19.0,8,0,1,0,1,0.0,1,2025-11-18 11:36:18.362,2025-11-18 11:38:14.976,1.0,0.93,0.0567,0.0,0,0.015833333333333335,0.5789,1
a60888dd4f0ececfd5b88cd70869ec630e5c49e55c3148fde8b7013eedb5d34c,2,1,0.5,2,2,1.0,2,0,1,0,0,0.0,0,2025-11-18 16:02:38.530,2025-11-19 12:28:43.408,1.0,1226.08,0.0142,0.0,0,0.0,0.0,1
7af0a8a1652aba137f43ef3cf6be819cda8233ac5c841bf627ebc745ac5abbe0,64,7,0.1094,1,2,32.0,26,1,1,0,1,0.0,3,2025-11-18 13:36:14.881,2025-11-18 15:09:10.033,1.0,0.33,0.1844,0.0,0,0.004350153636363636,0.2344,1
a13171ed8dbcad479701985217f0c2f8add4b944ca180d2ee7eda97b71016a5b,28,0,0.0,1,1,28.0,2,0,0,0,0,0.0,0,2025-11-18 13:32:05.604,2025-11-18 13:49:34.282,1.0,-1.0,0.0142,0.0,0,0.0,0.0,1
4e504fa47e3ac17705fb3e9111c944d00594585fb15692f825ea879ffec4bd50,6,0,0.0,1,1,6.0,5,0,0,0,1,0.0,0,2025-11-18 21:40:09.094,2025-11-18 21:44:01.780,1.0,-1.0,0.0355,0.0,0,0.0,0.1667,1
a21db1d9ce09bbd07f19f6895b02b1662b3c00afdda82a3494ea4c28d08d966c,1,1,1.0,1,1,1.0,1,0,1,0,0,0.0,0,2025-11-18 02:34:08.259,2025-11-18 02:34:08.259,1.0,0.0,0.0071,0.0,0,0.0,0.0,1
959aeae30186d105d49d8814a473b473602b86317dc49f3064765b5d513d56ec,6,0,0.0,1,1,6.0,1,0,0,0,0,0.0,0,2025-11-18 14:57:35.760,2025-11-18 15:04:18.558,1.0,-1.0,0.0071,0.0,0,0.0,0.0,1
759c04e7eeea68f912560eb3ca0a5c5c4dcbeaa2906ea4b36f412e989957b226,7,0,0.0,1,1,7.0,1,0,0,0,0,0.0,0,2025-11-18 13:59:37.457,2025-11-18 14:01:39.067,1.0,-1.0,0.0071,0.0,0,0.0,0.0,1
4fce7350f9cf05848ec1d0d65f19bc638ab614d0f24a7aaa04ceb9c603c35f50,5,0,0.0,1,1,5.0,2,0,0,0,0,0.0,0,2025-11-18 12:29:12.243,2025-11-18 12:30:39.529,1.0,-1.0,0.0142,0.0,0,0.0,0.0,1
30bc6c2b18757fdb9f36e0a0462394ae093dcc22465d3f403f0178a025bb9d22,1,0,0.0,1,1,1.0,1,0,0,0,1,0.0,0,2025-11-18 23:08:52.490,2025-11-18 23:08:52.490,1.0,-1.0,0.0071,0.0,0,0.0,1.0,1
f1e0131073a0fdab48e29f1f857664dff237041679c982c117689660cce5299c,1,0,0.0,1,1,1.0,1,0,0,0,0,0.0,0,2025-11-18 00:50:26.158,2025-11-18 00:50:26.158,1.0,-1.0,0.0071,0.0,0,0.0,0.0,1
753e034fe7ffd87f494dee7ffd4430de826c27e336ef11c4a9af1f36aa76ea4c,6,0,0.0,1,2,3.0,5,0,0,0,1,0.0,0,2025-11-18 14:04:30.591,2025-11-18 15:03:55.722,1.0,-1.0,0.0355,0.0,0,0.0,0.3333,1
d0bf721781c975e7594e1bcde2f98653aa44f0f55ee7df125dafe5297717958c,3,0,0.0,1,1,3.0,1,0,0,0,0,0.0,0,2025-11-18 18:46:47.993,2025-11-18 18:48:04.537,1.0,-1.0,0.0071,0.0,0,0.0,0.0,1
b467c1ff555c0ef7c9a03090e28562a2da4f45aa86e79c914a669ea3e7dbc17d,7,0,0.0,1,1,7.0,1,0,0,0,0,0.0,0,2025-11-18 01:27:32.862,2025-11-18 01:28:28.463,1.0,-1.0,0.0071,0.0,0,0.0,0.0,1
a7f439c13ff79b93798f0ff3ddb5ba3feb51f764309ce46daed799794d5399ea,1,1,1.0,1,1,1.0,1,0,1,0,0,0.0,0,2025-11-18 14:19:06.999,2025-11-18 14:19:06.999,1.0,0.0,0.0071,0.0,0,0.0,0.0,1
633ec070042bc5fa5061432d48e8ae168ef496da6502ee65bcf13eb7a56c648b,5,0,0.0,1,1,5.0,5,0,0,0,1,0.0,0,2025-11-18 13:48:45.142,2025-11-18 13:52:24.550,1.0,-1.0,0.0355,0.0,0,0.0,0.4,1
ab37372d66742c28cab93a1c03955f3dc3d0383a206d65bcd428761aee994bd6,1,0,0.0,1,1,1.0,1,0,0,0,0,0.0,0,2025-11-18 09:45:21.227,2025-11-18 09:45:21.227,1.0,-1.0,0.0071,0.0,0,0.0,0.0,1
472d845c123284be6908b70e585bea3f1dd05793704fb6b34b08a7f5f131b1e8,1,1,1.0,1,1,1.0,1,0,1,0,0,0.0,0,2025-11-18 11:28:25.357,2025-11-18 11:28:25.357,1.0,0.0,0.0071,0.0,0,0.0,0.0,1
ce5bd98350ae8deb0dabffd831034a11db9ff40ab7917b5bd176420c453bda6f,1,0,0.0,1,1,1.0,1,0,0,0,0,0.0,0,2025-11-18 08:45:36.250,2025-11-18 08:45:36.250,1.0,-1.0,0.0071,0.0,0,0.0,0.0,1
6594cc6183a3cb96001f63a5ff260b56223ab4204aa48928b9e68d9db964eab8,2,0,0.0,2,2,1.0,1,0,0,0,0,0.0,0,2025-11-18 16:05:21.495,2025-11-19 10:00:30.515,1.0,-1.0,0.0071,0.0,0,0.0,0.0,1
25040f28f11f1045874737b7bd14ad1ef2db9dfa6f0a9a8aec4349435bdb083b,1,0,0.0,1,1,1.0,1,0,0,0,0,0.0,0,2025-11-18 21:39:53.514,2025-11-18 21:39:53.514,1.0,-1.0,0.0071,0.0,0,0.0,0.0,1
a28559ea6dcd94ddd9d417700455fee789f9218d8087432ef7169c27adc9c0d3,1,0,0.0,1,1,1.0,1,0,0,0,1,0.0,0,2025-11-18 02:35:08.222,2025-11-18 02:35:08.222,1.0,-1.0,0.0071,0.0,0,0.0,1.0,1
a9363181ab60bfb97106474c94138e427233a3c4fe90d86439f0a9842c65fe50,1,0,0.0,1,1,1.0,1,0,0,0,0,0.0,0,2025-11-18 08:03:43.594,2025-11-18 08:03:43.594,1.0,-1.0,0.0071,0.0,0,0.0,0.0,1
a9fe49b15d7b24b399c140fabf2f98c335073ee6f205de61217e059cb1c98760,1,1,1.0,1,1,1.0,1,0,1,0,0,0.0,0,2025-11-18 08:06:08.848,2025-11-18 08:06:08.848,1.0,0.0,0.0071,0.0,0,0.0,0.0,1
398c0b2b58da398adfa2cd83d4d68282879a5764f6a67a7eca2256017c6f083c,1,1,1.0,1,1,1.0,1,0,1,0,0,0.0,0,2025-11-18 18:54:35.955,2025-11-18 18:54:35.955,1.0,0.0,0.0071,0.0,0,0.0,0.0,1
1d7b4db0d46f34256efbc6fc8507918786a4186f8d25bc6bf3db8b58fbdf0f75,1,1,1.0,1,1,1.0,1,0,1,0,0,0.0,0,2025-11-18 21:57:44.497,2025-11-18 21:57:44.497,1.0,0.0,0.0071,0.0,0,0.0,0.0,1
79ae30d9611096bbebfc0a23731671728d8f4a047844ba98e2fe5b6cd482ff76,1,1,1.0,1,1,1.0,1,0,1,0,0,0.0,0,2025-11-18 08:49:30.378,2025-11-18 08:49:30.378,1.0,0.0,0.0071,0.0,0,0.0,0.0,1
d1aedc9f68f52e93effecb1f49bd5a45d2fa22a2d36e44ae91ef335a826a6f84,2,0,0.0,1,1,2.0,2,0,0,0,0,0.0,0,2025-11-18 06:54:33.115,2025-11-18 06:54:38.428,1.0,-1.0,0.0142,0.0,0,0.0,0.0,1
ee82f86a9c4982db288b6a0d9864cf3fac9810b3e0a0aa231e3eb325c8d30f4d,1,1,1.0,1,1,1.0,1,0,1,0,0,0.0,0,2025-11-18 11:58:29.188,2025-11-18 11:58:29.188,1.0,0.0,0.0071,0.0,0,0.0,0.0,1
ceb3a50a120af710fda119df9611edefad0bd5211948b49fff749e8b4fefb51f,3,0,0.0,1,1,3.0,3,0,0,0,1,0.0,0,2025-11-18 02:13:58.707,2025-11-18 02:15:22.681,1.0,-1.0,0.0213,0.0,0,0.0,0.3333,1
b7859fdff511c326032d17bd3e71e98db955beed3ba0b297cc403caaa4b40586,2,0,0.0,2,2,1.0,1,0,0,0,0,0.0,0,2025-11-18 15:26:41.906,2025-12-02 20:36:40.124,14.22,-1.0,0.0071,0.0,0,0.0,0.0,0
93122ad355bed7995d5880a25f11f6d69d1276911618d09b697991e7b66c8f9d,1,0,0.0,1,1,1.0,1,0,0,0,0,0.0,0,2025-11-18 07:27:19.639,2025-11-18 07:27:19.639,1.0,-1.0,0.0071,0.0,0,0.0,0.0,1
3b9c4b4f10d2c32bef3bb442dc3754d0fb1db0e891d5dda6177f56fb397aabd8,1,0,0.0,1,1,1.0,1,0,0,0,0,0.0,0,2025-11-18 02:13:27.789,2025-11-18 02:13:27.789,1.0,-1.0,0.0071,0.0,0,0.0,0.0,1
c26f7d8ab6261e02d50ac58e32baea65d467bb3783250cd50f53f59fac1732b8,1,0,0.0,1,1,1.0,1,0,0,0,0,0.0,0,2025-11-18 04:31:14.719,2025-11-18 04:31:14.719,1.0,-1.0,0.0071,0.0,0,0.0,0.0,1
0f022d09d91ea4d8eef13aea5c489ae722b6d344dc7881c36825aaffb21234e1,3,0,0.0,1,1,3.0,1,0,0,0,0,0.0,0,2025-11-18 12:32:28.624,2025-11-18 12:32:50.705,1.0,-1.0,0.0071,0.0,0,0.0,0.0,1
3c631f8aaaa434d3fc191b535b04ba90ec740ac90d47090bd5209ea7d8813eaa,1,1,1.0,1,1,1.0,1,0,1,0,0,0.0,0,2025-11-18 00:09:41.884,2025-11-18 00:09:41.884,1.0,0.0,0.0071,0.0,0,0.0,0.0,1
bd81f5cfdb68dbed8b3ed3e69565d11f46b6e8fc169e03ad301078af9241fb44,2,0,0.0,1,1,2.0,1,0,0,0,0,0.0,0,2025-11-18 15:34:30.079,2025-11-18 15:35:39.337,1.0,-1.0,0.0071,0.0,0,0.0,0.0,1
728acb8b752d093114afd4033a08e8fde0cb214731352522c351649306889514,1,0,0.0,1,1,1.0,1,0,0,0,0,0.0,0,2025-11-18 13:47:30.441,2025-11-18 13:47:30.441,1.0,-1.0,0.0071,0.0,0,0.0,0.0,1
83b5f400c22753f1fe4e6881e8889aaf2099ddd1a59a3caff4c0893993072477,3,0,0.0,1,2,1.5,1,0,0,0,0,0.0,0,2025-11-18 11:15:43.640,2025-11-18 16:10:43.716,1.0,-1.0,0.0071,0.0,0,0.0,0.0,1
6715127f205def79b9744b388515c9361ccc89aca3a698988fb28a4d5e49b40e,6,0,0.0,2,2,3.0,2,0,0,0,0,0.0,0,2025-11-18 07:09:55.707,2025-11-20 06:37:35.770,1.98,-1.0,0.0142,0.0,0,0.0,0.0,1
15e2bf2aa1e275a2aff5e5bc9755e69e6f1309d50ef61856ed643b3322197a1c,1,1,1.0,1,1,1.0,1,0,1,0,0,0.0,0,2025-11-18 11:04:05.661,2025-11-18 11:04:05.661,1.0,0.0,0.0071,0.0,0,0.0,0.0,1
e08a58e45ef5ce90d658120d1c6b80bd33ba253984338a5654944b072400f674,1,0,0.0,1,1,1.0,1,0,0,0,0,0.0,0,2025-11-18 19:01:27.053,2025-11-18 19:01:27.053,1.0,-1.0,0.0071,0.0,0,0.0,0.0,1
1c9bb7abf8db1e4746c6fc38dab5efab646104fd7f00c995f762e517f86dcab9,1,0,0.0,1,1,1.0,1,0,0,0,0,0.0,0,2025-11-18 01:38:10.498,2025-11-18 01:38:10.498,1.0,-1.0,0.0071,0.0,0,0.0,0.0,1
29e46f31e011caa04386326424902a95ee32fa938b260279b89397514c93f1ff,1,1,1.0,1,1,1.0,1,0,1,0,0,0.0,0,2025-11-18 07:25:34.828,2025-11-18 07:25:34.828,1.0,0.0,0.0071,0.0,0,0.0,0.0,1
99bffba6ec73ae435cf825e77c3c2e789884b2badf684571c7a733dac15786b0,1,0,0.0,1,1,1.0,1,0,0,0,0,0.0,0,2025-11-18 13:27:29.693,2025-11-18 13:27:29.693,1.0,-1.0,0.0071,0.0,0,0.0,0.0,1
27cf04d195397d9275e16a1ea73b49a5597918a24c09ceb63263ca1cb6c18308,1,0,0.0,1,1,1.0,1,0,0,0,0,0.0,0,2025-11-18 09:47:39.192,2025-11-18 09:47:39.192,1.0,-1.0,0.0071,0.0,0,0.0,0.0,1
d4a25bd8d4c5e2f9249167c8e77a1f1e8d86f9929658a19b53c97c662e578384,1,1,1.0,1,1,1.0,1,0,1,0,0,0.0,0,2025-11-18 17:17:54.162,2025-11-18 17:17:54.162,1.0,0.0,0.0071,0.0,0,0.0,0.0,1
e75a412a7fc208e3e0f1be54c70032e2fd70a3e5228bdf2bf4fe27dcb7065788,4,1,0.25,1,1,4.0,2,0,1,0,0,0.0,0,2025-11-18 15:25:26.765,2025-11-18 15:25:56.347,1.0,0.0,0.0142,0.0,0,0.0,0.0,1
b9b85c491e83001771a3a55645ad599dcf3b7fc1fd358fbfc4d80c67eca47a6c,1,1,1.0,1,1,1.0,1,0,1,0,0,0.0,0,2025-11-18 00:13:44.176,2025-11-18 00:13:44.176,1.0,0.0,0.0071,0.0,0,0.0,0.0,1
c06faf25523383b78be60f05936f10c89c9987f2c26e7142e47167a71a9b60bf,1,1,1.0,1,1,1.0,1,0,1,0,0,0.0,0,2025-11-18 10:20:59.432,2025-11-18 10:20:59.432,1.0,0.0,0.0071,0.0,0,0.0,0.0,1
0a22b78b01ceb311eb0c808ebaf85728d943475fdbbd9ad85e2c85621fc846f8,1,0,0.0,1,1,1.0,1,0,0,0,0,0.0,0,2025-11-18 15:06:22.869,2025-11-18 15:06:22.869,1.0,-1.0,0.0071,0.0,0,0.0,0.0,1
f9f3fbd5c0ebc69bd3f0e26b7a7e990d83ca31920bfc482c9e6184c9d0720e99,2,0,0.0,1,1,2.0,1,0,0,0,0,0.0,0,2025-11-18 12:55:10.942,2025-11-18 12:55:25.886,1.0,-1.0,0.0071,0.0,0,0.0,0.0,1
d02851c6c59e88a22b88007c0bc6be4df1364a4b7775833b7afca83a1a1d8928,1,0,0.0,1,1,1.0,1,0,0,0,0,0.0,0,2025-11-18 12:56:26.968,2025-11-18 12:56:26.968,1.0,-1.0,0.0071,0.0,0,0.0,0.0,1
776c1f5c7721ce357580168c07403134f3530bade8b1e85c889578b871719a71,2,0,0.0,1,1,2.0,1,0,0,0,0,0.0,0,2025-11-18 14:30:54.877,2025-11-18 14:30:56.681,1.0,-1.0,0.0071,0.0,0,0.0,0.0,1
2b9ea3e0049e5dbc8048f877abd872d81ef832084d14d793613fa26edd9bfede,1,1,1.0,1,1,1.0,1,0,1,0,0,0.0,0,2025-11-18 17:09:23.432,2025-11-18 17:09:23.432,1.0,0.0,0.0071,0.0,0,0.0,0.0,1
5ac4108a65a0b1203b5e13ebe31ecbf59944010a40e39929edfb2520d4945f60,1,0,0.0,1,1,1.0,1,0,0,0,0,0.0,0,2025-11-18 14:36:29.383,2025-11-18 14:36:29.383,1.0,-1.0,0.0071,0.0,0,0.0,0.0,1
fd3b553e3333112b28428826bb64c88b42013bd702a6e5a5369d547462e0bf71,1,1,1.0,1,1,1.0,1,0,1,0,0,0.0,0,2025-11-18 02:10:54.675,2025-11-18 02:10:54.675,1.0,0.0,0.0071,0.0,0,0.0,0.0,1
2c5dab23793bf6027196dc027673f4447f848e0453b081cf2c5a79a99d730759,1,0,0.0,1,1,1.0,1,0,0,0,0,0.0,0,2025-11-18 10:54:42.088,2025-11-18 10:54:42.088,1.0,-1.0,0.0071,0.0,0,0.0,0.0,1
3daa5627aa79e1d5bb42283cb9d6c76fcd260c1b9f5faf218d83c0da463a49c8,1,0,0.0,1,1,1.0,1,0,0,0,0,0.0,0,2025-11-18 19:32:59.898,2025-11-18 19:32:59.898,1.0,-1.0,0.0071,0.0,0,0.0,0.0,1
8951c51dd02ff8b085a21496cee4ae36bc4b6360e8071221834458b4e30190eb,2,0,0.0,1,1,2.0,1,0,0,0,0,0.0,0,2025-11-18 12:20:07.539,2025-11-18 12:20:07.561,1.0,-1.0,0.0071,0.0,0,0.0,0.0,1
2265a7dc1f0e173fed17b9c72ffbee960d44c2df73bf8de8824e62041b414c5e,2,0,0.0,1,1,2.0,1,0,0,0,0,0.0,0,2025-11-18 05:07:16.019,2025-11-18 05:07:32.163,1.0,-1.0,0.0071,0.0,0,0.0,0.0,1
ac5d530eb98caff29ca51dd254c39e24ee951a241fb4a0593d78a443ffd3e1fb,1,0,0.0,1,1,1.0,1,0,0,0,0,0.0,0,2025-11-18 08:00:27.524,2025-11-18 08:00:27.524,1.0,-1.0,0.0071,0.0,0,0.0,0.0,1
9a528210db00a4cb9e5fc1c2aabdbfbe4f24fd4f09099c6fad93f8069a196ac0,1,0,0.0,1,1,1.0,1,0,0,0,0,0.0,0,2025-11-18 13:28:09.247,2025-11-18 13:28:09.247,1.0,-1.0,0.0071,0.0,0,0.0,0.0,1
1e9143be87a74e7524da9cac4e1c456fd12518941d16745dcc2843edb2ee7648,1,1,1.0,1,1,1.0,1,0,1,0,0,0.0,0,2025-11-18 05:12:03.303,2025-11-18 05:12:03.303,1.0,0.0,0.0071,0.0,0,0.0,0.0,1
94eed3fff681ed5f89e085c9037925a3634ad738c0f47a0fe0db5c6cc18c6451,1,0,0.0,1,1,1.0,1,0,0,0,0,0.0,0,2025-11-18 10:07:52.272,2025-11-18 10:07:52.272,1.0,-1.0,0.0071,0.0,0,0.0,0.0,1
e992d978526d42513774b39a9123ce252dcfdfbac395b8c85909a94bc35bdcc3,1,1,1.0,1,1,1.0,1,0,1,0,0,0.0,0,2025-11-18 08:54:30.679,2025-11-18 08:54:30.679,1.0,0.0,0.0071,0.0,0,0.0,0.0,1
aa5d3fdddb6ecbb75e80f67609092ac642d41f060c64dff201e6199d66b581b5,2,0,0.0,1,1,2.0,2,0,0,0,1,0.0,0,2025-11-18 11:22:16.472,2025-11-18 11:22:22.839,1.0,-1.0,0.0142,0.0,0,0.0,0.5,1
0e3f0579d25889bc5633d02c35f1fdbd74066c0b06de4a1d2fe2f9c8cbfefca0,1,0,0.0,1,1,1.0,1,0,0,0,0,0.0,0,2025-11-18 21:40:22.924,2025-11-18 21:40:22.924,1.0,-1.0,0.0071,0.0,0,0.0,0.0,1
6daf572630b62f20bcaaec7e7b67c1248a6e7e46c9ea91e9e4fea55d1478afa1,1,0,0.0,1,1,1.0,1,0,0,0,0,0.0,0,2025-11-18 15:29:56.292,2025-11-18 15:29:56.292,1.0,-1.0,0.0071,0.0,0,0.0,0.0,1
a6e37883937ef814179a0bf655cbf01896d6ab9a787a00cd82b1242c4fc8f322,1,0,0.0,1,1,1.0,1,0,0,0,0,0.0,0,2025-11-18 09:31:52.112,2025-11-18 09:31:52.112,1.0,-1.0,0.0071,0.0,0,0.0,0.0,1
aa2a5d9064c9b322856427dff0acd079c68035e7db9690f185774b335c08d168,1,0,0.0,1,1,1.0,1,0,0,0,0,0.0,0,2025-11-18 21:09:28.528,2025-11-18 21:09:28.528,1.0,-1.0,0.0071,0.0,0,0.0,0.0,1
54b18b336168e10c1ba33124b8ce9d0c03028332a2fed1aadc7571a93685b176,1,1,1.0,1,1,1.0,1,0,1,0,0,0.0,0,2025-11-18 07:37:42.009,2025-11-18 07:37:42.009,1.0,0.0,0.0071,0.0,0,0.0,0.0,1
b093cbea9963f62ce965737959dd978347da27f7ee39268bfddff54c30f3af82,1,1,1.0,1,1,1.0,1,0,1,0,0,0.0,0,2025-11-18 17:35:07.114,2025-11-18 17:35:07.114,1.0,0.0,0.0071,0.0,0,0.0,0.0,1
4db3ce4502beb06b97af3c5e916d6741881ac83b31159441c95e5e59503a168e,1,1,1.0,1,1,1.0,1,0,1,0,0,0.0,0,2025-11-18 11:20:39.183,2025-11-18 11:20:39.183,1.0,0.0,0.0071,0.0,0,0.0,0.0,1
e0bb21163d9b952656821da19e5394ebaa75b2c631570971229ec53b7901d772,1,0,0.0,1,1,1.0,1,0,0,0,0,0.0,0,2025-11-18 18:38:12.228,2025-11-18 18:38:12.228,1.0,-1.0,0.0071,0.0,0,0.0,0.0,1
49eab3c52d4f63d533989d24b5abf50e31bbec7df8c9af4de7142e58ec44f0ba,1,0,0.0,1,1,1.0,1,0,0,0,0,0.0,0,2025-11-18 04:37:47.826,2025-11-18 04:37:47.826,1.0,-1.0,0.0071,0.0,0,0.0,0.0,1
d0e67ea001c7fd7bab0bd4881060c5ce2a8ebce46875d3500f7c1c0946ef8964,1,0,0.0,1,1,1.0,1,0,0,0,0,0.0,0,2025-11-18 14:04:16.104,2025-11-18 14:04:16.104,1.0,-1.0,0.0071,0.0,0,0.0,0.0,1
1152de274ff1ee3deb5e597c12f22605b8d7e6590feafb6e139e4eed2e3e70ee,1,1,1.0,1,1,1.0,1,0,1,0,0,0.0,0,2025-11-18 15:39:24.055,2025-11-18 15:39:24.055,1.0,0.0,0.0071,0.0,0,0.0,0.0,1
ebae7dc122c32cab1619dcedae4ea22e11649168c6f51de12d63bbb767b9e99d,5,0,0.0,1,1,5.0,1,0,0,0,0,0.0,0,2025-11-19 03:59:28.022,2025-11-19 04:04:55.531,1.0,-1.0,0.0071,0.0,0,0.0,0.0,1
c135dbd790ce0694c29726c68c6efd1a5aa5dd7991eaeea9df1bbeeb35a9ca9e,3,0,0.0,1,1,3.0,1,0,0,0,0,0.0,0,2025-11-19 06:55:46.766,2025-11-19 06:55:56.091,1.0,-1.0,0.0071,0.0,0,0.0,0.0,1
329efa24521a273427673df717cdf213d2ac66610397a1be5f61f13035e3526e,6,1,0.1667,1,1,6.0,5,0,1,0,1,0.0,0,2025-11-19 06:33:22.015,2025-11-19 06:35:17.554,1.0,1.77,0.0355,0.0,0,0.0057,0.5,1
52ea022ee4cc5b2a19f01b1a67d94303fece494c9d29828542df45b3310e57be,159,45,0.283,7,8,19.88,20,0,1,0,1,1.0486,2,2025-11-19 15:13:28.639,2025-12-05 12:09:04.781,15.87,13.52,0.1418,0.5833,1,0.02056078431372549,0.8553,0
d72c544f0102c0b2e5f610252a3fad9c5044b8a76753da25efed34005e47c1cb,1,1,1.0,1,1,1.0,1,0,1,0,0,0.0,0,2025-11-19 13:00:19.972,2025-11-19 13:00:19.972,1.0,0.0,0.0071,0.0,0,0.0,0.0,1
b0a1e651e00df502d5d25065437ac9d4a10f86e02252be0650d1bdb23aad77bb,3,0,0.0,1,1,3.0,1,0,0,0,0,0.0,0,2025-11-19 05:54:56.771,2025-11-19 05:55:10.718,1.0,-1.0,0.0071,0.0,0,0.0,0.0,1
52a69e1c696b2f6fd2fa399490f821bdf47663832e21c6ac50c2883f8322a268,599,183,0.3055,3,7,85.57,33,0,1,0,1,0.0,3,2025-11-19 09:49:54.746,2025-11-21 22:14:16.436,2.52,1.08,0.234,0.0,1,0.029529669174311927,0.8982,1
1d50a1123af2d917ab27f4d856d1503636ef42d30ca71627cfbb898d5a8e4c95,210,59,0.281,4,6,35.0,18,0,1,0,1,1.9,2,2025-11-19 15:12:32.380,2025-12-03 16:38:50.605,14.06,13.39,0.1277,-40.0,1,0.027142857142857146,0.9095,0
5ba1dc1baf2f04b68128e7ad6672453e5568bd20ace997c1107f1adde7c56561,10,2,0.2,2,2,5.0,8,0,1,0,1,0.0,1,2025-11-19 15:06:56.955,2025-12-04 17:04:32.503,15.08,26.69,0.0567,0.8889,0,0.0,0.3,0
bb758ee6248c330ecbb28ed410f8a852bd1a03470ee553f6863156e39e786cd5,1,1,1.0,1,1,1.0,1,0,1,0,0,0.0,0,2025-11-19 03:53:17.996,2025-11-19 03:53:17.996,1.0,0.0,0.0071,0.0,0,0.0,0.0,1
6de11c3992b422599078d1ac3cffa901e7846f76411b3b5176a9ebde7317a7f8,970,279,0.2876,7,14,69.29,31,0,1,0,1,10.32,2,2025-11-19 15:13:32.612,2025-12-04 02:16:52.372,14.46,1.41,0.2199,0.9755,1,0.032842742034383955,0.9268,0
e0dd7f87c22dd94f494652e54e415aa2ccb92736ed9a03c39daa45a681c04e18,2,1,0.5,2,2,1.0,2,0,1,0,0,0.0,0,2025-11-19 22:58:56.504,2025-11-23 02:31:08.869,3.15,0.0,0.0142,0.0,0,0.0,0.0,1
af1d67e0ab1e678460650f61038cfa25be29cedad3aa882defade7ae559ca128,14,2,0.1429,1,3,4.67,9,0,1,0,1,0.0,1,2025-11-19 15:10:21.206,2025-11-19 19:44:49.580,1.0,1.32,0.0638,0.0,0,0.005725,0.3571,1
fb9c0b427124372bc6cdf2e306c984cbaa4b71b6d4cb441f3d9ceed6b473f159,29,0,0.0,2,2,14.5,1,0,0,0,0,0.0,0,2025-11-19 14:20:26.563,2025-11-28 05:46:12.816,8.64,-1.0,0.0071,-0.0714,0,0.0,0.0,0
2d8cf0bc7f1b3da7fde8850f18fa84500ac70eccebb2536280cc4ecdbc3945d3,9,0,0.0,1,1,9.0,5,0,0,0,1,0.0,0,2025-11-19 10:23:40.700,2025-11-19 10:31:51.723,1.0,-1.0,0.0355,0.0,0,0.0,0.1111,1
5670290b0999a076a3f497eae55710478f02c0e7524c64147d9d43efb3b29af1,6,0,0.0,1,1,6.0,4,0,0,0,1,0.0,0,2025-11-19 15:02:39.363,2025-11-19 15:04:52.445,1.0,-1.0,0.0284,0.0,0,0.0,0.1667,1
dbfc16a91bf27f3e893c4b6a3468ea72e4931bde1ebd61bf18cc904e286c58f1,10,1,0.1,1,1,10.0,6,0,1,0,1,0.0,1,2025-11-19 15:14:27.535,2025-11-19 15:38:54.456,1.0,24.45,0.0426,0.0,0,0.0,0.1,1
ca7a293e701ee1e8e6f5f3081f0ecf8e6e05e8fcf47194d5c87ddb046b971286,266,73,0.2744,5,6,44.33,23,0,1,0,1,1.9155,3,2025-11-19 15:14:10.256,2025-12-03 12:37:04.928,13.89,55.11,0.1631,-42.3333,1,0.02144,0.9173,0
2081c1f248e3685edea5b25655866e3fc6d73ca1906cc734ed8a65ab0f809a46,21,6,0.2857,1,1,21.0,15,1,1,0,1,0.0,3,2025-11-19 12:45:28.933,2025-11-19 12:55:32.849,1.0,4.24,0.1064,0.0,0,0.0011557866666666668,0.1429,1
620dfbc18ba3f72df9bcd206c5383b2cb126859dd1d415ee37c03140c8cfc659,1,1,1.0,1,1,1.0,1,0,1,0,0,0.0,0,2025-11-19 15:59:00.352,2025-11-19 15:59:00.352,1.0,0.0,0.0071,0.0,0,0.0,0.0,1
e7ff260c1f1d945be3e488ca4b7b54e853124164a3d6fcb64c0e72137bfad194,2,0,0.0,1,1,2.0,1,0,0,0,0,0.0,0,2025-11-19 13:45:02.569,2025-11-19 13:45:05.810,1.0,-1.0,0.0071,0.0,0,0.0,0.0,1
45c734329480ed2ac4cf61b38ec3dc381931a1d3e365f2eff5340b4523995418,4,0,0.0,1,1,4.0,4,0,0,0,1,0.0,0,2025-11-19 04:05:22.481,2025-11-19 04:06:22.217,1.0,-1.0,0.0284,0.0,0,0.0,0.25,1
4adbea8e9b0ff17b91da2d1681d75ff479a7739fa1d5c3253a088a1657449a6d,328,116,0.3537,1,1,328.0,25,0,1,0,1,0.0,1,2025-11-19 00:22:11.646,2025-11-19 00:42:50.188,1.0,1.89,0.1773,0.0,1,0.04971460175,0.9726,1
8ba438207892a17a19276fdd49d054cb6bcf01cab48002516232ba7aa732e3f9,4,0,0.0,1,1,4.0,1,0,0,0,0,0.0,0,2025-11-19 16:23:03.556,2025-11-19 16:23:55.176,1.0,-1.0,0.0071,0.0,0,0.0,0.0,1
355b6e494f0113fed5ac7125ed1ac6492072207e472da9d9faa686d09874756a,5,0,0.0,1,2,2.5,1,0,0,0,0,0.0,0,2025-11-19 11:33:57.594,2025-11-19 12:22:25.868,1.0,-1.0,0.0071,0.0,0,0.0,0.0,1
4994e0a0059f54dbc95de9df7843d06ae3b18e677ab83370c5b7d102be43a3cc,4,0,0.0,1,1,4.0,4,0,0,0,1,0.0,0,2025-11-19 18:15:20.255,2025-11-19 18:15:45.070,1.0,-1.0,0.0284,0.0,0,0.0,0.5,1
f45af1ebbfd47da362c5e374a8152d2ef8d419cd2b3967f3e69809a2a70307d6,284,89,0.3134,1,1,284.0,22,0,1,0,1,0.0,1,2025-11-19 01:07:06.903,2025-11-19 01:37:03.917,1.0,2.68,0.156,0.0,1,0.026521336864406782,0.9577,1
6e958c0bf32b3c7ad277a03dbe4586612480886f25837ec571a377d2119fdf71,25,9,0.36,1,3,8.33,9,0,1,0,1,0.0,1,2025-11-19 01:53:37.408,2025-11-19 07:59:17.832,1.0,3.33,0.0638,0.0,0,0.00606,0.44,1
33a1e13ab56c3e244e90003339a7ee214da5100eef71a21650e1211aa7e3fdbf,1,0,0.0,1,1,1.0,1,0,0,0,1,0.0,0,2025-11-19 04:24:01.287,2025-11-19 04:24:01.287,1.0,-1.0,0.0071,0.0,0,0.0,1.0,1
a5848225b4e19e43d45ed209885911827804574b1ac237247ce867a6fcfb6b6f,2,0,0.0,1,1,2.0,2,0,0,0,1,0.0,0,2025-11-19 10:50:10.837,2025-11-19 10:50:12.477,1.0,-1.0,0.0142,0.0,0,0.0,0.5,1
a6e2f6e2658c700ce84e70efcc2df396cf7b132120b6f837f89e6ab7cf2856ce,1,0,0.0,1,1,1.0,1,0,0,0,0,0.0,0,2025-11-19 03:11:07.368,2025-11-19 03:11:07.368,1.0,-1.0,0.0071,0.0,0,0.0,0.0,1
151702b22e44b617164e71d98cc45bced107309dab7c269cff5fdeb7cb93d0e4,1,0,0.0,1,1,1.0,1,0,0,0,1,0.0,0,2025-11-19 07:43:38.077,2025-11-19 07:43:38.077,1.0,-1.0,0.0071,0.0,0,0.0,1.0,1
638c951fb0de23d3416f0ac87ba92034267deb08df6d7db45ad631934b0a3d20,1,1,1.0,1,1,1.0,1,0,1,0,0,0.0,0,2025-11-19 20:04:08.507,2025-11-19 20:04:08.507,1.0,0.0,0.0071,0.0,0,0.0,0.0,1
b4b24cb7591b24965ad61986a55faa45185445c28c4df8e525ead76a8eee7653,2,0,0.0,1,1,2.0,1,0,0,0,0,0.0,0,2025-11-19 12:09:19.197,2025-11-19 12:09:34.880,1.0,-1.0,0.0071,0.0,0,0.0,0.0,1
476c30709ee4278e0b24ce982abdf0f4d2673355fffdd525780fa7fe837d7286,2,0,0.0,1,1,2.0,1,0,0,0,0,0.0,0,2025-11-19 15:24:08.492,2025-11-19 15:24:28.234,1.0,-1.0,0.0071,0.0,0,0.0,0.0,1
d3c27df06068da8f1124e28f3d11afe7cd6a2d0c3edb3d25c02602a3ceac62d9,8,1,0.125,2,2,4.0,7,0,1,0,1,0.0,1,2025-11-19 15:07:19.364,2025-11-26 06:47:41.799,6.65,22.3,0.0496,0.0,0,0.0,0.125,0
701a28c2a1f7f1c3e15cc855e7c7ffb3e24fcc5c705334de4ba005e85e239427,520,143,0.275,6,10,52.0,27,0,1,0,1,4.4789,3,2025-11-19 15:13:44.461,2025-12-08 22:43:23.930,19.31,12.22,0.1915,-101.2,1,0.02559371428571429,0.9077,0
112ff6328562242febba76c13170bf268f44e618d7fd6f02a69bc485b8ae6ce3,2,0,0.0,1,1,2.0,2,0,0,0,1,0.0,0,2025-11-19 04:50:15.616,2025-11-19 04:50:17.207,1.0,-1.0,0.0142,0.0,0,0.0,0.5,1
db56e87402ffdb3dd0b8e8842bf8e568a292df02150858fb31b06086ed27f78d,1,1,1.0,1,1,1.0,1,0,1,0,0,0.0,0,2025-11-19 04:24:16.692,2025-11-19 04:24:16.692,1.0,0.0,0.0071,0.0,0,0.0,0.0,1
a0c590eb7c2adcca488254266f7f07f6183e44f1846d8efbb72606ab88ea05dc,3,0,0.0,1,1,3.0,1,0,0,0,0,0.0,0,2025-11-19 07:19:22.718,2025-11-19 07:19:44.960,1.0,-1.0,0.0071,0.0,0,0.0,0.0,1
354e91c4047561b426161b88d7a88c2b397da9714b45d99c4cdc23f430c41ef8,97,6,0.0619,14,33,2.94,3,0,1,0,0,0.0,0,2025-11-19 10:30:21.321,2025-12-07 08:53:40.292,17.93,1509.04,0.0213,0.1915,0,0.0,0.0,0
fc84ae59d24420aa943fcb533fd8265db79d9258d417333ababc61b86c839ed4,3,0,0.0,1,1,3.0,1,0,0,0,0,0.0,0,2025-11-19 22:06:49.643,2025-11-19 22:10:42.328,1.0,-1.0,0.0071,0.0,0,0.0,0.0,1
fbff43dabd7124ea2bc0c7d478519538ca888609e13513307c7f8df565bd942a,1,1,1.0,1,1,1.0,1,0,1,0,0,0.0,0,2025-11-19 07:40:07.436,2025-11-19 07:40:07.436,1.0,0.0,0.0071,0.0,0,0.0,0.0,1
1a62b1282b34ddfc56960bdcb27b39ea534bdb5dbb4ea88f85a0240ef635c38d,1,1,1.0,1,1,1.0,1,0,1,0,0,0.0,0,2025-11-19 13:05:23.853,2025-11-19 13:05:23.853,1.0,0.0,0.0071,0.0,0,0.0,0.0,1
b48f6f07f83304d3d6ea4f8b5c2cfcbc6907650842d2aa9206f1268d9aa3be40,2,0,0.0,1,1,2.0,1,0,0,0,0,0.0,0,2025-11-19 15:43:12.663,2025-11-19 15:43:27.598,1.0,-1.0,0.0071,0.0,0,0.0,0.0,1
c90888ef32c509ca9ce75368b3d38c48678eb246647e0dac49f7322a8b3af478,1,1,1.0,1,1,1.0,1,0,1,0,0,0.0,0,2025-11-19 16:53:33.408,2025-11-19 16:53:33.408,1.0,0.0,0.0071,0.0,0,0.0,0.0,1
47062a377bebad9ce6104dc8e34d42213d0395600a838c28a50c8b9af9bdbb32,1,1,1.0,1,1,1.0,1,0,1,0,0,0.0,0,2025-11-19 18:14:37.113,2025-11-19 18:14:37.113,1.0,0.0,0.0071,0.0,0,0.0,0.0,1
30fd91111475b0d998c8336da6f1e063b3316c83e794f665192ea63c64d69d67,1,1,1.0,1,1,1.0,1,0,1,0,0,0.0,0,2025-11-19 04:13:48.765,2025-11-19 04:13:48.765,1.0,0.0,0.0071,0.0,0,0.0,0.0,1
33801bc9732696c0a76e98330b1e1f755d634eaeb61a34f1a2fcd7260dafaafa,6,0,0.0,1,1,6.0,1,0,0,0,0,0.0,0,2025-11-19 15:40:10.170,2025-11-19 15:46:11.511,1.0,-1.0,0.0071,0.0,0,0.0,0.0,1
1e834c6b665eb312a9a13856b18140aa94f5b58432634e042296b5eaf9d2e94b,3,0,0.0,1,1,3.0,1,0,0,0,0,0.0,0,2025-11-19 06:25:42.044,2025-11-19 06:25:55.214,1.0,-1.0,0.0071,0.0,0,0.0,0.0,1
913de95a3ccb477707a97430209deda782afedd3f067b566ef737887b0991e8d,1,0,0.0,1,1,1.0,1,0,0,0,0,0.0,0,2025-11-19 23:24:30.679,2025-11-19 23:24:30.679,1.0,-1.0,0.0071,0.0,0,0.0,0.0,1
659591097be6b8f929e960c53b0fa4b65e59909a870bea0dfa61f072203176cc,1,1,1.0,1,1,1.0,1,0,1,0,0,0.0,0,2025-11-19 11:41:07.124,2025-11-19 11:41:07.124,1.0,0.0,0.0071,0.0,0,0.0,0.0,1
d212f16ac66a878f8f75d73f65bc8415f70c24e674521948b93a7e42de0bdaa4,1,0,0.0,1,1,1.0,1,0,0,0,0,0.0,0,2025-11-19 18:08:26.121,2025-11-19 18:08:26.121,1.0,-1.0,0.0071,0.0,0,0.0,0.0,1
9b3ab8062aa09fab76f51f0db65da5d555dc504a69d6f94658ff89a713e39958,1,0,0.0,1,1,1.0,1,0,0,0,0,0.0,0,2025-11-19 11:24:17.610,2025-11-19 11:24:17.610,1.0,-1.0,0.0071,0.0,0,0.0,0.0,1
07a3a54a837dcff80639ebc8c4e443513e89527fb7f54e1fe40811a548717e4c,240,99,0.4125,7,13,18.46,24,0,1,0,1,2.4424,5,2025-11-19 10:28:03.571,2025-12-08 18:55:07.559,19.35,7500.0,0.1702,-4.3514,1,0.05061403508771929,0.7583,0
67651b00d8b78fba65ad10d500aa47b796ffc87a0d3af090081e3909a13ec294,2,0,0.0,1,1,2.0,1,0,0,0,0,0.0,0,2025-11-19 10:24:23.792,2025-11-19 10:25:00.691,1.0,-1.0,0.0071,0.0,0,0.0,0.0,1
af0e911cb7c4be0badc73415a08e977bc3845209e7a8e829b40f1315dfb60d9f,1,1,1.0,1,1,1.0,1,0,1,0,0,0.0,0,2025-11-19 15:23:25.241,2025-11-19 15:23:25.241,1.0,0.0,0.0071,0.0,0,0.0,0.0,1
89e831836462db97b19e03ff7a1f0190f07f7b4a4f8507dd37ea4dbbde88704d,3,0,0.0,1,1,3.0,1,0,0,0,0,0.0,0,2025-11-19 13:43:02.909,2025-11-19 13:45:15.926,1.0,-1.0,0.0071,0.0,0,0.0,0.0,1
67360479cd9f5f4deabcbd79d27030532a0bdc70365d78ee00a67ff7b40bb54b,1,0,0.0,1,1,1.0,1,0,0,0,0,0.0,0,2025-11-19 17:03:12.576,2025-11-19 17:03:12.576,1.0,-1.0,0.0071,0.0,0,0.0,0.0,1
984741a1a2c5481e495a46927449a875d22e9a929e5f371b862d0952132b6439,1,0,0.0,1,1,1.0,1,0,0,0,0,0.0,0,2025-11-19 12:01:35.508,2025-11-19 12:01:35.508,1.0,-1.0,0.0071,0.0,0,0.0,0.0,1
9d167bdf4a043f478e7395e4150556ac0d90bcca399c8398046636e2d75358b2,1,1,1.0,1,1,1.0,1,0,1,0,0,0.0,0,2025-11-19 02:51:10.730,2025-11-19 02:51:10.730,1.0,0.0,0.0071,0.0,0,0.0,0.0,1
dc05792199e817d9b5c28df5c4b1986f33c248695efe35e72aaaedde3322faef,1,1,1.0,1,1,1.0,1,0,1,0,0,0.0,0,2025-11-19 19:49:41.643,2025-11-19 19:49:41.643,1.0,0.0,0.0071,0.0,0,0.0,0.0,1
af8fc1560137b6c8628f55ac040e8f0c7489bdeea891cee1ce31cb1f952661b2,1,1,1.0,1,1,1.0,1,0,1,0,0,0.0,0,2025-11-19 17:26:37.955,2025-11-19 17:26:37.955,1.0,0.0,0.0071,0.0,0,0.0,0.0,1
44726c0d19d482a9d95268e0fdcc3ec7723ae9cde892b5fddcd14095fc074ae6,1,1,1.0,1,1,1.0,1,0,1,0,0,0.0,0,2025-11-19 15:33:13.933,2025-11-19 15:33:13.933,1.0,0.0,0.0071,0.0,0,0.0,0.0,1
4f2bde7b90507fe95b6317e573f2077123cff6e88ae35ec8c112f401ecbdab98,1,0,0.0,1,1,1.0,1,0,0,0,0,0.0,0,2025-11-19 09:11:52.507,2025-11-19 09:11:52.507,1.0,-1.0,0.0071,0.0,0,0.0,0.0,1
aa108ce2473ff05a32b205aa0b099411befae026018e706094b8601b35184f3c,1,1,1.0,1,1,1.0,1,0,1,0,0,0.0,0,2025-11-19 07:12:54.995,2025-11-19 07:12:54.995,1.0,0.0,0.0071,0.0,0,0.0,0.0,1
f2a286b38d7c4af6bbdd180e4c42c8db71f0f4b027f67c06705819e6f3012e22,1,1,1.0,1,1,1.0,1,0,1,0,0,0.0,0,2025-11-19 14:26:42.257,2025-11-19 14:26:42.257,1.0,0.0,0.0071,0.0,0,0.0,0.0,1
db7b9c90280abcfb63de92f83227bfa922d24c580b1c5582467e136ba78f6fe9,1,1,1.0,1,1,1.0,1,0,1,0,0,0.0,0,2025-11-19 05:55:30.124,2025-11-19 05:55:30.124,1.0,0.0,0.0071,0.0,0,0.0,0.0,1
73735873ac1a1536ec87eec97c60c284d8f86e8a8a586a2abd534486cfa5bdfa,1,1,1.0,1,1,1.0,1,0,1,0,0,0.0,0,2025-11-19 06:29:38.311,2025-11-19 06:29:38.311,1.0,0.0,0.0071,0.0,0,0.0,0.0,1
e35719fbb250ee47e8e771b60fc55691090087b2f23347ce5355c95f0868174d,2,0,0.0,1,1,2.0,1,0,0,0,0,0.0,0,2025-11-19 14:38:38.179,2025-11-19 14:38:59.882,1.0,-1.0,0.0071,0.0,0,0.0,0.0,1
3aec63b6ef797f8c2556300c19952489cce79f6eb224def28e2dfe731feff7cc,1,0,0.0,1,1,1.0,1,0,0,0,0,0.0,0,2025-11-19 13:21:22.216,2025-11-19 13:21:22.216,1.0,-1.0,0.0071,0.0,0,0.0,0.0,1
b7189eb25a84b023c1539f6ab84ce0a0b1e4167ec0b75c30d7bce694c235765b,1,1,1.0,1,1,1.0,1,0,1,0,0,0.0,0,2025-11-19 03:50:15.061,2025-11-19 03:50:15.061,1.0,0.0,0.0071,0.0,0,0.0,0.0,1
316925e030d09309238790e760296f866b95eb32f338d9b1ad31111ec1b952e5,1,1,1.0,1,1,1.0,1,0,1,0,0,0.0,0,2025-11-19 09:58:46.616,2025-11-19 09:58:46.616,1.0,0.0,0.0071,0.0,0,0.0,0.0,1
cd8fbfc4e1fef43142d2de7725f6f09b19a28917ff9fbbfe8d36d8d6b748a1e6,1,0,0.0,1,1,1.0,1,0,0,0,0,0.0,0,2025-11-19 15:47:57.436,2025-11-19 15:47:57.436,1.0,-1.0,0.0071,0.0,0,0.0,0.0,1
b42b3512eacb40cd423832e622e81ef16c85dad5c3f50a50f48454fc0a92bda8,1,1,1.0,1,1,1.0,1,0,1,0,0,0.0,0,2025-11-19 09:45:53.694,2025-11-19 09:45:53.694,1.0,0.0,0.0071,0.0,0,0.0,0.0,1
9535aae751d1cd6ecd6edadb7923a025919f9e89b7fb9804f5e2d4ed4db768a9,1,0,0.0,1,1,1.0,1,0,0,0,0,0.0,1,2025-11-19 16:20:50.656,2025-11-19 16:20:50.656,1.0,-1.0,0.0071,0.0,0,0.0,0.0,1
7d394aa966b7945c65c4d7e18fb5d5323f00247270cad932f5e9e61e44d4cff7,1,0,0.0,1,1,1.0,1,0,0,0,1,0.0,0,2025-11-19 12:30:27.724,2025-11-19 12:30:27.724,1.0,-1.0,0.0071,0.0,0,0.0,1.0,1
4ef85f7a2fa97b667c6f550001dcd52319793229b53e3edafef2d895574a90e7,1,0,0.0,1,1,1.0,1,0,0,0,0,0.0,0,2025-11-19 04:13:17.417,2025-11-19 04:13:17.417,1.0,-1.0,0.0071,0.0,0,0.0,0.0,1
237c1e1a776915a4d6d4c401d630083e8c2a2cfe7d4fbb13798cd11193c8fa62,1,1,1.0,1,1,1.0,1,0,1,0,0,0.0,0,2025-11-19 04:22:46.193,2025-11-19 04:22:46.193,1.0,0.0,0.0071,0.0,0,0.0,0.0,1
066ed764d1d5c004e614e9c450a84f97e2e373b55815ca169957ad9f01eab185,1,1,1.0,1,1,1.0,1,0,1,0,0,0.0,0,2025-11-19 17:23:30.601,2025-11-19 17:23:30.601,1.0,0.0,0.0071,0.0,0,0.0,0.0,1
449547ec3c380ce7dbe197d5ad993c6b0067db8237b698dbca17ba400eccd158,1,1,1.0,1,1,1.0,1,0,1,0,0,0.0,0,2025-11-19 01:51:31.108,2025-11-19 01:51:31.108,1.0,0.0,0.0071,0.0,0,0.0,0.0,1
82452bfcfb81846a0c49f719ba73fe8e31189471e7a6bc1978dd3c392d9b6a96,2,0,0.0,2,2,1.0,1,0,0,0,0,0.0,0,2025-11-19 16:00:01.001,2025-11-20 16:27:59.009,1.02,-1.0,0.0071,0.0,0,0.0,0.0,1
445d897b0ef8c7134ff15bca0da31bfb2dcb74c59fde33e9acdfd67b9d630f52,1,1,1.0,1,1,1.0,1,0,1,0,0,0.0,0,2025-11-19 10:03:53.324,2025-11-19 10:03:53.324,1.0,0.0,0.0071,0.0,0,0.0,0.0,1
5487325fdd69ca11f9ce05af6437094cdf13bb3de3b67f11beaeeca52f9aacbf,1,0,0.0,1,1,1.0,1,0,0,0,0,0.0,0,2025-11-19 00:21:47.299,2025-11-19 00:21:47.299,1.0,-1.0,0.0071,0.0,0,0.0,0.0,1
7595902e9eaa09216636b6e1e957209ecf3fad64b50eab2da3a528f941e93732,2,0,0.0,2,2,1.0,1,0,0,0,0,0.0,0,2025-11-19 22:07:32.628,2025-11-20 21:21:58.936,1.0,-1.0,0.0071,0.0,0,0.0,0.0,1
427ad255cc1242d0dc07688eb64ca0a159dbb95992a8e02f6370c3a0ab1ee1d8,1,1,1.0,1,1,1.0,1,0,1,0,0,0.0,0,2025-11-19 15:08:58.594,2025-11-19 15:08:58.594,1.0,0.0,0.0071,0.0,0,0.0,0.0,1
6415bb15fa21141d2ccbda6146561a4a90ea3961cdbc9696b9d98d52620da2ce,1,1,1.0,1,1,1.0,1,0,1,0,0,0.0,0,2025-11-19 01:45:18.870,2025-11-19 01:45:18.870,1.0,0.0,0.0071,0.0,0,0.0,0.0,1
610dc615d0c2ca76f824ebee66a9ba5cd017aaba804bebc4e98c486461e132ff,2,1,0.5,1,2,1.0,2,0,1,0,0,0.0,0,2025-11-19 04:16:22.737,2025-11-19 14:15:34.374,1.0,599.19,0.0142,0.0,0,0.0,0.0,1
b1f49826b6796050767f0861bcd04c9839bfe104777ad98b2727aa78670dda7f,1,1,1.0,1,1,1.0,1,0,1,0,0,0.0,0,2025-11-19 00:52:32.864,2025-11-19 00:52:32.864,1.0,0.0,0.0071,0.0,0,0.0,0.0,1
f171788db873d445ff2b547c2a0669b579209db3bcc88e071c90812c77d96f34,1,0,0.0,1,1,1.0,1,0,0,0,0,0.0,0,2025-11-19 17:36:01.754,2025-11-19 17:36:01.754,1.0,-1.0,0.0071,0.0,0,0.0,0.0,1
99bce905bea5d33b98159b9375b54de6e166c55494c0faed41fc7f47fdb7a903,1,1,1.0,1,1,1.0,1,0,1,0,0,0.0,0,2025-11-19 07:42:42.180,2025-11-19 07:42:42.180,1.0,0.0,0.0071,0.0,0,0.0,0.0,1
657aff47a11f36e84e279507e9434e91ebc746c11a21c0524a9e5d536136ed43,1,0,0.0,1,1,1.0,1,0,0,0,0,0.0,0,2025-11-19 05:32:04.785,2025-11-19 05:32:04.785,1.0,-1.0,0.0071,0.0,0,0.0,0.0,1
9b9d8cd446cbf1331642f45f556ac8e1441a47ee39cfac7a6d5752a02205ecd8,17,1,0.0588,1,1,17.0,16,1,1,0,1,0.0,1,2025-11-20 21:22:25.365,2025-11-20 21:27:19.943,1.0,0.62,0.1135,0.0,0,0.0,0.1176,1
80b155480faa83413a5688d82b432030d6ae471dafdeb5d4adbf0cbeb7b2aced,1,0,0.0,1,1,1.0,1,0,0,0,0,0.0,0,2025-11-20 19:25:54.060,2025-11-20 19:25:54.060,1.0,-1.0,0.0071,0.0,0,0.0,0.0,1
9f49c6e7f8d78c512273af90c36b55c7c2c63b528fdf3267eaf6c84a197b8b78,15,2,0.1333,2,3,5.0,6,0,1,0,1,0.0,1,2025-11-20 18:20:45.752,2025-11-21 16:47:17.359,1.0,80.07,0.0426,0.0,0,0.0,0.0667,1
a767f08ddc958925c9067ae1257bbe9bafd82c49466966072f7c2a3c30527399,6,0,0.0,1,1,6.0,1,0,0,0,0,0.0,0,2025-11-20 04:37:40.316,2025-11-20 04:37:46.267,1.0,-1.0,0.0071,0.0,0,0.0,0.0,1
8eaac4eb50d6e6386063e40d552e89249ec40ab93049dd2bbb2330bd999059f2,1,0,0.0,1,1,1.0,1,0,0,0,0,0.0,0,2025-11-20 04:41:42.923,2025-11-20 04:41:42.923,1.0,-1.0,0.0071,0.0,0,0.0,0.0,1
62517ff7935adf9f12fce74b605a980956edb69330b388959883449d27f978f3,2,0,0.0,1,1,2.0,1,0,0,0,0,0.0,0,2025-11-20 07:54:46.498,2025-11-20 07:54:47.633,1.0,-1.0,0.0071,0.0,0,0.0,0.0,1
d1e4b9f8afc06baa275c5c26f5573fe885d1d069fad6610b899b7b2de761ad0a,8,0,0.0,1,1,8.0,1,0,0,0,0,0.0,0,2025-11-20 16:00:04.838,2025-11-20 16:22:50.781,1.0,-1.0,0.0071,0.0,0,0.0,0.0,1
3b217f416eb523654810349922a0c6adf236d206a6ee4ee3cfe57046c8e65f89,30,7,0.2333,1,1,30.0,7,0,1,0,1,0.0,1,2025-11-20 17:15:24.270,2025-11-20 17:58:38.065,1.0,5.99,0.0496,0.0,0,0.009953333333333333,0.5333,1
e9ba98a0a8173e2c2e75873a93fc2f4e658a0becaacf9f49acb5108e511812f2,35,10,0.2857,1,1,35.0,10,0,1,0,1,0.0,1,2025-11-20 12:24:38.060,2025-11-20 12:33:49.518,1.0,1.34,0.0709,0.0,0,0.008666666666666666,0.5429,1
816e6d581392ec08093ed8de6414c0ea16b4b92263f60320d6ea236d2aacd02a,2,0,0.0,1,1,2.0,2,0,0,0,0,0.0,0,2025-11-20 17:34:43.689,2025-11-20 17:34:53.750,1.0,-1.0,0.0142,0.0,0,0.0,0.0,1
035b289bff57ce6bb7d5103d84255934b03a45b7af0eb4861d05eaee4fe4cb2b,7,0,0.0,1,1,7.0,4,0,0,0,1,0.0,0,2025-11-20 17:35:14.043,2025-11-20 22:06:55.023,1.0,-1.0,0.0284,0.0,0,0.00595,0.7143,1
e5cd9f38572306e2a7c29b53cacf7f65d5fe6bb4736c495bf80b92ce724b88eb,5,0,0.0,1,1,5.0,2,0,0,0,0,0.0,0,2025-11-20 13:49:25.021,2025-11-20 13:49:38.342,1.0,-1.0,0.0142,0.0,0,0.0,0.0,1
35f12d2b8012e023a8adfcdc962de8dd90bd84268aeef5c7c6cd6e2d10c50196,4,0,0.0,1,1,4.0,1,0,0,0,0,0.0,0,2025-11-20 23:27:40.711,2025-11-20 23:28:00.006,1.0,-1.0,0.0071,0.0,0,0.0,0.0,1
45b4b007f7ac24101f9e884ca844ffc6cf45bbe631c7cff62c5ac50bd32d2813,10,10,1.0,1,1,10.0,1,0,1,0,0,0.0,0,2025-11-20 04:40:32.536,2025-11-20 04:40:37.238,1.0,0.0,0.0071,0.0,0,0.0,0.0,1
dba33a4effa6159982d50f4dba9a83b1b38c3c4a1ffc4efb61b90bcaf3664fe8,302,119,0.394,2,3,100.67,20,0,1,0,1,0.0,1,2025-11-20 05:08:04.891,2025-11-22 20:29:49.636,2.64,4.86,0.1418,0.0,1,0.028777189421965315,0.957,1
6c6fbb956b1e79ef160d4c76936778774dbfac87d3e806e22ce39f4b27d7e0c3,105,36,0.3429,1,1,105.0,15,0,1,0,1,0.0,1,2025-11-20 07:25:24.473,2025-11-20 07:55:46.491,1.0,1.61,0.1064,0.0,1,0.02366699830188679,0.8762,1
88c515ca51066bfe0308437d821521fbfedea069ff291edd78448c6def0b4f78,241,80,0.332,1,1,241.0,27,0,1,0,1,0.0,1,2025-11-20 21:16:58.499,2025-11-20 21:41:44.376,1.0,1.14,0.1915,0.0,1,0.046471446521739124,0.9087,1
bb39d49b82d953a498efc175b890febfffdbd8d66336da448b00756c33940d5b,120,28,0.2333,1,3,40.0,10,0,1,0,1,0.0,1,2025-11-20 09:11:19.802,2025-11-20 16:15:14.996,1.0,2.21,0.0709,0.0,0,0.048640350877192984,0.725,1
1d52e73c91b919871f79efc13ad8cecc89718d748441f86f90e286665a5c412d,1,1,1.0,1,1,1.0,1,0,1,0,0,0.0,0,2025-11-20 08:08:22.596,2025-11-20 08:08:22.596,1.0,0.0,0.0071,0.0,0,0.0,0.0,1
1c68e8d60692cd9db8ac47b3b548e2111dbb023f2aab37f13f5f0b58caf3a9a2,69,23,0.3333,2,5,13.8,17,0,1,0,1,0.0,1,2025-11-20 17:16:10.333,2025-11-21 19:42:00.094,1.1,98.36,0.1206,0.0,1,0.0180640828125,0.7971,1
363007863918cf82304ec530dba22da5c93e59b5201d5a944137a7bd7dea5179,4,0,0.0,1,1,4.0,1,0,0,0,0,0.0,0,2025-11-20 15:40:29.415,2025-11-20 15:41:10.711,1.0,-1.0,0.0071,0.0,0,0.0,0.0,1
b0d4ef914aa2cf6695a0c1e9be6b3fd27a40a56fbad40297d175a61ea4307b05,4,0,0.0,1,1,4.0,1,0,0,0,0,0.0,0,2025-11-20 18:35:39.952,2025-11-20 18:35:40.005,1.0,-1.0,0.0071,0.0,0,0.0,0.0,1
e5e2a7f8d8ef5c787a8b87d4b4a6a858b80bbcec207d34a7ece313d49218ace5,1,0,0.0,1,1,1.0,1,0,0,0,0,0.0,0,2025-11-20 17:14:49.104,2025-11-20 17:14:49.104,1.0,-1.0,0.0071,0.0,0,0.0,0.0,1
2d60654c7db7f475e98bd0a51d4576cfd39fa1369937397f0cb2722f530593e3,5,1,0.2,1,1,5.0,2,0,1,0,0,0.0,0,2025-11-20 13:21:43.320,2025-11-20 13:21:58.087,1.0,0.0,0.0142,0.0,0,0.0,0.0,1
d6e8e2f0576f2d0925d0bf40f0f42daed7e8e7de08b37fdcca0c2896c6b931f4,1,1,1.0,1,1,1.0,1,0,1,0,0,0.0,0,2025-11-20 19:45:43.192,2025-11-20 19:45:43.192,1.0,0.0,0.0071,0.0,0,0.0,0.0,1
df7fdc7e759a9cdbd383c772bfb7c0e23e686ab78922556729cbc505dd8efd60,1,0,0.0,1,1,1.0,1,0,0,0,0,0.0,0,2025-11-20 17:58:32.403,2025-11-20 17:58:32.403,1.0,-1.0,0.0071,0.0,0,0.0,0.0,1
e79fa3165978d8fae7c2bd28f20acf1bffc63f9a9e2a7ca59d85d0ab6af58513,1,1,1.0,1,1,1.0,1,0,1,0,0,0.0,0,2025-11-20 08:40:23.251,2025-11-20 08:40:23.251,1.0,0.0,0.0071,0.0,0,0.0,0.0,1
0810e51aa5c60f95d10533765e7ccd4501d0e44285839d8161e82dcc57c26f17,3,0,0.0,1,1,3.0,2,0,0,0,0,0.0,0,2025-11-20 06:39:00.457,2025-11-20 06:39:22.634,1.0,-1.0,0.0142,0.0,0,0.0,0.0,1
434d0f55a5b52e14dd839ac4f2fceefcdd4423ad6046c7a1edfdc5aa3448b218,2,1,0.5,1,1,2.0,2,0,1,0,0,0.0,0,2025-11-20 14:39:29.478,2025-11-20 14:39:52.528,1.0,0.0,0.0142,0.0,0,0.0,0.0,1
29b1ee6d3246f8698b3ac64141201d5f54e573be3f0dd853d721455064673022,2,2,1.0,1,1,2.0,1,0,1,0,0,0.0,0,2025-11-20 18:49:39.595,2025-11-20 18:49:43.186,1.0,0.0,0.0071,0.0,0,0.0,0.0,1
84a517699f583923762a5cecb989b9139fef2cc3172f1855393692f992d4f5b6,1,1,1.0,1,1,1.0,1,0,1,0,0,0.0,0,2025-11-20 01:29:56.975,2025-11-20 01:29:56.975,1.0,0.0,0.0071,0.0,0,0.0,0.0,1
1dcc9af4d9149e9af9384bcd884a63b361eeac426c8dec444b8ca8cb70843275,5,0,0.0,1,1,5.0,5,0,0,0,1,0.0,0,2025-11-20 04:42:02.606,2025-11-20 04:44:30.666,1.0,-1.0,0.0355,0.0,0,0.0,0.2,1
5ef2948304fc7d1d886280f305d2e3dfc556b20d77d2d9c2de31752b26fb1c6e,8,0,0.0,1,1,8.0,1,0,0,0,0,0.0,0,2025-11-20 10:33:24.834,2025-11-20 10:45:22.565,1.0,-1.0,0.0071,0.0,0,0.0,0.0,1
97b20e0e930ecdea1145963823a4175bdffe510ec2bb64bea9685acbb7a5c632,6,1,0.1667,1,1,6.0,6,0,1,0,1,0.0,1,2025-11-20 06:38:45.237,2025-11-20 06:39:36.518,1.0,0.85,0.0426,0.0,0,0.0,0.1667,1
209ad1766795673463b098812b5385de831a9ca3fd6b9d8f60ad93cacae4261e,1,0,0.0,1,1,1.0,1,0,0,0,0,0.0,0,2025-11-20 13:23:30.347,2025-11-20 13:23:30.347,1.0,-1.0,0.0071,0.0,0,0.0,0.0,1
622ccf99077a4131d489092f0b47ef07c83bc80a2ae2a5f7b2cb4478c85b5852,1,1,1.0,1,1,1.0,1,0,1,0,0,0.0,0,2025-11-20 05:06:40.287,2025-11-20 05:06:40.287,1.0,0.0,0.0071,0.0,0,0.0,0.0,1
25ea30bdad8ad1750dacf60e84d72385f3e4805f00b4a9cc8b5b897995e076ec,1,1,1.0,1,1,1.0,1,0,1,0,0,0.0,0,2025-11-20 12:23:25.299,2025-11-20 12:23:25.299,1.0,0.0,0.0071,0.0,0,0.0,0.0,1
c5eee03b48337d7b36a2789711ebf4e16ceb85d91b5a4ea11f2abb7c108ed838,1,0,0.0,1,1,1.0,1,0,0,0,0,0.0,0,2025-11-20 14:54:10.540,2025-11-20 14:54:10.540,1.0,-1.0,0.0071,0.0,0,0.0,0.0,1
95cea2df7ead39be6c54dad11d9508dfc5cea8cb55f04a75ea31be26a4ae7e32,1,0,0.0,1,1,1.0,1,0,0,0,0,0.0,0,2025-11-20 05:48:35.717,2025-11-20 05:48:35.717,1.0,-1.0,0.0071,0.0,0,0.0,0.0,1
062d43a098c225bc684c69b8e608936f7f420f456391277ed70620bc54da22db,2,1,0.5,1,1,2.0,2,0,1,0,0,0.0,0,2025-11-20 18:56:59.703,2025-11-20 18:58:29.403,1.0,0.0,0.0142,0.0,0,0.0,0.0,1
d8dfa06b70570fa963a424d9c875251d063aba7b372411f497b0014365cd70fe,8,0,0.0,1,1,8.0,4,0,0,0,1,0.0,0,2025-11-20 17:56:27.355,2025-11-20 18:19:39.033,1.0,-1.0,0.0284,0.0,0,0.0,0.125,1
1dca7c7a07ae12552fc93c2acff69f118e933cf9509532e28bc910ab7bec203b,3,0,0.0,1,1,3.0,3,0,0,0,1,0.0,0,2025-11-20 17:30:25.749,2025-11-20 17:30:34.453,1.0,-1.0,0.0213,0.0,0,0.0,0.3333,1
f351114781720e70345abbdde9983dfae01c34a703fc56691ed8236efee0e1c9,1,0,0.0,1,1,1.0,1,0,0,0,0,0.0,0,2025-11-20 15:37:17.918,2025-11-20 15:37:17.918,1.0,-1.0,0.0071,0.0,0,0.0,0.0,1
a139b5bb8b144e0bde49499a65563a826080adc24048acd8645d7f2d2dcf88b7,4,0,0.0,1,2,2.0,1,0,0,0,0,0.0,0,2025-11-20 19:02:34.173,2025-11-20 19:48:11.870,1.0,-1.0,0.0071,0.0,0,0.0,0.0,1
cfbc84058ebbf84bca9bf9c7330bc2423033828f2903895a934cce690c22f71e,5,0,0.0,2,2,2.5,1,0,0,0,0,0.0,0,2025-11-20 15:11:24.881,2025-11-21 12:19:26.660,1.0,-1.0,0.0071,0.0,0,0.0,0.0,1
19e21107b13297df614c0846fdaa858d2587420ce96cbb742c37690c599ff704,1,1,1.0,1,1,1.0,1,0,1,0,0,0.0,0,2025-11-20 12:45:52.564,2025-11-20 12:45:52.564,1.0,0.0,0.0071,0.0,0,0.0,0.0,1
6a3f090abeb1e5e225ffd6a0952c3bf1d081f812b782a032736b68b3e0ccb217,3,0,0.0,1,1,3.0,1,0,0,0,0,0.0,0,2025-11-20 17:26:54.265,2025-11-20 17:28:22.787,1.0,-1.0,0.0071,0.0,0,0.0,0.0,1
2dd055b1170221a39c6ee0f290dc7bd98e9c84ba2e9de0990e33656c79a3f4af,10,0,0.0,4,4,2.5,8,0,0,0,1,0.0,0,2025-11-20 18:29:14.108,2025-12-07 12:14:40.260,16.74,-1.0,0.0567,0.875,0,0.0,0.2,0
cd8898f9f1049a9c394c82516de3558e31ed2aec5bce9b028bcb9586d464dd98,1,1,1.0,1,1,1.0,1,0,1,0,0,0.0,0,2025-11-20 19:30:52.451,2025-11-20 19:30:52.451,1.0,0.0,0.0071,0.0,0,0.0,0.0,1
822fa07ac4bd37c0234c990f7a8278ea4f05bc6ec2c8f30f37b0e1a5aebb7538,1,1,1.0,1,1,1.0,1,0,1,0,0,0.0,0,2025-11-20 05:45:35.686,2025-11-20 05:45:35.686,1.0,0.0,0.0071,0.0,0,0.0,0.0,1
52bdab29469fb68e269b6e0fb4936465b34f7d269b69f802dde9ddca73bf75c5,1,1,1.0,1,1,1.0,1,0,1,0,0,0.0,0,2025-11-20 21:01:59.355,2025-11-20 21:01:59.355,1.0,0.0,0.0071,0.0,0,0.0,0.0,1
6011962716638eb7d5d2db6ec164b132ad5496924407f854823649beb4e1c8d0,1,0,0.0,1,1,1.0,1,0,0,0,0,0.0,0,2025-11-20 15:54:22.484,2025-11-20 15:54:22.484,1.0,-1.0,0.0071,0.0,0,0.0,0.0,1
3754335480dbcd93560a0af6650a5506fbddb111ae7194c7488849e28009329e,3,0,0.0,1,1,3.0,3,0,0,0,1,0.0,0,2025-11-20 14:36:56.902,2025-11-20 14:37:15.938,1.0,-1.0,0.0213,0.0,0,0.0,0.3333,1
1bc45547de2d8dd3d091599f9ef952fe3c17224094419b93a47b826135b58702,4,0,0.0,1,1,4.0,1,0,0,0,0,0.0,0,2025-11-20 17:43:58.165,2025-11-20 17:44:52.775,1.0,-1.0,0.0071,0.0,0,0.0,0.0,1
2e65fef849c2df570dd24fa7e678153ff32f0d040fd2541b03a221def45217d8,1,0,0.0,1,1,1.0,1,0,0,0,0,0.0,0,2025-11-20 20:12:56.161,2025-11-20 20:12:56.161,1.0,-1.0,0.0071,0.0,0,0.0,0.0,1
f0d545095beaa72e124f616277928eb295562df2f2426de0f439b165ed74f73d,2,0,0.0,1,1,2.0,1,0,0,0,0,0.0,0,2025-11-20 06:01:38.773,2025-11-20 06:02:18.496,1.0,-1.0,0.0071,0.0,0,0.0,0.0,1
08f9089104efd60f2e568158330170e9c85e0c4770ba0292d815f050a571667f,1,0,0.0,1,1,1.0,1,0,0,0,0,0.0,0,2025-11-20 22:05:04.525,2025-11-20 22:05:04.525,1.0,-1.0,0.0071,0.0,0,0.0,0.0,1
5a0bebcc78e33e1d31f7e89f1e8c5908adae0fedd1e692ef3b7cbf45ab42191c,3,0,0.0,1,1,3.0,2,0,0,0,0,0.0,0,2025-11-20 16:07:21.123,2025-11-20 16:08:25.731,1.0,-1.0,0.0142,0.0,0,0.0,0.0,1
2f17de83e2fba493a20861b19424e8adcc15ba1fe3ea6ccbac53302e980061c2,2,1,0.5,1,1,2.0,2,0,1,0,0,0.0,0,2025-11-20 06:36:53.538,2025-11-20 06:38:44.110,1.0,0.0,0.0142,0.0,0,0.0,0.0,1
9dd6d83986e9a1112b172daa667adf0372b153399acbada23d67578fc9ee2d95,3,0,0.0,1,1,3.0,3,0,0,0,1,0.0,0,2025-11-20 02:15:31.850,2025-11-20 02:15:55.451,1.0,-1.0,0.0213,0.0,0,0.0,0.3333,1
e67e5c6ffb3d3fe1ca545409404d334479ab91964b9853e98572952c3d0e01f2,1,1,1.0,1,1,1.0,1,0,1,0,0,0.0,0,2025-11-20 23:17:51.916,2025-11-20 23:17:51.916,1.0,0.0,0.0071,0.0,0,0.0,0.0,1
b4542a5e696d41fc6bbb436c2c300ff2026eb72a865c60290f6d571d80b2bcaa,1,1,1.0,1,1,1.0,1,0,1,0,0,0.0,0,2025-11-20 19:46:05.136,2025-11-20 19:46:05.136,1.0,0.0,0.0071,0.0,0,0.0,0.0,1
615a3926e84d9a5578ae3b8a0ee0dd4e21364ed9e79a624accf4ffd5723fa1ae,1,0,0.0,1,1,1.0,1,0,0,0,0,0.0,0,2025-11-20 17:24:01.532,2025-11-20 17:24:01.532,1.0,-1.0,0.0071,0.0,0,0.0,0.0,1
7227edb3bfadadfd86355a4fd0312b32b8fd499dc27c9a6d64897138a4ef5714,1,1,1.0,1,1,1.0,1,0,1,0,0,0.0,0,2025-11-20 18:42:04.058,2025-11-20 18:42:04.058,1.0,0.0,0.0071,0.0,0,0.0,0.0,1
7d27f6c16a895a028ef1df525973fdbd9beca66f3f6a67e759d135d51846bbf4,1,0,0.0,1,1,1.0,1,0,0,0,0,0.0,0,2025-11-20 10:40:57.898,2025-11-20 10:40:57.898,1.0,-1.0,0.0071,0.0,0,0.0,0.0,1
37401962884149caebd595499c5e782b66270cb9b050f1fcf29811d1e559b71e,1,0,0.0,1,1,1.0,1,0,0,0,0,0.0,0,2025-11-20 04:08:23.557,2025-11-20 04:08:23.557,1.0,-1.0,0.0071,0.0,0,0.0,0.0,1
076d80894fa9d830ab64979c087c118c6d070c4862650ee29664e0560a601805,6,0,0.0,1,1,6.0,1,0,0,0,0,0.0,0,2025-11-20 01:43:32.473,2025-11-20 01:44:53.267,1.0,-1.0,0.0071,0.0,0,0.0,0.0,1
2b7314e122f787f3cd1a89ffd565c726306c2c461091daa7bc5bd275615ea5c3,1,0,0.0,1,1,1.0,1,0,0,0,0,0.0,0,2025-11-20 00:12:51.984,2025-11-20 00:12:51.984,1.0,-1.0,0.0071,0.0,0,0.0,0.0,1
46ab3f8cf1e9747b882e0f3abd077d317a7d9c1a77a90e924d0efca27701ae9d,3,0,0.0,1,1,3.0,1,0,0,0,0,0.0,0,2025-11-20 09:38:26.440,2025-11-20 09:38:39.448,1.0,-1.0,0.0071,0.0,0,0.0,0.0,1
de02163b07761c6c1fb6a96479529dab7fed39894b8dfba97a2bc7a8ffc8934d,1,1,1.0,1,1,1.0,1,0,1,0,0,0.0,0,2025-11-20 08:51:44.383,2025-11-20 08:51:44.383,1.0,0.0,0.0071,0.0,0,0.0,0.0,1
7875eeb7347974a7d3184a640536529c3d0189ead780f4c02f838b88a9088ffd,1,0,0.0,1,1,1.0,1,0,0,0,0,0.0,0,2025-11-20 14:44:59.855,2025-11-20 14:44:59.855,1.0,-1.0,0.0071,0.0,0,0.0,0.0,1
d98bfbed59a6b04e93b46e20a1bf902665c030f65f0a16c60398ccab409bb558,2,0,0.0,2,2,1.0,1,0,0,0,0,0.0,0,2025-11-20 11:09:16.401,2025-11-21 15:30:21.496,1.18,-1.0,0.0071,0.0,0,0.0,0.0,1
0ed50f33a3eb049775901c4aeeaced78697c714e5f13c4996a444fc936599670,2,0,0.0,1,1,2.0,2,0,0,0,1,0.0,0,2025-11-20 20:19:09.209,2025-11-20 20:20:04.282,1.0,-1.0,0.0142,0.0,0,0.0,1.0,1
6476790ff87555a1b800dc37fd8196b6e617c63534f051f8b2b8d44c11a2b16d,1,0,0.0,1,1,1.0,1,0,0,0,0,0.0,0,2025-11-20 08:57:44.799,2025-11-20 08:57:44.799,1.0,-1.0,0.0071,0.0,0,0.0,0.0,1
77e59306aa166b854e2db52860f158219ba9a3aa13be5e73e771c0933636a01a,3,2,0.6667,1,1,3.0,2,0,1,0,0,0.0,0,2025-11-20 09:09:12.976,2025-11-20 09:09:21.800,1.0,0.15,0.0142,0.0,0,0.0,0.0,1
8f37fb2bc6810075ea7d1793ded96c2c3b5140a853a0155c7eecee92720cc574,2,2,1.0,1,2,1.0,1,0,1,0,0,0.0,0,2025-11-20 05:50:47.319,2025-11-20 07:13:27.815,1.0,0.0,0.0071,0.0,0,0.0,0.0,1
cdbfaf279bf1bffb94cc7e2d339df9550fa7522c0494fa87369a6f2f5f21a978,1,0,0.0,1,1,1.0,1,0,0,0,0,0.0,0,2025-11-20 11:21:05.410,2025-11-20 11:21:05.410,1.0,-1.0,0.0071,0.0,0,0.0,0.0,1
3e34c09e98fad23f85d13d989ceffbc70812df87b8110caea56d14304557be7c,2,0,0.0,1,1,2.0,2,0,0,0,1,0.0,0,2025-11-20 21:03:47.988,2025-11-20 21:03:49.563,1.0,-1.0,0.0142,0.0,0,0.0,0.5,1
8b9ab03d4b7a8977669b8b5ff02335f04d6888905d61f5c7ce136d370931d820,1,1,1.0,1,1,1.0,1,0,1,0,0,0.0,0,2025-11-20 05:31:28.531,2025-11-20 05:31:28.531,1.0,0.0,0.0071,0.0,0,0.0,0.0,1
71f0b65da86c5d63121ee8b1b72a473c4d14323ffdb9d066d749a51cad546380,1,1,1.0,1,1,1.0,1,0,1,0,0,0.0,0,2025-11-20 20:16:09.226,2025-11-20 20:16:09.226,1.0,0.0,0.0071,0.0,0,0.0,0.0,1
e8de3135e4101490e5cb9dfb376a59f7eb46b26fe11b3117cc03bf30ffd43fce,1,1,1.0,1,1,1.0,1,0,1,0,0,0.0,0,2025-11-20 05:06:59.234,2025-11-20 05:06:59.234,1.0,0.0,0.0071,0.0,0,0.0,0.0,1
4dcee6a5fdb1446201c4bf43cb5db976cbec3b3a927cb2ca22e22b6503b3d7f1,1,0,0.0,1,1,1.0,1,0,0,0,1,0.0,0,2025-11-20 19:48:11.493,2025-11-20 19:48:11.493,1.0,-1.0,0.0071,0.0,0,0.0,1.0,1
1ec6e032124988acf28bb16f4f0d7565fc8bde5dfbbb4fcc39c9f0a6b71b9850,1,0,0.0,1,1,1.0,1,0,0,0,0,0.0,1,2025-11-20 03:55:15.591,2025-11-20 03:55:15.591,1.0,-1.0,0.0071,0.0,0,0.0,0.0,1
ad8eb112a25f4b31a66813b2fee2b5619b581fbcf60865bd1a55f1728309682a,1,1,1.0,1,1,1.0,1,0,1,0,0,0.0,0,2025-11-20 21:32:26.130,2025-11-20 21:32:26.130,1.0,0.0,0.0071,0.0,0,0.0,0.0,1
b4e4e950c8fe6487baca0847d01125ced5fd85d4228bf095330c167a8ae927fe,1,1,1.0,1,1,1.0,1,0,1,0,0,0.0,0,2025-11-20 20:51:03.757,2025-11-20 20:51:03.757,1.0,0.0,0.0071,0.0,0,0.0,0.0,1
d9540da53c89e99f40dd7feaad0c3f21d27bf649a14be339d836147639027729,1,0,0.0,1,1,1.0,1,0,0,0,0,0.0,0,2025-11-20 10:34:53.537,2025-11-20 10:34:53.537,1.0,-1.0,0.0071,0.0,0,0.0,0.0,1
5ac39359812f804e4286e0fe62d8bbc71696cd88ddc67f8446ce45ed735ec9d3,1,1,1.0,1,1,1.0,1,0,1,0,0,0.0,0,2025-11-20 07:23:08.482,2025-11-20 07:23:08.482,1.0,0.0,0.0071,0.0,0,0.0,0.0,1
701886a0a12cb7c79d0782d4e22c7a47f8201255c69c03555173cc3aac42fc73,2,0,0.0,2,2,1.0,1,0,0,0,0,0.0,0,2025-11-20 02:14:32.532,2025-11-30 18:18:24.138,10.67,-1.0,0.0071,0.0,0,0.0,0.0,0
87233fd6e95d2c2712ca2f7d9322f7f6610ba45e622f2c64dd1432a1851e8eff,1,0,0.0,1,1,1.0,1,0,0,0,0,0.0,0,2025-11-20 17:23:45.555,2025-11-20 17:23:45.555,1.0,-1.0,0.0071,0.0,0,0.0,0.0,1
34e73a9845c4cd59abc4bd3732b0761e1ad688b40729e58e8d5951fad24f6500,1,1,1.0,1,1,1.0,1,0,1,0,0,0.0,0,2025-11-20 02:50:45.172,2025-11-20 02:50:45.172,1.0,0.0,0.0071,0.0,0,0.0,0.0,1
cda38d3b506a8f0f00c2e9308ec4a4400743a90e70f846962a17b87eacdc2d85,1,0,0.0,1,1,1.0,1,0,0,0,0,0.0,0,2025-11-20 16:35:33.517,2025-11-20 16:35:33.517,1.0,-1.0,0.0071,0.0,0,0.0,0.0,1
3d56468f47e4c2257dd873d295c64e5a6c2c67a74760ffc5c4d276929636a291,2,2,1.0,1,1,2.0,1,0,1,0,0,0.0,0,2025-11-21 04:05:45.259,2025-11-21 04:14:32.004,1.0,0.0,0.0071,0.0,0,0.0,0.0,1
95bc69da382f8ada15dc610d5a9219b939f4711fa84e754c2338e33981f5ea05,67,23,0.3433,1,1,67.0,12,0,1,0,1,0.0,0,2025-11-21 15:22:26.923,2025-11-21 15:35:38.911,1.0,1.54,0.0851,0.0,1,0.03542598676470588,0.9552,1
eef703018946f03deef0a469bf0e8fbd32a52b4e2c71c93f24e42605b6ae7204,55,20,0.3636,1,1,55.0,8,0,1,0,1,0.0,0,2025-11-21 02:34:07.241,2025-11-21 02:37:54.839,1.0,0.5,0.0567,0.0,1,0.016636277058823527,1.0,1
2b1227112c50e26ac8d5817e463ab7b54422facbaf9da58c6605cc3aaf6973ab,3,0,0.0,1,1,3.0,1,0,0,0,0,0.0,0,2025-11-21 04:33:05.273,2025-11-21 04:33:20.126,1.0,-1.0,0.0071,0.0,0,0.0,0.0,1
769e4bce27cbe3508b9b464942c81092a3d410a6b852e248c16c059d571734ee,175,77,0.44,2,2,87.5,22,0,1,0,1,0.0,2,2025-11-21 17:19:43.893,2025-11-22 01:43:12.353,1.0,1.25,0.156,0.0,1,0.02705533904761905,0.88,1
52eda1269528641c18cec99f23f32bafa08a2ba4e6caaeb5fb284eb221dc84e4,5,0,0.0,1,1,5.0,1,0,0,0,0,0.0,0,2025-11-21 10:25:28.498,2025-11-21 10:25:28.816,1.0,-1.0,0.0071,0.0,0,0.0,0.0,1
45a6f1f60f8745d250b2fa29a99a5f9e92d9f0478a68c6567a35a3b6c038e26a,6,0,0.0,1,1,6.0,1,0,0,0,0,0.0,0,2025-11-21 04:27:05.617,2025-11-21 04:27:21.538,1.0,-1.0,0.0071,0.0,0,0.0,0.0,1
820577a6948c196f7aa102db657f1413546911d3af9f5b0f8890b0bf206afeb5,379,111,0.2929,1,1,379.0,27,0,1,0,1,0.0,1,2025-11-21 14:34:47.942,2025-11-21 15:36:00.427,1.0,0.65,0.1915,0.0,1,0.027470671866666668,0.942,1
7e201761037107d55f5afe327e1dc5e717f1f7e90d7b49b2c82eea20cfce124e,2,0,0.0,1,1,2.0,1,0,0,0,0,0.0,0,2025-11-21 22:57:52.347,2025-11-21 22:58:01.476,1.0,-1.0,0.0071,0.0,0,0.0,0.0,1
1207d00527d23711b8b37656bab60c29c6c29e9e0e6be0a5f895302008e8be51,9,2,0.2222,1,1,9.0,3,0,1,0,0,0.0,2,2025-11-21 04:28:18.273,2025-11-21 04:31:21.125,1.0,0.82,0.0213,0.0,0,0.0,0.0,1
b804ba70618a1f46ab2eee75f9d18b78f927e4f5d4d3689b84271183ac2b90d5,2,0,0.0,1,1,2.0,1,0,0,0,0,0.0,0,2025-11-21 06:00:10.051,2025-11-21 06:00:32.069,1.0,-1.0,0.0071,0.0,0,0.0,0.0,1
d7d6fe455944f8ad24d49434a6e98c808931579899362df01030589a8b55cc8b,2,0,0.0,1,1,2.0,1,0,0,0,0,0.0,0,2025-11-21 10:17:13.341,2025-11-21 10:18:34.036,1.0,-1.0,0.0071,0.0,0,0.0,0.0,1
140bc1a494eabc5ad8ebdcc48c750eee8ab9d81df19eb416898b73e1e4bbab17,1,0,0.0,1,1,1.0,1,0,0,0,0,0.0,0,2025-11-21 04:05:56.873,2025-11-21 04:05:56.873,1.0,-1.0,0.0071,0.0,0,0.0,0.0,1
cedb28c175c829ea6d5723ba7a9ec1cedd04966452b8950f489301dc01c7ca08,1,0,0.0,1,1,1.0,1,0,0,0,0,0.0,0,2025-11-21 00:13:36.138,2025-11-21 00:13:36.138,1.0,-1.0,0.0071,0.0,0,0.0,0.0,1
c03d132fc2875be243d63f90bdbecf0e777436ae0caa3e8a47d761f0c7ad467b,2,0,0.0,1,1,2.0,1,0,0,0,0,0.0,0,2025-11-21 04:12:23.576,2025-11-21 04:13:03.497,1.0,-1.0,0.0071,0.0,0,0.0,0.0,1
d5e45250df263d94a748868dc6a86654ea5ef2858a54049e7c804595fea70a98,3,0,0.0,1,1,3.0,1,0,0,0,0,0.0,0,2025-11-21 15:15:35.602,2025-11-21 15:16:11.581,1.0,-1.0,0.0071,0.0,0,0.0,0.0,1
2e29636493bdcaa6c379b7db9e436f47b334603dc56cafa1044129f67b35b5ee,16,1,0.0625,4,4,4.0,2,0,1,0,0,0.0,1,2025-11-21 12:16:21.781,2025-12-02 08:58:43.157,10.86,4311.83,0.0142,0.5,0,0.0,0.0,0
3a1c7b622efc55723717183ed32a08434a45fbec3d867a0ad4d93dd657a59ba0,2,0,0.0,1,1,2.0,1,0,0,0,0,0.0,0,2025-11-21 15:17:01.924,2025-11-21 15:21:46.932,1.0,-1.0,0.0071,0.0,0,0.0,0.0,1
c396cf2a0fff7f19b925723d2582a0b947c2914ce922c66abb882491fa459dcf,6,0,0.0,1,1,6.0,5,0,0,0,1,0.0,0,2025-11-21 18:03:59.874,2025-11-21 18:04:40.863,1.0,-1.0,0.0355,0.0,0,0.0,0.3333,1
22d9941929885849b706a264744be8a26b162826186472b4e6de7630ea1bc5df,9,1,0.1111,1,1,9.0,8,0,1,0,1,0.0,1,2025-11-21 00:13:48.175,2025-11-21 00:15:40.206,1.0,0.71,0.0567,0.0,0,0.006,0.3333,1
f631b2a766fa9e29239bf1d270f579a8a083ca3d6a0a4727176b44ff7f72948b,5,0,0.0,1,1,5.0,3,0,0,0,1,0.0,0,2025-11-21 15:12:30.281,2025-11-21 15:38:19.653,1.0,-1.0,0.0213,0.0,0,0.0,0.2,1
ec2ed523a0d20996a6032e44e6cf66b449ad8b28456106d8d587ba66c3740648,17,6,0.3529,1,1,17.0,8,0,1,0,1,0.0,0,2025-11-21 14:09:48.436,2025-11-21 14:10:48.529,1.0,0.21,0.0567,0.0,0,0.013,0.4706,1
0c55c506c83b3617ab6ac248fd3899fc07db19ca3017c878d345b3c73d214718,138,45,0.3261,2,1,138.0,16,0,1,0,1,1.39153394,0,2025-11-21 18:35:32.484,2025-11-22 22:51:27.318,1.18,1681.11,0.1135,0.0,1,0.09430824098591549,0.971,1
11294574145392dcfd406fdd044a8b1fdac3253e3f141c34c3c05dfbbe329f0c,2,0,0.0,1,1,2.0,2,0,0,0,0,0.0,0,2025-11-21 00:15:35.768,2025-11-21 00:16:06.946,1.0,-1.0,0.0142,0.0,0,0.0,0.0,1
fc74495baebdb88c83f670bbfb2e6d0302949c2aeb1382ad6f0f12ab5b1a0475,1,0,0.0,1,1,1.0,1,0,0,0,0,0.0,0,2025-11-21 06:14:01.367,2025-11-21 06:14:01.367,1.0,-1.0,0.0071,0.0,0,0.0,0.0,1
4e1df613a49811fc2d585c356254116bf73f26a00f9b9f44181c02c92f24b346,1,1,1.0,1,1,1.0,1,0,1,0,0,0.0,0,2025-11-21 11:07:00.605,2025-11-21 11:07:00.605,1.0,0.0,0.0071,0.0,0,0.0,0.0,1
e35994cc05d321b8dddf1f273e51723226e1e534e6d8c82d849e89da43741706,34,4,0.1176,5,5,6.8,19,1,1,0,1,0.0,1,2025-11-21 13:53:02.368,2025-12-07 18:01:36.800,16.17,4486.74,0.1348,0.8667,0,0.0012280233333333333,0.2059,0
18d6b8679174cdf4e25b2b025987b906280bf658f7cbd06562273e2c55e6d605,1,1,1.0,1,1,1.0,1,0,1,0,0,0.0,0,2025-11-21 07:04:20.050,2025-11-21 07:04:20.050,1.0,0.0,0.0071,0.0,0,0.0,0.0,1
0731b60421deaa543fec4b495b0b59fdad082bb70dfa0c0e34c00f3d6d939a53,1,1,1.0,1,1,1.0,1,0,1,0,0,0.0,0,2025-11-21 02:10:54.834,2025-11-21 02:10:54.834,1.0,0.0,0.0071,0.0,0,0.0,0.0,1
9ee14dbdedcb39e7c9daf39c3c3214cb47a7bd9c771d99d275b203ebe123779a,1,0,0.0,1,1,1.0,1,0,0,0,0,0.0,0,2025-11-21 13:50:37.796,2025-11-21 13:50:37.796,1.0,-1.0,0.0071,0.0,0,0.0,0.0,1
bd4d03f9206e1c4150277ac507a6b4f5d6d734d0edca7fe0b964434084fcb2d1,8,0,0.0,1,1,8.0,5,0,0,0,1,0.0,0,2025-11-21 14:57:39.232,2025-11-21 14:58:36.462,1.0,-1.0,0.0355,0.0,0,0.0,0.125,1
a04e9e920056322659f5818b5be69d57ef8583f48b89a29b7ca996f1a5ddeec1,1,0,0.0,1,1,1.0,1,0,0,0,0,0.0,0,2025-11-21 17:15:36.446,2025-11-21 17:15:36.446,1.0,-1.0,0.0071,0.0,0,0.0,0.0,1
fbf42cbec57e9c53d8d74f7bb19b48af886d2d21047344a4b38d4f9b1beb3f81,6,0,0.0,1,1,6.0,4,0,0,0,1,0.0,1,2025-11-21 04:14:22.129,2025-11-21 04:15:08.515,1.0,-1.0,0.0284,0.0,0,0.03836666666666667,0.6667,1
0d6d092165fe0082638cf44be025d5d6e00d5e5d4f41064e64bdb44799094a68,2,0,0.0,1,1,2.0,1,0,0,0,0,0.0,0,2025-11-21 17:25:11.808,2025-11-21 17:25:12.368,1.0,-1.0,0.0071,0.0,0,0.0,0.0,1
897b88d9d63317ee4f0fd4e123f9252e45d45f84cd57e542df374a55f9e963f0,43,11,0.2558,5,6,7.17,17,0,1,0,1,0.0,3,2025-11-21 21:15:25.554,2025-12-03 00:39:01.133,11.14,0.24,0.1206,0.6364,0,0.004488946666666666,0.093,0
d00313a82f88c265676b119fd87d3c62fc9f88776c408efbaa3e3a023caa4f2f,70,30,0.4286,1,1,70.0,20,0,1,0,1,0.0,2,2025-11-21 06:24:05.309,2025-11-21 07:02:12.931,1.0,32.55,0.1418,0.0,1,0.033776118333333334,0.8429,1
3821f667e8a0e801ba7f041edc38ab89391fff2b6a04b85f9b0cc0aca39c48c1,5,0,0.0,1,2,2.5,3,0,0,0,1,0.0,0,2025-11-21 12:28:15.959,2025-11-21 12:39:40.538,1.0,-1.0,0.0213,0.0,0,0.0,0.2,1
6093788f8c378133603ff5701dc42da97851e0d9e80cdace05b0111ebd8531bd,1,0,0.0,1,1,1.0,1,0,0,0,0,0.0,0,2025-11-21 14:44:10.227,2025-11-21 14:44:10.227,1.0,-1.0,0.0071,0.0,0,0.0,0.0,1
4eeae59159d717a7a75fc55de7fcd48d3d0a5e1c538bb481e53b924421920665,1,1,1.0,1,1,1.0,1,0,1,0,0,0.0,0,2025-11-21 02:20:26.884,2025-11-21 02:20:26.884,1.0,0.0,0.0071,0.0,0,0.0,0.0,1
6b6d1680b719af699282393713c677b96e4ee972ec8f0c63b20da0588b24bc68,4,0,0.0,1,1,4.0,1,0,0,0,0,0.0,0,2025-11-21 12:33:42.078,2025-11-21 12:34:07.439,1.0,-1.0,0.0071,0.0,0,0.0,0.0,1
9c8aa10e50432e57824e06fe81b1153bb44b57cbe550f9b8575c47ddba9b635b,3,0,0.0,1,1,3.0,1,0,0,0,0,0.0,0,2025-11-21 06:45:53.818,2025-11-21 07:02:50.225,1.0,-1.0,0.0071,0.0,0,0.0,0.0,1
2ff5767905a33477a6e0bf9363907a9711a765c3e1fddc5f569ae7650dba7975,1,0,0.0,1,1,1.0,1,0,0,0,1,0.0,0,2025-11-21 08:01:45.625,2025-11-21 08:01:45.625,1.0,-1.0,0.0071,0.0,0,0.0,1.0,1
fc16e14ee37077f9c7647c1385738ad3e801d5524a7792b2cd6bf1bdbcee814f,1,0,0.0,1,1,1.0,1,0,0,0,0,0.0,0,2025-11-21 07:45:34.708,2025-11-21 07:45:34.708,1.0,-1.0,0.0071,0.0,0,0.0,0.0,1
985a5a8cb3ff1d1b7718a191bd7c89064915df080a4c0dd83c0a340920a8f985,2,0,0.0,1,1,2.0,1,0,0,0,0,0.0,0,2025-11-21 06:21:18.539,2025-11-21 06:23:36.729,1.0,-1.0,0.0071,0.0,0,0.0,0.0,1
77d236e186f19f3f7f97c197ddee94fce88b01219bfd4baf63c4038046553bc4,1,1,1.0,1,1,1.0,1,0,1,0,0,0.0,0,2025-11-21 06:45:29.627,2025-11-21 06:45:29.627,1.0,0.0,0.0071,0.0,0,0.0,0.0,1
abb901ebc58e732f0a84d8c1dbccfdedffe078ae690964b645f7915552f2e8c5,1,1,1.0,1,1,1.0,1,0,1,0,0,0.0,0,2025-11-21 06:52:18.895,2025-11-21 06:52:18.895,1.0,0.0,0.0071,0.0,0,0.0,0.0,1
a9569e099cdc2a8f4c83d290121483170008a1d050916ce2321b9a3f8ce59ccb,2,0,0.0,1,1,2.0,1,0,0,0,0,0.0,0,2025-11-21 17:21:34.218,2025-11-21 17:22:21.466,1.0,-1.0,0.0071,0.0,0,0.0,0.0,1
03e36bf067e97222fc84b005b6dea553d00399c66d2a62b2a5fd06bfd20fbaff,1,0,0.0,1,1,1.0,1,0,0,0,0,0.0,0,2025-11-21 17:14:22.680,2025-11-21 17:14:22.680,1.0,-1.0,0.0071,0.0,0,0.0,0.0,1
6f005e3885a92ba2f993b71c03fec90f32f38b8c518c30222e3cb76275acd530,1,0,0.0,1,1,1.0,1,0,0,0,0,0.0,0,2025-11-21 16:56:19.407,2025-11-21 16:56:19.407,1.0,-1.0,0.0071,0.0,0,0.0,0.0,1
a164a8ee8d35252ca20e2b3c08931c2db16eb827f66f2552746c0c791724cfbb,1,1,1.0,1,1,1.0,1,0,1,0,0,0.0,0,2025-11-21 18:05:59.853,2025-11-21 18:05:59.853,1.0,0.0,0.0071,0.0,0,0.0,0.0,1
d6507b7b2c0757093f89566533fbd7dd22335b73387d3dff0161d19d86bda8dd,2,0,0.0,1,1,2.0,1,0,0,0,0,0.0,0,2025-11-21 20:40:46.499,2025-11-21 20:41:04.827,1.0,-1.0,0.0071,0.0,0,0.0,0.0,1
9c0e190b7dd6599cd2d3e66b35dbe8f4a0e9f009a34d5fcbf934535a51dfece3,1,1,1.0,1,1,1.0,1,0,1,0,0,0.0,0,2025-11-21 18:54:38.440,2025-11-21 18:54:38.440,1.0,0.0,0.0071,0.0,0,0.0,0.0,1
e8469a06256e11e41d4432425987a730fff4eba7b7813d2efdc3d17cc70336ac,1,1,1.0,1,1,1.0,1,0,1,0,0,0.0,0,2025-11-21 07:56:38.489,2025-11-21 07:56:38.489,1.0,0.0,0.0071,0.0,0,0.0,0.0,1
b0b88981e1200dea7eacd0a4c14d94a40e7572ec8aa26b014112315c9514df0f,1,0,0.0,1,1,1.0,1,0,0,0,0,0.0,0,2025-11-21 14:29:28.511,2025-11-21 14:29:28.511,1.0,-1.0,0.0071,0.0,0,0.0,0.0,1
b04dbd8246367b1cc6c74b2748860e11bdd4d130eae596f1015d78761154b126,1,0,0.0,1,1,1.0,1,0,0,0,0,0.0,0,2025-11-21 14:30:12.855,2025-11-21 14:30:12.855,1.0,-1.0,0.0071,0.0,0,0.0,0.0,1
685e2f53a931f23e91574f37e88f8fbae4ecc87f07ca9514227b05f950b0d38d,1,0,0.0,1,1,1.0,1,0,0,0,0,0.0,0,2025-11-21 13:08:01.979,2025-11-21 13:08:01.979,1.0,-1.0,0.0071,0.0,0,0.0,0.0,1
97586c174494e404a7040a1a4c53d0641f0507df56619e2ad7a53cdeb9b72a5f,1,0,0.0,1,1,1.0,1,0,0,0,0,0.0,0,2025-11-21 13:15:20.964,2025-11-21 13:15:20.964,1.0,-1.0,0.0071,0.0,0,0.0,0.0,1
ea5012635058aa0c42bdefeab6bb81c6b3235f2cf7dc1754762009ae299b997d,10,4,0.4,1,1,10.0,6,0,1,0,1,0.0,0,2025-11-21 16:56:39.894,2025-11-21 16:59:53.587,1.0,2.83,0.0426,0.0,0,0.013,0.7,1
9728ec8a6f9cd14973c50f5ebcba2300b405db36a8c74ca505e4f78a1ba9f0d6,2,2,1.0,1,1,2.0,1,0,1,0,0,0.0,0,2025-11-21 07:59:47.268,2025-11-21 07:59:47.571,1.0,0.0,0.0071,0.0,0,0.0,0.0,1
462309f42d86cd5f65e14bdb62555a0af813c19a284f2a4acb7276fcab433064,4,0,0.0,1,1,4.0,1,0,0,0,0,0.0,0,2025-11-21 12:26:24.953,2025-11-21 12:27:20.646,1.0,-1.0,0.0071,0.0,0,0.0,0.0,1
71ec606eb51c66a81c3b3ee132b751f64bfd2efa3dd8b05918864bbd2e77e101,1,0,0.0,1,1,1.0,1,0,0,0,0,0.0,0,2025-11-21 09:41:34.331,2025-11-21 09:41:34.331,1.0,-1.0,0.0071,0.0,0,0.0,0.0,1
b20dc2ae96eca269077b38ee5b5aef630bf6f6216e959f4b179546f78ab8bd3d,1,0,0.0,1,1,1.0,1,0,0,0,0,0.0,0,2025-11-21 15:35:34.763,2025-11-21 15:35:34.763,1.0,-1.0,0.0071,0.0,0,0.0,0.0,1
40f5a0d68fe8a9cd428902357a2f59ccbd48a65d5d00d59de3ce8f127c98a419,5,1,0.2,1,1,5.0,2,0,1,0,0,0.0,0,2025-11-21 16:50:37.138,2025-11-21 16:53:09.163,1.0,2.53,0.0142,0.0,0,0.0,0.0,1
cd1d5d987a207ad8b29d662ae5dd5fe71200bfc395f0a4f67f29a2ded6dbc746,1,0,0.0,1,1,1.0,1,0,0,0,0,0.0,0,2025-11-21 18:03:43.757,2025-11-21 18:03:43.757,1.0,-1.0,0.0071,0.0,0,0.0,0.0,1
6e41378a11b236d6274e734243ba5d56b3d5c86677d4d51824fda4932dfcfb50,1,1,1.0,1,1,1.0,1,0,1,0,0,0.0,0,2025-11-21 08:00:45.690,2025-11-21 08:00:45.690,1.0,0.0,0.0071,0.0,0,0.0,0.0,1
98e0b9676ac688801ee9372608bb2983273e03b65b5529fe251bebb0f24259cc,2,0,0.0,1,1,2.0,1,0,0,0,0,0.0,0,2025-11-21 20:25:44.775,2025-11-21 20:25:51.146,1.0,-1.0,0.0071,0.0,0,0.0,0.0,1
a381bdbbdab6301a40395d6f2733d0ee3ab99e3f4b0a31973f3fbaa2a693a4ce,1,0,0.0,1,1,1.0,1,0,0,0,0,0.0,0,2025-11-21 14:09:32.752,2025-11-21 14:09:32.752,1.0,-1.0,0.0071,0.0,0,0.0,0.0,1
22e0bd731cd98052ea311099e35161cc3539b99c5a8bb60609401c99ae497c96,1,0,0.0,1,1,1.0,1,0,0,0,0,0.0,0,2025-11-21 10:08:38.929,2025-11-21 10:08:38.929,1.0,-1.0,0.0071,0.0,0,0.0,0.0,1
91a87d90e07705e74a73c0e1be10b0cd7178fdbe61c0773d186766ddecec6979,2,0,0.0,1,1,2.0,2,0,0,0,0,0.0,0,2025-11-21 13:51:03.329,2025-11-21 13:51:14.601,1.0,-1.0,0.0142,0.0,0,0.0,0.0,1
e9cc82ad7819a6567d9430c93093b055c99915e7fd2b6b3e563745e49ba0d80c,3,0,0.0,2,2,1.5,1,0,0,0,0,0.0,0,2025-11-21 10:33:24.263,2025-11-23 17:36:38.848,2.29,-1.0,0.0071,0.0,0,0.0,0.0,1
3fb326012881ca43bc1a2825795d0a13b4d227c9dfc902135c0b2296f5a0e1e8,1,1,1.0,1,1,1.0,1,0,1,0,0,0.0,0,2025-11-21 10:46:46.325,2025-11-21 10:46:46.325,1.0,0.0,0.0071,0.0,0,0.0,0.0,1
61b3b8e711464b419c2051f40b17ee25af62739f8405df06723451f72f9f4d76,1,0,0.0,1,1,1.0,1,0,0,0,1,0.0,0,2025-11-21 17:19:40.357,2025-11-21 17:19:40.357,1.0,-1.0,0.0071,0.0,0,0.0,1.0,1
2f2d3a7919525fc17ebb0fdbc748d537dead344712b677dcf7a7691aaf807ebf,1,0,0.0,1,1,1.0,1,0,0,0,0,0.0,0,2025-11-21 19:08:52.685,2025-11-21 19:08:52.685,1.0,-1.0,0.0071,0.0,0,0.0,0.0,1
9edea06e2f23d2328c9f0d31e806ee153f5aefd7b929ea104984e4886b6db3d2,1,0,0.0,1,1,1.0,1,0,0,0,0,0.0,0,2025-11-21 16:55:06.801,2025-11-21 16:55:06.801,1.0,-1.0,0.0071,0.0,0,0.0,0.0,1
9c63b5d0a3c055f3664b094bedfe515677738034ec7a3cfb48346f9211cd7a2a,1,1,1.0,1,1,1.0,1,0,1,0,0,0.0,0,2025-11-21 17:10:05.347,2025-11-21 17:10:05.347,1.0,0.0,0.0071,0.0,0,0.0,0.0,1
0fbd3764e11a527d7519524763418321a6e2564fe60ff0947a1ea94c347c4a0a,1,1,1.0,1,1,1.0,1,0,1,0,0,0.0,0,2025-11-21 22:12:02.494,2025-11-21 22:12:02.494,1.0,0.0,0.0071,0.0,0,0.0,0.0,1
09ee154db6d01a892f48c22b659a2767690e0d35a2c5a65a12cb26a92a530b39,1,1,1.0,1,1,1.0,1,0,1,0,0,0.0,0,2025-11-21 18:29:50.257,2025-11-21 18:29:50.257,1.0,0.0,0.0071,0.0,0,0.0,0.0,1
09185b4292ae6028ed14b26850055eb77cc0a3a0d7b425caae80ff899b3518eb,1,1,1.0,1,1,1.0,1,0,1,0,0,0.0,0,2025-11-21 19:03:21.992,2025-11-21 19:03:21.992,1.0,0.0,0.0071,0.0,0,0.0,0.0,1
a23ab8626359d44c556a3d90e88352a5534bb6b6a94a2b3e920205b1dddf6a51,25,15,0.6,1,1,25.0,11,0,1,0,1,0.0,1,2025-11-22 01:01:49.482,2025-11-22 01:22:04.109,1.0,1.88,0.078,0.0,0,0.017233333333333333,0.52,1
dd763646405ab2997f4d3c5e440de1c0adfb98b6c796f311adab94daa22bb3dd,37,11,0.2973,3,3,12.33,18,0,1,0,1,0.0,1,2025-11-22 14:57:18.997,2025-12-05 16:09:16.351,13.05,0.61,0.1277,0.9444,1,0.030938544375,0.6757,0
0ad0f36e9d41d3c9de958231bd0e93e60532dff77420fcb15f983ad1222afa51,297,76,0.2559,2,3,99.0,23,0,1,0,1,0.0,2,2025-11-22 14:30:30.486,2025-11-24 16:40:20.483,2.09,10.14,0.1631,0.0,1,0.020966829017857146,0.8519,1
902c8e51d5c04f0d13ba4587a6ac85b742ef8c1ff88489ff297ec9792501079c,8,1,0.125,1,2,4.0,8,0,1,0,1,0.0,1,2025-11-22 08:39:00.602,2025-11-22 19:33:56.296,1.0,654.93,0.0567,0.0,0,0.0,0.25,1
264ef76b7807b96ecc699dff5333bd62386feabb793cdcfe38ff136b314c34b1,4,0,0.0,1,1,4.0,4,0,0,0,1,0.0,0,2025-11-22 10:47:31.273,2025-11-22 10:48:22.285,1.0,-1.0,0.0284,0.0,0,0.0,0.5,1
9976e1bc4166c8ace8185c3fe2f85d47ac88f036a43da0b3abbe6877e859f682,15,6,0.4,1,1,15.0,11,0,1,0,1,0.0,1,2025-11-22 09:58:19.058,2025-11-22 10:10:41.844,1.0,10.76,0.078,0.0,0,0.0133,0.4667,1
c0c36f6d9cc1e3c67ba15b9a1f0a04f819db761c1e9977af5a2279ee8907cb68,22,6,0.2727,1,1,22.0,11,0,1,0,1,0.0,1,2025-11-22 15:50:33.760,2025-11-22 15:54:31.790,1.0,1.63,0.078,0.0,1,0.03025833333333333,0.8182,1
bc4d399b9e507fb9ae25263810ffa1487f34ac87997512d83446d06618655d9a,2,0,0.0,1,1,2.0,2,0,0,0,0,0.0,0,2025-11-22 01:01:26.947,2025-11-22 01:05:47.754,1.0,-1.0,0.0142,0.0,0,0.0,0.0,1
96f4bf25ebf2c9a2701445153f7c04a005b6445210888f6cd6608a2a835435cf,1,1,1.0,1,1,1.0,1,0,1,0,0,0.0,0,2025-11-22 05:07:35.368,2025-11-22 05:07:35.368,1.0,0.0,0.0071,0.0,0,0.0,0.0,1
18b2efd1635269b477bc48506f683866767fbfc1ee2e2dce7ca6603183abeb78,2,1,0.5,1,1,2.0,2,0,1,0,0,0.0,0,2025-11-22 03:14:15.539,2025-11-22 03:14:23.226,1.0,0.0,0.0142,0.0,0,0.0,0.0,1
0d51ae6667f39f4f9c14978cea61a31c5efb1d9f148f57bddbcb60a85b626592,20,7,0.35,1,1,20.0,8,0,1,0,1,0.0,1,2025-11-22 08:53:27.103,2025-11-22 08:55:02.311,1.0,0.69,0.0567,0.0,0,0.010499999999999999,0.55,1
6f40472cf43c42dcbe98abe5bd45d6528b8846439091272e486f2cb1914e4ce9,3,0,0.0,2,2,1.5,1,0,0,0,0,0.0,0,2025-11-22 11:12:18.176,2025-11-23 10:47:14.201,1.0,-1.0,0.0071,0.0,0,0.0,0.0,1
57801a32c8032311e13f3c105c85bc045ab017ea41c185fda4cb8820fccb5371,180,57,0.3167,1,1,180.0,15,0,1,0,1,0.0,1,2025-11-22 09:45:54.529,2025-11-22 09:57:41.648,1.0,1.12,0.1064,0.0,1,0.025059067469879518,0.9778,1
1a5bce0a89215d39e65abcf8f8be5015ea52e035b1b9079154cb63df859c9c6c,1,0,0.0,1,1,1.0,1,0,0,0,0,0.0,0,2025-11-22 16:06:40.413,2025-11-22 16:06:40.413,1.0,-1.0,0.0071,0.0,0,0.0,0.0,1
2390318aab40b9fe41a467c60653d694563baa3f99aa1c0156c66b34c5a95c3b,7,1,0.1429,1,1,7.0,2,0,1,0,0,0.0,1,2025-11-22 13:52:03.510,2025-11-22 13:53:08.407,1.0,1.08,0.0142,0.0,0,0.0,0.0,1
d3cc3f3b1ecad80cc007c46b58a27e97d431debfa3df28de182bd90e9c2179ce,8,1,0.125,1,1,8.0,8,0,1,0,1,0.0,1,2025-11-22 21:15:32.328,2025-11-22 21:16:48.175,1.0,0.99,0.0567,0.0,0,0.0,0.125,1
bf12d9ccbb60faaae53ba6787e607f6c9eeb114cd498b64c0edf652366f787d2,3,0,0.0,1,1,3.0,1,0,0,0,0,0.0,0,2025-11-22 05:31:22.093,2025-11-22 05:31:42.334,1.0,-1.0,0.0071,0.0,0,0.0,0.0,1
e8819f9811d7bbc6dcc2473661f511a436827c657fef8fdf517b7d0fb516227a,9,0,0.0,1,2,4.5,5,0,0,0,1,0.0,0,2025-11-22 02:07:53.969,2025-11-22 15:21:21.272,1.0,-1.0,0.0355,0.0,0,0.0,0.1111,1
490b416d1d3dec19a632f0d1db24e7260a030e184b65becc0b9021f7619a9c1e,5,0,0.0,1,2,2.5,1,0,0,0,0,0.0,0,2025-11-22 02:06:49.336,2025-11-22 15:20:48.372,1.0,-1.0,0.0071,0.0,0,0.0,0.0,1
00bddbc78ab2a15efece9b755d054e5ee04751dcf65880fb18cdbe5a31cb0c74,3,0,0.0,1,1,3.0,3,0,0,0,1,0.0,0,2025-11-22 11:05:37.012,2025-11-22 11:06:38.215,1.0,-1.0,0.0213,0.0,0,0.0,0.3333,1
1b92c4836c717e548442270a88f239a273e4d4d5d8cea1fe9e9d331637e53f88,1,0,0.0,1,1,1.0,1,0,0,0,0,0.0,0,2025-11-22 11:04:51.380,2025-11-22 11:04:51.380,1.0,-1.0,0.0071,0.0,0,0.0,0.0,1
74d3c354fe0fae16babac9b47d39aa740604c92ce882a698ad80dc83aabde408,5,0,0.0,2,1,5.0,5,0,0,0,1,0.0,0,2025-11-22 10:18:05.014,2025-11-26 12:55:30.340,4.11,-1.0,0.0355,0.0,0,34.0,0.6,0
36a5d68aaf7e839335fe3696f768da9d8ff18e746c6bc215ea6219b10125303d,1,1,1.0,1,1,1.0,1,0,1,0,0,0.0,0,2025-11-22 06:43:35.057,2025-11-22 06:43:35.057,1.0,0.0,0.0071,0.0,0,0.0,0.0,1
43d0150bb4884f3983b1dabe3cb58235e5d04e1103c87e19d2d423ca5a621de5,1768,550,0.3111,2,5,353.6,30,0,1,0,1,18.5776394,1,2025-11-22 11:13:10.662,2025-11-23 12:06:22.990,1.04,1355.11,0.2128,0.0,1,0.034688609838472835,0.961,1
7f5b15c0fde4bb28d927ae4c0c83654694d02904768ceb06487f7aaed0f3bf11,4,0,0.0,1,1,4.0,1,0,0,0,0,0.0,0,2025-11-22 11:55:01.423,2025-11-22 11:55:05.029,1.0,-1.0,0.0071,0.0,0,0.0,0.0,1
d6fd0d420df1cc858b4c8670876fc56ced8285f1ae3fe76e2db3b6da8e6dfc30,6,1,0.1667,1,1,6.0,2,0,1,0,0,0.0,0,2025-11-22 04:12:14.621,2025-11-22 04:36:43.479,1.0,0.0,0.0142,0.0,0,0.0,0.0,1
c9e34de38c4a6d03b65bb3e94066e5761e03f991e47c398823d2b6d1adc56056,3,0,0.0,1,1,3.0,1,0,0,0,0,0.0,0,2025-11-22 16:25:51.360,2025-11-22 16:29:36.622,1.0,-1.0,0.0071,0.0,0,0.0,0.0,1
721326eff24fdcd79365b4a508d266cb4c5004cc381d0f739dd3631314be7dc6,10,0,0.0,1,1,10.0,6,0,0,0,1,0.0,0,2025-11-22 05:16:36.036,2025-11-22 05:20:11.818,1.0,-1.0,0.0426,0.0,0,0.0,0.1,1
3ad6f79eb31aa72b5c324adfea325410c436a1dd1559b4c3fa117ab9f26f6c03,2,0,0.0,1,1,2.0,2,0,0,0,1,0.0,0,2025-11-22 15:42:23.710,2025-11-22 15:42:35.068,1.0,-1.0,0.0142,0.0,0,0.0,1.0,1
f36dec97d19d086ab069e2f22f890c1ba0b1b50ed042f73f30113a3b0f28f802,4,0,0.0,1,1,4.0,3,0,0,0,1,0.0,0,2025-11-22 15:43:08.193,2025-11-22 15:45:04.980,1.0,-1.0,0.0213,0.0,0,0.0055,1.0,1
6bafba04b6794b7e4d1e865206bf0132bd086021e909902251f361d3b3ac96b5,3,3,1.0,1,1,3.0,1,0,1,0,0,0.0,0,2025-11-22 07:43:27.956,2025-11-22 07:43:29.952,1.0,0.0,0.0071,0.0,0,0.0,0.0,1
7ec406e84cf7ea735d830d03ee047ef095eae29a6bcc28a8ba76df7b19b0041f,2,0,0.0,1,1,2.0,1,0,0,0,0,0.0,0,2025-11-22 09:57:31.268,2025-11-22 10:08:43.894,1.0,-1.0,0.0071,0.0,0,0.0,0.0,1
a574ea082e907a1ecd883308ba0a7c7eeac2faf90c8721da0fd73e94d7864ec9,1,0,0.0,1,1,1.0,1,0,0,0,0,0.0,0,2025-11-22 08:37:42.521,2025-11-22 08:37:42.521,1.0,-1.0,0.0071,0.0,0,0.0,0.0,1
d3443fc385cdaa7e206ee77d445967be59b4da85a75930d0b7933da7b812c4b1,1,1,1.0,1,1,1.0,1,0,1,0,0,0.0,0,2025-11-22 03:58:29.402,2025-11-22 03:58:29.402,1.0,0.0,0.0071,0.0,0,0.0,0.0,1
c64702f09dda9bcbcb7096dcea4000bcd6eb1d91f4bada0e8cd6b8c63b436cb3,3,0,0.0,1,1,3.0,2,0,0,0,0,0.0,0,2025-11-22 18:13:09.357,2025-11-22 18:13:37.462,1.0,-1.0,0.0142,0.0,0,0.0,0.0,1
591d794db276426f1e3f7c58942d5e13b76cbd167a825179e247fc10d83ec64f,2,0,0.0,2,2,1.0,1,0,0,0,0,0.0,0,2025-11-22 11:28:27.398,2025-11-23 08:34:12.436,1.0,-1.0,0.0071,0.0,0,0.0,0.0,1
d808af251b6b3b5cfe893f8d35bece141bad8e417039122380af2e7a020d17d8,3,0,0.0,1,1,3.0,1,0,0,0,0,0.0,0,2025-11-22 01:34:16.539,2025-11-22 01:34:53.429,1.0,-1.0,0.0071,0.0,0,0.0,0.0,1
427f1203ea4d5df836873123c468e368d9aea1c2c9400264438607ce829b6aec,324,132,0.4074,2,6,54.0,24,0,1,0,1,0.7048334199999999,1,2025-11-22 23:34:14.572,2025-11-23 15:11:50.181,1.0,399.17,0.1702,0.0,1,0.03578747049382716,0.929,1
1acd9efae36f2e076be18abf0695a4e35d618e19553be2b266df255f55c18847,2,0,0.0,1,1,2.0,2,0,0,0,1,0.0,0,2025-11-22 13:56:36.490,2025-11-22 13:56:39.357,1.0,-1.0,0.0142,0.0,0,0.0,0.5,1
668d134adb9772774669e2b8601c079a6c0900436d6467bfed0f87e736a7fc97,2,0,0.0,1,1,2.0,2,0,0,0,1,0.0,0,2025-11-22 19:13:42.999,2025-11-22 19:13:43.260,1.0,-1.0,0.0142,0.0,0,0.0,0.5,1
34e8d963e77e0ba88de63d7fa87948654971b65fa3d03ae9ab28ec0a7a442d4d,1,1,1.0,1,1,1.0,1,0,1,0,0,0.0,0,2025-11-22 08:50:54.661,2025-11-22 08:50:54.661,1.0,0.0,0.0071,0.0,0,0.0,0.0,1
18ea24290471bf53d6e5ee1530a88ce1f5d83c8672165b4d9caf8e56cbf607a7,1,0,0.0,1,1,1.0,1,0,0,0,0,0.0,0,2025-11-22 12:50:08.042,2025-11-22 12:50:08.042,1.0,-1.0,0.0071,0.0,0,0.0,0.0,1
088652de5e90af6149115e8d34a0dd46b942b9444285ece13a26f61ef74d4c3d,2,1,0.5,1,1,2.0,2,0,1,0,0,0.0,0,2025-11-22 13:40:31.363,2025-11-22 13:40:54.027,1.0,0.38,0.0142,0.0,0,0.0,0.0,1
e9b5ca2e5e7586ce612f02548fbdf6896275c713d4f4cdd91c61feb45baf2af5,1,1,1.0,1,1,1.0,1,0,1,0,0,0.0,0,2025-11-22 14:42:04.697,2025-11-22 14:42:04.697,1.0,0.0,0.0071,0.0,0,0.0,0.0,1
b86f7b26b169cbf39a30a758229393add1449437c51c3bdeabb52b09c03b8423,2,0,0.0,1,1,2.0,1,0,0,0,0,0.0,0,2025-11-22 09:45:18.011,2025-11-22 09:45:27.827,1.0,-1.0,0.0071,0.0,0,0.0,0.0,1
c630d6cf2fa255c684b7d0f55cc24a771e9d8d9efb989e86a665135abb6ee9fb,2,0,0.0,1,1,2.0,1,0,0,0,0,0.0,0,2025-11-22 09:35:54.347,2025-11-22 09:36:11.287,1.0,-1.0,0.0071,0.0,0,0.0,0.0,1
38f70214474e0d159b4fc7a00282e6d62fdf3117d3722be7b173783e215ab04f,1,1,1.0,1,1,1.0,1,0,1,0,0,0.0,0,2025-11-22 00:16:28.581,2025-11-22 00:16:28.581,1.0,0.0,0.0071,0.0,0,0.0,0.0,1
4fd47fa85bbd3ddbe31e84b6411c85ad489340d532bed62a42758d4848b7316c,1,0,0.0,1,1,1.0,1,0,0,0,0,0.0,0,2025-11-22 01:04:49.165,2025-11-22 01:04:49.165,1.0,-1.0,0.0071,0.0,0,0.0,0.0,1
f3198d2d369fd7af770611b9c429fc2a76dfb4af41b4e2ade73d06a1b60c663f,2,0,0.0,1,1,2.0,2,0,0,0,1,0.0,0,2025-11-22 10:24:19.552,2025-11-22 10:28:29.885,1.0,-1.0,0.0142,0.0,0,0.0,1.0,1
11598c3505f6b0ffde97d253a153935c8fccaa023d659b1c8e7058864c994f4a,1,1,1.0,1,1,1.0,1,0,1,0,0,0.0,0,2025-11-22 05:01:40.802,2025-11-22 05:01:40.802,1.0,0.0,0.0071,0.0,0,0.0,0.0,1
ba8718f4efe6d9002d5317e8ba74792711dcaa31433082ba0c088c98ae986f9c,1,0,0.0,1,1,1.0,1,0,0,0,0,0.0,0,2025-11-22 21:15:18.632,2025-11-22 21:15:18.632,1.0,-1.0,0.0071,0.0,0,0.0,0.0,1
201f743a2470e0d426b09ef9a5424117ce1a3875e9ddff40be2f0168dca7e466,1,1,1.0,1,1,1.0,1,0,1,0,0,0.0,0,2025-11-22 17:28:18.984,2025-11-22 17:28:18.984,1.0,0.0,0.0071,0.0,0,0.0,0.0,1
a1a8bae24adf1eb2499f6f2b9dd61e0160e9c0450fab60de894f671c4c572f52,1,1,1.0,1,1,1.0,1,0,1,0,0,0.0,0,2025-11-22 00:12:00.904,2025-11-22 00:12:00.904,1.0,0.0,0.0071,0.0,0,0.0,0.0,1
32575f7beb1bb26616293f44c76e5af7599f6de2456911187795c4b42f6e37fd,1,1,1.0,1,1,1.0,1,0,1,0,0,0.0,0,2025-11-22 08:44:14.696,2025-11-22 08:44:14.696,1.0,0.0,0.0071,0.0,0,0.0,0.0,1
deff1466a731b26358e7b531aeb98073d1975cd5b11617e1c1304ad427f499e8,1,1,1.0,1,1,1.0,1,0,1,0,0,0.0,0,2025-11-22 03:04:51.555,2025-11-22 03:04:51.555,1.0,0.0,0.0071,0.0,0,0.0,0.0,1
20edba6edd44210017306bfc06db71deffd1cc6284b177b6ff3e1e12a03c9bb3,1,1,1.0,1,1,1.0,1,0,1,0,0,0.0,0,2025-11-22 04:34:59.346,2025-11-22 04:34:59.346,1.0,0.0,0.0071,0.0,0,0.0,0.0,1
6458377bf8c56cf596fb6ec6c1c0eb8490f3052e4a35083b844332d8aa104b36,1,0,0.0,1,1,1.0,1,0,0,0,0,0.0,0,2025-11-22 19:32:10.732,2025-11-22 19:32:10.732,1.0,-1.0,0.0071,0.0,0,0.0,0.0,1
70e22619e127c939df84a62288fc55221500f7f59fb832fea1f4d87e4ccbc6e7,1,1,1.0,1,1,1.0,1,0,1,0,0,0.0,0,2025-11-22 16:34:18.492,2025-11-22 16:34:18.492,1.0,0.0,0.0071,0.0,0,0.0,0.0,1
cad8d24c496725629efb08d507e0b41510d881bfb4eb01e976e27d50dbdeb4ad,1,1,1.0,1,1,1.0,1,0,1,0,0,0.0,0,2025-11-22 03:42:49.642,2025-11-22 03:42:49.642,1.0,0.0,0.0071,0.0,0,0.0,0.0,1
86743622101d0df26f505b715bbcef44e42b6991560600a3ec4f28b99ec180a5,1,0,0.0,1,1,1.0,1,0,0,0,0,0.0,0,2025-11-22 06:12:52.336,2025-11-22 06:12:52.336,1.0,-1.0,0.0071,0.0,0,0.0,0.0,1
60d9ec38bba7fe3417959174bd070e8e45e8368e50bb0d9b67e3a5851b5b5e09,1,1,1.0,1,1,1.0,1,0,1,0,0,0.0,0,2025-11-22 15:47:55.144,2025-11-22 15:47:55.144,1.0,0.0,0.0071,0.0,0,0.0,0.0,1
24713d241bf077960fd481226547f3d48f21eba3871b761648ffd28ca112e4bc,1,0,0.0,1,1,1.0,1,0,0,0,0,0.0,0,2025-11-22 12:52:10.131,2025-11-22 12:52:10.131,1.0,-1.0,0.0071,0.0,0,0.0,0.0,1
79d92a99980dbb6433c7303cdbddfeff277cfedcfcac367a4c156165036146cf,1,1,1.0,1,1,1.0,1,0,1,0,0,0.0,0,2025-11-22 02:23:18.927,2025-11-22 02:23:18.927,1.0,0.0,0.0071,0.0,0,0.0,0.0,1
4ba85a5c7aa3eafbf13f986dfc96b2bbe46016f46204a065b23a409b50eb2e1f,1,1,1.0,1,1,1.0,1,0,1,0,0,0.0,0,2025-11-22 15:20:41.871,2025-11-22 15:20:41.871,1.0,0.0,0.0071,0.0,0,0.0,0.0,1
3eb2fb4bdc93372028ffd54498c5db15a79c93e8dfef93e80826e8dcb7c2f2a8,1,1,1.0,1,1,1.0,1,0,1,0,0,0.0,0,2025-11-23 02:41:34.416,2025-11-23 02:41:34.416,1.0,0.0,0.0071,0.0,0,0.0,0.0,1
d6db4775a74c0df996e1f0698665436f830df1bc18fed9d0b84f25de07cc8239,6,0,0.0,2,2,3.0,3,0,0,0,1,0.0,0,2025-11-23 18:16:32.595,2025-11-26 12:48:26.342,2.77,-1.0,0.0213,0.0,0,33.20078015599999,1.0,0
81ee1ed645313f6a519dc792845880035cbfe7474f1cec24f5fc876d877719a7,28,14,0.5,1,2,14.0,10,0,1,0,1,0.0,1,2025-11-23 22:27:11.141,2025-11-23 22:37:37.528,1.0,0.87,0.0709,0.0,0,0.00835,0.3214,1
9df503abbb3df4316b39e26674e0841ec395da8e560412d245aef74288284f0f,21,10,0.4762,1,1,21.0,11,0,1,0,1,0.0,1,2025-11-23 13:50:50.035,2025-11-23 14:12:44.343,1.0,0.84,0.078,0.0,1,0.028266666666666666,0.619,1
8b97b2662ac6c12f286119e232a7ecbe92554cdb54a57579f8db4baa86761d54,5,0,0.0,1,1,5.0,1,0,0,0,0,0.0,0,2025-11-23 09:15:35.443,2025-11-23 09:15:46.456,1.0,-1.0,0.0071,0.0,0,0.0,0.0,1
8289d4bb7ef6afd22b9fd970f1dfaec7728c82813dc2d3a37bb530c4a7bdae34,21,5,0.2381,1,1,21.0,10,0,1,0,1,0.0,1,2025-11-23 20:34:05.114,2025-11-23 20:36:43.396,1.0,0.4,0.0709,0.0,0,0.007957142857142857,0.4286,1
351d6a7087ed1d2ca10b9f5279b44702e8092aaaf6e576bc9bc2626287a83d9e,21,3,0.1429,1,1,21.0,8,0,1,0,1,0.0,1,2025-11-23 22:36:40.116,2025-11-23 22:41:29.170,1.0,0.54,0.0567,0.0,0,0.010772727272727272,0.5714,1
cdd759d62552962eeed4d1ec1f858f7fdc7483ba8e62544123077bf56a695c5d,30,1,0.0333,1,1,30.0,20,1,1,0,1,0.0,1,2025-11-23 13:40:46.395,2025-11-23 13:52:13.140,1.0,7.18,0.1418,0.0,0,0.00130026,0.2333,1
4421ca582310e52a760f777bb3eb0fb1faf397f0d88bad7c77c4051177a89bbc,4,0,0.0,2,2,2.0,1,0,0,0,0,0.0,0,2025-11-23 00:18:40.592,2025-12-05 05:06:44.507,12.2,-1.0,0.0071,-2.0,0,0.0,0.0,0
9d390986850f169af9cbffaba23d11e2b82221273c186180803617d3211ffd48,1,0,0.0,1,1,1.0,1,0,0,0,1,0.0,0,2025-11-23 18:32:18.780,2025-11-23 18:32:18.780,1.0,-1.0,0.0071,0.0,0,0.0,1.0,1
af316cc95172ab0420efdeb89bde53897b41f387b896c5af370bc03b479050e7,9,1,0.1111,1,1,9.0,8,0,1,0,1,0.0,1,2025-11-23 07:00:18.703,2025-11-23 07:02:50.905,1.0,0.82,0.0567,0.0,0,0.0,0.1111,1
ebdb99c997e5bbbe5b45592a363608d68603e667083789557dc6565e308d4e2a,3,0,0.0,1,1,3.0,1,0,0,0,0,0.0,0,2025-11-23 13:39:58.506,2025-11-23 13:40:26.012,1.0,-1.0,0.0071,0.0,0,0.0,0.0,1
45128812900dc73f3b989511f42deffde9d910896b3a9cad56c69220bb6a5764,6,1,0.1667,1,1,6.0,2,0,1,0,0,0.0,1,2025-11-23 02:30:22.147,2025-11-23 02:31:14.596,1.0,0.87,0.0142,0.0,0,0.0,0.0,1
4105ce2a4026c1353b5ccfc3e601cd7b617257b47708f7a7adf78eed9c8b0e86,187,54,0.2888,2,1,187.0,20,0,1,0,1,0.0,1,2025-11-23 23:33:54.912,2025-11-24 00:02:39.369,1.0,0.39,0.1418,0.0,1,0.040315016714285716,0.8503,1
546d3ebf9cf69bf9fcb580af00a49a39f9b54e001e3e6ba55fac57fdda2a6164,5,0,0.0,1,1,5.0,1,0,0,0,0,0.0,0,2025-11-23 17:19:08.434,2025-11-23 17:20:22.430,1.0,-1.0,0.0071,0.0,0,0.0,0.0,1
a4c7eca36fa5ac9566920df54526ce7f4ffe5255eb26eff234266aced6fcbded,283,82,0.2898,1,1,283.0,25,0,1,0,1,0.0,1,2025-11-23 08:09:53.634,2025-11-23 08:27:03.432,1.0,0.84,0.1773,0.0,1,0.03266116695652174,0.9505,1
b7a87954ea0d76792e1270c919cfca4bf80a7a3c11a7cb223c68e2c779245a11,4,0,0.0,1,1,4.0,1,0,0,0,0,0.0,0,2025-11-23 18:49:22.743,2025-11-23 18:50:09.744,1.0,-1.0,0.0071,0.0,0,0.0,0.0,1
139ea95b9291cb089b000cf74ba400fc07cb655befb8a1c5f4a89f6bcef4f69a,3,2,0.6667,1,1,3.0,2,0,1,0,0,0.0,0,2025-11-23 12:14:37.415,2025-11-23 12:15:16.118,1.0,0.0,0.0142,0.0,0,0.0,0.0,1
c3a55830b5c4aaac5fa670daeab5603db0331543c623b09364889648e61d2c76,25,7,0.28,1,1,25.0,4,0,1,0,1,0.0,1,2025-11-23 11:00:14.487,2025-11-23 11:23:22.518,1.0,2.75,0.0284,0.0,0,0.0,0.04,1
998c4795f3c11aa1fbd5877dced83c72a0728c08a10859df2b1ef267bcbf7e31,5,1,0.2,1,2,2.5,5,0,1,0,1,0.0,1,2025-11-23 07:27:38.957,2025-11-23 09:00:52.533,1.0,93.23,0.0355,0.0,0,0.0,0.2,1
817f6ada01943b338e0447b4f7ad4e02b1cd5a31d4ed384a93ae3b2b9de61b56,1,1,1.0,1,1,1.0,1,0,1,0,0,0.0,0,2025-11-23 09:38:02.031,2025-11-23 09:38:02.031,1.0,0.0,0.0071,0.0,0,0.0,0.0,1
bb90402bd37329ba334e5718a92faf0d8799f48d974a49f95727b66250364dcf,4,0,0.0,1,1,4.0,2,0,0,0,0,0.0,0,2025-11-23 13:29:20.449,2025-11-23 13:30:40.782,1.0,-1.0,0.0142,0.0,0,0.0,0.0,1
57927cb1b1bd31fffa95323d7d5052026ce7173179fa45413cf98a565ba6b4b0,1,0,0.0,1,1,1.0,1,0,0,0,0,0.0,0,2025-11-23 08:09:38.944,2025-11-23 08:09:38.944,1.0,-1.0,0.0071,0.0,0,0.0,0.0,1
32956df40a871d033495fa5e6376366102726e544addde396650cc03e7f9416b,1,1,1.0,1,1,1.0,1,0,1,0,0,0.0,0,2025-11-23 23:32:04.896,2025-11-23 23:32:04.896,1.0,0.0,0.0071,0.0,0,0.0,0.0,1
2cdedff45cb509b3eaae338c9b4e1e42a989cf538262b67b544fd1139f668662,1,0,0.0,1,1,1.0,1,0,0,0,0,0.0,0,2025-11-23 09:53:11.241,2025-11-23 09:53:11.241,1.0,-1.0,0.0071,0.0,0,0.0,0.0,1
f6187c3ed1a1e6d5548c72bcfeb0bd257b23c025bd572a281cdb750f14c1c18e,1,0,0.0,1,1,1.0,1,0,0,0,1,0.0,0,2025-11-23 05:48:53.330,2025-11-23 05:48:53.330,1.0,-1.0,0.0071,0.0,0,0.0,1.0,1
9da9a60c0a12cb38778564a0274d4552fecf37977f6f142536bbcc732ed6b2c2,1,1,1.0,1,1,1.0,1,0,1,0,0,0.0,0,2025-11-23 01:42:53.783,2025-11-23 01:42:53.783,1.0,0.0,0.0071,0.0,0,0.0,0.0,1
8707a46938ddbf09c550c713fa3ba1323eb14a87a56c08c8f3f4846b34753694,6,0,0.0,1,1,6.0,1,0,0,0,0,0.0,0,2025-11-23 04:15:29.149,2025-11-23 04:15:52.738,1.0,-1.0,0.0071,0.0,0,0.0,0.0,1
868ba66d57dba566caf7314748b2072837048bd7f0b3afb7a8237045ff686645,1,1,1.0,1,1,1.0,1,0,1,0,0,0.0,0,2025-11-23 03:57:15.248,2025-11-23 03:57:15.248,1.0,0.0,0.0071,0.0,0,0.0,0.0,1
57ba541336736111bddc32fe562a4dc4d8223c33f65731d4650fcf79fe5a475b,1,0,0.0,1,1,1.0,1,0,0,0,0,0.0,0,2025-11-23 17:21:09.608,2025-11-23 17:21:09.608,1.0,-1.0,0.0071,0.0,0,0.0,0.0,1
800b565abd18280656daa8bcbce00003b553e71cae32c0c8f150b9e51d0bfb84,5,0,0.0,2,2,2.5,5,0,0,0,1,0.0,0,2025-11-23 17:15:50.947,2025-11-30 14:46:23.924,6.9,-1.0,0.0355,0.0,0,0.0,0.4,0
e8fd820a53e4beea8bfd3c36c3924ed4976ccd359a6295758a59c57f62a4b3b8,1,0,0.0,1,1,1.0,1,0,0,0,0,0.0,0,2025-11-23 20:33:40.073,2025-11-23 20:33:40.073,1.0,-1.0,0.0071,0.0,0,0.0,0.0,1
d3a91a0dd51dd085efd7bc947fd5d7165ae003ee8d7c6a55ff0c5069fed870a5,1,1,1.0,1,1,1.0,1,0,1,0,0,0.0,0,2025-11-23 17:39:44.424,2025-11-23 17:39:44.424,1.0,0.0,0.0071,0.0,0,0.0,0.0,1
5b4a7e7502afcd96286bf4cd017391a4c9422cf419f4392f61d6964faa7cd4fa,1,0,0.0,1,1,1.0,1,0,0,0,0,0.0,0,2025-11-23 03:30:59.681,2025-11-23 03:30:59.681,1.0,-1.0,0.0071,0.0,0,0.0,0.0,1
8dabd425b52114bb97e8437a9c94c126e62440f7ec6fd278dd7eba3d08486370,1,1,1.0,1,1,1.0,1,0,1,0,0,0.0,0,2025-11-23 23:31:56.970,2025-11-23 23:31:56.970,1.0,0.0,0.0071,0.0,0,0.0,0.0,1
38dead87db4c88f540e06a99ccc8d7c0b38678cbdf7df900710ea2e755a5e545,2,0,0.0,1,1,2.0,1,0,0,0,0,0.0,0,2025-11-23 13:50:13.637,2025-11-23 13:50:20.801,1.0,-1.0,0.0071,0.0,0,0.0,0.0,1
2411ff4a7d67d15d2188335b7f85be435bab08af553e93ec6395c91c86cf0a41,1,0,0.0,1,1,1.0,1,0,0,0,1,0.0,0,2025-11-23 18:26:05.789,2025-11-23 18:26:05.789,1.0,-1.0,0.0071,0.0,0,0.0,1.0,1
2721f8a6274951838bab713d4402800385219f0ba2488fe6dfff688ff9ae5fab,3,0,0.0,1,1,3.0,1,0,0,0,0,0.0,0,2025-11-23 17:12:57.538,2025-11-23 17:13:11.164,1.0,-1.0,0.0071,0.0,0,0.0,0.0,1
2fd162e63ae8a7e958fbaf1f4889e01acf40674d8c88e34bda43c0e22710091c,1,0,0.0,1,1,1.0,1,0,0,0,0,0.0,0,2025-11-23 04:06:15.070,2025-11-23 04:06:15.070,1.0,-1.0,0.0071,0.0,0,0.0,0.0,1
05be4c16eb44b33408e51dd4a4048a5f3162a57c6d392e614da031cffacd0cac,2,0,0.0,1,1,2.0,1,0,0,0,0,0.0,0,2025-11-23 09:18:33.795,2025-11-23 09:21:22.420,1.0,-1.0,0.0071,0.0,0,0.0,0.0,1
df424c7c6085475c2975cd0ee1cae2e1c296b08039e6784148eb21d71f79a814,1,0,0.0,1,1,1.0,1,0,0,0,0,0.0,0,2025-11-23 01:34:15.705,2025-11-23 01:34:15.705,1.0,-1.0,0.0071,0.0,0,0.0,0.0,1
5f39a048f5cf03495d470d16aba19e212b5cf8fab680fbc02b0939c6df0f3cd5,1,0,0.0,1,1,1.0,1,0,0,0,0,0.0,0,2025-11-23 22:36:28.415,2025-11-23 22:36:28.415,1.0,-1.0,0.0071,0.0,0,0.0,0.0,1
da24d76487b9d1f51dc5a4ee408259266766fb5edc63664bc66311eba24dea2a,1,1,1.0,1,1,1.0,1,0,1,0,0,0.0,0,2025-11-23 11:06:49.471,2025-11-23 11:06:49.471,1.0,0.0,0.0071,0.0,0,0.0,0.0,1
de34e6f9676da06ef59003e97792f6d3c14cd22c25f2699573df60b7b1fd1b92,3,1,0.3333,3,3,1.0,2,0,1,0,0,0.0,0,2025-11-23 21:32:39.247,2025-12-02 17:28:17.459,8.83,12715.64,0.0142,0.5,0,0.0,0.0,0
405f4b15cca35e5f7cde81c0e993445ad425dd4991f389e967c843f33c9bb43b,1,1,1.0,1,1,1.0,1,0,1,0,0,0.0,0,2025-11-23 21:36:55.768,2025-11-23 21:36:55.768,1.0,0.0,0.0071,0.0,0,0.0,0.0,1
f44b0de9470c054d8095bbdf67e99b2d439eaeeb86c978ddc4ecb4b8125e87d9,2,0,0.0,1,1,2.0,1,0,0,0,0,0.0,0,2025-11-23 06:59:47.562,2025-11-23 06:59:56.008,1.0,-1.0,0.0071,0.0,0,0.0,0.0,1
c44e2947c71f04781edee68af78a707ee02713a0419d9ecb0c8088fe4cd1d8b9,1,1,1.0,1,1,1.0,1,0,1,0,0,0.0,0,2025-11-23 18:24:37.569,2025-11-23 18:24:37.569,1.0,0.0,0.0071,0.0,0,0.0,0.0,1
76b1738cd28b1c37da3f4daa343d918024a54f6715ac334f956e9fbb1fc26956,1,1,1.0,1,1,1.0,1,0,1,0,0,0.0,0,2025-11-23 16:30:53.180,2025-11-23 16:30:53.180,1.0,0.0,0.0071,0.0,0,0.0,0.0,1
0208abed580da168902342fadb2b7707657d044fffa225f41bf3c1084e67937c,3,3,1.0,3,3,1.0,1,0,1,0,0,0.0,1,2025-11-23 15:51:17.786,2025-11-28 14:59:00.697,4.96,0.0,0.0071,0.0,0,0.0,0.0,0
f0a905c1d16facf497e2460f4913e52a81bc222b58b4081b5fbd3b1d0bdbd518,1,1,1.0,1,1,1.0,1,0,1,0,0,0.0,0,2025-11-23 10:13:40.563,2025-11-23 10:13:40.563,1.0,0.0,0.0071,0.0,0,0.0,0.0,1
497af2307672d557aeaa99cc7fcb524dbc4a2bbef6dc68e1627c613b5ccee2b9,1,1,1.0,1,1,1.0,1,0,1,0,0,0.0,0,2025-11-23 00:47:28.783,2025-11-23 00:47:28.783,1.0,0.0,0.0071,0.0,0,0.0,0.0,1
6b658186e9fd22c807fe963975f581cffbdd4d569119f1ec9a3f787fc8d250e7,1,1,1.0,1,1,1.0,1,0,1,0,0,0.0,0,2025-11-23 09:52:57.665,2025-11-23 09:52:57.665,1.0,0.0,0.0071,0.0,0,0.0,0.0,1
91187731d55e292a76022ed07bb2aae4ab9aadea88d0f26ca3bdf0c86765f1ea,1,1,1.0,1,1,1.0,1,0,1,0,0,0.0,0,2025-11-23 09:38:22.699,2025-11-23 09:38:22.699,1.0,0.0,0.0071,0.0,0,0.0,0.0,1
1d10e44be64a9e96dc0d4b2663c6722e8023aa8b811c0005f4188d4aa21f7d9e,1,1,1.0,1,1,1.0,1,0,1,0,0,0.0,0,2025-11-23 23:59:25.638,2025-11-23 23:59:25.638,1.0,0.0,0.0071,0.0,0,0.0,0.0,1
217efba7db389bd92fbb5f9e4e1b446bac77f0a2cc348afd8f329b76c5c19a57,1,0,0.0,1,1,1.0,1,0,0,0,0,0.0,0,2025-11-23 22:35:15.518,2025-11-23 22:35:15.518,1.0,-1.0,0.0071,0.0,0,0.0,0.0,1
7333aa3a4551ff77733b68f46b63ebff82dfed52aa968aa735a85daaaa04591c,1,1,1.0,1,1,1.0,1,0,1,0,0,0.0,0,2025-11-23 06:30:25.325,2025-11-23 06:30:25.325,1.0,0.0,0.0071,0.0,0,0.0,0.0,1
8bcb6678716d1d66e8f0d800c6c49a0fc9483de6cf2977b3aca1db638ded14b4,1,1,1.0,1,1,1.0,1,0,1,0,0,0.0,0,2025-11-23 12:10:30.636,2025-11-23 12:10:30.636,1.0,0.0,0.0071,0.0,0,0.0,0.0,1
92bcde89c2fc2c7c53b3a482f296c8c21038593cd6f206926c99705dce7882bf,37,12,0.3243,1,1,37.0,9,0,1,0,1,0.0,0,2025-11-24 12:15:13.973,2025-11-24 21:06:39.259,1.0,489.31,0.0638,0.0,1,0.023757583636363634,0.9459,1
57c5386bd55f874cfcb7eaca528e1b9dbce47339fbd1fd929faa7f3acb7820b4,8,1,0.125,1,1,8.0,2,0,1,0,0,0.0,1,2025-11-24 22:53:53.989,2025-11-24 22:56:37.763,1.0,2.73,0.0142,0.0,0,0.0,0.0,1
10c6922cb09311d82ad0c2eb2a4fecbac4a406f70fbeb44a1d9b3b4f4067f2e8,1,0,0.0,1,1,1.0,1,0,0,0,0,0.0,0,2025-11-24 17:42:19.919,2025-11-24 17:42:19.919,1.0,-1.0,0.0071,0.0,0,0.0,0.0,1
d672764cff98f977f9d1f05cfea465d488ae770973da0dae2cf916e4449fed8e,3,0,0.0,1,1,3.0,1,0,0,0,0,0.0,0,2025-11-24 23:55:01.657,2025-11-24 23:55:11.427,1.0,-1.0,0.0071,0.0,0,0.0,0.0,1
6dc9e1d89f83a78e9e552f33401a0fdc90d716a64c992c348faa6e0eb6d4ab7e,299,82,0.2742,1,3,99.67,22,0,1,0,1,0.0,2,2025-11-24 01:56:14.064,2025-11-24 17:47:10.799,1.0,0.16,0.156,0.0,1,0.019070961047619045,0.7893,1
79f3a43527c212ab5f25243a5fdaa6c07ffd805aa686d791849e59b60032f7e3,21,0,0.0,1,3,7.0,7,0,0,0,1,0.0,1,2025-11-24 15:57:22.479,2025-11-24 18:44:37.537,1.0,-1.0,0.0496,0.0,0,0.01144,0.5238,1
48430d4334fb6192ab1c00d30dbb154d36477391eae4dfac9a74c2111467ed1f,13,1,0.0769,3,4,3.25,7,0,1,0,1,0.0,0,2025-11-24 16:10:16.005,2025-11-26 13:50:00.549,1.9,2739.55,0.0496,0.0,0,0.00595,0.2308,0
2e86ddf8e7928e49724803adf4e2342a8a67bb07c8a7a8e19d2608085508c749,6,0,0.0,1,2,3.0,3,0,0,0,1,0.0,0,2025-11-24 10:09:01.303,2025-11-24 10:59:22.701,1.0,-1.0,0.0213,0.0,0,0.0,0.1667,1
d69dd8e6f6a5fac78f1dac4e312c06f91230ea2d4fac1825ef4de49d595fdb1b,1,1,1.0,1,1,1.0,1,0,1,0,0,0.0,0,2025-11-24 21:19:28.486,2025-11-24 21:19:28.486,1.0,0.0,0.0071,0.0,0,0.0,0.0,1
c746a4a14e9d275b3177e397ed07fedf7917194c93c9901c808a8bff87293215,613,177,0.2887,1,3,204.33,26,0,1,0,1,0.0,1,2025-11-24 14:16:25.565,2025-11-24 15:46:31.380,1.0,1.1,0.1844,0.0,1,0.03904676108597285,0.969,1
75ea8339c440d5d2be6212ba3db8aaff17e6f2b1b1f1960ba090583f91f99252,1,0,0.0,1,1,1.0,1,0,0,0,0,0.0,0,2025-11-24 12:59:40.333,2025-11-24 12:59:40.333,1.0,-1.0,0.0071,0.0,0,0.0,0.0,1
ebb56be6c8aa0835a89b6e2d5fe8f626622918efa629211a5c876b5ab8756c65,8,0,0.0,1,4,2.0,3,0,0,0,1,0.0,0,2025-11-24 10:21:11.571,2025-11-24 11:12:10.520,1.0,-1.0,0.0213,0.0,0,0.0,0.125,1
7582d8fdfc050233ca050a2fb211a8312f26da44f57ba14ee167c70b3327675c,289,79,0.2734,2,4,72.25,27,0,1,0,1,0.0,1,2025-11-24 13:26:01.769,2025-12-03 12:44:32.301,8.97,1.76,0.1915,0.9895,1,0.018693091949152543,0.917,0
088b80498315d57d6d62106dc9ce75daeb9142157557b4a7f5a9a240a73a762b,4,0,0.0,1,1,4.0,3,0,0,0,1,0.0,1,2025-11-24 01:55:07.213,2025-11-24 01:55:51.725,1.0,-1.0,0.0213,0.0,0,0.0,0.25,1
c7ed8a9eb01db0bb626f843db58d4e7b497ad0dc9bdb44d371b525f5e7155353,1,1,1.0,1,1,1.0,1,0,1,0,0,0.0,0,2025-11-24 04:10:26.794,2025-11-24 04:10:26.794,1.0,0.0,0.0071,0.0,0,0.0,0.0,1
beb3742cfc20bbb2d82e17af4f5b0942d7fb6f1e4f23031154d5d46d9962e5c0,7,6,0.8571,1,1,7.0,2,0,1,0,0,0.0,0,2025-11-24 05:18:10.121,2025-11-24 05:21:06.221,1.0,0.0,0.0142,0.0,0,0.0,0.0,1
54e1764b5300adbf2cf8641eccbbadbbbbe2ce00f0c53d1328ccdbb76dc4009e,6,0,0.0,2,1,6.0,1,0,0,0,0,0.0,0,2025-11-24 23:57:36.614,2025-11-25 00:00:54.471,1.0,-1.0,0.0071,0.0,0,0.0,0.0,0
d44e10a72e38ae15c99d3d2a9e59a9c6958eb7d53bce6b7b1f6a547ea82ac9d2,11,2,0.1818,2,2,5.5,10,0,1,0,1,0.0,1,2025-11-24 00:25:17.299,2025-12-01 02:23:41.536,7.08,0.83,0.0709,0.9,0,0.0060999999999999995,0.2727,0
7c7e271f17f6dadf3b64d44bb291a60c0deec165663eb1675ea2ee3816350501,3,0,0.0,1,1,3.0,1,0,0,0,0,0.0,0,2025-11-24 10:40:17.726,2025-11-24 10:41:29.805,1.0,-1.0,0.0071,0.0,0,0.0,0.0,1
52fc4d67c262fc36e73a7af4470ba85c5f654e32e5ee20fb8d692fd13a9f73f7,4,0,0.0,1,2,2.0,4,0,0,0,1,0.0,0,2025-11-24 03:29:33.799,2025-11-24 08:20:33.413,1.0,-1.0,0.0284,0.0,0,0.0,0.25,1
2d619f119d1ecabbaa3f4d606cf02e4c3611f3c7e6282ecfad57a0b68c13b42a,1,1,1.0,1,1,1.0,1,0,1,0,0,0.0,0,2025-11-24 15:55:58.435,2025-11-24 15:55:58.435,1.0,0.0,0.0071,0.0,0,0.0,0.0,1
32c692d7e2974bef79a3753c7b09c65d830b6c252fd19ab7eb57c35268e91639,2,1,0.5,1,1,2.0,2,0,1,0,0,0.0,0,2025-11-24 03:29:14.837,2025-11-24 03:29:29.257,1.0,0.24,0.0142,0.0,0,0.0,0.0,1
6888a568426001b6a1404d401b86abd90ce7f8dc9002cee0a550f5c77dadbc28,9,1,0.1111,1,1,9.0,7,0,1,0,1,0.0,1,2025-11-24 08:12:48.641,2025-11-24 08:13:40.364,1.0,0.86,0.0496,0.0,0,0.0,0.1111,1
8d669375e5eeaa81553b28f7e8e242f675623710d8660fd04213c65997074762,1,0,0.0,1,1,1.0,1,0,0,0,0,0.0,0,2025-11-24 20:29:08.874,2025-11-24 20:29:08.874,1.0,-1.0,0.0071,0.0,0,0.0,0.0,1
7d5237b01fc78286e8695a85133d9a47cfa60e4392eaf6575d16b1e9bfe1a155,1,1,1.0,1,1,1.0,1,0,1,0,0,0.0,0,2025-11-24 00:23:45.011,2025-11-24 00:23:45.011,1.0,0.0,0.0071,0.0,0,0.0,0.0,1
e8e8b3e346f23c8212bf76b046df965ac938d4d878c4a3d30ec0783d0094900c,1,1,1.0,1,1,1.0,1,0,1,0,0,0.0,0,2025-11-24 09:35:49.971,2025-11-24 09:35:49.971,1.0,0.0,0.0071,0.0,0,0.0,0.0,1
98df8aa167f085f658aec7abd97b24b46a7a5d63849027fcab260f6f1fdd427b,3,0,0.0,1,1,3.0,1,0,0,0,0,0.0,0,2025-11-24 05:10:35.750,2025-11-24 05:11:11.784,1.0,-1.0,0.0071,0.0,0,0.0,0.0,1
aa19d36870cf72d91d8df0393034501bf8b0e81ecabcaae26cec994b8e91b23d,9,0,0.0,1,2,4.5,5,0,0,0,1,0.0,0,2025-11-24 10:38:28.640,2025-11-24 10:43:39.816,1.0,-1.0,0.0355,0.0,0,0.0,0.1111,1
f999696b21d1a956407e270c14e938676901642dbeb7e085c4741b7fd2efeb3d,1,1,1.0,1,1,1.0,1,0,1,0,0,0.0,0,2025-11-24 09:25:44.655,2025-11-24 09:25:44.655,1.0,0.0,0.0071,0.0,0,0.0,0.0,1
941db8f0d4f604e9e24ec1ab2ac37bbe1c99c49d7c747423540d1fb3ada93a35,1,1,1.0,1,1,1.0,1,0,1,0,0,0.0,0,2025-11-24 09:51:05.522,2025-11-24 09:51:05.522,1.0,0.0,0.0071,0.0,0,0.0,0.0,1
0f2ed8f8e40825116cdfb42a028326a9eb2df7ce115953a1c990d74b0d790c6e,6,0,0.0,1,1,6.0,4,0,0,0,1,0.0,0,2025-11-24 05:11:50.070,2025-11-24 05:14:02.027,1.0,-1.0,0.0284,0.0,0,0.0,0.1667,1
040223641c422355bfed369b73ea1b115b3e7425158615d0ba315a75168e98eb,1,1,1.0,1,1,1.0,1,0,1,0,0,0.0,1,2025-11-24 16:05:36.049,2025-11-24 16:05:36.049,1.0,0.0,0.0071,0.0,0,0.0,0.0,1
7f56bf9cfb4fdea60ac11d98a324a6d586bb1b4bb1c61ee266de544ac0368a8e,1,0,0.0,1,1,1.0,1,0,0,0,0,0.0,0,2025-11-24 09:24:44.100,2025-11-24 09:24:44.100,1.0,-1.0,0.0071,0.0,0,0.0,0.0,1
a4370a432540a29312115b5bf9fdce17d0faab40d4ebd1da3919fced9f659f2e,1,0,0.0,1,1,1.0,1,0,0,0,0,0.0,0,2025-11-24 12:16:58.352,2025-11-24 12:16:58.352,1.0,-1.0,0.0071,0.0,0,0.0,0.0,1
30078c1b0bd69057556fe10975dbdbd3246f0654b5b667f40787e96a210849b8,1,1,1.0,1,1,1.0,1,0,1,0,0,0.0,0,2025-11-24 05:07:32.007,2025-11-24 05:07:32.007,1.0,0.0,0.0071,0.0,0,0.0,0.0,1
60580ddb8b51eacea3b59ea068d1db7bcf8cad1e6b2e55f50c6145aff3446d89,1,1,1.0,1,1,1.0,1,0,1,0,0,0.0,0,2025-11-24 12:37:30.657,2025-11-24 12:37:30.657,1.0,0.0,0.0071,0.0,0,0.0,0.0,1
80bce039e08803339175868cf5c19d390a2623be01b474a89a1bacf143b0b78c,3,0,0.0,1,1,3.0,1,0,0,0,0,0.0,0,2025-11-24 05:31:49.147,2025-11-24 05:36:19.867,1.0,-1.0,0.0071,0.0,0,0.0,0.0,1
07bdd0ab4033e3b9dcd215ae4071cbeaacfa03626c4d0856a0c8149d9a0d931e,2,0,0.0,1,1,2.0,1,0,0,0,0,0.0,0,2025-11-24 15:02:19.339,2025-11-24 15:02:53.473,1.0,-1.0,0.0071,0.0,0,0.0,0.0,1
fc1f68e29d9075d644ea301bceb403dd4846a613f7a0d413f72fad2f3a5da355,16,1,0.0625,2,2,8.0,10,0,1,0,1,0.0,1,2025-11-24 10:58:53.734,2025-11-25 09:53:10.658,1.0,1356.19,0.0709,0.0,0,0.00021671,0.1875,0
01504970e08ec6509003dc1ab3744a70484e085547b0e9c02ad6cc4902cfdc56,1,0,0.0,1,1,1.0,1,0,0,0,0,0.0,0,2025-11-24 03:19:08.092,2025-11-24 03:19:08.092,1.0,-1.0,0.0071,0.0,0,0.0,0.0,1
64c5f1610f38568fa28523b031989ba6afb1cb314e0f6e3ff8e163c594aa5d67,3,0,0.0,1,1,3.0,2,0,0,0,1,0.0,0,2025-11-24 01:22:25.014,2025-11-24 01:23:26.957,1.0,-1.0,0.0142,0.0,0,0.00625,1.0,1
d44c7ecf47ab24d770f257d9933fccc065b1a0a4b77c16b23e42e6b612bdc9db,1,1,1.0,1,1,1.0,1,0,1,0,0,0.0,0,2025-11-24 21:42:41.916,2025-11-24 21:42:41.916,1.0,0.0,0.0071,0.0,0,0.0,0.0,1
f3c6933fee72cb37c582c4e671fd058085520e8c80a556248b565a7717cf627d,1,0,0.0,1,1,1.0,1,0,0,0,0,0.0,0,2025-11-24 11:42:49.860,2025-11-24 11:42:49.860,1.0,-1.0,0.0071,0.0,0,0.0,0.0,1
4b9207c28e5092774d6a1c70b660d78df1440cb06178b404892d80fccf335681,2,0,0.0,1,1,2.0,1,0,0,0,0,0.0,0,2025-11-24 10:20:05.476,2025-11-24 10:20:20.469,1.0,-1.0,0.0071,0.0,0,0.0,0.0,1
290576fd24bd023c847518e88f043f54808867137ade29cc083988cd21a5c5a3,1,0,0.0,1,1,1.0,1,0,0,0,1,0.0,0,2025-11-24 09:24:44.231,2025-11-24 09:24:44.231,1.0,-1.0,0.0071,0.0,0,0.0,1.0,1
c30979aeb4e86f874c418fcaac1e743ea566d3e2a7eafad83eb87d9f18381482,1,1,1.0,1,1,1.0,1,0,1,0,0,0.0,0,2025-11-24 00:32:52.305,2025-11-24 00:32:52.305,1.0,0.0,0.0071,0.0,0,0.0,0.0,1
0f02c9bb55b890b413bfe95bcb1ab13a13a08be30d2284d3ce864dec607aa449,1,0,0.0,1,1,1.0,1,0,0,0,0,0.0,0,2025-11-24 02:13:33.044,2025-11-24 02:13:33.044,1.0,-1.0,0.0071,0.0,0,0.0,0.0,1
e57ed6bccbc0714f04145d24f42eeff7451e62b46ded0e3c33abaa9a1c52c0de,1,1,1.0,1,1,1.0,1,0,1,0,0,0.0,1,2025-11-24 03:37:09.460,2025-11-24 03:37:09.460,1.0,0.0,0.0071,0.0,0,0.0,0.0,1
f3a57f72c9d1113ca6648d401df3fc5b5a381bbc6a741010d2e75ed6b7935022,1,0,0.0,1,1,1.0,1,0,0,0,0,0.0,0,2025-11-24 14:15:49.012,2025-11-24 14:15:49.012,1.0,-1.0,0.0071,0.0,0,0.0,0.0,1
eb49e425838240496821a86d9bde3c236eaf925fe2d9b5f650400c59e78db42a,1,0,0.0,1,1,1.0,1,0,0,0,0,0.0,0,2025-11-24 15:56:20.688,2025-11-24 15:56:20.688,1.0,-1.0,0.0071,0.0,0,0.0,0.0,1
96b403a204b645b5e67aad120e9285e53ac5d795fe1943d3a0df2354b8a22aa1,1,0,0.0,1,1,1.0,1,0,0,0,0,0.0,0,2025-11-24 08:12:28.813,2025-11-24 08:12:28.813,1.0,-1.0,0.0071,0.0,0,0.0,0.0,1
cadfc749fe445574436f594b70ee788b19907b142f346f6bfc8aff29d66638a3,1,1,1.0,1,1,1.0,1,0,1,0,0,0.0,0,2025-11-24 04:35:49.266,2025-11-24 04:35:49.266,1.0,0.0,0.0071,0.0,0,0.0,0.0,1
1a85494b08fceb7ad6b75c3f6c5844b404c1229c05cee8c082704df71142da3a,1,0,0.0,1,1,1.0,1,0,0,0,0,0.0,0,2025-11-24 21:35:15.160,2025-11-24 21:35:15.160,1.0,-1.0,0.0071,0.0,0,0.0,0.0,1
ca22eaf307427f96756c685da0ad4117fbd7827d0e7eb115ebb05fe598b8381c,1,1,1.0,1,1,1.0,1,0,1,0,0,0.0,0,2025-11-24 00:59:42.437,2025-11-24 00:59:42.437,1.0,0.0,0.0071,0.0,0,0.0,0.0,1
7ab924defbf5b1de740a6ac83b91d83c885008848d49489a10c7aabad9ffbb52,2,0,0.0,1,1,2.0,2,0,0,0,1,0.0,0,2025-11-24 02:10:38.441,2025-11-24 02:10:40.011,1.0,-1.0,0.0142,0.0,0,0.0,0.5,1
dfb102d40a57362538561f5ef48ab4f09a0ff0986a74e89effead0a1bcb0da4b,2,1,0.5,1,1,2.0,2,0,1,0,0,0.0,1,2025-11-24 17:42:32.874,2025-11-24 17:42:48.839,1.0,0.27,0.0142,0.0,0,0.0,0.0,1
7806fe6f24d77dff06edbe7fb17ffba1dd0f2536a8baa56d9f9cdcf72e22fd5b,1,1,1.0,1,1,1.0,1,0,1,0,0,0.0,0,2025-11-24 04:10:44.134,2025-11-24 04:10:44.134,1.0,0.0,0.0071,0.0,0,0.0,0.0,1
8aae3aa80b39b52581276b0af6e1454dbdfbe008da3457b55c1fa8d00dd67cc6,1,0,0.0,1,1,1.0,1,0,0,0,0,0.0,0,2025-11-24 04:28:58.181,2025-11-24 04:28:58.181,1.0,-1.0,0.0071,0.0,0,0.0,0.0,1
e484e08363596fc03e4d3c8ed4610343478e0f45641cc99f7841913a35962ed1,1,0,0.0,1,1,1.0,1,0,0,0,0,0.0,0,2025-11-24 02:10:04.662,2025-11-24 02:10:04.662,1.0,-1.0,0.0071,0.0,0,0.0,0.0,1
29230e8afa8ef0b66f35a4c7ce32e422697af944f404cc055f6b979b8273066a,1,0,0.0,1,1,1.0,1,0,0,0,1,0.0,0,2025-11-24 03:17:28.113,2025-11-24 03:17:28.113,1.0,-1.0,0.0071,0.0,0,0.0,1.0,1
4146bef98a7d54227145ac0a37258002058191d4e1ec84245acaf0614af8809f,2,1,0.5,1,1,2.0,2,0,1,0,0,0.0,1,2025-11-24 13:00:44.187,2025-11-24 13:00:49.919,1.0,0.1,0.0142,0.0,0,0.0,0.0,1
043e2d0d7232dbba74e18b3d1bf4dbdf8896d2f810c117344ec9e8d1b2178b52,1,1,1.0,1,1,1.0,1,0,1,0,0,0.0,0,2025-11-24 11:12:31.082,2025-11-24 11:12:31.082,1.0,0.0,0.0071,0.0,0,0.0,0.0,1
8e8e00e72a2baaf1926856228f941920a8f961096473a68501a2affb284f534e,1,0,0.0,1,1,1.0,1,0,0,0,0,0.0,0,2025-11-24 04:25:19.510,2025-11-24 04:25:19.510,1.0,-1.0,0.0071,0.0,0,0.0,0.0,1
c6d279ebc707618a0aa79e65fbc89703ca19d5db8732cabc40cd686725f966b8,2,0,0.0,1,1,2.0,1,0,0,0,0,0.0,0,2025-11-24 20:36:49.049,2025-11-24 20:37:16.265,1.0,-1.0,0.0071,0.0,0,0.0,0.0,1
aa249f848135f9c51cf0612fbbb99e35707cbe7631c24a8bc2d4912af35d83fe,1,0,0.0,1,1,1.0,1,0,0,0,0,0.0,0,2025-11-24 10:40:51.324,2025-11-24 10:40:51.324,1.0,-1.0,0.0071,0.0,0,0.0,0.0,1
f7896cab8cf7f1ae99be7daed22cd4157ce2c787c4cb33980eeffbac703cf2ba,1,0,0.0,1,1,1.0,1,0,0,0,1,0.0,0,2025-11-24 09:37:39.495,2025-11-24 09:37:39.495,1.0,-1.0,0.0071,0.0,0,0.0,1.0,1
c73c9d9e6209d84c177ddbee885f3c84f201f74a8181488ee5c02846120a9c43,1,1,1.0,1,1,1.0,1,0,1,0,0,0.0,0,2025-11-24 22:46:11.956,2025-11-24 22:46:11.956,1.0,0.0,0.0071,0.0,0,0.0,0.0,1
6bad3b79674ffe0fcdafc896abce4492580a969c4b1d4ee2be2cfec7526e8770,66,20,0.303,1,1,66.0,12,0,1,0,1,0.0,1,2025-11-25 16:11:40.953,2025-11-25 17:56:32.791,1.0,2.99,0.0851,0.0,1,0.02121508142857143,0.7576,0
16b7ad40d0aee4576c47b6634009dfb7e698124a478b0ba6a914d7b150b58b42,2,0,0.0,1,1,2.0,1,0,0,0,0,0.0,0,2025-11-25 19:08:55.150,2025-11-25 19:09:02.743,1.0,-1.0,0.0071,0.0,0,0.0,0.0,0
a46fff38b2496f0dd8dfc236a2d3bc519c4156c7884b655acfda10791aac7f8a,14,0,0.0,1,1,14.0,1,0,0,0,0,0.0,0,2025-11-25 14:54:43.025,2025-11-25 14:57:25.780,1.0,-1.0,0.0071,0.0,0,0.0,0.0,0
f30ba805cfb61aca6877deaa6e5dc01c25c81936aadbf2b4b4befe17c2d1a080,6,0,0.0,1,1,6.0,1,0,0,0,0,0.0,0,2025-11-25 13:06:46.015,2025-11-25 13:26:44.598,1.0,-1.0,0.0071,0.0,0,0.0,0.0,0
87615318cf56fb4f0d8ce93de7e28dbad931c8cfbb7932f9218ff4eb9659a017,6,0,0.0,1,1,6.0,1,0,0,0,0,0.0,0,2025-11-25 10:40:46.749,2025-11-25 10:46:55.030,1.0,-1.0,0.0071,0.0,0,0.0,0.0,0
9b9744b9507780b19aa5232e5172fd376a06b9832d11bbf017c32728c063f8d0,1,0,0.0,1,1,1.0,1,0,0,0,0,0.0,0,2025-11-25 20:51:22.412,2025-11-25 20:51:22.412,1.0,-1.0,0.0071,0.0,0,0.0,0.0,0
9f23426e6f01c20d5b0fc5d8ab1a9c5e6867079dec5c50d9d960e640d3123a0f,2,0,0.0,1,1,2.0,1,0,0,0,0,0.0,0,2025-11-25 19:58:16.361,2025-11-25 19:58:16.519,1.0,-1.0,0.0071,0.0,0,0.0,0.0,0
c6c69f4f8a56e4755c451dada6373fd128e6cb5346025a4bd4681848a5f4cb0a,4,0,0.0,1,1,4.0,1,0,0,0,0,0.0,0,2025-11-25 08:20:47.125,2025-11-25 08:30:34.643,1.0,-1.0,0.0071,0.0,0,0.0,0.0,0
518002ecc5cda04d97e4cd2c1b4a432c4df0a1643b0065d1c85840274327ca5d,1,1,1.0,1,1,1.0,1,0,1,0,0,0.0,0,2025-11-25 19:20:05.071,2025-11-25 19:20:05.071,1.0,0.0,0.0071,0.0,0,0.0,0.0,0
ce1e43bba1f17634be8e4a9d1cbb4d55907fab3951e94f1e63b85223748cf6c9,6,1,0.1667,1,1,6.0,6,0,1,0,1,0.0,1,2025-11-25 14:55:56.889,2025-11-25 14:56:36.157,1.0,0.65,0.0426,0.0,0,0.0,0.1667,0
0c72508d5465d99e97f85e4da47961e9055c0b501d843b0b95e266aab96afc15,2,0,0.0,1,1,2.0,1,0,0,0,0,0.0,0,2025-11-25 15:46:46.629,2025-11-25 15:46:54.433,1.0,-1.0,0.0071,0.0,0,0.0,0.0,0
f776afdb7497075846837b9db49eb05042bf810f8a21f3dae5e358c477fc57b9,1,0,0.0,1,1,1.0,1,0,0,0,0,0.0,0,2025-11-25 13:37:29.622,2025-11-25 13:37:29.622,1.0,-1.0,0.0071,0.0,0,0.0,0.0,0
6e3b467cb173b46cb1dfead558613f08a20629303507e8d26c921c7e1753eb55,23,0,0.0,2,4,5.75,9,0,0,0,1,0.0,1,2025-11-25 09:41:48.281,2025-11-28 16:10:07.355,3.27,-1.0,0.0638,0.0,0,9.287571428571428e-05,0.3043,0
fe335d23e8f645bb6aeeebbde70f7d30f0f1f9e2e61c96b4d9d4e50147516463,147,0,0.0,2,2,73.5,3,0,0,0,1,0.0,0,2025-11-25 11:03:02.304,2025-11-26 14:10:04.000,1.13,-1.0,0.0213,0.0,0,0.0005254048201438848,1.0,0
7e064192110e6140c1b84e2593dbc31e7fc646f3bfdf7ae3113ac1a40b89a2e2,36,14,0.3889,1,1,36.0,8,0,1,0,1,0.0,0,2025-11-25 15:16:22.065,2025-11-25 15:24:28.511,1.0,5.7,0.0567,0.0,1,0.014806365714285714,1.0,0
d7a38e2f730f56658e35b1ddf0d742fb005c4577e60335aee09aa3d8460805ae,1,0,0.0,1,1,1.0,1,0,0,0,0,0.0,0,2025-11-25 18:54:48.254,2025-11-25 18:54:48.254,1.0,-1.0,0.0071,0.0,0,0.0,0.0,0
ce359cac3c74bde8bb6f5449f0c7e875194ade64b1d1f6bb3897dd9f019230d7,3,0,0.0,1,1,3.0,1,0,0,0,0,0.0,0,2025-11-25 19:25:14.907,2025-11-25 19:25:48.234,1.0,-1.0,0.0071,0.0,0,0.0,0.0,0
a48cf6c8f0a13b430893333ee8147cc2cd2e1962055696b8e0759a89c5a69e86,1,1,1.0,1,1,1.0,1,0,1,0,0,0.0,0,2025-11-25 15:49:38.461,2025-11-25 15:49:38.461,1.0,0.0,0.0071,0.0,0,0.0,0.0,0
b03f55b2a89839f90d5261859910d34f1f564fafd2d3185f0e997ba9d1033641,5,1,0.2,1,1,5.0,5,0,1,0,1,0.0,1,2025-11-25 21:55:01.217,2025-11-25 22:16:30.836,1.0,14.27,0.0355,0.0,0,0.0,0.2,0
f519cd92be5753e051c428dd8ed485e26eef6b1de9c8a9e6d5aa5501b2168766,4,0,0.0,1,1,4.0,1,0,0,0,0,0.0,0,2025-11-25 17:36:59.037,2025-11-25 17:37:40.595,1.0,-1.0,0.0071,0.0,0,0.0,0.0,0
1d4b7eee929da0824276f1ef0e82f0881d8ef95b4eeb0bfa67c5bd1e95516004,1,0,0.0,1,1,1.0,1,0,0,0,0,0.0,0,2025-11-25 18:53:54.803,2025-11-25 18:53:54.803,1.0,-1.0,0.0071,0.0,0,0.0,0.0,0
7d3382b152aecdde1b6de9c199874829f56947e18b18c3a9a425d94c19f31354,6,0,0.0,1,1,6.0,3,0,0,0,1,0.0,0,2025-11-25 11:01:44.004,2025-11-25 11:03:13.892,1.0,-1.0,0.0213,0.0,0,0.0,0.1667,0
3bde3f5f0aece9e0eb032712e5ea6da349924c40e1ae6dd298a21691cbbb0ac4,8,0,0.0,1,1,8.0,2,0,0,0,1,0.0,0,2025-11-25 09:46:30.944,2025-11-25 11:01:43.899,1.0,-1.0,0.0142,0.0,0,0.0014860114285714285,1.0,0
40b40b71a2c31971a23c662b9244a458f6f2dc90da4a97292846526845f69900,1,0,0.0,1,1,1.0,1,0,0,0,0,0.0,0,2025-11-25 11:01:20.017,2025-11-25 11:01:20.017,1.0,-1.0,0.0071,0.0,0,0.0,0.0,0
01af84b2ca69bdc035804abdf88d5ba175c76bec8034c76f7b06d76fba1a27c8,4,0,0.0,1,1,4.0,1,0,0,0,0,0.0,0,2025-11-25 05:46:22.643,2025-11-25 05:47:14.397,1.0,-1.0,0.0071,0.0,0,0.0,0.0,0
7ee85f53c78ecd8515293a4d17cea7687df250fe262ea5debcfbcae6dc64e30f,1,0,0.0,1,1,1.0,1,0,0,0,0,0.0,0,2025-11-25 00:55:02.167,2025-11-25 00:55:02.167,1.0,-1.0,0.0071,0.0,0,0.0,0.0,0
9fef4b5c0a73d837447c20f49d51759b0635235603e9d102c66bb10e8ee913d1,1,0,0.0,1,1,1.0,1,0,0,0,0,0.0,0,2025-11-25 15:03:09.413,2025-11-25 15:03:09.413,1.0,-1.0,0.0071,0.0,0,0.0,0.0,0
7e111baa4aac06b5b52730e808da748010f6444a897912a3cbc9f65fced32e93,1,0,0.0,1,1,1.0,1,0,0,0,0,0.0,0,2025-11-25 18:45:21.317,2025-11-25 18:45:21.317,1.0,-1.0,0.0071,0.0,0,0.0,0.0,0
4e125c0d176eb787fed7700c2e483ac84ab5ea54c06af3a66a3ad1d326e1f5c3,11,1,0.0909,1,1,11.0,7,0,1,0,1,0.0,1,2025-11-25 07:54:02.732,2025-11-25 07:54:58.496,1.0,0.59,0.0496,0.0,0,0.0,0.0909,0
250000f37ffe1d9debe5b13d9fc61ea19e21a59cf235424edbb3ebd3681c37e7,1,1,1.0,1,1,1.0,1,0,1,0,0,0.0,0,2025-11-25 16:10:20.176,2025-11-25 16:10:20.176,1.0,0.0,0.0071,0.0,0,0.0,0.0,0
0d1c9320649acf6efd7451b566475e968602b27f768c1fa61298412fa635badb,1,1,1.0,1,1,1.0,1,0,1,0,0,0.0,0,2025-11-25 00:07:16.416,2025-11-25 00:07:16.416,1.0,0.0,0.0071,0.0,0,0.0,0.0,0
06cd9b243ac574a33c597c269a4a87ea2b2160c57fda6de7a6a755c83be8fc87,7,1,0.1429,2,3,2.33,5,0,1,0,1,0.0,1,2025-11-25 00:12:49.911,2025-11-26 00:25:32.003,1.01,415.48,0.0355,0.0,0,0.0,0.2857,0
5316cc0961837c4556e5affd560f4b03c791f88cdc90944e85e2209070bcf474,1,1,1.0,1,1,1.0,1,0,1,0,0,0.0,0,2025-11-25 06:26:09.405,2025-11-25 06:26:09.405,1.0,0.0,0.0071,0.0,0,0.0,0.0,0
1f6fc889f09ff58b661c62ba46f2e199f79352e904f9935817c1b90945c90091,3,0,0.0,1,1,3.0,1,0,0,0,0,0.0,0,2025-11-25 13:47:12.885,2025-11-25 13:50:15.524,1.0,-1.0,0.0071,0.0,0,0.0,0.0,0
0c955d69f8a4b7e96355cd3d32ad85cae581114ae3be3fb26836c7a774c707ee,2,0,0.0,1,1,2.0,2,0,0,0,0,0.0,0,2025-11-25 20:32:36.607,2025-11-25 20:33:15.191,1.0,-1.0,0.0142,0.0,0,0.0,0.0,0
f6502d1849c48a12cdd6640abfe38f6800206d796061e342c6af41bab3b78369,1,1,1.0,1,1,1.0,1,0,1,0,0,0.0,0,2025-11-25 00:34:32.293,2025-11-25 00:34:32.293,1.0,0.0,0.0071,0.0,0,0.0,0.0,0
3a094a8f32d8ffeee10de736245686547e319db2696c54bce780ac7ea3e4ba44,1,1,1.0,1,1,1.0,1,0,1,0,0,0.0,0,2025-11-25 14:45:52.901,2025-11-25 14:45:52.901,1.0,0.0,0.0071,0.0,0,0.0,0.0,0
0625b47b412f257e5ae4582f991625b7838c3a3ad6fda8017b9ffd3c26c0bfe9,11,1,0.0909,1,1,11.0,5,0,1,0,0,0.0,1,2025-11-25 09:18:30.000,2025-11-25 09:21:05.603,1.0,1.57,0.0355,0.0,0,0.0,0.0,0
5f856632c224e358969881c3db9539e86d25f8afbb93e94f25d996ee793fc2ef,3,0,0.0,1,1,3.0,1,0,0,0,0,0.0,0,2025-11-25 17:44:13.476,2025-11-25 17:44:35.372,1.0,-1.0,0.0071,0.0,0,0.0,0.0,0
ce7c03ce669ca93ede3278d12fdab354202285231470e03770224c0acd93e15c,1,0,0.0,1,1,1.0,1,0,0,0,0,0.0,0,2025-11-25 23:55:55.259,2025-11-25 23:55:55.259,1.0,-1.0,0.0071,0.0,0,0.0,0.0,0
57f054a71c8fa4ef51d98f154e67853501ce10d05be3ae4af120c5aa31f61394,1,1,1.0,1,1,1.0,1,0,1,0,0,0.0,0,2025-11-25 14:50:09.935,2025-11-25 14:50:09.935,1.0,0.0,0.0071,0.0,0,0.0,0.0,0
00d7f507b0fc7406a6e1ba7e9b8965c7254c4f0a931ef5dbd9c35539631ab9db,15,1,0.0667,1,1,15.0,13,1,1,0,1,0.0,1,2025-11-25 18:55:02.560,2025-11-25 18:55:43.302,1.0,0.16,0.0922,0.0,0,0.00151697,0.2,0
0dc696e3e9afd147e57d7718bb8abb2e9c1bf8b1ac2218863da4dda5f49931aa,1,0,0.0,1,1,1.0,1,0,0,0,0,0.0,0,2025-11-25 13:45:38.214,2025-11-25 13:45:38.214,1.0,-1.0,0.0071,0.0,0,0.0,0.0,0
bfa3ea8d54229667d53ec3f40a174417a8cefc2ac6231b66b2d1d512976f6956,1,1,1.0,1,1,1.0,1,0,1,0,0,0.0,0,2025-11-25 19:06:20.468,2025-11-25 19:06:20.468,1.0,0.0,0.0071,0.0,0,0.0,0.0,0
4e018f2a413af1ca5ee81f994f4b89137ab83de108a1861eff5b3b227add2840,1,0,0.0,1,1,1.0,1,0,0,0,0,0.0,0,2025-11-25 12:39:23.266,2025-11-25 12:39:23.266,1.0,-1.0,0.0071,0.0,0,0.0,0.0,0
6b99ac69592036b515a70db4760fb76fc4450b420fc5fe58ac0ad990eaea7331,1,1,1.0,1,1,1.0,1,0,1,0,0,0.0,0,2025-11-25 19:02:03.246,2025-11-25 19:02:03.246,1.0,0.0,0.0071,0.0,0,0.0,0.0,0
554a7994c6821b10718d80889a1d1919b4659238cad6428e51a698e287630211,2,0,0.0,1,2,1.0,1,0,0,0,0,0.0,0,2025-11-25 08:39:21.273,2025-11-25 16:37:21.401,1.0,-1.0,0.0071,0.0,0,0.0,0.0,0
14d7024f9f3a9a6480731ba0caf1620b5384c4829944a03101358ac5e39a997f,1,0,0.0,1,1,1.0,1,0,0,0,0,0.0,0,2025-11-25 18:45:29.718,2025-11-25 18:45:29.718,1.0,-1.0,0.0071,0.0,0,0.0,0.0,0
4cdb07bef910b19655cc912f5ceef41d3b7176a57a6c640dc570909602f9e58e,1,0,0.0,1,1,1.0,1,0,0,0,1,0.0,0,2025-11-25 09:46:22.746,2025-11-25 09:46:22.746,1.0,-1.0,0.0071,0.0,0,0.0,1.0,0
643bd08491027615e88b4713e78a8232ef5267bcbe8e9298ee403c26c065d174,1,1,1.0,1,1,1.0,1,0,1,0,0,0.0,0,2025-11-25 02:52:03.175,2025-11-25 02:52:03.175,1.0,0.0,0.0071,0.0,0,0.0,0.0,0
53f36066071b0b0b6dcc2e7a90641689e97ad338520516687b3835dafca67e49,27,1,0.037,3,5,5.4,3,0,1,0,0,0.0,0,2025-11-25 11:08:14.392,2025-12-02 15:02:01.507,7.16,152.04,0.0213,-0.2632,0,0.0,0.0,0
d12982dc4b7b89d01e0fffa9ddc5f4c24f1af9ff5efe6c60cec8f4c372d7031b,2,0,0.0,1,1,2.0,2,0,0,0,0,0.0,0,2025-11-25 18:56:09.343,2025-11-25 18:57:07.743,1.0,-1.0,0.0142,0.0,0,0.0,0.0,0
0b95d892c358d16fa8817ecfda43c0da149c8f8f34bf5c211dfee228a41c91f0,2,1,0.5,1,1,2.0,2,0,1,0,0,0.0,0,2025-11-25 10:22:24.306,2025-11-25 10:31:08.482,1.0,0.0,0.0142,0.0,0,0.0,0.0,0
d7fe2e531692f0ebad9944d294321dbbb72e09b51dce5d4ef5342df4502044d0,1,0,0.0,1,1,1.0,1,0,0,0,0,0.0,0,2025-11-25 19:47:33.072,2025-11-25 19:47:33.072,1.0,-1.0,0.0071,0.0,0,0.0,0.0,0
f701ea514a27afa91b5cb4f0f5f6438551b1c21926012b3d66e7ee043d30dc7e,2,0,0.0,1,1,2.0,2,0,0,0,1,0.0,0,2025-11-25 00:36:53.134,2025-11-25 00:36:59.146,1.0,-1.0,0.0142,0.0,0,0.0,0.5,0
287287dfce4976e08f976f0540539b7db2fc5ce152e6e0fa82c787ad919d5d60,1,0,0.0,1,1,1.0,1,0,0,0,0,0.0,0,2025-11-25 20:24:10.350,2025-11-25 20:24:10.350,1.0,-1.0,0.0071,0.0,0,0.0,0.0,0
39536de850a2718e9c73a1484289370d53ca3b6d2dfc302cc12600c7369054ca,4,0,0.0,1,1,4.0,1,0,0,0,0,0.0,0,2025-11-25 22:31:49.032,2025-11-25 22:34:42.901,1.0,-1.0,0.0071,0.0,0,0.0,0.0,0
d48646c8a24621f2a38464ac1e974124d82c87c1f30dab0f11a43b0e1c39a5f8,1,1,1.0,1,1,1.0,1,0,1,0,0,0.0,0,2025-11-25 19:56:42.235,2025-11-25 19:56:42.235,1.0,0.0,0.0071,0.0,0,0.0,0.0,0
9de81e1eb988fa5f3e856fc11a744582645b7d285d84bc7a0cfc79dbd41ae453,1,0,0.0,1,1,1.0,1,0,0,0,0,0.0,0,2025-11-25 07:53:43.454,2025-11-25 07:53:43.454,1.0,-1.0,0.0071,0.0,0,0.0,0.0,0
7ef3c4ff9bfa3bc948d3c0a827e64c22867bffafa963cb35c51442b28902d81d,1,1,1.0,1,1,1.0,1,0,1,0,0,0.0,0,2025-11-25 18:56:03.351,2025-11-25 18:56:03.351,1.0,0.0,0.0071,0.0,0,0.0,0.0,0
c120dfbd936a7c8d0d71484de048112945a24933ae08d7ada341f98f65564245,1,0,0.0,1,1,1.0,1,0,0,0,0,0.0,0,2025-11-25 14:18:26.912,2025-11-25 14:18:26.912,1.0,-1.0,0.0071,0.0,0,0.0,0.0,0
a1e166d4e04ad31ed71ab3660d02868195c87f0609a6d37bea37a148a3f184ba,1,1,1.0,1,1,1.0,1,0,1,0,0,0.0,0,2025-11-25 01:42:14.197,2025-11-25 01:42:14.197,1.0,0.0,0.0071,0.0,0,0.0,0.0,0
cbaa3bc1bf6041c055912ca71646b1789a0ae0ea96bfb236370fecc4c05ecc34,1,0,0.0,1,1,1.0,1,0,0,0,1,0.0,0,2025-11-25 12:09:22.937,2025-11-25 12:09:22.937,1.0,-1.0,0.0071,0.0,0,0.0,1.0,0
193cdb86eda235f442a5e1ada3bbc688d8379e9f8d40077eb73275f158c82cc5,1,0,0.0,1,1,1.0,1,0,0,0,0,0.0,0,2025-11-25 11:04:15.147,2025-11-25 11:04:15.147,1.0,-1.0,0.0071,0.0,0,0.0,0.0,0
f22474d36a493d934c2da73084f5679f496b4ed7379e63fee22c5155467d4353,1,0,0.0,1,1,1.0,1,0,0,0,0,0.0,0,2025-11-25 11:54:59.545,2025-11-25 11:54:59.545,1.0,-1.0,0.0071,0.0,0,0.0,0.0,0
0fa8614b9caacc6dd634662dbf64277ed3c8fd1c7697a0fd8e2a01f4db787008,1,0,0.0,1,1,1.0,1,0,0,0,0,0.0,0,2025-11-25 18:57:15.952,2025-11-25 18:57:15.952,1.0,-1.0,0.0071,0.0,0,0.0,0.0,0
3c4679933bdfc39652594b4950e23740263adc6fce613eb21e4f515cee0a3e24,1,1,1.0,1,1,1.0,1,0,1,0,0,0.0,0,2025-11-25 11:13:36.571,2025-11-25 11:13:36.571,1.0,0.0,0.0071,0.0,0,0.0,0.0,0
1185a380c2723fdf4006c19fb03a9d730999381b0ae7617feec25c8ca9b500ee,1,0,0.0,1,1,1.0,1,0,0,0,0,0.0,0,2025-11-25 02:04:52.373,2025-11-25 02:04:52.373,1.0,-1.0,0.0071,0.0,0,0.0,0.0,0
40bc8862c1592d833262d65e1b47ebb91ef66843057695e6c9f1d9ef80f94463,1,1,1.0,1,1,1.0,1,0,1,0,0,0.0,0,2025-11-25 16:37:58.115,2025-11-25 16:37:58.115,1.0,0.0,0.0071,0.0,0,0.0,0.0,0
0cdfa3609ed38fdb56705ec70fb6c041202634813a0a4d26489a9d1523fe0671,1,1,1.0,1,1,1.0,1,0,1,0,0,0.0,0,2025-11-25 14:53:35.971,2025-11-25 14:53:35.971,1.0,0.0,0.0071,0.0,0,0.0,0.0,0
bd2402444384093beb5ff9eefae9516449ee089fd78791511d784ee4b7de95e9,1,0,0.0,1,1,1.0,1,0,0,0,0,0.0,0,2025-11-25 10:41:55.242,2025-11-25 10:41:55.242,1.0,-1.0,0.0071,0.0,0,0.0,0.0,0
ad66abc4469975c0b42d244e2a19616b7c8371eb3dbcb7d7dce720850748e707,2,0,0.0,2,2,1.0,1,0,0,0,0,0.0,0,2025-11-25 02:32:51.011,2025-12-02 04:06:31.884,7.07,-1.0,0.0071,0.0,0,0.0,0.0,0
e21102b93efb5def954fd132da80051bbad7e88464773b5437c174e2649a8f60,1,1,1.0,1,1,1.0,1,0,1,0,0,0.0,0,2025-11-25 14:53:46.952,2025-11-25 14:53:46.952,1.0,0.0,0.0071,0.0,0,0.0,0.0,0
16842ab8a0d77d40f65bbd89c797ce7b249501d7e7bd0c0bd5cf3f9c8b169318,1,1,1.0,1,1,1.0,1,0,1,0,0,0.0,0,2025-11-25 05:26:30.631,2025-11-25 05:26:30.631,1.0,0.0,0.0071,0.0,0,0.0,0.0,0
8690223409c4ac772a81eff0e8c0c6259c2f63395feaad29000bfee7faa9a463,1,0,0.0,1,1,1.0,1,0,0,0,0,0.0,0,2025-11-25 16:45:14.227,2025-11-25 16:45:14.227,1.0,-1.0,0.0071,0.0,0,0.0,0.0,0
6127d3e54230847ad3fb348913a8c90460f7478e9693e13903f8ddbe902bff15,1,0,0.0,1,1,1.0,1,0,0,0,0,0.0,0,2025-11-25 02:19:33.001,2025-11-25 02:19:33.001,1.0,-1.0,0.0071,0.0,0,0.0,0.0,0
f4bc6800808900e3ce4a7cef770f718b6204e05ff3eec821dd7b55e5d1c7bd8f,2,0,0.0,1,1,2.0,1,0,0,0,0,0.0,0,2025-11-26 11:42:32.630,2025-11-26 11:42:38.971,1.0,-1.0,0.0071,0.0,0,0.0,0.0,0
6d32379d475da9c005a370ba4c4fceef5aa65520fbf195bdde954bdbd5f9e12f,2,0,0.0,1,1,2.0,1,0,0,0,0,0.0,0,2025-11-26 16:54:37.457,2025-11-26 16:54:38.181,1.0,-1.0,0.0071,0.0,0,0.0,0.0,0
4cd4492261742cb5886bd2f0bd0617b2fffed55f448fe3c90f9e56ae1b24a0bf,4,0,0.0,1,1,4.0,4,0,0,0,1,0.0,0,2025-11-26 10:17:25.042,2025-11-26 10:18:54.251,1.0,-1.0,0.0284,0.0,0,0.0,0.25,0
148d3cae0d0c69c69967181fc4f7a181f2582bf1c6919eef5871852381af8ad8,1,0,0.0,1,1,1.0,1,0,0,0,1,0.0,0,2025-11-26 10:17:29.791,2025-11-26 10:17:29.791,1.0,-1.0,0.0071,0.0,0,0.0,1.0,0
03d30ebc742e5e25cd884805854f676e36f1186b1a1b679384c31ef1be57299b,9,0,0.0,1,2,4.5,5,0,0,0,1,0.0,0,2025-11-26 10:37:39.605,2025-11-26 10:40:06.987,1.0,-1.0,0.0355,0.0,0,0.0,0.1111,0
b1033f8b9977b19f668d61df458336ebdcc70df9615a9223cef90add42ef1abd,16,0,0.0,1,2,8.0,6,0,0,0,1,0.0,0,2025-11-26 11:27:03.126,2025-11-26 11:33:25.363,1.0,-1.0,0.0426,0.0,0,0.0,0.0625,0
159fdb8cffdf84927f96a247ae76e101d169eb5e49d880d4654682852945c505,5,0,0.0,1,1,5.0,1,0,0,0,0,0.0,0,2025-11-26 02:40:45.434,2025-11-26 02:41:17.149,1.0,-1.0,0.0071,0.0,0,0.0,0.0,0
f7c1eb5dcebb8149a49a4e0069ff5b712315c0daa7d9124cab55f48542a4970b,17,7,0.4118,1,1,17.0,7,0,1,0,1,0.0,1,2025-11-26 09:13:11.846,2025-11-26 09:33:19.003,1.0,17.88,0.0496,0.0,0,0.010025,0.5294,0
fce785711daf142c44e63e1e164954d9e211f14a3e2c7a7c5d8dd9ca77346408,14,0,0.0,1,1,14.0,2,0,0,0,0,0.0,0,2025-11-26 15:43:03.526,2025-11-26 15:49:20.888,1.0,-1.0,0.0142,0.0,0,0.0,0.0,0
aff5114415069b1be52fa5cb562d28f474f801b1bfb37a4aa8a0d905f69dd072,4,0,0.0,2,2,2.0,2,0,0,0,1,0.0,0,2025-11-26 14:13:37.480,2025-12-02 16:02:09.388,6.08,-1.0,0.0142,0.0,0,0.0,1.0,0
0e3e27eb9ae23279d0d35bc0fa3a7930079d7c1bb660865f993a682df5d487d8,8,1,0.125,1,1,8.0,6,0,1,0,1,0.0,0,2025-11-26 19:26:49.141,2025-11-26 19:28:27.614,1.0,1.23,0.0426,0.0,0,0.00945,0.375,0
fc0581daa4fb4859e49a9f3b2cbd4f9b8e4cf39cd5dfcbb5aa4218c0f1bc4a33,21,0,0.0,2,6,3.5,6,0,0,0,1,0.0,0,2025-11-26 11:32:23.111,2025-11-28 14:20:01.793,2.12,-1.0,0.0426,0.0,0,0.0,0.0476,0
c250cdb1b5e83cfb8d40022d58cdbb41f4b6f4c430f03ef3733812f390a9546d,15,2,0.1333,4,4,3.75,9,0,1,0,1,0.0,0,2025-11-26 14:16:20.124,2025-12-02 12:03:04.513,5.91,6957.04,0.0638,0.0,0,0.0,0.2,0
5e17affdeb2d5d666eab13a2643ff6e00d3729efcc497a39b5af1ef15212f8f9,4,0,0.0,1,1,4.0,4,0,0,0,1,0.0,0,2025-11-26 13:59:05.746,2025-11-26 14:15:52.721,1.0,-1.0,0.0284,0.0,0,166.0,0.5,0
23c3dcebeb75e55abd6fa5182c7ce365fc4365a755bee14627949d976d9a1f0e,87,32,0.3678,2,2,43.5,13,0,1,0,1,0.0,1,2025-11-26 08:59:06.621,2025-11-28 06:55:41.083,1.91,1.2,0.0922,0.0,1,0.021298629166666666,0.9425,0
c15bd4069f0923d53c91489ee1639c3a905a1cef1c187e297a08f50b1175e6d2,10,0,0.0,1,1,10.0,5,0,0,0,1,0.0,0,2025-11-26 10:24:39.428,2025-11-26 10:37:50.804,1.0,-1.0,0.0355,0.0,0,0.0,0.1,0
63ccc92e2bb9378c104181b47789f8949858991cfdf451de401fb45512c52440,1,1,1.0,1,1,1.0,1,0,1,0,0,0.0,0,2025-11-26 22:43:17.513,2025-11-26 22:43:17.513,1.0,0.0,0.0071,0.0,0,0.0,0.0,0
f655f92cf141b45845ba9f0f5284e9523a7bf8be5558ebd58f01dd08dbe98ee0,7,0,0.0,1,1,7.0,1,0,0,0,0,0.0,0,2025-11-26 14:55:08.861,2025-11-26 14:56:06.784,1.0,-1.0,0.0071,0.0,0,0.0,0.0,0
7d6f1b91d8671d2685e1af58551b492d1dee014e90b6b9c92f1e4113ddea7def,1,0,0.0,1,1,1.0,1,0,0,0,0,0.0,0,2025-11-26 17:12:25.785,2025-11-26 17:12:25.785,1.0,-1.0,0.0071,0.0,0,0.0,0.0,0
62d167c93342d30cdf9ed84f5489583af7f4697481b7a72b7132e9d62a667399,1,0,0.0,1,1,1.0,1,0,0,0,0,0.0,0,2025-11-26 02:19:51.579,2025-11-26 02:19:51.579,1.0,-1.0,0.0071,0.0,0,0.0,0.0,0
22589338d18ca005a7e55210698dd20babaf820545b0d4646aef07f3bdca1d23,9,0,0.0,1,1,9.0,5,0,0,0,1,0.0,0,2025-11-26 10:20:07.847,2025-11-26 10:22:57.073,1.0,-1.0,0.0355,0.0,0,0.0,0.1111,0
e34ec49c229364b1c04969b2b305e1d428b1d1403550867c9ebe933d3dd18f9b,8,0,0.0,1,1,8.0,4,0,0,0,1,0.0,0,2025-11-26 10:17:07.170,2025-11-26 10:17:11.146,1.0,-1.0,0.0284,0.0,0,0.0,0.125,0
e21459c910b2fcd6b7d6563bfa88068e19e656545c78e7bfcbfa1d9dec2405f7,1,0,0.0,1,1,1.0,1,0,0,0,0,0.0,0,2025-11-26 11:03:19.095,2025-11-26 11:03:19.095,1.0,-1.0,0.0071,0.0,0,0.0,0.0,0
dc339a3c5151b26800b4dbf4f5d70364fa2fcfbd3670eec32e83d86f52163acf,9,1,0.1111,1,1,9.0,9,0,1,0,1,0.0,1,2025-11-26 15:50:54.826,2025-11-26 16:02:15.813,1.0,5.62,0.0638,0.0,0,0.0077,0.2222,0
aef96f55d5b822774c75c4cac97ff42a86d521f82351914c0fd79e7679496296,1,0,0.0,1,1,1.0,1,0,0,0,0,0.0,0,2025-11-26 06:41:51.764,2025-11-26 06:41:51.764,1.0,-1.0,0.0071,0.0,0,0.0,0.0,0
16a55271cd164d6b383aded5947046143e7ad32c3dd87543300b2944afc03d7f,3,0,0.0,1,1,3.0,1,0,0,0,0,0.0,0,2025-11-26 08:35:41.332,2025-11-26 08:35:41.403,1.0,-1.0,0.0071,0.0,0,0.0,0.0,0
2223ff81a76a57c666e3486c0ee2391ab1f447abeaa1e13681db49840c1709f0,1,0,0.0,1,1,1.0,1,0,0,0,0,0.0,0,2025-11-26 23:38:00.999,2025-11-26 23:38:00.999,1.0,-1.0,0.0071,0.0,0,0.0,0.0,0
51e0d55ade7427afd9d9629d25cef4a17ec771f1f3eae43c8f52cc49f4a633f9,2,2,1.0,1,1,2.0,1,0,1,0,0,0.0,0,2025-11-26 04:27:21.685,2025-11-26 04:28:53.572,1.0,0.0,0.0071,0.0,0,0.0,0.0,0
e041e4b706a108ea82c7eec8e8631914482ee6bceee1d975d31fd3b61cee0444,2,1,0.5,1,1,2.0,2,0,1,0,0,0.0,0,2025-11-26 15:22:28.795,2025-11-26 15:23:20.311,1.0,0.0,0.0142,0.0,0,0.0,0.0,0
ed701042f6a89613522eedd56f0f061d051cfaae341557ce012d7858341d62e9,2,0,0.0,1,1,2.0,1,0,0,0,0,0.0,0,2025-11-26 18:06:41.685,2025-11-26 18:07:05.901,1.0,-1.0,0.0071,0.0,0,0.0,0.0,0
7b0d77193923198c3df8f8a7a3288635fe07b9186a362207374c0f265edbeda9,1,0,0.0,1,1,1.0,1,0,0,0,0,0.0,0,2025-11-26 15:47:25.634,2025-11-26 15:47:25.634,1.0,-1.0,0.0071,0.0,0,0.0,0.0,0
9187090a6ff17d8dd27734c495ecb73243b8f372651ce4ebb4aba01794c73e4e,5,0,0.0,1,1,5.0,4,0,0,0,1,0.0,0,2025-11-26 12:57:42.095,2025-11-26 12:58:14.983,1.0,-1.0,0.0284,0.0,0,0.0,0.2,0
1d8c7f073ba4e8b3e4037cab818a5c65a5c8efc3cb141b9fef6ac465523f535c,2,0,0.0,1,1,2.0,1,0,0,0,0,0.0,0,2025-11-26 08:58:40.175,2025-11-26 08:58:47.808,1.0,-1.0,0.0071,0.0,0,0.0,0.0,0
8c95d85db0d6f89a24099e182927c994fd6215fecbe0993a2806111b378d2946,18,0,0.0,1,1,18.0,6,0,0,0,1,0.0,0,2025-11-26 11:23:07.128,2025-11-26 11:27:46.271,1.0,-1.0,0.0426,0.0,0,0.0,0.0556,0
7997f01c6500a61517f463660a2cddbdd655ff6a04c359bda0051109890e7f41,8,0,0.0,1,2,4.0,6,0,0,0,1,0.0,0,2025-11-26 12:50:53.396,2025-11-26 14:46:59.112,1.0,-1.0,0.0426,0.0,0,166.0,0.25,0
3c416080f160781ac6c01eb22af02d3a123d3b2965e6bd5cb32b6c71fc3889e4,2,0,0.0,1,1,2.0,1,0,0,0,0,0.0,0,2025-11-26 08:58:25.805,2025-11-26 08:58:47.346,1.0,-1.0,0.0071,0.0,0,0.0,0.0,0
b580be5e150e5a39edcad04decacdec8e4fae79ba055fa423c0d83057b221b7a,4,0,0.0,1,1,4.0,1,0,0,0,0,0.0,0,2025-11-26 22:15:28.437,2025-11-26 22:15:42.232,1.0,-1.0,0.0071,0.0,0,0.0,0.0,0
0706090c8be023fa665f9b183624b17c9f57f3215f8093ef606df31a6659495e,7,0,0.0,2,3,2.33,2,0,0,0,0,0.0,0,2025-11-26 16:38:42.456,2025-12-02 20:22:25.499,6.16,-1.0,0.0142,0.0,0,0.0,0.0,0
9a3d093b8e9f952b9e68cd4c54adea93fc6c0bff5bc6f4d1ca8f7a3f4ad88103,1,1,1.0,1,1,1.0,1,0,1,0,0,0.0,0,2025-11-26 05:30:14.404,2025-11-26 05:30:14.404,1.0,0.0,0.0071,0.0,0,0.0,0.0,0
2163141d607deb433d304f1502ff8d259e15108558206b7d958e1d1291935d0e,5,0,0.0,1,2,2.5,4,0,0,0,1,0.0,0,2025-11-26 13:55:43.244,2025-11-26 15:02:00.319,1.0,-1.0,0.0284,0.0,0,0.0,0.2,0
6625314de7ad6a96ab13dcfabb1e35d7cecd1b44cebd03c8c4d59c6fe6341aed,2,0,0.0,1,1,2.0,1,0,0,0,0,0.0,0,2025-11-26 18:41:54.461,2025-11-26 18:41:54.911,1.0,-1.0,0.0071,0.0,0,0.0,0.0,0
353e002f2c922509f13dde922a8b603fbadf71b8e64173e013412ff56fa377be,1,0,0.0,1,1,1.0,1,0,0,0,0,0.0,0,2025-11-26 15:06:55.344,2025-11-26 15:06:55.344,1.0,-1.0,0.0071,0.0,0,0.0,0.0,0
219ff8399e28fd6e749d6516bf2594738e63f64da5c7f507fea4d5dfa95d101e,3,0,0.0,1,1,3.0,3,0,0,0,1,0.0,0,2025-11-26 20:43:41.011,2025-11-26 20:44:01.432,1.0,-1.0,0.0213,0.0,0,0.0,0.3333,0
6c41d5ba89f9a43050ba09c792a174922323430a1a1180b0b827acc5d0f658b0,1,1,1.0,1,1,1.0,1,0,1,0,0,0.0,0,2025-11-26 13:16:56.711,2025-11-26 13:16:56.711,1.0,0.0,0.0071,0.0,0,0.0,0.0,0
80cad443f6d9f3e757b551537750446c2c2827d7e74c07352c35767e4875a964,1,0,0.0,1,1,1.0,1,0,0,0,0,0.0,0,2025-11-26 10:45:48.041,2025-11-26 10:45:48.041,1.0,-1.0,0.0071,0.0,0,0.0,0.0,0
064090c028c14102e1bb66956cfa918183180d307e3657f91979f9f02c8c26c7,1,0,0.0,1,1,1.0,1,0,0,0,0,0.0,0,2025-11-26 11:39:03.286,2025-11-26 11:39:03.286,1.0,-1.0,0.0071,0.0,0,0.0,0.0,0
42e39bbb7d567bd6a162561c50d05131d0fde4c9838be2f7e9fac609992ffe46,9,0,0.0,1,2,4.5,5,0,0,0,1,0.0,0,2025-11-26 10:41:53.937,2025-11-26 10:54:37.745,1.0,-1.0,0.0355,0.0,0,0.0,0.1111,0
4ea8c8f89fc8ff410a0cc7c3e3f678b3e2462c22d30bfdd82dd9c77cb72f5d83,1,1,1.0,1,1,1.0,1,0,1,0,0,0.0,0,2025-11-26 10:15:33.825,2025-11-26 10:15:33.825,1.0,0.0,0.0071,0.0,0,0.0,0.0,0
c65d01590699b81f4fa6e58d658eef370e4b40b60994d8cafadcff884a5b132d,1,0,0.0,1,1,1.0,1,0,0,0,0,0.0,0,2025-11-26 23:02:14.108,2025-11-26 23:02:14.108,1.0,-1.0,0.0071,0.0,0,0.0,0.0,0
b159a339e6b3c04baf1c43a53b38a429805b6d9533dc661a7392d81019775a44,9,0,0.0,3,5,1.8,1,0,0,0,0,0.0,0,2025-11-26 10:41:20.446,2025-12-01 08:56:45.563,4.93,-1.0,0.0071,0.0,0,0.0,0.0,0
08b1f8f1b8425ea0b13a67524615052fe0621918a50244f925b1a7726987029a,1,0,0.0,1,1,1.0,1,0,0,0,1,0.0,0,2025-11-26 14:11:49.863,2025-11-26 14:11:49.863,1.0,-1.0,0.0071,0.0,0,0.0,1.0,0
cac1494eebd8142c7f70d24fe118bf4e8411106a9daac0a1305ba9a5a1065032,4,0,0.0,1,1,4.0,4,0,0,0,1,0.0,0,2025-11-26 12:57:20.146,2025-11-26 12:59:59.337,1.0,-1.0,0.0284,0.0,0,34.0,0.5,0
06629e3d8cbf46cf7aeb16e6a0e2c58591f88908e8d04570940ee1fd98324229,1,0,0.0,1,1,1.0,1,0,0,0,0,0.0,0,2025-11-26 20:43:23.283,2025-11-26 20:43:23.283,1.0,-1.0,0.0071,0.0,0,0.0,0.0,0
352f78b859c49767ca95302a97ff93d2c5ced72b303d0c0ab53dd2ac6773d440,3,0,0.0,1,1,3.0,1,0,0,0,0,0.0,0,2025-11-26 13:58:51.157,2025-11-26 14:02:01.782,1.0,-1.0,0.0071,0.0,0,0.0,0.0,0
f892ae45e48662c8b753be228d4eaf68e4d8ec066e3e3ac19a471f5c28158a0c,4,0,0.0,1,1,4.0,2,0,0,0,0,0.0,0,2025-11-26 18:35:49.636,2025-11-26 18:36:55.076,1.0,-1.0,0.0142,0.0,0,0.0,0.0,0
edde864df10eda63b5d416d647bfeca5d4279f2f3b45089152b8ae7c2a2c09fd,2,2,1.0,1,2,1.0,1,0,1,0,0,0.0,0,2025-11-26 10:59:51.822,2025-11-26 13:53:17.179,1.0,0.0,0.0071,0.0,0,0.0,0.0,0
09122d856cd5fc842702e4fda05aad9df44b1129c9fe7cb46490d31a8ebed05d,1,1,1.0,1,1,1.0,1,0,1,0,0,0.0,0,2025-11-26 20:44:26.513,2025-11-26 20:44:26.513,1.0,0.0,0.0071,0.0,0,0.0,0.0,0
6c465f12b4bda228c49ad7e24811a0d9498a04e26c51b533bf1301676bb5afd8,1,1,1.0,1,1,1.0,1,0,1,0,0,0.0,0,2025-11-26 17:23:01.878,2025-11-26 17:23:01.878,1.0,0.0,0.0071,0.0,0,0.0,0.0,0
d6b1dbf593d0b1de9a7b9c2464d7d11046c37b33de07d129470966dcd11cd3fc,1,0,0.0,1,1,1.0,1,0,0,0,0,0.0,0,2025-11-26 15:08:16.290,2025-11-26 15:08:16.290,1.0,-1.0,0.0071,0.0,0,0.0,0.0,0
c29d66196858dd4fd7b5a799d7213fe60aa733322e2b101f423ae8324dabf1a2,1,0,0.0,1,1,1.0,1,0,0,0,0,0.0,0,2025-11-26 16:41:50.843,2025-11-26 16:41:50.843,1.0,-1.0,0.0071,0.0,0,0.0,0.0,0
a78ec74aaf10c29705706761c966dcd9997574dd195b024da914733317d3e8c5,3,0,0.0,2,2,1.5,3,0,0,0,1,0.0,0,2025-11-26 05:38:44.583,2025-11-27 06:53:11.129,1.05,-1.0,0.0213,0.0,0,0.0,0.3333,0
795d803536f4e5428fb1f7d6a8cccdbebca41047aeb4f9c93cda15f9dd71df81,1,0,0.0,1,1,1.0,1,0,0,0,0,0.0,0,2025-11-26 19:34:38.354,2025-11-26 19:34:38.354,1.0,-1.0,0.0071,0.0,0,0.0,0.0,0
6a370df600e9dc9822d9be4d720922d29190ae0d318339da0fbd3d86e6cc268e,1,0,0.0,1,1,1.0,1,0,0,0,0,0.0,0,2025-11-26 19:39:56.481,2025-11-26 19:39:56.481,1.0,-1.0,0.0071,0.0,0,0.0,0.0,0
a3cceea04cadbc186a2846a9d31e63757be17e1641e5d5ee7fee4850393c1adf,1,0,0.0,1,1,1.0,1,0,0,0,0,0.0,0,2025-11-26 19:26:36.486,2025-11-26 19:26:36.486,1.0,-1.0,0.0071,0.0,0,0.0,0.0,0
b3e988d63d72122c79ee57cfd1ae0688b218ee20f4878efdce17bd7067652c03,1,0,0.0,1,1,1.0,1,0,0,0,0,0.0,0,2025-11-26 15:10:17.798,2025-11-26 15:10:17.798,1.0,-1.0,0.0071,0.0,0,0.0,0.0,0
0bdf83a4d39f86c4f466726c447a8a00daafc71b5165f49474cd84f0c327eed7,1,0,0.0,1,1,1.0,1,0,0,0,0,0.0,0,2025-11-26 19:33:16.101,2025-11-26 19:33:16.101,1.0,-1.0,0.0071,0.0,0,0.0,0.0,0
abe920f68171f178d77b46298315e9d898e24e77bb110ede62bf581b64d358c9,1,0,0.0,1,1,1.0,1,0,0,0,1,0.0,0,2025-11-26 13:08:29.491,2025-11-26 13:08:29.491,1.0,-1.0,0.0071,0.0,0,0.0,1.0,0
409651fdcd07a7fd460e434a7bf2fb2572dff98d08f262357bdb9e6c9ffc911b,2,0,0.0,1,1,2.0,1,0,0,0,0,0.0,0,2025-11-26 05:48:55.762,2025-11-26 05:49:01.726,1.0,-1.0,0.0071,0.0,0,0.0,0.0,0
d77e09868753265c3315e352ea60394df4e97982dab003055b33fd6954b115e0,1,1,1.0,1,1,1.0,1,0,1,0,0,0.0,0,2025-11-26 16:42:15.344,2025-11-26 16:42:15.344,1.0,0.0,0.0071,0.0,0,0.0,0.0,0
c34b040857febc6de9d57d6ec3f742b51c5938423265410e9023cc160389cfa0,1,0,0.0,1,1,1.0,1,0,0,0,0,0.0,0,2025-11-26 10:50:41.374,2025-11-26 10:50:41.374,1.0,-1.0,0.0071,0.0,0,0.0,0.0,0
69ae685304a878be339eb165479b36ff07b32001d0dc8561722bbdcc96fc17e7,1,0,0.0,1,1,1.0,1,0,0,0,0,0.0,0,2025-11-26 17:02:56.012,2025-11-26 17:02:56.012,1.0,-1.0,0.0071,0.0,0,0.0,0.0,0
618d1f0378cc67a3ca733fbe1847ea3ef44b51b1671b0bd8d9e65e27c5654c8a,1,0,0.0,1,1,1.0,1,0,0,0,0,0.0,0,2025-11-26 09:10:05.731,2025-11-26 09:10:05.731,1.0,-1.0,0.0071,0.0,0,0.0,0.0,0
e16b4bcc2cc782c86f962cb46ec7604da3e9ddd1b910dfe50c4b7ea3999a780c,1,1,1.0,1,1,1.0,1,0,1,0,0,0.0,0,2025-11-26 09:24:36.238,2025-11-26 09:24:36.238,1.0,0.0,0.0071,0.0,0,0.0,0.0,0
3bfa1a2cb05b368708b481272c202327aff2b92a440d59aedaf3ae1a72074766,1,1,1.0,1,1,1.0,1,0,1,0,0,0.0,0,2025-11-26 14:10:32.384,2025-11-26 14:10:32.384,1.0,0.0,0.0071,0.0,0,0.0,0.0,0
c1f739b646ed61fe013016176a4acce0f98530bfea54a6ceddcf1efebdd963c7,1,0,0.0,1,1,1.0,1,0,0,0,0,0.0,0,2025-11-26 02:46:56.360,2025-11-26 02:46:56.360,1.0,-1.0,0.0071,0.0,0,0.0,0.0,0
e59c628537a3d618a4b42881cc2c18d310f3f0a298f51de6733ffca949cb2c9b,1,1,1.0,1,1,1.0,1,0,1,0,0,0.0,0,2025-11-26 00:57:22.029,2025-11-26 00:57:22.029,1.0,0.0,0.0071,0.0,0,0.0,0.0,0
c16c58841730f797d39e8711b70192a5afc020a2ae470d3e895991e3626d6c9c,1,0,0.0,1,1,1.0,1,0,0,0,0,0.0,0,2025-11-26 15:10:23.088,2025-11-26 15:10:23.088,1.0,-1.0,0.0071,0.0,0,0.0,0.0,0
7bd97e726ba29c41dc0fb2ebf3b39d6c6dc9a45386c3eec680f797e1b9be2293,1,1,1.0,1,1,1.0,1,0,1,0,0,0.0,0,2025-11-26 13:58:00.821,2025-11-26 13:58:00.821,1.0,0.0,0.0071,0.0,0,0.0,0.0,0
811230f5a5c49b7b5c312e9124d186bfb7e9e5e63d5068e7c3bfb1853b55fbda,2,0,0.0,1,1,2.0,1,0,0,0,0,0.0,0,2025-11-27 01:37:06.510,2025-11-27 01:37:13.033,1.0,-1.0,0.0071,0.0,0,0.0,0.0,0
52753947e472d67fd68ad3686883722ffb1c598671eece18dad30e76b3cec285,3,0,0.0,1,1,3.0,1,0,0,0,0,0.0,0,2025-11-27 17:27:17.533,2025-11-27 17:27:40.850,1.0,-1.0,0.0071,0.0,0,0.0,0.0,0
a7ad357be835efc0ca0f65afce9d6041f1a2bb81ba0692de74c385ed8da54439,1,1,1.0,1,1,1.0,1,0,1,0,0,0.0,0,2025-11-27 21:13:50.234,2025-11-27 21:13:50.234,1.0,0.0,0.0071,0.0,0,0.0,0.0,0
cc01d6681b10ecc943f7f8cce9a871b70bf532dd413c50faf79a32f06573729e,10,0,0.0,1,1,10.0,1,0,0,0,0,0.0,0,2025-11-27 11:21:13.983,2025-11-27 11:23:30.813,1.0,-1.0,0.0071,0.0,0,0.0,0.0,0
cc51de3aa9056a2c512cb2822a4283b16a80bbe19bb8332ba86bf37b318a751d,5,0,0.0,1,1,5.0,1,0,0,0,0,0.0,0,2025-11-27 12:38:12.676,2025-11-27 12:38:54.909,1.0,-1.0,0.0071,0.0,0,0.0,0.0,0
123339ba01751f95f84d8f60d99ac0c4d08274604ae8ec397c2c0ae1167dbca1,19,5,0.2632,1,1,19.0,7,0,1,0,1,0.0,1,2025-11-27 21:14:57.541,2025-11-27 21:17:55.616,1.0,0.76,0.0496,0.0,0,0.00601,0.5789,0
73c3b624c7ffda7ee070a2df467027ecdd87a734b181bef7c5ed7a38ee6deb44,1,0,0.0,1,1,1.0,1,0,0,0,0,0.0,0,2025-11-27 17:19:05.959,2025-11-27 17:19:05.959,1.0,-1.0,0.0071,0.0,0,0.0,0.0,0
ed60442921580ec4aa8c91e14e408badb580fd97dbc2d7c25326bb3b306ac74e,2,0,0.0,1,1,2.0,1,0,0,0,0,0.0,0,2025-11-27 21:36:54.552,2025-11-27 21:38:56.222,1.0,-1.0,0.0071,0.0,0,0.0,0.0,0
b5a794840b3ff516375668b44ab514085eb494e53fb422cd9b629c505751ba7c,8,0,0.0,1,1,8.0,4,0,0,0,1,0.0,0,2025-11-27 11:05:02.361,2025-11-27 11:05:15.668,1.0,-1.0,0.0284,0.0,0,0.0,0.125,0
751b6698d05d3d9e28afb5a954459cb6489a0449a32debe18363c2c53ddfa2af,2,0,0.0,1,1,2.0,1,0,0,0,0,0.0,0,2025-11-27 15:41:38.397,2025-11-27 15:41:56.860,1.0,-1.0,0.0071,0.0,0,0.0,0.0,0
6fe21ae0bd7dd704698bb3845e236d4f4dd1028d9500fb74fa1fc154efe19a6c,5,0,0.0,2,2,2.5,5,0,0,0,1,0.0,0,2025-11-27 17:17:44.503,2025-12-02 00:49:09.557,4.31,-1.0,0.0355,0.0,0,0.0,0.4,0
bc8af26e21fbb1040c5068bfc31eb6efcdc3f2f8d6893573d1c294c9696936ec,11,6,0.5455,1,1,11.0,5,0,1,0,1,0.0,0,2025-11-27 02:11:20.671,2025-11-27 02:15:15.502,1.0,3.33,0.0355,0.0,0,0.015600000000000001,0.7273,0
ff063e7450f7df0a6c5f8438944b1c8bfe78e255b2103887e4229c45b620a18c,543,219,0.4033,1,1,543.0,27,0,1,0,1,0.08371671,1,2025-11-27 18:37:33.057,2025-11-27 19:24:27.926,1.0,1.58,0.1915,0.0,1,0.017158370437710437,0.9576,0
8523f93bf5834e72c595da2cd209f5a3e4b7422202eab98c96280fac35bb70de,1,1,1.0,1,1,1.0,1,0,1,0,0,0.0,0,2025-11-27 05:42:39.857,2025-11-27 05:42:39.857,1.0,0.0,0.0071,0.0,0,0.0,0.0,0
d4b477f59c14ebf8cc6c9127bececcd26b590aed010a08c2002d1d34554113b6,1,0,0.0,1,1,1.0,1,0,0,0,0,0.0,0,2025-11-27 22:48:23.053,2025-11-27 22:48:23.053,1.0,-1.0,0.0071,0.0,0,0.0,0.0,0
06d52570f111f58f963c226893ec05f510b4af03e536c6f9dcc70d4e4dbc330b,2,1,0.5,1,1,2.0,2,0,1,0,0,0.0,0,2025-11-27 17:09:07.510,2025-11-27 17:15:03.463,1.0,0.0,0.0142,0.0,0,0.0,0.0,0
a2c8407aefc661b13fc671fdf17bd98db899383403471fda48d6cc7a96e1a837,4,0,0.0,1,1,4.0,1,0,0,0,0,0.0,0,2025-11-27 02:10:17.221,2025-11-27 02:10:41.803,1.0,-1.0,0.0071,0.0,0,0.0,0.0,0
7cd9873de5f76865fbf614d1df4b8285442858b4ada55617d573dcbd0661cf2e,1,0,0.0,1,1,1.0,1,0,0,0,0,0.0,0,2025-11-27 14:43:07.307,2025-11-27 14:43:07.307,1.0,-1.0,0.0071,0.0,0,0.0,0.0,0
4fd94191e2ef08897d0cdd211f2c222713b511c08bf5ca65fe88cc54d1bcec04,4,0,0.0,1,1,4.0,1,0,0,0,0,0.0,0,2025-11-27 06:38:33.992,2025-11-27 06:39:22.899,1.0,-1.0,0.0071,0.0,0,0.0,0.0,0
4e74d2b3067a3b73068c110358933c2627a9a76893ce29b59860351ad29ceae7,2,0,0.0,1,1,2.0,1,0,0,0,0,0.0,0,2025-11-27 16:55:07.862,2025-11-27 16:55:12.152,1.0,-1.0,0.0071,0.0,0,0.0,0.0,0
d402ba2623fd23474095ea35a3461cd6b28e44b74e36ea5c44a14291ce1d75cc,1,0,0.0,1,1,1.0,1,0,0,0,0,0.0,0,2025-11-27 18:36:35.304,2025-11-27 18:36:35.304,1.0,-1.0,0.0071,0.0,0,0.0,0.0,0
f7df9c7f9b41110fc8eafde56406e3b75afec713e267c05ba2ee5699185973ea,5,0,0.0,1,1,5.0,2,0,0,0,0,0.0,0,2025-11-27 12:05:03.021,2025-11-27 12:07:43.865,1.0,-1.0,0.0142,0.0,0,0.0,0.0,0
b94c5da1311916989467d9b9a21dcaac4bbd374572cb43e2c3290469f7792415,1,0,0.0,1,1,1.0,1,0,0,0,0,0.0,0,2025-11-27 11:45:59.440,2025-11-27 11:45:59.440,1.0,-1.0,0.0071,0.0,0,0.0,0.0,0
be020c9983b861f9664f75b015726a8a886a6bb25e65d07e770f40b335016628,4,1,0.25,2,2,2.0,2,0,1,0,0,0.0,0,2025-11-27 10:07:46.778,2025-12-08 12:32:41.367,11.1,15984.91,0.0142,0.6667,0,0.0,0.0,0
9cd476a5ad53b34417c78860be3625ee44519f3598d73370cc03ea6e9478dd35,4,0,0.0,1,1,4.0,1,0,0,0,0,0.0,0,2025-11-27 07:45:11.726,2025-11-27 07:57:44.399,1.0,-1.0,0.0071,0.0,0,0.0,0.0,0
c82658e106016eb4a2042f6f33c04eb5fc22c2da002ec9c70d9d639b470b6a7e,6,0,0.0,2,2,3.0,1,0,0,0,0,0.0,0,2025-11-27 18:36:45.552,2025-12-04 16:09:05.623,6.9,-1.0,0.0071,0.0,0,0.0,0.0,0
c321aa123fb2829b4e3368b0c20e3db37988fc1964eac4a297bd95ce5a22bcd0,2,0,0.0,1,1,2.0,2,0,0,0,1,0.0,0,2025-11-27 16:37:37.927,2025-11-27 16:37:39.675,1.0,-1.0,0.0142,0.0,0,0.0,0.5,0
21382f11a07b1ccd7ccf364cb8c2db7b2798eb4ae809532de1d958ae08e55dee,2,0,0.0,1,1,2.0,1,0,0,0,0,0.0,0,2025-11-27 07:29:53.415,2025-11-27 07:30:04.856,1.0,-1.0,0.0071,0.0,0,0.0,0.0,0
4d30bbd7900e737a1ba111bbd7a3fe264f3d8676e230a02c0f26183ec2ffed38,1,1,1.0,1,1,1.0,1,0,1,0,0,0.0,0,2025-11-27 04:13:34.177,2025-11-27 04:13:34.177,1.0,0.0,0.0071,0.0,0,0.0,0.0,0
23e39ca95959ea5c47be931c760b60d5be66d386d103b187de34104662ac6c7e,6,1,0.1667,1,1,6.0,5,0,1,0,1,0.0,0,2025-11-27 17:10:19.406,2025-11-27 17:15:36.950,1.0,5.11,0.0355,0.0,0,0.005900000000000001,0.5,0
4f2adc454ff4f474105d3f15318b595424de980ff4001e21b83a7f09a0241329,2,0,0.0,1,1,2.0,2,0,0,0,0,0.0,0,2025-11-27 17:51:56.406,2025-11-27 17:52:19.022,1.0,-1.0,0.0142,0.0,0,0.0,0.0,0
22cae1210e075a7123e62a91134f04822549c843d57d2f5a3ae46f175d884648,2,1,0.5,1,1,2.0,2,0,1,0,0,0.0,0,2025-11-27 21:13:53.576,2025-11-27 21:14:55.632,1.0,0.0,0.0142,0.0,0,0.0,0.0,0
a65307739c8acafca12470206ad43ab08720e5ee196a542cc8ff21a45ebfa5eb,1,0,0.0,1,1,1.0,1,0,0,0,0,0.0,0,2025-11-27 21:25:16.401,2025-11-27 21:25:16.401,1.0,-1.0,0.0071,0.0,0,0.0,0.0,0
4ecf4658b9bd418e5061827a08fc3771241772821790f5424bd30a475fbf7a2d,2,0,0.0,1,1,2.0,1,0,0,0,0,0.0,0,2025-11-27 21:47:06.669,2025-11-27 21:47:43.886,1.0,-1.0,0.0071,0.0,0,0.0,0.0,0
2490b64a92cd3909d541fdef489353e1601babed4271597584ae16b11c5f50ce,1,1,1.0,1,1,1.0,1,0,1,0,0,0.0,0,2025-11-27 10:49:36.891,2025-11-27 10:49:36.891,1.0,0.0,0.0071,0.0,0,0.0,0.0,0
e2219acd0ef9d8b4ca038555460abfe9a1f8a58f6bc9cb28cc0f6d8e4cbdf93f,2,2,1.0,1,1,2.0,1,0,1,0,0,0.0,0,2025-11-27 09:11:46.440,2025-11-27 09:11:46.467,1.0,0.0,0.0071,0.0,0,0.0,0.0,0
01416b25d300471927364c58384bfe73e9e00769fdbd8a84f4ab23650cebefb7,2,2,1.0,1,1,2.0,1,0,1,0,0,0.0,0,2025-11-27 08:56:33.358,2025-11-27 08:56:34.030,1.0,0.0,0.0071,0.0,0,0.0,0.0,0
1a21ee015f12a0f6b52677a8f28dddc59737d649dadad6bd9a6e83d6818c9428,1,0,0.0,1,1,1.0,1,0,0,0,0,0.0,0,2025-11-27 14:29:02.008,2025-11-27 14:29:02.008,1.0,-1.0,0.0071,0.0,0,0.0,0.0,0
3b9889a04f57302225800e3feca7fafb4da688876f611e3351c72e217265c668,1,0,0.0,1,1,1.0,1,0,0,0,0,0.0,0,2025-11-27 13:19:53.853,2025-11-27 13:19:53.853,1.0,-1.0,0.0071,0.0,0,0.0,0.0,0
2b137f9a762264ea75e663eaf5413702f68aca8882b6930e30374fa79743f24d,2,0,0.0,1,1,2.0,1,0,0,0,0,0.0,0,2025-11-27 18:15:37.744,2025-11-27 18:15:46.477,1.0,-1.0,0.0071,0.0,0,0.0,0.0,0
06cdb97bac14949aac4fa231f990f1261f4abe294d92162e7a296e773a14633f,1,0,0.0,1,1,1.0,1,0,0,0,0,0.0,0,2025-11-27 12:51:22.753,2025-11-27 12:51:22.753,1.0,-1.0,0.0071,0.0,0,0.0,0.0,0
5f440234fd963bd63e5e688409f08dad7f14678096d14b24d9f0d530bb66e062,2,1,0.5,1,1,2.0,2,0,1,0,0,0.0,0,2025-11-27 02:01:48.316,2025-11-27 02:02:54.321,1.0,1.1,0.0142,0.0,0,0.0,0.0,0
6a0db617ee42db9331240129acf133218d0c9568c03a9a7e48f88e328bbf9790,1,1,1.0,1,1,1.0,1,0,1,0,0,0.0,0,2025-11-27 20:21:31.120,2025-11-27 20:21:31.120,1.0,0.0,0.0071,0.0,0,0.0,0.0,0
24f11a5a5bb0da0ddda35056e1c03223d84f0b991eb0bd04f0f39edd19b8b8d4,1,0,0.0,1,1,1.0,1,0,0,0,0,0.0,0,2025-11-27 13:42:58.480,2025-11-27 13:42:58.480,1.0,-1.0,0.0071,0.0,0,0.0,0.0,0
00b9ef64a2b3e2c2cb236e1b106f5e6d5ee73375b02e07d8ecae395450c21e37,1,1,1.0,1,1,1.0,1,0,1,0,0,0.0,0,2025-11-27 13:01:35.390,2025-11-27 13:01:35.390,1.0,0.0,0.0071,0.0,0,0.0,0.0,0
a4d2cc9464c0ee7afe5ac96c66e718393510df6777e148f3f87e74b93459cee0,1,1,1.0,1,1,1.0,1,0,1,0,0,0.0,0,2025-11-27 00:29:25.138,2025-11-27 00:29:25.138,1.0,0.0,0.0071,0.0,0,0.0,0.0,0
715cb2e27c0e7c2657a0e78943cf6c2bd78f1f90a93247d61f93cf51dc072a18,4,4,1.0,1,1,4.0,1,0,1,0,0,0.0,0,2025-11-27 05:46:33.097,2025-11-27 05:46:33.879,1.0,0.0,0.0071,0.0,0,0.0,0.0,0
99db8f4e0ecd12e33c5002ec519836cf64b3527ee8c101098a8ba71bbfb6eeba,1,0,0.0,1,1,1.0,1,0,0,0,0,0.0,0,2025-11-27 08:15:35.923,2025-11-27 08:15:35.923,1.0,-1.0,0.0071,0.0,0,0.0,0.0,0
41b1dda7b8d063949ed81df1cf67ecd4f41c40ce159b041272d5e29ace1885dc,1,1,1.0,1,1,1.0,1,0,1,0,0,0.0,0,2025-11-27 16:32:46.332,2025-11-27 16:32:46.332,1.0,0.0,0.0071,0.0,0,0.0,0.0,0
96c5c7c3dd0b64505e8d272d1d87cc4f290d42cd345535939dc2ed4114f5d704,1,0,0.0,1,1,1.0,1,0,0,0,0,0.0,0,2025-11-27 22:09:38.615,2025-11-27 22:09:38.615,1.0,-1.0,0.0071,0.0,0,0.0,0.0,0
d075417e351c7ce1eb0bfcb761b77ff0ddd0d3e42046ff7f74bb03f2dbd99772,1,0,0.0,1,1,1.0,1,0,0,0,0,0.0,0,2025-11-27 09:06:49.091,2025-11-27 09:06:49.091,1.0,-1.0,0.0071,0.0,0,0.0,0.0,0
9df4f3291bd14c68788a1597a9b048605d9fd2695e6a6c207e1c5fc93e6c12a6,2,0,0.0,2,2,1.0,1,0,0,0,0,0.0,0,2025-11-27 12:08:38.584,2025-12-04 11:01:29.598,6.95,-1.0,0.0071,0.0,0,0.0,0.0,0
6e86a2967ea5e5da74ee1d2255342c9a9f40f0d80b46264a488bd0fb14e1978d,1,1,1.0,1,1,1.0,1,0,1,0,0,0.0,0,2025-11-27 21:01:48.981,2025-11-27 21:01:48.981,1.0,0.0,0.0071,0.0,0,0.0,0.0,0
65d6fa580c73db905ffaac2011267777b7d4536255004ee9386c29677f14042e,1,1,1.0,1,1,1.0,1,0,1,0,0,0.0,0,2025-11-27 01:41:09.584,2025-11-27 01:41:09.584,1.0,0.0,0.0071,0.0,0,0.0,0.0,0
a82513cd71484c099c27dc518a9e50587079d69d5133989ac80d28d2402c3578,1,1,1.0,1,1,1.0,1,0,1,0,0,0.0,0,2025-11-27 03:04:59.590,2025-11-27 03:04:59.590,1.0,0.0,0.0071,0.0,0,0.0,0.0,0
fd667650a22180614604c9c8a57dd0d31423178d30ba0c3421d4490d1b05571d,1,0,0.0,1,1,1.0,1,0,0,0,0,0.0,0,2025-11-27 11:04:37.433,2025-11-27 11:04:37.433,1.0,-1.0,0.0071,0.0,0,0.0,0.0,0
c6cbca1b5edde35138f84eaaeb8af792103933283fbbcf281a34aa1e87079499,12,4,0.3333,1,1,12.0,8,0,1,0,1,0.0,1,2025-11-28 08:30:17.286,2025-11-28 08:34:45.591,1.0,2.56,0.0567,0.0,0,0.0069,0.4167,0
c26da1dd5863e72da4a909ab2c8dedec023c8465ed78713243e48263768b9189,16,2,0.125,1,2,8.0,8,0,1,0,1,0.0,1,2025-11-28 09:04:17.006,2025-11-28 09:51:27.092,1.0,0.47,0.0567,0.0,0,0.016919999999999998,0.375,0
7178f01d78e9112ed54a80a37d17fb3aadcf1008c17872ff9dc485c6763a07cc,1,0,0.0,1,1,1.0,1,0,0,0,0,0.0,0,2025-11-28 11:04:02.177,2025-11-28 11:04:02.177,1.0,-1.0,0.0071,0.0,0,0.0,0.0,0
1df273d4ca7bcf90d9384e01dd63ffa38cc8f333b4b76ca09bc3bef33c83da04,2,0,0.0,1,1,2.0,1,0,0,0,0,0.0,0,2025-11-28 12:28:59.273,2025-11-28 12:29:13.708,1.0,-1.0,0.0071,0.0,0,0.0,0.0,0
d1cdab88a3d96cce93379a27fbe4504ba01782afc98675ea2177b81c141c7832,3,1,0.3333,1,1,3.0,2,0,1,0,0,0.0,0,2025-11-28 13:09:34.674,2025-11-28 13:10:58.079,1.0,0.27,0.0142,0.0,0,0.0,0.0,0
39a6f16fc4721490feaaff554dd03f0695a519bd6ed78ad58e50bbb13f346096,1,0,0.0,1,1,1.0,1,0,0,0,0,0.0,0,2025-11-28 02:57:15.546,2025-11-28 02:57:15.546,1.0,-1.0,0.0071,0.0,0,0.0,0.0,0
04fc2e2d5b2e0e2e1cf31e2bd7aa3e21fe03c8b0a6e449b2e8758c2a8ea31f8e,6,0,0.0,1,1,6.0,1,0,0,0,0,0.0,0,2025-11-28 08:45:07.218,2025-11-28 08:46:23.329,1.0,-1.0,0.0071,0.0,0,0.0,0.0,0
983e9cc10f3deb3f40f1c4b987d9ccd2d9848d35e461e597ad8bd619e9cbe68d,3,0,0.0,1,1,3.0,1,0,0,0,0,0.0,0,2025-11-28 21:41:17.529,2025-11-28 21:41:28.948,1.0,-1.0,0.0071,0.0,0,0.0,0.0,0
ec7e84aa2a0b78ed9d734c0830c82da8453ed9543dcb6bd3b36bf29cedf98d4f,2,0,0.0,1,1,2.0,1,0,0,0,0,0.0,0,2025-11-28 13:03:14.717,2025-11-28 13:03:44.643,1.0,-1.0,0.0071,0.0,0,0.0,0.0,0
b757ef05f2ea5972c62713d5ecc590294c2bb05a519eb203c8fcb61af89f0ead,4,0,0.0,1,1,4.0,1,0,0,0,0,0.0,0,2025-11-28 14:47:47.690,2025-11-28 14:50:41.403,1.0,-1.0,0.0071,0.0,0,0.0,0.0,0
704e286c0b58712f620273743280792b2277822b7c0a0d60dcdd3d046bfeef7f,1,0,0.0,1,1,1.0,1,0,0,0,0,0.0,0,2025-11-28 07:19:38.991,2025-11-28 07:19:38.991,1.0,-1.0,0.0071,0.0,0,0.0,0.0,0
3f389a3d4f729929b50bb8ad4080d8752d9d17b40909d26693efd0dd5db35830,1,1,1.0,1,1,1.0,1,0,1,0,0,0.0,0,2025-11-28 10:55:39.212,2025-11-28 10:55:39.212,1.0,0.0,0.0071,0.0,0,0.0,0.0,0
e0c0b2df2585bb1a592edd93e7870b46d4d61b0a21292b3a07482ce4ff851cb8,1,1,1.0,1,1,1.0,1,0,1,0,0,0.0,0,2025-11-28 20:48:44.816,2025-11-28 20:48:44.816,1.0,0.0,0.0071,0.0,0,0.0,0.0,0
a73c32300d00665d4f45f96b8c22d56ffd2fe89983711e67f58b083cbb5b9ad5,12,2,0.1667,2,3,4.0,3,0,1,0,0,0.0,1,2025-11-28 09:39:47.465,2025-11-29 06:34:19.001,1.0,0.0,0.0213,0.0,0,0.0,0.0,0
b2521006924b2581a0e09528e503bfd0b93235dbec4649b68a196c76d93bf8d8,2,0,0.0,1,1,2.0,1,0,0,0,0,0.0,0,2025-11-28 14:19:56.854,2025-11-28 14:19:58.006,1.0,-1.0,0.0071,0.0,0,0.0,0.0,0
35aa1b0611cfa4ce26857f475b8de455e196ac3d7366ef4cb4c7fba349f99a17,2,2,1.0,1,1,2.0,1,0,1,0,0,0.0,0,2025-11-28 02:51:01.353,2025-11-28 02:51:01.376,1.0,0.0,0.0071,0.0,0,0.0,0.0,0
ed20985b4d33648d33991f0013a817e30934a4c75a8c98e99c5cad0fa96655ec,2,0,0.0,1,1,2.0,1,0,0,0,0,0.0,0,2025-11-28 06:56:04.988,2025-11-28 06:56:45.972,1.0,-1.0,0.0071,0.0,0,0.0,0.0,0
f3e61f4f246cb472d1e641e8628da67653dfb00034860aea6c938cd6418e6f01,4,0,0.0,1,1,4.0,1,0,0,0,0,0.0,0,2025-11-28 21:26:53.632,2025-11-28 21:27:33.101,1.0,-1.0,0.0071,0.0,0,0.0,0.0,0
d5a4e3fe5d58fef639cc7e8ea5a02162ddb4285ebbebe4033a395268c8487510,1,0,0.0,1,1,1.0,1,0,0,0,1,0.0,0,2025-11-28 16:29:24.565,2025-11-28 16:29:24.565,1.0,-1.0,0.0071,0.0,0,0.0,1.0,0
21bb479e3fa7bc07f1b0e50143d431cdec0b722d58e1a7a4f23e2e696a90d6f1,1,0,0.0,1,1,1.0,1,0,0,0,0,0.0,0,2025-11-28 04:37:04.344,2025-11-28 04:37:04.344,1.0,-1.0,0.0071,0.0,0,0.0,0.0,0
bd365848f22556e7c10725243d5513de2a503c5b8f2502056569aed32171612b,2,2,1.0,1,1,2.0,1,0,1,0,0,0.0,0,2025-11-28 11:01:30.188,2025-11-28 11:01:31.971,1.0,0.0,0.0071,0.0,0,0.0,0.0,0
cd7df04a9dcfc14767f19c5eb51461f9c3c73806beb87fdc5e8f32621fa5d9e9,4,0,0.0,1,1,4.0,2,0,0,0,0,0.0,0,2025-11-28 05:14:27.779,2025-11-28 05:26:12.441,1.0,-1.0,0.0142,0.0,0,0.0,0.0,0
3bc220ab92074dea30fb29a1e43a0f42cd22147148198292fa2069961e0d3a7e,1,0,0.0,1,1,1.0,1,0,0,0,0,0.0,0,2025-11-28 16:30:03.006,2025-11-28 16:30:03.006,1.0,-1.0,0.0071,0.0,0,0.0,0.0,0
4288935ac9513dbb4d9240daf02d54550af45eff186d277e8a4b2573ddf2f3a1,1,0,0.0,1,1,1.0,1,0,0,0,0,0.0,0,2025-11-28 02:29:16.801,2025-11-28 02:29:16.801,1.0,-1.0,0.0071,0.0,0,0.0,0.0,0
f11d985daa8c741b368665eeb977ca314ab8f3b670e12a689e5a16171cf0b663,1,0,0.0,1,1,1.0,1,0,0,0,0,0.0,0,2025-11-28 13:22:51.281,2025-11-28 13:22:51.281,1.0,-1.0,0.0071,0.0,0,0.0,0.0,0
54c6450476b33c051fc25bcaef99b7b81463063816b037afb0c2f23db4e00436,1,0,0.0,1,1,1.0,1,0,0,0,0,0.0,0,2025-11-28 06:36:52.333,2025-11-28 06:36:52.333,1.0,-1.0,0.0071,0.0,0,0.0,0.0,0
f52f4d8f9e7f60365da5e47a075160e27458213ebf3e1e76298914d537e06766,1,0,0.0,1,1,1.0,1,0,0,0,0,0.0,0,2025-11-28 14:23:37.461,2025-11-28 14:23:37.461,1.0,-1.0,0.0071,0.0,0,0.0,0.0,0
66715aa1c252bf4de072c60f5fc46e127dce87d1510b5c4b5adde9d701320f01,1,0,0.0,1,1,1.0,1,0,0,0,0,0.0,0,2025-11-28 04:38:41.707,2025-11-28 04:38:41.707,1.0,-1.0,0.0071,0.0,0,0.0,0.0,0
5b798eb2f0e9645c7853c3d9be8bc43d9acdad57a43ba038764ab8057fdd6a55,1,0,0.0,1,1,1.0,1,0,0,0,0,0.0,0,2025-11-28 12:17:34.179,2025-11-28 12:17:34.179,1.0,-1.0,0.0071,0.0,0,0.0,0.0,0
3fcd5b0b6b5717b4cb2b057da2049a929d78a3f50283996311008ebca56cdc51,1,0,0.0,1,1,1.0,1,0,0,0,0,0.0,0,2025-11-28 06:56:13.140,2025-11-28 06:56:13.140,1.0,-1.0,0.0071,0.0,0,0.0,0.0,0
266d50ad1999334779963af2068cdc5817299fb03e21c9d3354ace6be021d476,3,0,0.0,1,1,3.0,1,0,0,0,0,0.0,0,2025-11-28 10:04:17.274,2025-11-28 10:04:25.999,1.0,-1.0,0.0071,0.0,0,0.0,0.0,0
5ba3955ad4afa2845034a30851dd8933873ae292f1f9836dc9b2d81f5228745b,1,0,0.0,1,1,1.0,1,0,0,0,0,0.0,0,2025-11-28 07:15:11.432,2025-11-28 07:15:11.432,1.0,-1.0,0.0071,0.0,0,0.0,0.0,0
f1369fbed3e7867d4e4512db42ad7276b9bc59d7711e03b613ea99ab4c4277d2,2,0,0.0,1,1,2.0,1,0,0,0,0,0.0,0,2025-11-28 00:18:24.646,2025-11-28 00:18:25.949,1.0,-1.0,0.0071,0.0,0,0.0,0.0,0
2697c5199ab6fed4b33d860dc76e7975c3802fad9ba22616002e4ef6b6cbe43a,1,1,1.0,1,1,1.0,1,0,1,0,0,0.0,0,2025-11-28 16:07:59.261,2025-11-28 16:07:59.261,1.0,0.0,0.0071,0.0,0,0.0,0.0,0
af3bf1807e5f2c613224d6c10b9c58604cefd604010f9d5f0d970f97dab62daf,1,0,0.0,1,1,1.0,1,0,0,0,0,0.0,0,2025-11-28 15:33:37.259,2025-11-28 15:33:37.259,1.0,-1.0,0.0071,0.0,0,0.0,0.0,0
3014705a81aa9c07af02aa943099c3ef2a34989d1a5fde5a80df60e15e7c0734,2,0,0.0,1,1,2.0,1,0,0,0,0,0.0,0,2025-11-28 07:50:02.013,2025-11-28 07:50:28.751,1.0,-1.0,0.0071,0.0,0,0.0,0.0,0
d1cc5d9a4b24f9d508904223f71fe3c0a7d66350f5b2222f475d6b6333880a17,1,0,0.0,1,1,1.0,1,0,0,0,0,0.0,0,2025-11-28 08:06:09.720,2025-11-28 08:06:09.720,1.0,-1.0,0.0071,0.0,0,0.0,0.0,0
e0593140acb8406dbe9001176211ce246ac8594af1caa9bc2a59d7c4756aa383,1,0,0.0,1,1,1.0,1,0,0,0,0,0.0,0,2025-11-28 12:50:18.936,2025-11-28 12:50:18.936,1.0,-1.0,0.0071,0.0,0,0.0,0.0,0
3a5b47335a76d692fd78a4ba890dfad9fcf603509db6833decb9cf7e34f8239b,1,1,1.0,1,1,1.0,1,0,1,0,0,0.0,0,2025-11-28 08:21:40.176,2025-11-28 08:21:40.176,1.0,0.0,0.0071,0.0,0,0.0,0.0,0
b95e2ee0237544ce926a3a6f4040eb53d02c2de4bc535c6a6f8ebdf6d5302998,1,0,0.0,1,1,1.0,1,0,0,0,0,0.0,0,2025-11-28 09:03:42.048,2025-11-28 09:03:42.048,1.0,-1.0,0.0071,0.0,0,0.0,0.0,0
82979dab5b97634831ea81eb212420a60c2b552d55a7ef19ed52dae57d26cc86,1,1,1.0,1,1,1.0,1,0,1,0,0,0.0,0,2025-11-28 22:49:39.357,2025-11-28 22:49:39.357,1.0,0.0,0.0071,0.0,0,0.0,0.0,0
bfd5479ccb41b86270aa825d404c3f5b6b3ecb67bf694986e48c7f6adf28aa7c,1,1,1.0,1,1,1.0,1,0,1,0,0,0.0,0,2025-11-28 13:03:44.500,2025-11-28 13:03:44.500,1.0,0.0,0.0071,0.0,0,0.0,0.0,0
eeff1ec7386b7442103ea6a6419343381dc5d4454fba21625297b45411e72e16,1,0,0.0,1,1,1.0,1,0,0,0,0,0.0,0,2025-11-28 21:51:01.435,2025-11-28 21:51:01.435,1.0,-1.0,0.0071,0.0,0,0.0,0.0,0
681519725dac0a51e959666e800ba465c215ebea3fd5aa5939a8388c77417ae3,1,0,0.0,1,1,1.0,1,0,0,0,0,0.0,0,2025-11-28 06:35:52.105,2025-11-28 06:35:52.105,1.0,-1.0,0.0071,0.0,0,0.0,0.0,0
2ba81eee6765b3302b79fa8756a82d1243f171ad54990c02627549660ae5a90f,1,0,0.0,1,1,1.0,1,0,0,0,0,0.0,0,2025-11-28 09:22:20.581,2025-11-28 09:22:20.581,1.0,-1.0,0.0071,0.0,0,0.0,0.0,0
868c322b0c835a260c5517cbca0514edbce4da6b205877283375bf76ea12c10e,3,0,0.0,1,1,3.0,1,0,0,0,0,0.0,0,2025-11-29 03:24:26.737,2025-11-29 03:25:14.251,1.0,-1.0,0.0071,0.0,0,0.0,0.0,0
105850a7a3752f003584b572b0036418feacf4822a9ab6ee1afa9318633cc1b6,16,3,0.1875,1,1,16.0,10,0,1,0,1,0.0,1,2025-11-29 05:16:22.302,2025-11-29 05:20:19.074,1.0,1.21,0.0709,0.0,0,0.00585,0.3125,0
83a0f1a3181420a65ce7f00b93e7c67c5fbd10a962db59aabb657970630ed12e,47,2,0.0426,1,3,15.67,25,1,1,0,1,0.0,2,2025-11-29 06:28:34.713,2025-11-29 09:40:49.435,1.0,48.08,0.1773,0.0,0,0.00151697,0.1915,0
6bbc08a8bd870164057baaac22dcacc225c7b968747cb205cbf4532518ac0756,22,6,0.2727,1,1,22.0,10,0,1,0,1,0.0,1,2025-11-29 14:57:16.359,2025-11-29 14:59:03.578,1.0,0.47,0.0709,0.0,0,0.005475,0.2273,0
38653ff976f5e69326b37701673bb9aeeb523890c9d79fc40a51a0e8f60fb4e8,2,1,0.5,1,1,2.0,2,0,1,0,0,0.0,0,2025-11-29 07:57:01.247,2025-11-29 07:57:02.089,1.0,0.0,0.0142,0.0,0,0.0,0.0,0
d574f994f44ef8e9248a2cd5103440266c1a7ef5bc2550501a57d8aa738995b9,3,0,0.0,2,2,1.5,1,0,0,0,0,0.0,0,2025-11-29 22:36:23.947,2025-12-02 02:02:08.626,2.14,-1.0,0.0071,0.0,0,0.0,0.0,0
8e4539ab265b4706ca493adf09173b1ae2a64e8b146e8d1d7f64b223addec2da,2,0,0.0,1,1,2.0,1,0,0,0,0,0.0,0,2025-11-29 11:52:37.154,2025-11-29 11:52:39.157,1.0,-1.0,0.0071,0.0,0,0.0,0.0,0
3452a862bcdeeea934e73010727795f7f251f0c61a2eb912fcc3c5531b967b47,262,111,0.4237,3,5,52.4,25,0,1,0,1,0.0,2,2025-11-29 14:28:54.376,2025-12-01 18:55:47.515,2.19,342.11,0.1773,0.0,1,0.032269491985294114,0.9008,0
15c7687921d45c6fcb60dd2d60ce3e9291dd44e6430b6069b193ebfc9fb05d99,3,0,0.0,2,3,1.0,2,0,0,0,0,0.0,0,2025-11-29 09:36:57.421,2025-11-30 05:25:54.865,1.0,-1.0,0.0142,0.0,0,0.0,0.0,0
76369b6c9353dbfbbcda6d8b378e6e492d2d1a3a06ff04d1ff2daf30738c6289,11,0,0.0,1,1,11.0,2,0,0,0,0,0.0,0,2025-11-29 10:07:23.000,2025-11-29 10:08:47.524,1.0,-1.0,0.0142,0.0,0,0.0,0.0,0
eb5e0cf18d0e344eaacd5e64069597f505e803de6a7f7511997853a829611405,1,0,0.0,1,1,1.0,1,0,0,0,0,0.0,0,2025-11-29 03:25:34.353,2025-11-29 03:25:34.353,1.0,-1.0,0.0071,0.0,0,0.0,0.0,0
68764cfc54609e208d02754257afa82a84dc1c49366634284a3384bf11108a16,8,0,0.0,1,1,8.0,4,0,0,0,1,0.0,0,2025-11-29 18:36:50.332,2025-11-29 18:45:47.192,1.0,-1.0,0.0284,0.0,0,0.0,0.125,0
f554311e5b4579451d166b3caf5fbc6ff0437179510637ebac43f48031dbdcae,436,140,0.3211,1,1,436.0,25,0,1,0,1,0.0,1,2025-11-29 00:23:28.273,2025-11-29 01:37:34.892,1.0,2.39,0.1773,0.0,1,0.03146525865497076,0.9633,0
38d5d5f91fed66fc42685fc41105b8ad5f388d6dedc25309f12a3b5b1cca6130,8,4,0.5,1,1,8.0,3,0,1,0,1,0.0,0,2025-11-29 09:26:25.987,2025-11-29 09:26:49.853,1.0,0.37,0.0213,0.0,0,0.012633333333333335,1.0,0
b5ee8df37e2a2060076129a14175e77f4790867f594ae1ad4468975f1822efe4,16,2,0.125,1,1,16.0,9,0,1,0,1,0.0,1,2025-11-29 09:46:30.381,2025-11-29 10:07:18.231,1.0,5.71,0.0638,0.0,0,0.010466666666666666,0.3125,0
9794002e19d43be709b80290a6f5b7f4905f9c6740fc6b0b04d1dd5d2173aa3a,2,0,0.0,1,1,2.0,1,0,0,0,0,0.0,0,2025-11-29 13:36:58.256,2025-11-29 13:39:44.826,1.0,-1.0,0.0071,0.0,0,0.0,0.0,0
2ee2d8225843e20c440ca4685cfa2af70b2ba8a8be56dcc870646808fe759a51,1,0,0.0,1,1,1.0,1,0,0,0,0,0.0,0,2025-11-29 21:50:28.061,2025-11-29 21:50:28.061,1.0,-1.0,0.0071,0.0,0,0.0,0.0,0
e53007957067994b73eea4d7cff87390d67a809e9a8eadfd72eb7f32459a78db,1,1,1.0,1,1,1.0,1,0,1,0,0,0.0,0,2025-11-29 14:34:03.609,2025-11-29 14:34:03.609,1.0,0.0,0.0071,0.0,0,0.0,0.0,0
c3362f4fad6f26a3019a1ed82de8775b051a81f10a45e2c0d6845c42bd517eb6,8,0,0.0,2,4,2.0,6,0,0,0,1,0.0,0,2025-11-29 14:35:35.271,2025-11-30 11:47:00.292,1.0,-1.0,0.0426,0.0,0,0.0,0.125,0
29b880a72ee8951a136822832825b67145cdb97a55aeacb330a1ba50eb87ecd4,15,1,0.0667,1,1,15.0,11,1,1,0,1,0.0,1,2025-11-29 06:28:53.795,2025-11-29 06:30:17.835,1.0,0.32,0.078,0.0,0,0.00260052,0.2667,0
5dc19f76ae090d193ef5e07f4a24ad8946e9c3587ddf2c0cfd3ecc32c35a2a93,1,0,0.0,1,1,1.0,1,0,0,0,0,0.0,0,2025-11-29 00:23:09.002,2025-11-29 00:23:09.002,1.0,-1.0,0.0071,0.0,0,0.0,0.0,0
434e3f6d67f3fd7677d90cf728808415b93f638bb422549b55ebbc90a87b3d44,6,0,0.0,2,2,3.0,1,0,0,0,0,0.0,0,2025-11-29 11:18:14.723,2025-12-03 09:02:15.686,3.91,-1.0,0.0071,0.0,0,0.0,0.0,0
9923157f2125adaa14ef60069934bf87cec0e19261d09897d29e5ab28e02d878,1,0,0.0,1,1,1.0,1,0,0,0,0,0.0,0,2025-11-29 23:55:46.428,2025-11-29 23:55:46.428,1.0,-1.0,0.0071,0.0,0,0.0,0.0,0
3f9bd28e8f7fc9c5dd0a22e8a6225809c8fa95f3445879c2b30177116f0d2f79,3,0,0.0,1,1,3.0,2,0,0,0,0,0.0,0,2025-11-29 11:11:19.515,2025-11-29 11:11:39.532,1.0,-1.0,0.0142,0.0,0,0.0,0.0,0
dc29734365d04b30bbbfeba7426a40ee0b313885c529e6fc2bfada5eb1030238,2,2,1.0,1,2,1.0,1,0,1,0,0,0.0,0,2025-11-29 13:07:51.726,2025-11-29 14:40:13.570,1.0,0.0,0.0071,0.0,0,0.0,0.0,0
68ab89073da078782dec0dc1a43a5a0782fa5faa15528a47f5d6be443a0e67c0,7,2,0.2857,1,1,7.0,5,0,1,0,1,0.0,2,2025-11-29 21:50:56.618,2025-11-29 21:53:16.540,1.0,1.61,0.0355,0.0,0,0.018250000000000002,0.4286,0
c1a1e556facfa12eebd9445cc603134ac5a23263d9fd74167d69a665a24f4f70,5,0,0.0,1,1,5.0,5,0,0,0,1,0.0,0,2025-11-29 15:13:05.948,2025-11-29 15:23:22.366,1.0,-1.0,0.0355,0.0,0,0.0,0.2,0
533962516a38385e4bacf273dd03bad22a0762dbd22d0d9d30d5f466c9fc5e23,220,68,0.3091,2,2,110.0,12,0,1,0,1,0.0,0,2025-11-29 18:56:51.649,2025-12-05 08:28:29.982,5.56,7997.68,0.0851,0.0,1,0.04070843747368421,1.0,0
baf4f6cf37a20372806dd01c886b2b4ac84d594b3049e0d4c28d353df54b586c,1,0,0.0,1,1,1.0,1,0,0,0,0,0.0,0,2025-11-29 09:46:03.257,2025-11-29 09:46:03.257,1.0,-1.0,0.0071,0.0,0,0.0,0.0,0
dd94e52f98d50816e202f8049f94ad12ab2765bda9fd549e0d576e76726b644f,3,0,0.0,1,1,3.0,1,0,0,0,0,0.0,0,2025-11-29 14:41:35.071,2025-11-29 14:42:25.859,1.0,-1.0,0.0071,0.0,0,0.0,0.0,0
d9c8a63a85344ff898aae79dab3d85cf31be63eb515724a912204f95d7cec4c9,2,2,1.0,1,1,2.0,1,0,1,0,0,0.0,0,2025-11-29 17:50:30.300,2025-11-29 17:50:33.961,1.0,0.0,0.0071,0.0,0,0.0,0.0,0
2b1ceffb9088194138dfa722271ceb6234fea06a93fcb9f227c614bdeadc3471,22,1,0.0455,2,2,11.0,18,1,1,0,1,0.0,1,2025-11-29 09:37:34.547,2025-12-01 10:36:11.207,2.04,2931.0,0.1277,0.0,0,0.0013724966666666665,0.1818,0
e00d230fef4d18ddd4051a5ab958ad4ca83dafc30008b79f2646a0a09e1f22a3,1,1,1.0,1,1,1.0,1,0,1,0,0,0.0,0,2025-11-29 14:56:55.440,2025-11-29 14:56:55.440,1.0,0.0,0.0071,0.0,0,0.0,0.0,0
1c638793b1f7ac8bd6d4184ea947eb65e88781822a83fea7fcaba3829785078d,1,1,1.0,1,1,1.0,1,0,1,0,0,0.0,0,2025-11-29 10:25:03.807,2025-11-29 10:25:03.807,1.0,0.0,0.0071,0.0,0,0.0,0.0,0
f9791480ba5e5bb151e63582466bb8287899e65395364343ca87e6fc846b2050,3,0,0.0,1,1,3.0,1,0,0,0,0,0.0,0,2025-11-29 08:36:14.759,2025-11-29 08:36:18.710,1.0,-1.0,0.0071,0.0,0,0.0,0.0,0
262f6326c18e9dc382a3bdf5eb9def853dc4717a3d7ba1dd0492515846d95287,3,0,0.0,1,1,3.0,1,0,0,0,0,0.0,0,2025-11-29 03:33:08.927,2025-11-29 03:33:43.632,1.0,-1.0,0.0071,0.0,0,0.0,0.0,0
f32dcf6aca568e38e7f2a15517cfa5e651560a64457af3e3726f6bb8c6821b63,3,0,0.0,1,1,3.0,3,0,0,0,1,0.0,0,2025-11-29 14:27:20.139,2025-11-29 14:27:21.630,1.0,-1.0,0.0213,0.0,0,0.0,1.0,0
ef31e15882691e4a0afe46369d96bf48c928874177f9f87d689f9ca0d3797d17,6,1,0.1667,1,1,6.0,2,0,1,0,0,0.0,1,2025-11-29 16:09:07.431,2025-11-29 16:11:13.389,1.0,2.1,0.0142,0.0,0,0.0,0.0,0
320822d4b3a32c940fd71c250f9c005f776fe54970e9f401ae013292200f6120,1,1,1.0,1,1,1.0,1,0,1,0,0,0.0,0,2025-11-29 10:04:06.374,2025-11-29 10:04:06.374,1.0,0.0,0.0071,0.0,0,0.0,0.0,0
3493d444fad301cb4d940bf499a16e5917e5fcc52286b7109ae00078991bb98e,1,1,1.0,1,1,1.0,1,0,1,0,0,0.0,0,2025-11-29 11:26:09.314,2025-11-29 11:26:09.314,1.0,0.0,0.0071,0.0,0,0.0,0.0,0
b3b4246d7107136285c9756074dcffd1e7254075094316643c7522d4dd3c6b4c,1,1,1.0,1,1,1.0,1,0,1,0,0,0.0,0,2025-11-29 23:02:33.790,2025-11-29 23:02:33.790,1.0,0.0,0.0071,0.0,0,0.0,0.0,0
930098df0f93ccd7e23a023cb1bd3719213ca876956b91539e598319d54df334,2,0,0.0,2,2,1.0,1,0,0,0,0,0.0,0,2025-11-29 11:15:42.616,2025-11-30 05:47:21.031,1.0,-1.0,0.0071,0.0,0,0.0,0.0,0
171aa0bc2f311cc45c60f5f18f2c7b1c2b1c7ad5eba0759175e50f0100e7bfb7,27,5,0.1852,2,2,13.5,12,0,1,0,1,0.0,1,2025-11-29 17:58:46.711,2025-11-30 05:31:11.545,1.0,688.13,0.0851,0.0,0,0.010116666666666668,0.4815,0
db5fb3baa0896c2952cb502c652b03cb48556fbc1dc714e5f91a42715f3b57c0,1,1,1.0,1,1,1.0,1,0,1,0,0,0.0,0,2025-11-29 20:20:03.936,2025-11-29 20:20:03.936,1.0,0.0,0.0071,0.0,0,0.0,0.0,0
2952e77401bc3ac316d502d345fc621bc93b471759057a522910673cd2883809,1,0,0.0,1,1,1.0,1,0,0,0,0,0.0,0,2025-11-29 20:23:15.966,2025-11-29 20:23:15.966,1.0,-1.0,0.0071,0.0,0,0.0,0.0,0
28c6709481fd8ed73d81715f8eb05231efd0543fe0857822bc69ce449aae582c,1,0,0.0,1,1,1.0,1,0,0,0,0,0.0,0,2025-11-29 19:12:19.808,2025-11-29 19:12:19.808,1.0,-1.0,0.0071,0.0,0,0.0,0.0,0
e0f02f6e20108309f27b5d1cb0ec66b06cb99df326a226170076b0d8fb5e072a,3,0,0.0,1,1,3.0,1,0,0,0,0,0.0,0,2025-11-29 17:07:51.001,2025-11-29 17:07:55.947,1.0,-1.0,0.0071,0.0,0,0.0,0.0,0
83bed438bc756f337d27d943b2e0bcdeb64d168f32ee1231ac34355fc2c224d0,1,0,0.0,1,1,1.0,1,0,0,0,0,0.0,0,2025-11-29 01:16:11.830,2025-11-29 01:16:11.830,1.0,-1.0,0.0071,0.0,0,0.0,0.0,0
1231c6066e0d5415588739ddeb7131c7df458aa5d28eb4fa2896689cc1df2e0b,1,0,0.0,1,1,1.0,1,0,0,0,0,0.0,0,2025-11-29 15:53:25.273,2025-11-29 15:53:25.273,1.0,-1.0,0.0071,0.0,0,0.0,0.0,0
795726e6c2c2849bc2367f838b7d5d9961f434950266de230b3984407fb6d369,1,1,1.0,1,1,1.0,1,0,1,0,0,0.0,0,2025-11-29 00:47:27.902,2025-11-29 00:47:27.902,1.0,0.0,0.0071,0.0,0,0.0,0.0,0
5918152d001d1e8e19c847d14e0600bd3367e6b245c84dec9632dce9aaf5acab,1,1,1.0,1,1,1.0,1,0,1,0,0,0.0,0,2025-11-29 07:19:12.971,2025-11-29 07:19:12.971,1.0,0.0,0.0071,0.0,0,0.0,0.0,0
99b3fb0ee5efd5632fb39aa65f1ad7f043c111ded79a7d672b839b72297e4196,1,0,0.0,1,1,1.0,1,0,0,0,0,0.0,0,2025-11-29 16:49:35.187,2025-11-29 16:49:35.187,1.0,-1.0,0.0071,0.0,0,0.0,0.0,0
d3684acd3c6d49dca03e27c33316d4f6dfcc19ea56d980eb0ec73ced6379fccc,1,1,1.0,1,1,1.0,1,0,1,0,0,0.0,0,2025-11-29 09:24:08.078,2025-11-29 09:24:08.078,1.0,0.0,0.0071,0.0,0,0.0,0.0,0
e506a161621a9537a40166e8fec7f179b165f9dc03a1228d631b541b21a953f2,2,0,0.0,1,1,2.0,1,0,0,0,0,0.0,0,2025-11-29 06:28:18.524,2025-11-29 06:28:32.759,1.0,-1.0,0.0071,0.0,0,0.0,0.0,0
0ff98521ebdf82d23901506163a4d446bdbdccb1f39ab2b8527888b57c221a93,2,0,0.0,1,1,2.0,1,0,0,0,0,0.0,0,2025-11-29 09:58:56.309,2025-11-29 09:59:07.810,1.0,-1.0,0.0071,0.0,0,0.0,0.0,0
f31d00f9035cb8a65913202fe36e14381bc4e6f1e26f88b2dac789a663182a24,2,0,0.0,1,1,2.0,1,0,0,0,0,0.0,0,2025-11-29 15:24:59.815,2025-11-29 15:25:00.496,1.0,-1.0,0.0071,0.0,0,0.0,0.0,0
737490f15162b8767aa74e209f9f41514a43affb1a723756d269553323b365b5,1,1,1.0,1,1,1.0,1,0,1,0,0,0.0,0,2025-11-29 13:09:01.858,2025-11-29 13:09:01.858,1.0,0.0,0.0071,0.0,0,0.0,0.0,0
234b079b16884a1b09fc13c5aaabc6a7f7bd6f48d3c696dbb3b19e45bed4354b,1,1,1.0,1,1,1.0,1,0,1,0,0,0.0,0,2025-11-29 19:04:54.004,2025-11-29 19:04:54.004,1.0,0.0,0.0071,0.0,0,0.0,0.0,0
318ead57e7790897c6ab9602bfbb38951819f8c16a0e4e3922c24f57744d97d3,3,0,0.0,2,2,1.5,2,0,0,0,0,0.0,0,2025-11-29 10:23:10.594,2025-12-07 13:37:03.017,8.13,-1.0,0.0142,0.5,0,0.0,0.0,0
b4dcbd1cad9ca9d2471cb7df3d463e305aa0523160c71534f54eecb2b2479d43,1,0,0.0,1,1,1.0,1,0,0,0,0,0.0,0,2025-11-29 10:23:03.290,2025-11-29 10:23:03.290,1.0,-1.0,0.0071,0.0,0,0.0,0.0,0
93e263775264955522bfc9e0b606d6ba0faa3572320fe7429d85f844d1e29f05,2,1,0.5,2,2,1.0,2,0,1,0,0,0.0,0,2025-11-29 11:56:15.091,2025-11-30 07:40:30.557,1.0,1184.26,0.0142,0.0,0,0.0,0.0,0
a1622105f5086f836c697cabe1cac38e1b0bd2a224a3b1841a462809d5920b14,1,0,0.0,1,1,1.0,1,0,0,0,0,0.0,0,2025-11-29 16:34:56.623,2025-11-29 16:34:56.623,1.0,-1.0,0.0071,0.0,0,0.0,0.0,0
4a547e28dff8ef12ffbf066730b2aca426a8d3d53b7b1905efff8a443a3fcf5b,1,1,1.0,1,1,1.0,1,0,1,0,0,0.0,0,2025-11-29 07:32:44.235,2025-11-29 07:32:44.235,1.0,0.0,0.0071,0.0,0,0.0,0.0,0
c624b4640e706b61e5adb68dd85d046811cd01420d5d25e2044790c61d46e23e,1,0,0.0,1,1,1.0,1,0,0,0,1,0.0,0,2025-11-29 12:34:54.449,2025-11-29 12:34:54.449,1.0,-1.0,0.0071,0.0,0,0.0,1.0,0
d26cd89ce2e509e774d603efcfb5f6120834d588db09dc9242d6639f934fcef5,1,0,0.0,1,1,1.0,1,0,0,0,0,0.0,0,2025-11-30 21:38:42.193,2025-11-30 21:38:42.193,1.0,-1.0,0.0071,0.0,0,0.0,0.0,0
224a12a1de7fb2a28289a4cd83a054b81a5f5d52c8edac64c18fafa8210431c2,220,73,0.3318,1,1,220.0,20,0,1,0,1,0.0,1,2025-11-30 14:11:06.431,2025-11-30 14:37:37.019,1.0,0.29,0.1418,0.0,1,0.038457203863636366,0.9364,0
f10d8969b80b4ffc1456f270069b1bf8c163dc108e3aff7873847dec8ac821c6,1,0,0.0,1,1,1.0,1,0,0,0,0,0.0,0,2025-11-30 01:48:40.043,2025-11-30 01:48:40.043,1.0,-1.0,0.0071,0.0,0,0.0,0.0,0
de5fb1efc2441878082d9856e8eaf733bc99831825b0968a3db655f518a7735d,8,0,0.0,2,2,4.0,2,0,0,0,0,0.0,0,2025-11-30 16:04:53.790,2025-12-01 10:18:13.670,1.0,-1.0,0.0142,0.0,0,0.0,0.0,0
89fd541473c18367f711ed9363378b015081402bd22c227f1aa465a62be3be00,339,92,0.2714,1,1,339.0,23,0,1,0,1,0.0,1,2025-11-30 11:36:30.459,2025-11-30 12:03:27.929,1.0,1.6,0.1631,0.0,1,0.04713823620437956,0.9764,0
438e39e90a745ed16fff052f56e74fb4dc8709cebd3ab15e476774625b2aa065,9,1,0.1111,1,1,9.0,8,0,1,0,1,0.0,1,2025-11-30 10:09:46.216,2025-11-30 10:12:51.532,1.0,2.48,0.0567,0.0,0,0.0,0.1111,0
22f7b7c7a744f4e9f685402e774ef8fa87147dfe991fbc3cc368c2763c8faec1,1,1,1.0,1,1,1.0,1,0,1,0,0,0.0,0,2025-11-30 08:14:06.501,2025-11-30 08:14:06.501,1.0,0.0,0.0071,0.0,0,0.0,0.0,0
742c884dcdfd304acd5eb78c1b7bab29050d1b08451e9f47261cce6dd0893a10,1,1,1.0,1,1,1.0,1,0,1,0,0,0.0,0,2025-11-30 22:24:03.909,2025-11-30 22:24:03.909,1.0,0.0,0.0071,0.0,0,0.0,0.0,0
731644c555e735dd5675d9e93f1d437d21bc3814130098686f1db8c84ddee529,2,0,0.0,1,1,2.0,1,0,0,0,0,0.0,0,2025-11-30 04:15:41.973,2025-11-30 04:18:01.315,1.0,-1.0,0.0071,0.0,0,0.0,0.0,0
1ddeeebf82e029deb0de6f7eb7709d329c839267eb88f715befd463c05c48e2b,262,72,0.2748,2,2,131.0,21,0,1,0,1,0.0,1,2025-11-30 22:25:00.740,2025-12-01 00:14:07.333,1.0,1.39,0.1489,0.0,1,0.022093690092592592,0.8931,0
03df5b42ecfce3f5aa7d1ceb1fa8d8a1cb2a41cf3a9fffe86cc76fe4838af00f,7,0,0.0,1,1,7.0,2,0,0,0,0,0.0,0,2025-11-30 18:55:08.632,2025-11-30 19:04:43.238,1.0,-1.0,0.0142,0.0,0,0.0,0.0,0
f8adb1d3e9242203a89f509247182e6d6e5c2ac8d0994d22b39f3383581f59a5,9,0,0.0,2,1,9.0,5,0,0,0,1,0.0,0,2025-11-30 18:28:46.772,2025-12-02 09:05:25.237,1.61,-1.0,0.0355,0.0,0,83.0,0.2222,0
93ab8f40509e0e438e58e7bdc6243ab1c3c950168b5876a0b939a9c2b6953c27,276,82,0.2971,2,3,92.0,19,0,1,0,1,0.0,2,2025-11-30 05:43:51.574,2025-12-01 06:07:00.742,1.02,180.35,0.1348,0.0,1,0.021012741981132076,0.8841,0
c52f5ed6da8265686bf95254221b681cb22cd9f3c26a7e85181bf251b798265c,16,4,0.25,1,1,16.0,10,0,1,0,1,0.0,1,2025-11-30 22:16:12.309,2025-11-30 22:21:01.890,1.0,0.84,0.0709,0.0,0,0.0099,0.5625,0
cbe70ccdec29bd89cf5e2037597969ef40623a21c45cae0fc43e37dc3e7a2883,1,1,1.0,1,1,1.0,1,0,1,0,0,0.0,0,2025-11-30 19:34:31.732,2025-11-30 19:34:31.732,1.0,0.0,0.0071,0.0,0,0.0,0.0,0
3e2a8aae649c7a2b96c1e15ba533f8b37b2bdfc088d3c37b1515b32295ff7874,108,38,0.3519,1,1,108.0,13,0,1,0,1,0.0,0,2025-11-30 08:14:12.202,2025-11-30 08:22:45.213,1.0,0.92,0.0922,0.0,1,0.020177289272727272,0.9259,0
df9d4cd5ba27c0427867fba5969d7f734c191ca88031e09a3f613e3b68490781,1,0,0.0,1,1,1.0,1,0,0,0,0,0.0,0,2025-11-30 07:29:23.992,2025-11-30 07:29:23.992,1.0,-1.0,0.0071,0.0,0,0.0,0.0,0
d31ca212869f08e4ed731dbe54b86f4a602b0f5148cadc9548471ca253e5f4cb,19,7,0.3684,2,2,9.5,11,0,1,0,1,0.0,1,2025-11-30 18:14:05.990,2025-12-01 17:19:46.788,1.0,1383.0,0.078,0.0,0,0.01014,0.4737,0
c9c29f6038dc99d8554d101ca718a8c8a592adb7f4d451da66d4bdddcd9a113f,6,0,0.0,3,3,2.0,4,0,0,0,1,0.0,0,2025-11-30 06:02:44.676,2025-12-08 18:19:08.722,8.51,-1.0,0.0284,0.4,0,0.0,0.1667,0
bf0733d799353867dbf9bab13524708c5416c2e4bcbe18fbe06d5de69b576b09,1,0,0.0,1,1,1.0,1,0,0,0,0,0.0,0,2025-11-30 05:29:01.726,2025-11-30 05:29:01.726,1.0,-1.0,0.0071,0.0,0,0.0,0.0,0
205691f1fc29541dd045ac0291df90cb8490d832d000e885c8a7d47cd1f0035c,2,0,0.0,1,1,2.0,1,0,0,0,0,0.0,0,2025-11-30 08:13:44.896,2025-11-30 08:13:44.923,1.0,-1.0,0.0071,0.0,0,0.0,0.0,0
cac61ab0e43dda27d4c1f8dcb3a469e2d66abb02492a53817426a5b11c19102b,1,0,0.0,1,1,1.0,1,0,0,0,1,0.0,0,2025-11-30 09:04:36.903,2025-11-30 09:04:36.903,1.0,-1.0,0.0071,0.0,0,0.0,1.0,0
17c8edb8c68b27679d9e9aa6a4bfada05c67f613ca10cb4e098b039229717f51,2,0,0.0,1,1,2.0,2,0,0,0,0,0.0,0,2025-11-30 09:55:55.867,2025-11-30 10:09:13.024,1.0,-1.0,0.0142,0.0,0,0.0,0.0,0
d5f35ac8d78d47520cff9c547e677dc6986490288ee2bded0ea8cc0b4034f7de,2,0,0.0,1,1,2.0,1,0,0,0,0,0.0,0,2025-11-30 04:52:28.844,2025-11-30 04:52:45.200,1.0,-1.0,0.0071,0.0,0,0.0,0.0,0
86573d467296d49429176be724ffe72f708cf03005083b17d8b74a779c6a89ef,123,48,0.3902,2,2,61.5,17,0,1,0,1,0.0,2,2025-11-30 16:09:29.001,2025-12-01 10:27:37.679,1.0,1.26,0.1206,0.0,1,0.02192352196428571,0.8862,0
49798de955ac5550fca1a3de51d987c46c3ba8255a470324609c92725f945ef2,5,0,0.0,1,1,5.0,1,0,0,0,0,0.0,0,2025-11-30 04:39:18.594,2025-11-30 04:39:24.066,1.0,-1.0,0.0071,0.0,0,0.0,0.0,0
c4b613ba9dcc64b1968982991dcd07650b78fbedbbe4e9d59937c8a3152aefd7,2,0,0.0,1,1,2.0,2,0,0,0,1,0.0,0,2025-11-30 08:17:44.454,2025-11-30 08:17:46.032,1.0,-1.0,0.0142,0.0,0,0.0,0.5,0
f55afffd3bc357f57bfdaf511b967e0972ce5f97a16efe895559ec07e605657e,2,1,0.5,1,1,2.0,2,0,1,0,0,0.0,0,2025-11-30 11:34:49.575,2025-11-30 11:36:28.972,1.0,0.0,0.0142,0.0,0,0.0,0.0,0
684b8c13d448c686aedbf56a827a232713a8b6d6ea87d86d5b8f1ac140d2807f,7,0,0.0,1,1,7.0,4,0,0,0,1,0.0,0,2025-11-30 06:16:53.300,2025-11-30 06:17:15.494,1.0,-1.0,0.0284,0.0,0,0.0,0.1429,0
1d587a71a4a220f902026e726dc67426a7c86cd1e9eae2d8e5a23985f2936c34,1,1,1.0,1,1,1.0,1,0,1,0,0,0.0,0,2025-11-30 17:13:45.120,2025-11-30 17:13:45.120,1.0,0.0,0.0071,0.0,0,0.0,0.0,0
d3c1ffd45f6c3a02518b383ae7a9835ed976b40b7d56d9dc6915dabd2b2d1552,2,0,0.0,1,1,2.0,1,0,0,0,0,0.0,0,2025-11-30 20:51:09.953,2025-11-30 20:51:21.424,1.0,-1.0,0.0071,0.0,0,0.0,0.0,0
e02ec810985e83ce8a5e5b06c4c518373e424e4b8bfa4be081104e5a9285fb8a,1,0,0.0,1,1,1.0,1,0,0,0,1,0.0,0,2025-11-30 09:33:12.433,2025-11-30 09:33:12.433,1.0,-1.0,0.0071,0.0,0,0.0,1.0,0
85710940eb999a8460c9124ae76f60a9d795cc0f09403050179559e6332df4eb,1,1,1.0,1,1,1.0,1,0,1,0,0,0.0,0,2025-11-30 16:02:53.286,2025-11-30 16:02:53.286,1.0,0.0,0.0071,0.0,0,0.0,0.0,0
e7a99db2284711615a30533190039df8c7286ea59576814cfac1822fc1c1dfa3,3,0,0.0,1,1,3.0,1,0,0,0,0,0.0,0,2025-11-30 06:16:16.034,2025-11-30 06:16:57.242,1.0,-1.0,0.0071,0.0,0,0.0,0.0,0
ffff7bb9f4312455fb599aac7c37f90401e31ab7aa4fd70e996af3ff14485fab,3,0,0.0,1,1,3.0,1,0,0,0,0,0.0,0,2025-11-30 20:02:59.715,2025-11-30 20:03:25.173,1.0,-1.0,0.0071,0.0,0,0.0,0.0,0
3e87ca4e6aee5ab6a7f5cc5284d1a8e80627763aeaca70d4c788af5ec9f76925,1,0,0.0,1,1,1.0,1,0,0,0,0,0.0,0,2025-11-30 18:13:35.823,2025-11-30 18:13:35.823,1.0,-1.0,0.0071,0.0,0,0.0,0.0,0
1ddee33d6bd0c0e833c89f7ed7481a3f97a690d26406b4c42b9c386b8793771a,1,0,0.0,1,1,1.0,1,0,0,0,0,0.0,0,2025-11-30 06:16:38.232,2025-11-30 06:16:38.232,1.0,-1.0,0.0071,0.0,0,0.0,0.0,0
79354952ce6bd3b070311966073fc8f2e7105d4a8acec2b035b1f2b242b3b1f9,1,0,0.0,1,1,1.0,1,0,0,0,0,0.0,0,2025-11-30 10:08:44.234,2025-11-30 10:08:44.234,1.0,-1.0,0.0071,0.0,0,0.0,0.0,0
d925e688ccedd0da69f963bca7b3f9d721a8e43c68e2cfd343e79ffd534037c0,3,0,0.0,2,3,1.0,2,0,0,0,0,0.0,0,2025-11-30 07:19:40.018,2025-12-02 07:55:13.471,2.02,-1.0,0.0142,0.0,0,0.0,0.0,0
4851c882d4882a47a025063ec5f92302fdd480f9aa7bd655951b2f406822e5b8,1,0,0.0,1,1,1.0,1,0,0,0,0,0.0,0,2025-11-30 12:54:01.589,2025-11-30 12:54:01.589,1.0,-1.0,0.0071,0.0,0,0.0,0.0,0
15834b3bf595fb5f3e972f9b29d227b0e964953d38acbb891ab7a6f075c802cd,1,0,0.0,1,1,1.0,1,0,0,0,0,0.0,0,2025-11-30 06:02:30.452,2025-11-30 06:02:30.452,1.0,-1.0,0.0071,0.0,0,0.0,0.0,0
43f5d03efbd6db7e3e7a209f6504c78bdcea4d62093bf1c4396bf4ea78cc08df,2,0,0.0,1,1,2.0,1,0,0,0,0,0.0,0,2025-11-30 05:41:03.891,2025-11-30 05:43:40.539,1.0,-1.0,0.0071,0.0,0,0.0,0.0,0
43d70bee5c0a9b950d24aec92c6e2a1d6a03981bbfb61cb493f88fb1c10e5a04,3,0,0.0,1,1,3.0,3,0,0,0,1,0.0,0,2025-11-30 10:11:27.069,2025-11-30 10:12:21.029,1.0,-1.0,0.0213,0.0,0,0.0,0.3333,0
f9bb068a4d0025bb9c1273921aad84c454114cf33add3f5e018680087d3ee1a5,1,1,1.0,1,1,1.0,1,0,1,0,0,0.0,0,2025-11-30 09:04:05.113,2025-11-30 09:04:05.113,1.0,0.0,0.0071,0.0,0,0.0,0.0,0
2aa2df238429458688bfa5ef36548ab25dac66d3032db503ef531b55ec383ee0,2,0,0.0,1,1,2.0,1,0,0,0,0,0.0,0,2025-11-30 21:23:08.714,2025-11-30 21:23:28.218,1.0,-1.0,0.0071,0.0,0,0.0,0.0,0
3821630a1ced6335e0698815ae105891cb612a5dee91d4850f46a4365f458435,10,0,0.0,3,3,3.33,1,0,0,0,0,0.0,0,2025-11-30 12:57:24.153,2025-12-03 12:38:53.255,2.99,-1.0,0.0071,0.0,0,0.0,0.0,0
72d89de0ee432a1459be71b120576d3e3c6f3eb1e5996ebc77d32d4bda201c62,1,1,1.0,1,1,1.0,1,0,1,0,0,0.0,0,2025-11-30 12:32:24.097,2025-11-30 12:32:24.097,1.0,0.0,0.0071,0.0,0,0.0,0.0,0
8c9f8a080eda23b0fb4fbed037030b5568e8dfc9b1bb1e903c04b5814bfcc40f,1,0,0.0,1,1,1.0,1,0,0,0,1,0.0,0,2025-11-30 19:15:55.035,2025-11-30 19:15:55.035,1.0,-1.0,0.0071,0.0,0,0.0,1.0,0
583e532e9c3fd959b271a4ab070f83f8bc4aebd3e8f1a359569383f209bc7542,1,1,1.0,1,1,1.0,1,0,1,0,0,0.0,0,2025-11-30 01:11:30.761,2025-11-30 01:11:30.761,1.0,0.0,0.0071,0.0,0,0.0,0.0,0
7e7e3e2cdc91194a3621a971376221820fb1629e10dcb974104a79d7cd7dda26,1,1,1.0,1,1,1.0,1,0,1,0,0,0.0,0,2025-11-30 00:28:25.053,2025-11-30 00:28:25.053,1.0,0.0,0.0071,0.0,0,0.0,0.0,0
f02c5239835ce108bf8f4a0f479c2a5b3c8da5a548eb52ffc8f3ca65dce4e81d,1,1,1.0,1,1,1.0,1,0,1,0,0,0.0,0,2025-11-30 07:20:52.020,2025-11-30 07:20:52.020,1.0,0.0,0.0071,0.0,0,0.0,0.0,0
3951326a142149aac7349b15aeb161b27cdab2fb3a33c76b950d6a1c261367a2,1,1,1.0,1,1,1.0,1,0,1,0,0,0.0,0,2025-11-30 13:35:31.046,2025-11-30 13:35:31.046,1.0,0.0,0.0071,0.0,0,0.0,0.0,0
85a4547d1e72672648885d08729f1e25aebff63f13bfeae8198ae0fead601e3c,1,1,1.0,1,1,1.0,1,0,1,0,0,0.0,0,2025-11-30 06:35:07.672,2025-11-30 06:35:07.672,1.0,0.0,0.0071,0.0,0,0.0,0.0,0
cd9485526fa86b2419080b8d3de947714f27e2574e263a9c9b594d72ee42d6ec,1,0,0.0,1,1,1.0,1,0,0,0,0,0.0,0,2025-11-30 14:10:46.975,2025-11-30 14:10:46.975,1.0,-1.0,0.0071,0.0,0,0.0,0.0,0
05e7d631842699c321580b0670ec01f6f698fb279d997c3b76bdef6537329c9d,1,0,0.0,1,1,1.0,1,0,0,0,0,0.0,0,2025-11-30 03:08:31.767,2025-11-30 03:08:31.767,1.0,-1.0,0.0071,0.0,0,0.0,0.0,0
f9809e2ff4dd27bad9c5d5c8c576d4b9d5692aec525387ef58d5334ac323b30c,1,0,0.0,1,1,1.0,1,0,0,0,0,0.0,0,2025-11-30 22:14:49.933,2025-11-30 22:14:49.933,1.0,-1.0,0.0071,0.0,0,0.0,0.0,0
02585640dbdcf9586c94d230c4577d0a85eee719bad0ae7150f61e392f245903,1,1,1.0,1,1,1.0,1,0,1,0,0,0.0,0,2025-11-30 07:53:51.699,2025-11-30 07:53:51.699,1.0,0.0,0.0071,0.0,0,0.0,0.0,0
1a7e12eb607766d8fc357ac8f33636209d238e2a37a64877acc696ec7f1fd272,1,0,0.0,1,1,1.0,1,0,0,0,0,0.0,0,2025-11-30 13:10:13.066,2025-11-30 13:10:13.066,1.0,-1.0,0.0071,0.0,0,0.0,0.0,0
0c7dd9cc453ac1a9faba272ba8ba899c526bddd081587853439bb80eaf0c6006,1,1,1.0,1,1,1.0,1,0,1,0,0,0.0,0,2025-11-30 18:48:04.575,2025-11-30 18:48:04.575,1.0,0.0,0.0071,0.0,0,0.0,0.0,0
12c3cd8791482d96e91852ed3f0969ac63e32129974292862b9ab230bcf93553,1,0,0.0,1,1,1.0,1,0,0,0,0,0.0,0,2025-12-01 15:54:49.021,2025-12-01 15:54:49.021,1.0,-1.0,0.0071,0.0,0,0.0,0.0,0
48f8a5fb0a22937b131e2ab8d41f15120d4bab1262ea2b5e701630556f9f7a90,1,0,0.0,1,1,1.0,1,0,0,0,0,0.0,0,2025-12-01 04:24:10.038,2025-12-01 04:24:10.038,1.0,-1.0,0.0071,0.0,0,0.0,0.0,0
e81495563d993c06c331187325001fc3fd239698cc12c0f484bf3daaa109f290,1,1,1.0,1,1,1.0,1,0,1,0,0,0.0,0,2025-12-01 05:04:46.104,2025-12-01 05:04:46.104,1.0,0.0,0.0071,0.0,0,0.0,0.0,0
36ea952a48aa43c1c2daf23a4ed0dcb96919691c44a8731c0cc2bcd2f8357b21,1,0,0.0,1,1,1.0,1,0,0,0,0,0.0,0,2025-12-01 06:49:15.495,2025-12-01 06:49:15.495,1.0,-1.0,0.0071,0.0,0,0.0,0.0,0
3f7397dcb4ecf0ba10ec8b6fd401a4b36df9b6d988770425a28362478202f467,3,0,0.0,1,1,3.0,3,0,0,0,1,0.0,0,2025-12-01 11:15:06.383,2025-12-01 11:15:31.672,1.0,-1.0,0.0213,0.0,0,0.0,0.3333,0
80e95e8051f93c8587cd3f275d5fde74544f1cc3834174341a45f7a831298279,3,0,0.0,1,1,3.0,3,0,0,0,1,0.0,0,2025-12-01 18:27:24.627,2025-12-01 18:27:57.102,1.0,-1.0,0.0213,0.0,0,0.0,0.3333,0
e5c0a2cf1b973fb744d05fc2c786328f5cb3d61f63261fd06442f8a9dec91051,429,131,0.3054,2,3,143.0,22,0,1,0,1,0.0,1,2025-12-01 05:14:07.749,2025-12-08 12:10:12.675,7.29,2.14,0.156,0.9906,1,0.03149498168674699,0.972,0
816625c05715ec6966345d299ca6256d63673c681e6395c84ed4ab6151420e03,13,5,0.3846,1,1,13.0,8,0,1,0,1,0.0,1,2025-12-01 05:25:14.554,2025-12-01 05:30:46.844,1.0,4.91,0.0567,0.0,0,0.0124,0.6154,0
308ddfc8e7b7cc8fea2284be01a24962ff9fbd4f83a76316f83b74045353288a,2,0,0.0,1,2,1.0,1,0,0,0,0,0.0,0,2025-12-01 03:58:04.253,2025-12-01 05:36:53.567,1.0,-1.0,0.0071,0.0,0,0.0,0.0,0
a36ebd4de7039910addee3bfa8300095c537bc44617fcc6d2b285d3057ba6b94,8,0,0.0,3,5,1.6,3,0,0,0,1,0.0,0,2025-12-01 02:11:22.149,2025-12-08 16:46:45.050,7.61,-1.0,0.0213,-0.25,0,0.0,0.125,0
b90d5e0c33f33fbc87ad8ba1ad2925fe79900075c2f8b42eaa4161ea0c5310de,6,2,0.3333,3,5,1.2,2,0,1,0,0,0.0,0,2025-12-01 11:23:42.154,2025-12-04 15:14:48.848,3.16,0.0,0.0142,0.0,0,0.0,0.0,0
3ac46324375bb6662d056edd953ca5b0da72d039398911a2a69116ca4a3f2272,162,43,0.2654,1,1,162.0,25,1,1,0,1,0.0,1,2025-12-01 22:29:59.112,2025-12-01 22:39:48.201,1.0,0.45,0.1773,0.0,1,0.038691982413793104,0.8704,0
049d8db5dacda44acfb4b15e9d9f38134fe3df2f01519789974d4803ebce2572,5,0,0.0,1,1,5.0,5,0,0,0,1,0.0,0,2025-12-01 16:40:54.259,2025-12-01 16:41:53.258,1.0,-1.0,0.0355,0.0,0,0.0,0.2,0
09516c978fce5d24dde861659627cf74aadb6b52fedb7ccb3e35d30a2e94b5e3,2,0,0.0,1,1,2.0,1,0,0,0,0,0.0,0,2025-12-01 06:21:00.183,2025-12-01 06:21:06.392,1.0,-1.0,0.0071,0.0,0,0.0,0.0,0
9728bf8ddea291a45d31d76d407dea92d2e21762d1420d314cd874612f2f5eb2,1,1,1.0,1,1,1.0,1,0,1,0,0,0.0,0,2025-12-01 14:27:41.370,2025-12-01 14:27:41.370,1.0,0.0,0.0071,0.0,0,0.0,0.0,0
1844b3faa6f44706dbf0b29dc227873b6c26a4b1136cac80485c9eb28c4ddd8f,1,1,1.0,1,1,1.0,1,0,1,0,0,0.0,0,2025-12-01 13:44:09.078,2025-12-01 13:44:09.078,1.0,0.0,0.0071,0.0,0,0.0,0.0,0
627e2209ac48d0c306fb6dac3b19186bbd00406dd2c939390f8c2728595879ce,26,1,0.0385,6,15,1.73,9,0,1,0,1,0.0,1,2025-12-01 04:05:38.610,2025-12-06 08:06:49.294,5.17,793.27,0.0638,0.0,0,0.0056500000000000005,0.1154,0
6fc51ebb74c1c122421696e82770f37eeb56f9622e298cda133d3f7f3e95c27b,2,0,0.0,1,1,2.0,1,0,0,0,0,0.0,0,2025-12-01 17:30:31.523,2025-12-01 17:30:44.123,1.0,-1.0,0.0071,0.0,0,0.0,0.0,0
a8b567ace5a5e59376b0ce94b059ffd5cf3060521e1aa2b0e3c0f3e96052f3ca,296,85,0.2872,1,1,296.0,20,0,1,0,1,0.0,1,2025-12-01 13:30:49.719,2025-12-01 13:41:16.048,1.0,0.81,0.1418,0.0,1,0.025248322711864408,0.9764,0
e20b26f38aae33f6ed4e4f7ee3e9837c9c46ab0c512d9992b84ca2124300016c,2,0,0.0,1,1,2.0,1,0,0,0,0,0.0,0,2025-12-01 11:01:04.486,2025-12-01 11:01:17.199,1.0,-1.0,0.0071,0.0,0,0.0,0.0,0
f0b425bba806c7c8b90989b07f25baabc2b99803b8d685ad310018416554953b,1,1,1.0,1,1,1.0,1,0,1,0,0,0.0,0,2025-12-01 13:19:05.791,2025-12-01 13:19:05.791,1.0,0.0,0.0071,0.0,0,0.0,0.0,0
41c08e9fab94f755f1e18ed1e188da8f7bf8fec363adf5a50a53590c3a3d9c76,15,4,0.2667,1,1,15.0,8,0,1,0,1,0.0,1,2025-12-01 16:22:00.781,2025-12-01 16:22:59.407,1.0,0.52,0.0567,0.0,0,0.012166666666666666,0.4667,0
d928aa70c13c7af58366d05b76090d58ab123e8a42df12ae91991a30793294aa,5,0,0.0,2,2,2.5,5,0,0,0,1,0.0,0,2025-12-01 22:11:13.699,2025-12-02 08:57:22.773,1.0,-1.0,0.0355,0.0,0,0.0,0.2,0
7f70407d0cf963540324cfba3dc8cc48294e0dc5e11e9bfcf2bd09461a73f05e,13,2,0.1538,2,1,13.0,9,0,1,0,1,0.0,2,2025-12-01 10:12:26.984,2025-12-02 09:03:36.493,1.0,0.6,0.0638,0.0,0,83.0,0.1538,0
c25a8632a8f57647500800515c1e74c8ebb95a1d117bcc7518fc6c93b3fc0f16,2,0,0.0,2,2,1.0,2,0,0,0,1,0.0,0,2025-12-01 10:42:40.278,2025-12-02 09:04:18.009,1.0,-1.0,0.0142,0.0,0,83.0,1.0,0
96e7ec644d12a25734a64f391d70641cc9d64a525c63eed8f2d3b33a5314de7c,5,0,0.0,2,3,1.67,4,0,0,0,1,0.0,0,2025-12-01 03:37:29.875,2025-12-08 12:37:46.822,7.38,-1.0,0.0284,0.3333,0,0.0,0.2,0
c9da937595162e0989d5ae9ae76e6023250cf6f74c222dea08c61b4d19a42faf,4,0,0.0,1,1,4.0,4,0,0,0,1,0.0,0,2025-12-01 14:23:58.766,2025-12-01 14:24:26.430,1.0,-1.0,0.0284,0.0,0,0.0,0.25,0
c9b135345a79244300687fcf1fc41bba75f874c7d97b82dea6f7a557e715b831,8,0,0.0,1,1,8.0,4,0,0,0,1,0.0,0,2025-12-01 14:56:31.885,2025-12-01 14:56:41.113,1.0,-1.0,0.0284,0.0,0,0.0,0.125,0
44e651089b35da8fbd1cd5bedadcf9af3f4b261cc7a72dc449ce1486cccf0da6,5,0,0.0,1,2,2.5,5,0,0,0,1,0.0,0,2025-12-01 04:00:59.027,2025-12-01 04:04:48.260,1.0,-1.0,0.0355,0.0,0,0.0,0.2,0
b481e69e61ddfa32b5cfece8ab301fc965ad80adad1ba62a3b3a3a56f0a7a9e7,2,0,0.0,1,1,2.0,1,0,0,0,0,0.0,0,2025-12-01 18:21:30.054,2025-12-01 18:21:32.444,1.0,-1.0,0.0071,0.0,0,0.0,0.0,0
44e486905bd6fb95d8b004d909993f1f6b89931eab62b76c390f45a8815749ae,9,0,0.0,2,2,4.5,6,0,0,0,1,0.0,0,2025-12-01 06:50:38.050,2025-12-06 19:09:28.448,5.51,-1.0,0.0426,0.0,0,0.0,0.1111,0
1865a8b406737ba36a3eee81ccbb10a02e6126acbacf149833324e4837cd2994,7,0,0.0,1,1,7.0,5,0,0,0,1,0.0,0,2025-12-01 02:50:48.895,2025-12-01 02:51:26.486,1.0,-1.0,0.0355,0.0,0,0.0,0.2857,0
7ed757711f5cbb9a4cef8e38c521ae70465787e479de4b453b76ffd7d851a97e,4,0,0.0,3,4,1.0,1,0,0,0,0,0.0,0,2025-12-01 15:49:30.045,2025-12-04 20:28:31.092,3.19,-1.0,0.0071,0.0,0,0.0,0.0,0
a0d49bdd10efbac0cbcec5febe690715db174fe9b8ae6203a2f8003308facb65,2,0,0.0,1,1,2.0,1,0,0,0,0,0.0,0,2025-12-01 06:01:14.834,2025-12-01 06:01:17.910,1.0,-1.0,0.0071,0.0,0,0.0,0.0,0
e6ad3927fe4c931c9b7ddb671c8db726fe8bfb7d864484f5c84c1261b0ac1798,4,0,0.0,3,3,1.33,1,0,0,0,0,0.0,0,2025-12-01 22:10:35.183,2025-12-04 10:28:11.786,2.51,-1.0,0.0071,0.0,0,0.0,0.0,0
ef752e47a33ee486f28e953b3a0f026b057bc4374ecac13f80912f6d8416ddaf,1,0,0.0,1,1,1.0,1,0,0,0,0,0.0,0,2025-12-01 01:01:59.000,2025-12-01 01:01:59.000,1.0,-1.0,0.0071,0.0,0,0.0,0.0,0
65657b2b6e5de6cff26edbe5ff50789939b40310c5d18ecd4d4d2c6b7652c7cf,12,0,0.0,3,3,4.0,2,0,0,0,0,0.0,0,2025-12-01 09:57:43.854,2025-12-03 10:15:47.996,2.01,-1.0,0.0142,0.0,0,0.0,0.0,0
a8b03490cf4579fef3500339a712727be3160111f24e89182339e9047f90c42d,2,0,0.0,1,1,2.0,2,0,0,0,0,0.0,0,2025-12-01 15:34:42.839,2025-12-01 15:35:31.068,1.0,-1.0,0.0142,0.0,0,0.0,0.0,0
d8f4aa20ddcf4d7bf10ec734e0ca904fa4445e89b32fca1657f454a99bf52e69,3,0,0.0,1,1,3.0,1,0,0,0,0,0.0,0,2025-12-01 20:03:13.006,2025-12-01 20:03:14.197,1.0,-1.0,0.0071,0.0,0,0.0,0.0,0
75bca6a6a59f2619691786a058c8c3c1cb6aba368c567d2b1473d78f88ae2e96,1,0,0.0,1,1,1.0,1,0,0,0,0,0.0,0,2025-12-01 16:34:25.673,2025-12-01 16:34:25.673,1.0,-1.0,0.0071,0.0,0,0.0,0.0,0
73f331723a1260ba66182a3db446ec19e5144980775ce126ff957567891ca148,1,1,1.0,1,1,1.0,1,0,1,0,0,0.0,0,2025-12-01 10:51:10.480,2025-12-01 10:51:10.480,1.0,0.0,0.0071,0.0,0,0.0,0.0,0
513d3ba5388036a2d8f8bda21bab9f101436851ec29b27ff72b82259b4342092,2,1,0.5,1,1,2.0,2,0,1,0,0,0.0,0,2025-12-01 02:21:20.270,2025-12-01 02:24:26.212,1.0,3.1,0.0142,0.0,0,0.0,0.0,0
82b655114bc37d35b2d04027d0e19c90359db5cae744f1b20e72a670e81dba8e,1,0,0.0,1,1,1.0,1,0,0,0,0,0.0,0,2025-12-01 14:23:30.061,2025-12-01 14:23:30.061,1.0,-1.0,0.0071,0.0,0,0.0,0.0,0
f12e6125ebff2ded6bc8ee0fc0098617a3e79609af8fbf4a8f152e50d4d6b651,1,0,0.0,1,1,1.0,1,0,0,0,0,0.0,0,2025-12-01 14:52:27.656,2025-12-01 14:52:27.656,1.0,-1.0,0.0071,0.0,0,0.0,0.0,0
847276b366a4db87e0158bf85ce8c6e93361f140e7a2cc6adbb87076c10b47a6,3,0,0.0,1,1,3.0,1,0,0,0,0,0.0,0,2025-12-01 10:13:25.246,2025-12-01 10:14:10.758,1.0,-1.0,0.0071,0.0,0,0.0,0.0,0
8d4c898d252baf44de3157a22a2d909046be300e12999963f0c75c2ab450de75,2,1,0.5,2,2,1.0,2,0,1,0,0,0.0,0,2025-12-01 02:10:01.316,2025-12-08 16:45:49.398,7.61,0.0,0.0142,0.0,0,0.0,0.0,0
3cb64cf5c791fd9d304410252499a75921d882565e6332c9f4f9e53bfc6a11f5,1,0,0.0,1,1,1.0,1,0,0,0,0,0.0,0,2025-12-01 07:32:54.782,2025-12-01 07:32:54.782,1.0,-1.0,0.0071,0.0,0,0.0,0.0,0
78d7151c5ca23db20b5c3c19beed86499571e40e6aea6bee6f4b0e76e90e35e8,1,1,1.0,1,1,1.0,1,0,1,0,0,0.0,0,2025-12-01 15:42:39.888,2025-12-01 15:42:39.888,1.0,0.0,0.0071,0.0,0,0.0,0.0,0
e08bf045531ea278e85512b70d5631fb29d8f2f6f35fef516cfa8f2f85261f16,2,0,0.0,1,1,2.0,2,0,0,0,1,0.0,0,2025-12-01 16:22:14.653,2025-12-01 16:45:11.535,1.0,-1.0,0.0142,0.0,0,0.0,1.0,0
321b5b03b14e2d74305bdd06737ab72ba20364d1c35de1cd14fee7948e5051c8,1,0,0.0,1,1,1.0,1,0,0,0,0,0.0,0,2025-12-01 02:48:45.862,2025-12-01 02:48:45.862,1.0,-1.0,0.0071,0.0,0,0.0,0.0,0
d0e4a7df773c46a0c47bf242fb277464c231554a219954af00172f98b3594f7e,1,1,1.0,1,1,1.0,1,0,1,0,0,0.0,0,2025-12-01 10:25:35.269,2025-12-01 10:25:35.269,1.0,0.0,0.0071,0.0,0,0.0,0.0,0
d276956d760a7385b95339c2d069aa3b60838fec1561e3ba9db3737cda9dc516,1,0,0.0,1,1,1.0,1,0,0,0,0,0.0,0,2025-12-01 22:29:45.425,2025-12-01 22:29:45.425,1.0,-1.0,0.0071,0.0,0,0.0,0.0,0
8b3b3195b7ebb5b4760aa8cb4212d2620b22fa01466e9291bd184aec2dd97b61,1,0,0.0,1,1,1.0,1,0,0,0,0,0.0,0,2025-12-01 02:23:10.999,2025-12-01 02:23:10.999,1.0,-1.0,0.0071,0.0,0,0.0,0.0,0
3dd36cb18309ac5519f61ae4dda544580ab9fcf3234278e2671bb8cc1214c889,3,3,1.0,2,2,1.5,1,0,1,0,0,0.0,0,2025-12-01 11:32:37.055,2025-12-04 11:26:26.761,3.0,0.0,0.0071,0.0,0,0.0,0.0,0
82559610a0482d65f7ad4b3dc899f0a41d2398d2b6841828a79f68a81a73371c,1,0,0.0,1,1,1.0,1,0,0,0,0,0.0,0,2025-12-01 00:18:52.192,2025-12-01 00:18:52.192,1.0,-1.0,0.0071,0.0,0,0.0,0.0,0
5c7b6de656b12ea68e3c7d94fc0552e4f9280516fd765f0c99ebba65cb569c09,2,0,0.0,1,1,2.0,2,0,0,0,0,0.0,0,2025-12-01 04:00:12.568,2025-12-01 04:27:30.683,1.0,-1.0,0.0142,0.0,0,0.0,0.0,0
b8556e93b246aad7eec5f2e3f0962cfa6bf30f76cfee85ea52e58c5a3cee559c,2,0,0.0,1,1,2.0,2,0,0,0,1,0.0,0,2025-12-01 02:37:34.837,2025-12-01 02:37:36.547,1.0,-1.0,0.0142,0.0,0,0.0,0.5,0
57315ceef2b80cce807e95ab0ddedd1bef5bdf61b94f78cfc84e7790a03a83f2,1,1,1.0,1,1,1.0,1,0,1,0,0,0.0,0,2025-12-01 17:42:10.343,2025-12-01 17:42:10.343,1.0,0.0,0.0071,0.0,0,0.0,0.0,0
977eceb80f25823cb008eedc0ccf67a30eeacfbb26a4270ef505f7f19becd5fd,1,0,0.0,1,1,1.0,1,0,0,0,0,0.0,0,2025-12-01 05:20:30.170,2025-12-01 05:20:30.170,1.0,-1.0,0.0071,0.0,0,0.0,0.0,0
e217be4246eadf2eda7febb7044673dc819d67bad34cb7168b5cdfc63bdd5c18,1,0,0.0,1,1,1.0,1,0,0,0,1,0.0,0,2025-12-01 11:58:29.941,2025-12-01 11:58:29.941,1.0,-1.0,0.0071,0.0,0,0.0,1.0,0
f47df3d6d39209bcadb4a8d811474a21cc60edb3c737245b0fca87c11d442acc,1,0,0.0,1,1,1.0,1,0,0,0,0,0.0,0,2025-12-01 17:46:11.754,2025-12-01 17:46:11.754,1.0,-1.0,0.0071,0.0,0,0.0,0.0,0
75f0f4159dc6f2c8de491159b3f8bcdde846a24971902b52d5f22ffc02e3310d,1,1,1.0,1,1,1.0,1,0,1,0,0,0.0,0,2025-12-01 12:33:32.152,2025-12-01 12:33:32.152,1.0,0.0,0.0071,0.0,0,0.0,0.0,0
42323b34eaed07743c1bbc525602a34d5108226d644eed2b67152c1a14479741,1,0,0.0,1,1,1.0,1,0,0,0,0,0.0,0,2025-12-01 04:15:20.241,2025-12-01 04:15:20.241,1.0,-1.0,0.0071,0.0,0,0.0,0.0,0
4cfc1392fb42ad416e767d6a9ec769d1a717027103441a575cb903252142bc3e,1,1,1.0,1,1,1.0,1,0,1,0,0,0.0,0,2025-12-01 13:26:51.388,2025-12-01 13:26:51.388,1.0,0.0,0.0071,0.0,0,0.0,0.0,0
05103fa462a01f64abf1ea1553cfd89c157033373f0a71a9bbc63397c0731f26,3,1,0.3333,2,3,1.0,2,0,1,0,0,0.0,0,2025-12-01 03:36:12.700,2025-12-08 12:37:44.577,7.38,0.0,0.0142,-1.0,0,0.0,0.0,0
616125a6cb1ef993a123f794ba89bf042705464845fb2594d40b079d8ce6acb5,1,1,1.0,1,1,1.0,1,0,1,0,0,0.0,0,2025-12-01 18:54:49.736,2025-12-01 18:54:49.736,1.0,0.0,0.0071,0.0,0,0.0,0.0,0
5db71b760e438040a864cd28ef3ab861e78b3843319ed4c59dbab4e272c9ba86,1,1,1.0,1,1,1.0,1,0,1,0,0,0.0,0,2025-12-01 10:20:55.130,2025-12-01 10:20:55.130,1.0,0.0,0.0071,0.0,0,0.0,0.0,0
5a9b49b6bcfcebc67113f703cd98825826ff56d8942830c4ef88fa9fd14d6d78,2,2,1.0,1,1,2.0,1,0,1,0,0,0.0,0,2025-12-01 14:19:14.521,2025-12-01 14:19:14.571,1.0,0.0,0.0071,0.0,0,0.0,0.0,0
4644ed1170737ffd3fcc2a988c795beee56b8e7cc22474e987d80a4620f252bc,1,1,1.0,1,1,1.0,1,0,1,0,0,0.0,0,2025-12-01 02:37:10.500,2025-12-01 02:37:10.500,1.0,0.0,0.0071,0.0,0,0.0,0.0,0
d53918a95d0763709f37dcbea51d85a66d647bc12d929c2340695b6d2a7f2866,2,0,0.0,2,2,1.0,1,0,0,0,0,0.0,0,2025-12-01 15:51:26.843,2025-12-02 16:04:09.019,1.01,-1.0,0.0071,0.0,0,0.0,0.0,0
13a0fc50f154b33a18448bce148c91b1bc41a666e114db040c5e4c3d08f1e285,2,0,0.0,1,1,2.0,1,0,0,0,0,0.0,0,2025-12-01 20:32:14.448,2025-12-01 20:32:24.484,1.0,-1.0,0.0071,0.0,0,0.0,0.0,0
6f778a20c27c1305c431d5b0135454d3bd3126f49daf77450ddc0adce8c5a139,1,0,0.0,1,1,1.0,1,0,0,0,0,0.0,0,2025-12-01 17:29:07.045,2025-12-01 17:29:07.045,1.0,-1.0,0.0071,0.0,0,0.0,0.0,0
80efcd2224f0979df6a801780ebff89b06da8b93d30b74d26c28bf84ad292e7f,25,4,0.16,3,4,6.25,9,0,1,0,1,0.0,1,2025-12-02 01:31:34.597,2025-12-05 14:21:47.925,3.53,0.31,0.0638,0.0,0,0.0017336800000000002,0.12,0
e43ccca74c5f318f381f7fe3b5fcd3e94a92d7df9226f65d4d2297777a5933da,26,5,0.1923,1,1,26.0,8,0,1,0,1,0.0,0,2025-12-02 15:31:28.917,2025-12-02 15:36:24.551,1.0,2.07,0.0567,0.0,0,0.012046153846153845,0.6538,0
6e483ebddce7ffbd6fdc82980c43db7dc1f919622059f388f1c7d1baa4cbb1a9,2,0,0.0,1,1,2.0,1,0,0,0,0,0.0,0,2025-12-02 05:08:19.878,2025-12-02 05:08:20.054,1.0,-1.0,0.0071,0.0,0,0.0,0.0,0
013ada1d72999e72cb8ace842e81d5a8f4816ddb63338c9fb319fcffd84acee5,2,0,0.0,1,2,1.0,1,0,0,0,0,0.0,0,2025-12-02 04:14:56.767,2025-12-02 05:18:11.687,1.0,-1.0,0.0071,0.0,0,0.0,0.0,0
367629bb98c00299051b9eb6c8125fe498e1fa7d918e132faa95f0d909c7fc6f,273,83,0.304,1,1,273.0,11,0,1,0,1,0.0,0,2025-12-02 17:15:13.476,2025-12-02 17:28:35.226,1.0,1.56,0.078,0.0,1,0.021569232661290322,1.0,0
fcd9586966b028e0ec88503253bf510bc5472681c77688d68f823f72c7f246df,13,0,0.0,3,4,3.25,6,0,0,0,1,0.0,0,2025-12-02 16:51:02.074,2025-12-08 16:53:55.096,6.0,-1.0,0.0426,0.0,0,0.0,0.0769,0
e1bfccfc6f339c2e948020977c0870c2eabe48f14e12b2eb2b96fc940ce15100,4,0,0.0,1,1,4.0,3,0,0,0,1,0.0,0,2025-12-02 16:32:02.676,2025-12-02 16:36:46.439,1.0,-1.0,0.0213,0.0,0,0.0,0.25,0
c2ae22609e7249d5dcc12aea456f6cfb190af52eaf47ed47cb2f9711a2eb3971,17,5,0.2941,1,1,17.0,7,0,1,0,1,0.0,1,2025-12-02 04:33:13.187,2025-12-02 04:33:44.751,1.0,0.49,0.0496,0.0,0,0.0135,0.5294,0
f5e6cc8d37ca5b1074de2cc5f11d2ca7d669ab9afabff18e44fa99e22132e812,8,0,0.0,1,1,8.0,5,0,0,0,1,0.0,0,2025-12-02 14:52:06.107,2025-12-02 14:55:43.525,1.0,-1.0,0.0355,0.0,0,0.0,0.125,0
53ac0e7314129452e8cdcecb9af8b3052b68e9b4a9698fd70fc780375a0da52a,1,0,0.0,1,1,1.0,1,0,0,0,0,0.0,0,2025-12-02 19:58:39.968,2025-12-02 19:58:39.968,1.0,-1.0,0.0071,0.0,0,0.0,0.0,0
498bf431b30aa8412bbe4781c774e3e55ab48e94775967a0d8c9e3a846a84402,10,0,0.0,2,2,5.0,5,0,0,0,1,0.0,0,2025-12-02 17:04:52.379,2025-12-03 02:34:33.259,1.0,-1.0,0.0355,0.0,0,0.0,0.1,0
98880c6045bd3b5fee7e71a401d0373dcb72fbcf110a49889a2ceca07bb67382,7,1,0.1429,1,1,7.0,7,0,1,0,1,0.0,0,2025-12-02 21:16:05.997,2025-12-02 21:16:35.280,1.0,0.49,0.0496,0.0,0,0.0,0.4286,0
661bf60c366fe89837ae746280e2580ec07e8426436e5d44cdca0e33503de005,1,0,0.0,1,1,1.0,1,0,0,0,0,0.0,0,2025-12-02 15:01:44.193,2025-12-02 15:01:44.193,1.0,-1.0,0.0071,0.0,0,0.0,0.0,0
8f5d21a7e1f2c67ec65388f8ef7deb24edb438a5433fc876392e2d0f825903d4,8,0,0.0,1,1,8.0,4,0,0,0,1,0.0,0,2025-12-02 14:39:59.058,2025-12-02 14:40:13.927,1.0,-1.0,0.0284,0.0,0,0.0,0.125,0
963e539e1458b3cdf3c8a40baf3b8d547c00518fef6fd042aa7f7d61818a21d7,1,1,1.0,1,1,1.0,1,0,1,0,0,0.0,0,2025-12-02 06:22:07.023,2025-12-02 06:22:07.023,1.0,0.0,0.0071,0.0,0,0.0,0.0,0
f0deb59b759423f26bdcc870f322e235390c277ff3bc0d7d8d64a023371f5b19,4,0,0.0,1,1,4.0,1,0,0,0,0,0.0,0,2025-12-02 06:49:04.636,2025-12-02 06:49:10.693,1.0,-1.0,0.0071,0.0,0,0.0,0.0,0
4d3a684b4cb3d48a7835ae03e2f1fd6046df0d1f4033a5c6a5df8048abf14e50,15,0,0.0,1,1,15.0,1,0,0,0,0,0.0,0,2025-12-02 07:25:05.049,2025-12-02 07:47:22.960,1.0,-1.0,0.0071,0.0,0,0.0,0.0,0
edb27bda2d804b29d5131608b3b77883830d45deb484c6410305069c4bb126c0,20,5,0.25,1,1,20.0,6,0,1,0,1,0.0,0,2025-12-02 19:11:26.106,2025-12-02 19:17:50.326,1.0,2.42,0.0426,0.0,0,0.020475,0.65,0
f12386d18d634387218dd7f664339faa096fb2433a8935b8cd317da323c95709,2,2,1.0,1,1,2.0,1,0,1,0,0,0.0,0,2025-12-02 12:28:30.679,2025-12-02 12:28:34.818,1.0,0.0,0.0071,0.0,0,0.0,0.0,0
66a76de53546c4004a6f929adc95fe09feb370d8d3526be8f69c4e8dd81b8fcb,165,50,0.303,1,1,165.0,15,0,1,0,1,0.0,0,2025-12-02 17:11:22.054,2025-12-02 17:29:27.519,1.0,1.98,0.1064,0.0,1,0.021147642567567567,0.9697,0
12f7c343498efce6dc7b04c8d6cbf0ed111d3e89e32094b6a5214a23a9479ea2,589,188,0.3192,1,1,589.0,23,0,1,0,1,0.0,1,2025-12-02 11:54:12.105,2025-12-02 12:24:02.922,1.0,0.96,0.1631,0.0,1,0.028387455605381168,0.9864,0
9e90eb87a527ebc0192f86087d8dccff73520dc6a6f7cbbc0e0578d44df11f2f,107,30,0.2804,1,1,107.0,11,0,1,0,1,0.0,0,2025-12-02 08:50:49.158,2025-12-02 09:05:34.343,1.0,10.61,0.078,0.0,1,0.05215150956521739,1.0,0
af6ab94cff47ad4b18ddaf09d4b16629997b21d62cf0f8aa0806815a2b7790f0,5,0,0.0,1,1,5.0,1,0,0,0,0,0.0,0,2025-12-02 19:42:47.710,2025-12-02 19:50:31.484,1.0,-1.0,0.0071,0.0,0,0.0,0.0,0
7dfc25c78e9ed0e1a003d2e0f5d2fb6173ae227ad583c4dbd32dfa61658e8c2e,9,0,0.0,1,1,9.0,7,0,0,0,1,0.0,0,2025-12-02 17:51:14.857,2025-12-02 17:51:49.664,1.0,-1.0,0.0496,0.0,0,0.0,0.3333,0
5df18c8018c594404bde5e3b0d0a92cab079d45011309bb9528b213f6b493ce3,2,0,0.0,1,2,1.0,1,0,0,0,0,0.0,0,2025-12-02 12:11:49.262,2025-12-02 15:37:19.765,1.0,-1.0,0.0071,0.0,0,0.0,0.0,0
79c647d75ee382297df22af960b0156104ff43a33c6c60f379f11793b7e6349f,24,8,0.3333,1,1,24.0,11,0,1,0,1,0.0,0,2025-12-02 15:30:56.926,2025-12-02 15:33:30.349,1.0,0.7,0.078,0.0,0,0.007254867142857143,0.5417,0
653b933e076804fcfe55a3c152a6912e05eefcbf937651cc9b4229f578729a0f,191,59,0.3089,1,1,191.0,26,0,1,0,1,0.0,1,2025-12-02 14:14:55.689,2025-12-02 15:04:15.967,1.0,24.23,0.1844,0.0,1,0.04647077985507246,0.8848,0
4d37da02c85adb4c507a82c3ed8f1dc2167ff50fa3519e00d373710aff4b863e,13,1,0.0769,1,1,13.0,8,0,1,0,1,0.0,1,2025-12-02 08:18:11.400,2025-12-02 08:30:38.765,1.0,0.21,0.0567,0.0,0,0.00130026,0.0769,0
11f8ac0517d915b008eeedf330e26b7eeb97c4746332860b96f08e3cdca1129b,566,168,0.2968,1,1,566.0,26,0,1,0,1,0.0,0,2025-12-02 14:56:57.358,2025-12-02 15:53:14.319,1.0,1.42,0.1844,0.0,1,0.02091428772727273,0.9682,0
4f7966af5e8f2bfd816e4d4f7ca6de8b67b9fd6f48d436bba93b68a51e60f5fd,649,186,0.2866,1,2,324.5,22,0,1,0,1,0.0,0,2025-12-02 15:54:54.333,2025-12-02 19:04:10.122,1.0,2.95,0.156,0.0,1,0.019023816216216217,0.9892,0
7bc4f80b14130a8170be93948bb65c449f5a49ccbfccaca41edd66e8bf9eaa4d,19,4,0.2105,2,3,6.33,9,0,1,0,1,0.0,1,2025-12-02 18:11:02.779,2025-12-07 10:09:43.232,4.67,4.04,0.0638,0.0,0,0.012499999999999999,0.3684,0
d051cc748034c71693f909d3d90d63f0e27cc39b282457f1c019e43fd3f46c44,14,0,0.0,2,5,2.8,2,0,0,0,0,0.0,0,2025-12-02 11:42:11.358,2025-12-03 16:21:41.757,1.19,-1.0,0.0142,0.0,0,0.0,0.0,0
5c841b6f9ac70cd800ed31b3f407d9951b8fd036b665a09a967302185d5f73c3,4,0,0.0,1,1,4.0,1,0,0,0,0,0.0,0,2025-12-02 17:45:06.414,2025-12-02 17:50:35.369,1.0,-1.0,0.0071,0.0,0,0.0,0.0,0
f231a9530aac7121d6f26084928b2cc58957efb375fdd119bef5c679fefaed47,8,0,0.0,1,1,8.0,4,0,0,0,1,0.0,0,2025-12-02 19:20:52.843,2025-12-02 19:21:14.682,1.0,-1.0,0.0284,0.0,0,0.0,0.125,0
3359982e7de72eb9210245bb3b434402a0be7c1dcd39daa5c6f156c6a6169efb,5,0,0.0,2,2,2.5,5,0,0,0,1,0.0,0,2025-12-02 08:59:42.581,2025-12-04 10:28:20.671,2.06,-1.0,0.0355,0.0,0,0.0,0.2,0
ef067659f36a1dcde276f2593de9afdd4ae5e10cec4194cd76197a90c1155aa6,46,2,0.0435,4,6,7.67,15,0,1,0,1,0.0,0,2025-12-02 17:58:01.829,2025-12-08 16:28:16.535,5.94,568.5,0.1064,0.0,0,0.0023166666666666665,0.1522,0
b1b34abcaf505768eb76b0c1c138a0e27e7fadd7c98a46803804f7a1452904ea,444,152,0.3423,1,2,222.0,25,0,1,0,1,0.0,1,2025-12-02 08:26:57.936,2025-12-02 12:29:46.816,1.0,1.45,0.1773,0.0,1,0.03030499488095238,0.9595,0
7b50880195886ac3baf52f85180f29c5f3991d920435f2fe2818566f669f053d,387,127,0.3282,4,8,48.38,40,1,1,0,1,0.0,4,2025-12-02 05:00:24.409,2025-12-08 03:30:24.321,5.94,1.2,0.2837,0.0,1,0.024764763923076923,0.8243,0
df8f695cb88cc1a6b13339f7f21b8bcabd8b7bae48f4e6b15332b2089d9cdaaf,97,29,0.299,1,2,48.5,19,0,1,0,1,0.0,1,2025-12-02 08:45:45.361,2025-12-02 11:53:38.286,1.0,166.7,0.1348,0.0,1,0.018410253863636365,0.7526,0
5b67d2861e255de93eb232a1cfe16d64f1beb6061fda0af344c22ffbc20c0eab,33,13,0.3939,1,1,33.0,14,0,1,0,1,0.0,0,2025-12-02 19:22:55.709,2025-12-02 19:28:18.063,1.0,0.31,0.0993,0.0,0,0.011428571428571429,0.5455,0
b845aa8ef2dd079cbcd7a4b606c70af648660c3475033620ff2d4dedf1561daa,3,0,0.0,2,2,1.5,1,0,0,0,0,0.0,0,2025-12-02 15:32:17.362,2025-12-03 14:28:58.323,1.0,-1.0,0.0071,0.0,0,0.0,0.0,0
da9e7a2312e9c7d10c2f9c17a99476dd2ff21ed83d7c0ed807c49f4e8683cfee,1,0,0.0,1,1,1.0,1,0,0,0,0,0.0,0,2025-12-02 01:08:18.457,2025-12-02 01:08:18.457,1.0,-1.0,0.0071,0.0,0,0.0,0.0,0
700affed4c83b0f8588f69123c778957c7f07e39471c57e28443841351d826a4,1,0,0.0,1,1,1.0,1,0,0,0,1,0.0,0,2025-12-02 15:01:41.608,2025-12-02 15:01:41.608,1.0,-1.0,0.0071,0.0,0,0.0,1.0,0
d52e41526808a3a33287c2f6685e82e930f080720bf7eee9a5662293175d130c,21,6,0.2857,1,1,21.0,8,0,1,0,1,0.0,0,2025-12-02 20:36:55.338,2025-12-02 20:40:36.161,1.0,1.17,0.0567,0.0,0,0.012855555555555556,0.5714,0
1b8143b3bc332f32da3f8822174c42537145e061cb5642d71331119a3eabbc57,15,1,0.0667,1,1,15.0,13,1,1,0,1,0.0,1,2025-12-02 10:49:11.714,2025-12-02 10:53:13.544,1.0,0.54,0.0922,0.0,0,0.00282228,0.2,0
0f5344bcace78b81e13e19cc2f560432a02e3b3da03396aa0a9eecec4e1fdf03,5,0,0.0,1,1,5.0,5,0,0,0,1,0.0,0,2025-12-02 14:08:49.109,2025-12-02 14:13:15.982,1.0,-1.0,0.0355,0.0,0,0.0,0.2,0
9d95a393d44a0879ff9a8faa5d7edf490f5275540c25adc79cdea9483882e137,11,0,0.0,1,1,11.0,6,0,0,0,1,0.0,0,2025-12-02 16:31:54.134,2025-12-02 16:40:54.888,1.0,-1.0,0.0426,0.0,0,0.0,0.0909,0
397ab2de9720760285a4aeb4ff37ffd622d864ea0fd2e0c66ef6830101bf058e,8,0,0.0,1,1,8.0,4,0,0,0,1,0.0,0,2025-12-02 11:22:36.991,2025-12-02 11:22:50.563,1.0,-1.0,0.0284,0.0,0,0.0,0.125,0
de1626c4344fd6337d3fc4145602ec32b6bdf28c46efcde627884f5c1450047d,10,0,0.0,1,2,5.0,6,0,0,0,1,0.0,0,2025-12-02 13:44:17.875,2025-12-02 15:13:33.563,1.0,-1.0,0.0426,0.0,0,0.0,0.1,0
358fc039f6e000dd664cc3ee8a0bf3979c2f32a110f44b0ee3a7512da5f1f9d6,637,162,0.2543,1,1,637.0,35,0,1,0,1,0.7456013,1,2025-12-02 04:17:19.033,2025-12-02 06:55:30.945,1.0,7.3,0.2482,0.0,1,0.02328570173387097,0.9341,0
d3a03ec8547d0eb563c78041ebfdf54826415f78a9a094bea8a5bf69964a4158,1,1,1.0,1,1,1.0,1,0,1,0,0,0.0,0,2025-12-02 14:30:57.643,2025-12-02 14:30:57.643,1.0,0.0,0.0071,0.0,0,0.0,0.0,0
3345a52e6430d2434d1a69a2821f75c20398d7cf2d0e3855ca6298c3ab74f397,650,184,0.2831,1,1,650.0,24,0,1,0,1,0.0,0,2025-12-02 15:03:15.250,2025-12-02 15:49:05.687,1.0,5.29,0.1702,0.0,1,0.020001665378486057,0.9846,0
6e359a02fc9e3b5ef5882b0f32d651127556fea3867702ab43ca92c40650fb02,136,53,0.3897,1,1,136.0,12,0,1,0,1,0.0,0,2025-12-02 09:16:50.553,2025-12-02 09:31:10.685,1.0,6.55,0.0851,0.0,1,0.02091593850746269,1.0,0
6798f225e21ec8b0c91c4413e26bdca66c536c1c367d11dd826c354ca9ebc0cd,308,89,0.289,1,1,308.0,17,0,1,0,1,0.0,0,2025-12-02 20:15:21.866,2025-12-02 20:55:26.042,1.0,18.27,0.1206,0.0,1,0.02810979593984962,0.974,0
717b7218cfcf8b4c9b2b358dfbf7db47105b48a3dd50a2d57174f65c100327d8,7,2,0.2857,1,2,3.5,3,0,1,0,0,0.0,0,2025-12-02 18:17:26.202,2025-12-02 18:17:53.021,1.0,0.0,0.0213,0.0,0,0.0,0.0,0
832cdb8a52210fdfe8d693dff000706705170b312b61069ebd839821a2d72787,8,0,0.0,1,1,8.0,7,0,0,0,1,0.0,0,2025-12-02 11:57:14.549,2025-12-02 12:07:20.022,1.0,-1.0,0.0496,0.0,0,0.0,0.125,0
b92ab53f62d4d9ff819e11318c9323b9abfbf929eac311b7b4bb372b8375bb47,12,0,0.0,1,2,6.0,6,0,0,0,1,0.0,0,2025-12-02 11:39:51.935,2025-12-02 12:49:38.769,1.0,-1.0,0.0426,0.0,0,0.0,0.0833,0
5df42f4daf96a232128760ccdc6c0a9fc9e1495f5860f46876fd3fe45b0bd44c,14,1,0.0714,1,3,4.67,9,0,1,0,1,0.0,0,2025-12-02 15:52:42.090,2025-12-02 17:49:45.896,1.0,113.16,0.0638,0.0,0,0.0,0.0714,0
213ade65bfe275b08e216b173a4f9177596f77799057d068e7f2a57098ab4174,4,0,0.0,1,1,4.0,1,0,0,0,0,0.0,0,2025-12-02 05:00:10.065,2025-12-02 05:00:21.033,1.0,-1.0,0.0071,0.0,0,0.0,0.0,0
051572933ab3d63880ea3767abf66475cc742f1095594c7f670a9f1dc3253fb2,4,0,0.0,1,1,4.0,2,0,0,0,0,0.0,0,2025-12-02 10:30:48.660,2025-12-02 10:31:24.044,1.0,-1.0,0.0142,0.0,0,0.0,0.0,0
1ec17eaaeff96179e6586d850257a8d65aa8de0a043a41fc8cbd0e70307d9af8,3,0,0.0,2,2,1.5,1,0,0,0,0,0.0,0,2025-12-02 14:28:43.429,2025-12-03 17:18:26.528,1.12,-1.0,0.0071,0.0,0,0.0,0.0,0
d9261a03f2db8b581328a78df4dde5708b01aac19520318e3a292e166daf1cbb,8,0,0.0,3,3,2.67,5,0,0,0,1,0.0,0,2025-12-02 12:22:49.692,2025-12-08 14:46:53.556,6.1,-1.0,0.0355,0.0,0,0.0,0.125,0
80fa3dc7d3adfeccc069dc36deb244b61aaf493abfb8825e405bec0095acbb04,2,2,1.0,1,1,2.0,1,0,1,0,0,0.0,0,2025-12-02 19:05:39.360,2025-12-02 19:08:09.366,1.0,0.0,0.0071,0.0,0,0.0,0.0,0
0643ec3fd8e6c6a4e8cd5097b146deed0e929d3932271233fda323e68f53fbb1,1,1,1.0,1,1,1.0,1,0,1,0,0,0.0,0,2025-12-02 17:23:51.048,2025-12-02 17:23:51.048,1.0,0.0,0.0071,0.0,0,0.0,0.0,0
9dc9bc2b23fe530c62a68648ed10284d582b62438e9ca354acca94a42aa82c98,1,0,0.0,1,1,1.0,1,0,0,0,0,0.0,0,2025-12-02 17:36:11.077,2025-12-02 17:36:11.077,1.0,-1.0,0.0071,0.0,0,0.0,0.0,0
b4dacf08ce9b7351018093336b6a8c0cf80430fed7709cfaefb8d5406cb0ec25,1,0,0.0,1,1,1.0,1,0,0,0,0,0.0,0,2025-12-02 19:41:08.938,2025-12-02 19:41:08.938,1.0,-1.0,0.0071,0.0,0,0.0,0.0,0
04d8513304a27cb04e582b27c105046ca53dd4d812f0bc8919e5dc1c075e935a,8,4,0.5,1,1,8.0,3,0,1,0,1,0.0,0,2025-12-02 11:39:01.958,2025-12-02 11:55:42.859,1.0,16.65,0.0213,0.0,0,0.013199999999999998,1.0,0
51ca72abf5dfc03bc1a2ac46d27e3a384ccdd5b21255d1f66a880ba9eca34462,4,3,0.75,1,1,4.0,2,0,1,0,0,0.0,0,2025-12-02 18:07:15.906,2025-12-02 18:12:54.797,1.0,0.0,0.0142,0.0,0,0.0,0.0,0
a29ddb86e9aedac967574ee988a5235fb4daee8fad53d06d0661a38c47cc9483,2,0,0.0,1,1,2.0,2,0,0,0,1,0.0,0,2025-12-02 07:07:56.603,2025-12-02 07:08:06.627,1.0,-1.0,0.0142,0.0,0,0.0,0.5,0
32e2f593a7ffbfb1daa18a729b224c51f8121b8f2ebdaa7411a6dc9c735cc724,6,0,0.0,2,2,3.0,5,0,0,0,1,0.0,0,2025-12-02 20:10:03.426,2025-12-03 09:26:50.900,1.0,-1.0,0.0355,0.0,0,0.0,0.1667,0
a78c7fa745bbe3fa72dc3acb6fb937c540ec45b3ed634c3cec169d1cbb5149b6,4,0,0.0,1,1,4.0,4,0,0,0,1,0.0,0,2025-12-02 13:20:13.165,2025-12-02 13:34:32.033,1.0,-1.0,0.0284,0.0,0,0.0,0.25,0
48fe1de4260571f51a5e647d3279a95467d42b6c359097e811de6d3188c3c7ff,8,0,0.0,2,2,4.0,5,0,0,0,1,0.0,0,2025-12-02 14:41:01.288,2025-12-03 06:32:55.494,1.0,-1.0,0.0355,0.0,0,0.0,0.125,0
0843e988b4feaaa838e4716461861c73c8342c2722dd4c3f0fd9fa3c1bb7d8d5,3,0,0.0,1,2,1.5,2,0,0,0,0,0.0,0,2025-12-02 03:12:19.971,2025-12-02 04:16:42.151,1.0,-1.0,0.0142,0.0,0,0.0,0.0,0
23628ac796f86947e11413c7600cc5ffc75685867a7d7162ec26b730ae9f9555,4,0,0.0,2,4,1.0,2,0,0,0,0,0.0,0,2025-12-02 02:16:57.094,2025-12-08 11:58:09.332,6.4,-1.0,0.0142,0.0,0,0.0,0.0,0
4142e055f77f3f9ed9782c808486704974cacf55f8b7f3c0330c52e6c7439e27,7,1,0.1429,1,1,7.0,2,0,1,0,0,0.0,0,2025-12-02 19:37:17.625,2025-12-02 19:38:15.376,1.0,0.96,0.0142,0.0,0,0.0,0.0,0
8af2ecab08bc29f37981a2bc905e294bc5ed340aa0152e3eee18371ddbd08b12,8,0,0.0,2,2,4.0,7,0,0,0,1,0.0,0,2025-12-02 16:34:26.818,2025-12-08 06:55:51.552,5.6,-1.0,0.0496,0.0,0,0.0,0.375,0
97b5069d33e2b5805d61ce73d5f96042259e67e461d2b34297490dda3e83191d,4,0,0.0,1,1,4.0,4,0,0,0,1,0.0,0,2025-12-02 16:09:38.513,2025-12-02 16:10:07.929,1.0,-1.0,0.0284,0.0,0,0.0,0.25,0
eb640004692142f6618ed07549ce83282de019ffece4a757b407aaee7d62da04,2,2,1.0,1,1,2.0,1,0,1,0,0,0.0,0,2025-12-02 14:58:59.810,2025-12-02 14:59:04.113,1.0,0.0,0.0071,0.0,0,0.0,0.0,0
cc346eca90f6b6a68675014f54bb183b5afff41a89320e60c191f3ff3f5afdbb,1,0,0.0,1,1,1.0,1,0,0,0,0,0.0,0,2025-12-02 16:09:12.911,2025-12-02 16:09:12.911,1.0,-1.0,0.0071,0.0,0,0.0,0.0,0
175f24e23bac68d19dec4537ebd3b4ea476ae2090090c63400e735d6fa5cb4ff,5,1,0.2,1,1,5.0,2,0,1,0,0,0.0,1,2025-12-02 00:22:01.796,2025-12-02 00:23:08.644,1.0,1.11,0.0142,0.0,0,0.0,0.0,0
c5a3ce2381f9445656edad332e7f2a766f7ee5143c9dd898951d19bb105e4d57,1,1,1.0,1,1,1.0,1,0,1,0,0,0.0,0,2025-12-02 17:59:05.580,2025-12-02 17:59:05.580,1.0,0.0,0.0071,0.0,0,0.0,0.0,0
3892b1e1ecbd37d06f85bebfa5f428cc06ecc9ed0d68872a7724add1ffddc768,1,1,1.0,1,1,1.0,1,0,1,0,0,0.0,0,2025-12-02 17:37:02.623,2025-12-02 17:37:02.623,1.0,0.0,0.0071,0.0,0,0.0,0.0,0
433aed602569c6efb9bf1bc505aff0e753591bdae628c74c6aa4d2241c1c86fa,1,1,1.0,1,1,1.0,1,0,1,0,0,0.0,0,2025-12-02 15:40:21.249,2025-12-02 15:40:21.249,1.0,0.0,0.0071,0.0,0,0.0,0.0,0
057158ade662567d8fefb84c30ddbd2bb0f6489e601b950f61de92d9ed57f346,5,0,0.0,1,1,5.0,4,0,0,0,1,0.0,0,2025-12-02 17:36:11.921,2025-12-02 17:36:41.832,1.0,-1.0,0.0284,0.0,0,0.0,0.2,0
27c1e66351f92e34cb170421a3c9edc66e104d1a59782b87828e43a62a61132b,8,0,0.0,2,2,4.0,6,0,0,0,1,0.0,0,2025-12-02 16:47:45.778,2025-12-04 16:26:37.304,1.99,-1.0,0.0426,0.0,0,0.0,0.125,0
f41016c68f8b7c5ef4e2a0f900a9769ad3c5e096dcc83a7dc39634cff02aab14,1,1,1.0,1,1,1.0,1,0,1,0,0,0.0,0,2025-12-02 08:42:48.094,2025-12-02 08:42:48.094,1.0,0.0,0.0071,0.0,0,0.0,0.0,0
6e9a9b38e5540ad6800f0c6b811636c2bbecc1f1e33e29853a9b4c8d9840a835,1,0,0.0,1,1,1.0,1,0,0,0,0,0.0,0,2025-12-02 11:38:54.008,2025-12-02 11:38:54.008,1.0,-1.0,0.0071,0.0,0,0.0,0.0,0
48daf9e21d279fb52f8c1b5bf3b7e96749bde2c4ee89058a001115fa0f872390,3,0,0.0,1,3,1.0,1,0,0,0,0,0.0,0,2025-12-02 12:58:38.671,2025-12-02 15:13:07.655,1.0,-1.0,0.0071,0.0,0,0.0,0.0,0
71c21eb7a3242c99b74fa3bc9cd8661ee00475a6731bb97704491422cf900eb4,1,0,0.0,1,1,1.0,1,0,0,0,0,0.0,0,2025-12-02 18:14:39.228,2025-12-02 18:14:39.228,1.0,-1.0,0.0071,0.0,0,0.0,0.0,0
619f151b1851133a95485649243e18bd66093027dd3778b86863f6368a350246,8,0,0.0,1,2,4.0,6,0,0,0,1,0.0,0,2025-12-02 17:24:17.722,2025-12-02 18:31:33.971,1.0,-1.0,0.0426,0.0,0,0.0,0.125,0
281578b60ba91e326317089c3695041ccc8d4989966a435465f8aa3fd4ef2a68,1,0,0.0,1,1,1.0,1,0,0,0,0,0.0,0,2025-12-02 15:55:48.261,2025-12-02 15:55:48.261,1.0,-1.0,0.0071,0.0,0,0.0,0.0,0
4495574541813554ffb4a469c940eb3f78e2fed1b39538ea65c7ae31e5e5f1ee,4,0,0.0,1,1,4.0,4,0,0,0,1,0.0,0,2025-12-02 19:59:16.344,2025-12-02 20:01:29.904,1.0,-1.0,0.0284,0.0,0,0.0,0.25,0
0fa8491724037e5aec0c52c3537a607b96d2e82e4049f2afab733c75e4ea17f1,1,0,0.0,1,1,1.0,1,0,0,0,0,0.0,0,2025-12-02 18:26:07.810,2025-12-02 18:26:07.810,1.0,-1.0,0.0071,0.0,0,0.0,0.0,0
ad7f273defb8f0c3e53738fa05af7cefeab800d7ef947457aee1eb09d82d44d2,4,0,0.0,1,1,4.0,4,0,0,0,1,0.0,0,2025-12-02 17:45:45.743,2025-12-02 17:50:37.195,1.0,-1.0,0.0284,0.0,0,0.0,0.25,0
2139340793380edb568e42df138f475ebb4772bd9d0b3b2a889f4f7b8a3e9f2b,1,1,1.0,1,1,1.0,1,0,1,0,0,0.0,0,2025-12-02 11:20:01.233,2025-12-02 11:20:01.233,1.0,0.0,0.0071,0.0,0,0.0,0.0,0
9d616b060d5e9c429d82553784cf763a1ba42e696c2904c60ae975e151b8cb1c,1,0,0.0,1,1,1.0,1,0,0,0,0,0.0,0,2025-12-02 16:05:05.526,2025-12-02 16:05:05.526,1.0,-1.0,0.0071,0.0,0,0.0,0.0,0
30460db9a1033c5d2265bbcf0ad6d877f6e02d12a7d9d80b733cc09614d48509,2,0,0.0,1,1,2.0,1,0,0,0,0,0.0,0,2025-12-02 23:12:05.513,2025-12-02 23:12:29.428,1.0,-1.0,0.0071,0.0,0,0.0,0.0,0
cbd2da79322a2c17e3cad00897105a8d0060526f81ef53869867eecb0bb6f171,3,0,0.0,1,2,1.5,1,0,0,0,0,0.0,0,2025-12-02 14:07:16.183,2025-12-02 14:55:39.929,1.0,-1.0,0.0071,0.0,0,0.0,0.0,0
2c56f9ee3f190b4ad75ab688ae6619b9aebff1e50134fe2fc42d5d23dd02626d,1,1,1.0,1,1,1.0,1,0,1,0,0,0.0,0,2025-12-02 17:16:28.350,2025-12-02 17:16:28.350,1.0,0.0,0.0071,0.0,0,0.0,0.0,0
0031d703678847e5ac95b49ede9d893072f6abead2b8b245f3480d0554c879ef,1,0,0.0,1,1,1.0,1,0,0,0,0,0.0,0,2025-12-02 17:35:53.411,2025-12-02 17:35:53.411,1.0,-1.0,0.0071,0.0,0,0.0,0.0,0
7bdfc88891849a284e928afdc49b4fb9ff26c7a66179e3313ca6c3b795053bb1,2,0,0.0,1,1,2.0,1,0,0,0,0,0.0,0,2025-12-02 14:40:34.449,2025-12-02 14:43:53.695,1.0,-1.0,0.0071,0.0,0,0.0,0.0,0
76fa4ce534cded27a1c43698282a05a87b859f31ddfe193a9875a9d612dd960c,10,2,0.2,1,1,10.0,2,0,1,0,0,0.0,0,2025-12-02 18:42:44.177,2025-12-02 18:45:48.664,1.0,2.17,0.0142,0.0,0,0.0,0.0,0
da7c216ab4a9eeca43cee1323a6a5758458bea3dee1535dc844fb51c985136a6,3,0,0.0,1,1,3.0,1,0,0,0,0,0.0,0,2025-12-02 17:26:43.132,2025-12-02 17:26:55.093,1.0,-1.0,0.0071,0.0,0,0.0,0.0,0
ee98a948107f96efa1d1783180d05020981cee8737321d30105852f50efb667e,4,0,0.0,1,1,4.0,4,0,0,0,1,0.0,0,2025-12-02 07:10:22.897,2025-12-02 07:11:16.123,1.0,-1.0,0.0284,0.0,0,0.0,0.25,0
604aa887db6602e64dd0aa869c55fd0360766ee7fa2d54de4b8240c3061bec3e,1,0,0.0,1,1,1.0,1,0,0,0,0,0.0,0,2025-12-02 14:39:40.967,2025-12-02 14:39:40.967,1.0,-1.0,0.0071,0.0,0,0.0,0.0,0
1b3eca145a3520de5a3989688b10a31b7bd31e8dd94430b67b7d82130d4bed12,1,0,0.0,1,1,1.0,1,0,0,0,0,0.0,0,2025-12-02 15:37:59.306,2025-12-02 15:37:59.306,1.0,-1.0,0.0071,0.0,0,0.0,0.0,0
37b32ac1d0efe3265d7f37b7bf3430a2051bb822f742cee84e4a1d83c3caea53,1,1,1.0,1,1,1.0,1,0,1,0,0,0.0,0,2025-12-02 15:53:30.623,2025-12-02 15:53:30.623,1.0,0.0,0.0071,0.0,0,0.0,0.0,0
a81ef4a5ec488201d7fca118713bd9eda71a6926517aa1668c0097e6c115e987,5,0,0.0,1,1,5.0,5,0,0,0,1,0.0,0,2025-12-02 17:36:54.188,2025-12-02 17:38:01.421,1.0,-1.0,0.0355,0.0,0,0.0,0.2,0
cba391f25abca95b77014749c3aca700337189eecda6590b6fb494ddc40a970f,7,0,0.0,1,1,7.0,4,0,0,0,1,0.0,0,2025-12-02 15:52:25.990,2025-12-02 15:52:32.927,1.0,-1.0,0.0284,0.0,0,0.0,0.1429,0
b98027367193eee559e42f73fdcc125e6595fee45daf9e584e7298189dc3fcfb,5,0,0.0,2,2,2.5,5,0,0,0,1,0.0,0,2025-12-02 17:04:32.079,2025-12-03 03:07:30.102,1.0,-1.0,0.0355,0.0,0,0.0,0.2,0
7922da3b5a13b1fd30b478cc9b05585c62a4e8ef41096c4773f56cb837b92db1,1,0,0.0,1,1,1.0,1,0,0,0,0,0.0,0,2025-12-02 15:30:38.783,2025-12-02 15:30:38.783,1.0,-1.0,0.0071,0.0,0,0.0,0.0,0
0d80cbb4c9f2418443b9cb1670ec385d524401bd2d47e1d47db1fe414b195103,1,0,0.0,1,1,1.0,1,0,0,0,0,0.0,0,2025-12-02 15:31:11.139,2025-12-02 15:31:11.139,1.0,-1.0,0.0071,0.0,0,0.0,0.0,0
fd9bd8a94f00f0098cc08837a13952492af423716538e6143095d41753b26d21,1,0,0.0,1,1,1.0,1,0,0,0,0,0.0,0,2025-12-02 17:23:04.463,2025-12-02 17:23:04.463,1.0,-1.0,0.0071,0.0,0,0.0,0.0,0
3ee4bdcae2f3dae2027f8054be93044cee8e326a508fbbad8bec78e93d4c6334,2,0,0.0,1,1,2.0,1,0,0,0,0,0.0,0,2025-12-02 19:29:19.939,2025-12-02 19:29:26.572,1.0,-1.0,0.0071,0.0,0,0.0,0.0,0
3f86bd42983f9a4554e865eb092f551af84ddfd05054761d6e372c1a5afec312,1,1,1.0,1,1,1.0,1,0,1,0,0,0.0,0,2025-12-02 16:51:49.806,2025-12-02 16:51:49.806,1.0,0.0,0.0071,0.0,0,0.0,0.0,0
08dc7307b4999bb28b39ac82453de1741bfdba02f853887ad8e6dfd165323721,4,0,0.0,1,1,4.0,1,0,0,0,0,0.0,0,2025-12-02 19:37:29.505,2025-12-02 19:38:45.266,1.0,-1.0,0.0071,0.0,0,0.0,0.0,0
d9175dc65a27472d7db30790c159c534c167b3aa149cb794c860f8bfb6eafa30,2,1,0.5,1,1,2.0,2,0,1,0,0,0.0,0,2025-12-02 07:00:07.583,2025-12-02 07:08:05.179,1.0,0.0,0.0142,0.0,0,0.0,0.0,0
a2d19ea1583bd1edfdae7c9d4c0e8e53bd0438a24772fc87e4872fcaa1f56ab6,2,1,0.5,1,1,2.0,2,0,1,0,0,0.0,0,2025-12-02 17:57:34.221,2025-12-02 17:57:41.424,1.0,0.0,0.0142,0.0,0,0.0,0.0,0
6b72de137641eddf207d94a873a91582aaf9807253af17e0efb339a7d86fe78a,3,0,0.0,1,1,3.0,1,0,0,0,0,0.0,0,2025-12-02 06:16:14.893,2025-12-02 06:17:36.912,1.0,-1.0,0.0071,0.0,0,0.0,0.0,0
b214cabb98f96853d61244ea7e5bc2c74c1ffbd4012f2e2089cf1f3f45a7547a,2,0,0.0,1,1,2.0,1,0,0,0,0,0.0,0,2025-12-02 20:24:13.670,2025-12-02 20:24:24.210,1.0,-1.0,0.0071,0.0,0,0.0,0.0,0
86031de1f65815b818c6cedeb932dc47a9b9648d29539757bfb072ce9882a20f,1,0,0.0,1,1,1.0,1,0,0,0,0,0.0,0,2025-12-02 20:21:28.466,2025-12-02 20:21:28.466,1.0,-1.0,0.0071,0.0,0,0.0,0.0,0
bb6759998f150c8c93f88a1427db6ff65ba4206936f2b71706daf73eb9313f57,7,0,0.0,1,1,7.0,6,0,0,0,1,0.0,0,2025-12-02 17:43:10.392,2025-12-02 17:47:40.556,1.0,-1.0,0.0426,0.0,0,0.0,0.1429,0
3fe10d88b3d51e2147aa5d965ec4c00f7c01169f66c70d9d90afa1b8d86d75de,2,0,0.0,1,1,2.0,2,0,0,0,1,0.0,0,2025-12-02 19:46:35.799,2025-12-02 19:46:37.457,1.0,-1.0,0.0142,0.0,0,0.0,0.5,0
193f4f6d205262e809c24867029b22278544c10d97223a770b48c63e994d6e8b,1,0,0.0,1,1,1.0,1,0,0,0,0,0.0,0,2025-12-02 11:55:35.886,2025-12-02 11:55:35.886,1.0,-1.0,0.0071,0.0,0,0.0,0.0,0
2a2e95f3a1e66312c0d0c066dc82380be8679fc76a08eb029ccf80b5f2b518a4,13,3,0.2308,2,2,6.5,11,0,1,0,1,0.0,0,2025-12-02 22:48:20.255,2025-12-03 00:19:18.629,1.0,0.66,0.078,0.0,0,0.00043342,0.3077,0
62ea586ab297b7daf14e1a64ae94654f821a12aeec2033403b368306b5e37e70,1,1,1.0,1,1,1.0,1,0,1,0,0,0.0,0,2025-12-02 06:36:53.397,2025-12-02 06:36:53.397,1.0,0.0,0.0071,0.0,0,0.0,0.0,0
f18440545e4d54487ffdc03670a42fe2b47ded785a291b048dfb0a3a1a70831e,1,1,1.0,1,1,1.0,1,0,1,0,0,0.0,0,2025-12-02 20:33:44.822,2025-12-02 20:33:44.822,1.0,0.0,0.0071,0.0,0,0.0,0.0,0
e0ae0cfd5ff69dc5605ae4acef9a664ac54597fb91561c83d3ed420813d22b6c,14,4,0.2857,1,1,14.0,7,0,1,0,1,0.0,1,2025-12-02 18:11:49.282,2025-12-02 18:15:15.651,1.0,1.49,0.0496,0.0,0,0.012766666666666667,0.5714,0
e269e19a6dbbea268b408d910c39311146a347baee47a180530b61b30c092187,1,0,0.0,1,1,1.0,1,0,0,0,0,0.0,0,2025-12-02 20:21:58.590,2025-12-02 20:21:58.590,1.0,-1.0,0.0071,0.0,0,0.0,0.0,0
24d41bb46e3b248249bc50ea3e9f3ff4536eb73e6cc4148bb6d739705e3efc65,1,0,0.0,1,1,1.0,1,0,0,0,0,0.0,0,2025-12-02 13:16:07.087,2025-12-02 13:16:07.087,1.0,-1.0,0.0071,0.0,0,0.0,0.0,0
5bf32ed6a39709de2dd88282a9a2a2be7824f16a91b0933ba0b65ee06bb90bc0,2,0,0.0,1,1,2.0,1,0,0,0,0,0.0,0,2025-12-02 13:20:00.623,2025-12-02 13:20:57.519,1.0,-1.0,0.0071,0.0,0,0.0,0.0,0
74fda7a5b8daa551ee57ea2211031ef5fd8e9c38eb400cdc2db89223f10b8f1e,1,0,0.0,1,1,1.0,1,0,0,0,0,0.0,0,2025-12-02 14:08:24.506,2025-12-02 14:08:24.506,1.0,-1.0,0.0071,0.0,0,0.0,0.0,0
374fb9f5beb58c65c448e26e93ffc27d1abc478c154de3f9c0f1e0263a3b441e,1,0,0.0,1,1,1.0,1,0,0,0,0,0.0,0,2025-12-02 11:22:08.988,2025-12-02 11:22:08.988,1.0,-1.0,0.0071,0.0,0,0.0,0.0,0
592b38fcd3dc30d10d43f390536cb5826d50ddac67410c55980f5cd8a126526e,1,0,0.0,1,1,1.0,1,0,0,0,1,0.0,0,2025-12-02 13:59:21.166,2025-12-02 13:59:21.166,1.0,-1.0,0.0071,0.0,0,0.0,1.0,0
049d0b298a3ce66bbb659f64a80f9a286baf919a619dbb265af97b01093584d2,1,1,1.0,1,1,1.0,1,0,1,0,0,0.0,0,2025-12-02 17:32:35.099,2025-12-02 17:32:35.099,1.0,0.0,0.0071,0.0,0,0.0,0.0,0
fd3b2319a32bc99b38ee09f48ecbe9e650592a1018b3c4eca3efecb202ea7488,5,0,0.0,2,2,2.5,1,0,0,0,0,0.0,0,2025-12-02 17:18:32.263,2025-12-03 16:36:33.076,1.0,-1.0,0.0071,0.0,0,0.0,0.0,0
28cf9653492691dddcce3590855e4cfe382310ac8681b68af4670683b2fe51cf,2,0,0.0,1,1,2.0,1,0,0,0,0,0.0,0,2025-12-02 16:57:22.427,2025-12-02 16:58:24.978,1.0,-1.0,0.0071,0.0,0,0.0,0.0,0
b8d9ae0cbfb4c364436b2d72f77dae2f5f7097899bc7f15fb1abd003ccc3d806,1,0,0.0,1,1,1.0,1,0,0,0,0,0.0,0,2025-12-02 11:27:53.258,2025-12-02 11:27:53.258,1.0,-1.0,0.0071,0.0,0,0.0,0.0,0
60394a3fa9610e8a59d6ca762a60a428a914f4b0ab917ab2df32f8294874cd63,4,0,0.0,1,1,4.0,4,0,0,0,1,0.0,0,2025-12-02 15:56:13.974,2025-12-02 15:57:33.571,1.0,-1.0,0.0284,0.0,0,0.0,0.25,0
6e1515265465b06462eb4f6c81a61eb6d3ca65dc64a7110851aad195755ba433,1,0,0.0,1,1,1.0,1,0,0,0,0,0.0,0,2025-12-02 16:11:43.975,2025-12-02 16:11:43.975,1.0,-1.0,0.0071,0.0,0,0.0,0.0,0
bf21829fd4218c3959672bb1b7835dc81fb84af4ad56e9d4ac2d69a2662f4f49,1,0,0.0,1,1,1.0,1,0,0,0,0,0.0,0,2025-12-02 07:09:06.802,2025-12-02 07:09:06.802,1.0,-1.0,0.0071,0.0,0,0.0,0.0,0
7075cdbac26b3e4888eeca8e9c965b019501d753a4102b60d579b792ba4b98c9,1,1,1.0,1,1,1.0,1,0,1,0,0,0.0,0,2025-12-02 11:46:57.673,2025-12-02 11:46:57.673,1.0,0.0,0.0071,0.0,0,0.0,0.0,0
21b02060b5ad6a8ba91314210faa72601ab91edd4b97b4e56c5e4380d0545d2c,1,0,0.0,1,1,1.0,1,0,0,0,0,0.0,0,2025-12-02 22:46:07.340,2025-12-02 22:46:07.340,1.0,-1.0,0.0071,0.0,0,0.0,0.0,0
fe1d6304613124af7b301dbfb5a3622daf01dcd502bdf7c4ef771ed659c31fff,2,0,0.0,1,1,2.0,2,0,0,0,1,0.0,0,2025-12-02 11:47:38.981,2025-12-02 11:47:40.359,1.0,-1.0,0.0142,0.0,0,0.0,0.5,0
680bf0eb839ec1afd1dd286caffeeee19e223a24edbd0f479eec29a53d7a32f4,1,1,1.0,1,1,1.0,1,0,1,0,0,0.0,0,2025-12-02 06:25:08.024,2025-12-02 06:25:08.024,1.0,0.0,0.0071,0.0,0,0.0,0.0,0
9d0a2481138ffa21b1a5bc6a04596577abc10186ee01873c3e76c021515474bf,1,0,0.0,1,1,1.0,1,0,0,0,0,0.0,0,2025-12-02 18:01:24.971,2025-12-02 18:01:24.971,1.0,-1.0,0.0071,0.0,0,0.0,0.0,0
2b03c3c507deb22c7ed293b3c2530336e528dbbc7233d7a7587b79a68b850615,1,0,0.0,1,1,1.0,1,0,0,0,0,0.0,0,2025-12-02 12:14:48.969,2025-12-02 12:14:48.969,1.0,-1.0,0.0071,0.0,0,0.0,0.0,0
6aebc5d775a4d5640ef97dd6d7c44f7fdc1121dadeeefb4f6218210fbdcef8bf,1,0,0.0,1,1,1.0,1,0,0,0,0,0.0,0,2025-12-02 18:18:23.887,2025-12-02 18:18:23.887,1.0,-1.0,0.0071,0.0,0,0.0,0.0,0
09f5029714723b8ead7f68f21f3b16cc159e5d35d5d725fc2b5db9e417214de7,1,0,0.0,1,1,1.0,1,0,0,0,0,0.0,0,2025-12-02 20:56:11.949,2025-12-02 20:56:11.949,1.0,-1.0,0.0071,0.0,0,0.0,0.0,0
8b71433cedd09988f4629df468fae2969111e90d84c45b27e32bad19d523368f,2,0,0.0,1,1,2.0,1,0,0,0,0,0.0,0,2025-12-02 16:34:55.212,2025-12-02 16:39:11.644,1.0,-1.0,0.0071,0.0,0,0.0,0.0,0
357bd3940ff11f888fb389201fc3c789a4de39d19f2a1e1cf62f601fdff11bc9,3,1,0.3333,2,2,1.5,2,0,1,0,0,0.0,0,2025-12-02 18:08:11.116,2025-12-07 09:19:53.351,4.63,6669.55,0.0142,0.0,0,0.0,0.0,0
c1038eb10620d6690a1bb880cbf930c406aa77aa8d06ea3618f95fff39d51e3e,2,0,0.0,1,1,2.0,2,0,0,0,1,0.0,0,2025-12-02 14:41:17.808,2025-12-02 14:41:19.468,1.0,-1.0,0.0142,0.0,0,0.0,0.5,0
7a298e93071874ecfd8e20ad9ab52bb38920edc69a6978514e6b3e7ab6c8b53c,1,0,0.0,1,1,1.0,1,0,0,0,1,0.0,0,2025-12-02 06:22:51.204,2025-12-02 06:22:51.204,1.0,-1.0,0.0071,0.0,0,0.0,1.0,0
2875f4242917c0c1cb1a262c41ab5e561371543b2810d926a4ade4b65145b5b0,3,0,0.0,2,2,1.5,1,0,0,0,0,0.0,0,2025-12-02 16:46:29.819,2025-12-04 16:16:40.215,1.98,-1.0,0.0071,0.0,0,0.0,0.0,0
1e65397cffbd4aeeda39dda9031438a7baeede6f55ae2067520bebe37ee3ca09,1,1,1.0,1,1,1.0,1,0,1,0,0,0.0,0,2025-12-02 06:00:02.377,2025-12-02 06:00:02.377,1.0,0.0,0.0071,0.0,0,0.0,0.0,0
ec284d17e94c3f5d7624555301c562a942e59c24aaad8c18cea4b354f6319839,3,0,0.0,1,1,3.0,1,0,0,0,0,0.0,0,2025-12-02 19:18:46.122,2025-12-02 19:28:02.877,1.0,-1.0,0.0071,0.0,0,0.0,0.0,0
31ddc3211d2d4a24a46830f43c02ca79418c62d6216e4f58583c98d9e914d807,1,0,0.0,1,1,1.0,1,0,0,0,0,0.0,0,2025-12-02 16:51:33.865,2025-12-02 16:51:33.865,1.0,-1.0,0.0071,0.0,0,0.0,0.0,0
acc9faa0a2e5c00619538534c7a9faceb5bc77a95766af0950962b03512b66cc,1,0,0.0,1,1,1.0,1,0,0,0,0,0.0,0,2025-12-02 04:45:06.166,2025-12-02 04:45:06.166,1.0,-1.0,0.0071,0.0,0,0.0,0.0,0
90f95ce493ddc88a16fbfef527eb492a61db9bbc568305cffe7bf4d9301af329,1,0,0.0,1,1,1.0,1,0,0,0,0,0.0,0,2025-12-02 19:21:47.450,2025-12-02 19:21:47.450,1.0,-1.0,0.0071,0.0,0,0.0,0.0,0
0da3ad26872b2aefc62847dff52e8a1877429857d68865a87fddab87b8fb9205,1,0,0.0,1,1,1.0,1,0,0,0,0,0.0,0,2025-12-02 16:40:53.093,2025-12-02 16:40:53.093,1.0,-1.0,0.0071,0.0,0,0.0,0.0,0
7d975709b48ac2e311977c80dd85d7aa55617a38b9aa871df6e352c97964f10b,1,0,0.0,1,1,1.0,1,0,0,0,0,0.0,0,2025-12-02 13:10:06.185,2025-12-02 13:10:06.185,1.0,-1.0,0.0071,0.0,0,0.0,0.0,0
236ac09d6e8498c263c7a0f4ad0b81dd76b4d1ad0050c10ad544e0b9a01b0263,1,0,0.0,1,1,1.0,1,0,0,0,0,0.0,0,2025-12-02 17:06:53.545,2025-12-02 17:06:53.545,1.0,-1.0,0.0071,0.0,0,0.0,0.0,0
c9700a40e85b24a2ef6e8af458983a7aafde9f34de12a54bb30bacb01fcdda9c,3,0,0.0,1,1,3.0,1,0,0,0,0,0.0,0,2025-12-02 06:01:38.136,2025-12-02 06:02:54.924,1.0,-1.0,0.0071,0.0,0,0.0,0.0,0
e9c2912b78b6ac53b6f207f9a215fd411ef182d86d188a97394a76b81769ba17,1,0,0.0,1,1,1.0,1,0,0,0,0,0.0,0,2025-12-02 14:14:23.279,2025-12-02 14:14:23.279,1.0,-1.0,0.0071,0.0,0,0.0,0.0,0
a0bca8dca4ed330fdd4915b3c91df424a002b579483d7c91bd6929d89a438454,2,0,0.0,1,1,2.0,1,0,0,0,0,0.0,0,2025-12-02 09:05:43.677,2025-12-02 09:09:48.696,1.0,-1.0,0.0071,0.0,0,0.0,0.0,0
bccff9cf1a22b48e4e919c7ec8196762004500ef6b54763ecb8535b30b829046,3,0,0.0,1,1,3.0,1,0,0,0,0,0.0,0,2025-12-02 13:21:09.990,2025-12-02 13:22:29.078,1.0,-1.0,0.0071,0.0,0,0.0,0.0,0
df78a50aceca27e1b03e1003c57161c7c6b403e7991b1c862883137a86174bf3,2,0,0.0,1,1,2.0,1,0,0,0,0,0.0,0,2025-12-02 07:05:19.750,2025-12-02 07:13:46.464,1.0,-1.0,0.0071,0.0,0,0.0,0.0,0
900fdb2e23760105f24081d7f13d2f957c2fb585f4da247da1822d8f6d4055f9,2,0,0.0,1,1,2.0,2,0,0,0,1,0.0,0,2025-12-02 15:19:04.194,2025-12-02 15:19:06.056,1.0,-1.0,0.0142,0.0,0,0.0,0.5,0
51750bf0094911aebcc4d17cbd1df72890b79532537842ece17bb639e4b3a13e,1,1,1.0,1,1,1.0,1,0,1,0,0,0.0,0,2025-12-02 04:29:14.595,2025-12-02 04:29:14.595,1.0,0.0,0.0071,0.0,0,0.0,0.0,0
a951841b526b10bbea2e2b287a5cf68ba160862547c0ddb2c48b253268281ab2,1,0,0.0,1,1,1.0,1,0,0,0,0,0.0,0,2025-12-02 21:19:47.933,2025-12-02 21:19:47.933,1.0,-1.0,0.0071,0.0,0,0.0,0.0,0
12ab05da97864e0879e6390c4b22f7a68a48d344889eec54ec25fea0f6e3346c,5,0,0.0,3,4,1.25,1,0,0,0,0,0.0,0,2025-12-02 16:48:52.817,2025-12-08 16:53:14.950,6.0,-1.0,0.0071,0.0,0,0.0,0.0,0
f17e707c4e0909a99df51570383605b51436b06ab4837806a1a3edf6c1c2d758,1,0,0.0,1,1,1.0,1,0,0,0,0,0.0,0,2025-12-02 15:52:13.402,2025-12-02 15:52:13.402,1.0,-1.0,0.0071,0.0,0,0.0,0.0,0
93ce3b5df5f50a7e1d184d911b340b3579f8a2eda728e39aa3c513b9c1197bb2,14,2,0.1429,2,4,3.5,5,0,1,0,0,0.0,1,2025-12-02 10:53:04.258,2025-12-08 08:38:08.731,5.91,1.08,0.0355,0.0,0,0.0,0.0,0
19b277c7826ece2e42478cbf6a5423d567cb80e112ab9a7ca7169b3aca0cd1f3,1,0,0.0,1,1,1.0,1,0,0,0,0,0.0,0,2025-12-02 14:40:48.146,2025-12-02 14:40:48.146,1.0,-1.0,0.0071,0.0,0,0.0,0.0,0
bdb7a218c0ca98e0fbc68cc00c1b84a5c20af84a2ca04bd306f3140f7cc1ba97,1,0,0.0,1,1,1.0,1,0,0,0,0,0.0,0,2025-12-02 07:15:12.317,2025-12-02 07:15:12.317,1.0,-1.0,0.0071,0.0,0,0.0,0.0,0
5315fff4aba36b56604d2b82dc94eebeaf4c4cd95fc360c83cdb68be7d9968c3,1,0,0.0,1,1,1.0,1,0,0,0,1,0.0,0,2025-12-02 09:30:22.838,2025-12-02 09:30:22.838,1.0,-1.0,0.0071,0.0,0,0.0,1.0,0
affff0887f4ab98c8212de4f62e8b945d736a165b5f6667789a1a572a5040664,1,0,0.0,1,1,1.0,1,0,0,0,0,0.0,0,2025-12-02 04:59:20.034,2025-12-02 04:59:20.034,1.0,-1.0,0.0071,0.0,0,0.0,0.0,0
e92d5facb1d71c6f3cb67eee8f9d2bdea2da7d99fa47b7bcea0b0354905941d1,1,0,0.0,1,1,1.0,1,0,0,0,0,0.0,0,2025-12-02 17:20:09.282,2025-12-02 17:20:09.282,1.0,-1.0,0.0071,0.0,0,0.0,0.0,0
6b8aa3da477ee4e554c50a4234b7baaf5140bf4202e8563690ee559baeea51b9,1,1,1.0,1,1,1.0,1,0,1,0,0,0.0,0,2025-12-02 08:47:29.244,2025-12-02 08:47:29.244,1.0,0.0,0.0071,0.0,0,0.0,0.0,0
82a72a0a56699698caaeed49a5c9971066075e75d9880e84078d06412e4a39c1,1,1,1.0,1,1,1.0,1,0,1,0,0,0.0,0,2025-12-02 07:33:37.699,2025-12-02 07:33:37.699,1.0,0.0,0.0071,0.0,0,0.0,0.0,0
63da6814db37c162bb7a81a27180229c8db794b1653b85084d796deef390fba3,1,0,0.0,1,1,1.0,1,0,0,0,0,0.0,0,2025-12-02 16:29:59.839,2025-12-02 16:29:59.839,1.0,-1.0,0.0071,0.0,0,0.0,0.0,0
280b23bd70b3aa1535f2a3ed87e62ab16866958e63dc2c50812fe8e224eb1878,1,0,0.0,1,1,1.0,1,0,0,0,0,0.0,0,2025-12-02 15:51:26.825,2025-12-02 15:51:26.825,1.0,-1.0,0.0071,0.0,0,0.0,0.0,0
6b62c43d59b25b86cce298d0a18bc7a37aa557c68bd227fabb0ef0e5f406145f,1,0,0.0,1,1,1.0,1,0,0,0,1,0.0,0,2025-12-02 04:50:37.943,2025-12-02 04:50:37.943,1.0,-1.0,0.0071,0.0,0,0.0,1.0,0
a6cbe6c5e65cdf7a75e3f8ca743896aff5cff7f54c4c433d7beebb49cf7abcd8,1,1,1.0,1,1,1.0,1,0,1,0,0,0.0,0,2025-12-02 15:17:26.880,2025-12-02 15:17:26.880,1.0,0.0,0.0071,0.0,0,0.0,0.0,0
fadf8737c1f96ab47a28f689f182cd183e2dd1ceaa47d56ba3a309868a481423,1,0,0.0,1,1,1.0,1,0,0,0,0,0.0,0,2025-12-02 16:01:40.785,2025-12-02 16:01:40.785,1.0,-1.0,0.0071,0.0,0,0.0,0.0,0
eb2c668fc8edaec36e8097f70c465a23c880e25e87e6f4e88d3e268b8fa4a3a3,1,0,0.0,1,1,1.0,1,0,0,0,1,0.0,0,2025-12-02 16:04:46.985,2025-12-02 16:04:46.985,1.0,-1.0,0.0071,0.0,0,0.0,1.0,0
13e5ce0346a1033b02583559f4a54776c74784b5cbb5172919522d3445047b2b,9,5,0.5556,2,2,4.5,3,0,1,0,1,0.0,0,2025-12-02 11:52:31.164,2025-12-05 05:27:03.897,2.73,3934.51,0.0213,0.0,0,0.0135,1.0,0
1b30ca6882d077f3b11df28dcc52e5c746a62f1d6abee9c3895485292c81c3de,1,0,0.0,1,1,1.0,1,0,0,0,1,0.0,0,2025-12-02 17:39:51.032,2025-12-02 17:39:51.032,1.0,-1.0,0.0071,0.0,0,0.0,1.0,0
59e5e028cb6b6518aef88d31ff7d9c4647e8d30d30c4a00dbe6e6926e109a143,1,0,0.0,1,1,1.0,1,0,0,0,0,0.0,0,2025-12-02 12:22:29.002,2025-12-02 12:22:29.002,1.0,-1.0,0.0071,0.0,0,0.0,0.0,0
4fb63feffaa65e40dba333c6236f61eee06f6d7093222d3ecc9ab059d207cfeb,1,1,1.0,1,1,1.0,1,0,1,0,0,0.0,0,2025-12-02 07:03:57.003,2025-12-02 07:03:57.003,1.0,0.0,0.0071,0.0,0,0.0,0.0,0
11c075fcadd97eb698a510cf1823563e924a94b34c29672edbd36b77ebba5306,1,0,0.0,1,1,1.0,1,0,0,0,0,0.0,0,2025-12-02 20:09:36.527,2025-12-02 20:09:36.527,1.0,-1.0,0.0071,0.0,0,0.0,0.0,0
dec0aed28ae825a03acf4d60956a3dc4964da697b2f781602499a603c4ac7dff,2,0,0.0,2,2,1.0,1,0,0,0,0,0.0,0,2025-12-02 17:42:50.067,2025-12-03 05:30:22.432,1.0,-1.0,0.0071,0.0,0,0.0,0.0,0
a5ecc1d114b55cc69bc1008f2f9d34c9f78d00ac166f0702d60f4b0515d28806,3,0,0.0,2,2,1.5,2,0,0,0,1,0.0,0,2025-12-02 17:40:34.347,2025-12-03 11:01:40.322,1.0,-1.0,0.0142,0.0,0,0.0,0.3333,0
e5f5e0c8d99416a8507b5191aebaa565763fec6bedd96c4fe3d825fe87b7e1d8,1,0,0.0,1,1,1.0,1,0,0,0,1,0.0,0,2025-12-02 17:25:22.362,2025-12-02 17:25:22.362,1.0,-1.0,0.0071,0.0,0,0.0,1.0,0
b0f90d9cc15238c937ea6325e6194ba640243477f42c14719afa95711e5ee1b8,1,1,1.0,1,1,1.0,1,0,1,0,0,0.0,0,2025-12-02 20:11:19.069,2025-12-02 20:11:19.069,1.0,0.0,0.0071,0.0,0,0.0,0.0,0
8bdb22b2a55f451e48b37069527c6e42a67e2170a61b772c8339444a840778e5,1,1,1.0,1,1,1.0,1,0,1,0,0,0.0,0,2025-12-02 16:10:11.112,2025-12-02 16:10:11.112,1.0,0.0,0.0071,0.0,0,0.0,0.0,0
1e92305dd874d476d3fe0ccc597643ef6328afb0025282e896021bfe0c6e0acb,1,0,0.0,1,1,1.0,1,0,0,0,0,0.0,0,2025-12-02 15:27:25.332,2025-12-02 15:27:25.332,1.0,-1.0,0.0071,0.0,0,0.0,0.0,0
330325b846e92f7dd1e60fedeebd2379ce2223e8352bee681d2cb9af4f2915ee,1,0,0.0,1,1,1.0,1,0,0,0,1,0.0,0,2025-12-02 09:23:50.300,2025-12-02 09:23:50.300,1.0,-1.0,0.0071,0.0,0,0.0,1.0,0
71133350d14f89042578bdf5608d0d954daecdfc64cc1a8f95ee35e48cd4cbbf,174,61,0.3506,1,1,174.0,18,0,1,0,1,0.0,0,2025-12-03 14:27:01.704,2025-12-03 14:49:32.109,1.0,1.56,0.1277,0.0,1,0.02537685051948052,0.931,0
e41943f9fdf43c6246ce03c3ad6b7b45536aa196e695d3b85f62bd7d502dca1b,3,0,0.0,1,1,3.0,3,0,0,0,1,0.0,1,2025-12-03 09:28:32.061,2025-12-03 09:28:49.804,1.0,-1.0,0.0213,0.0,0,0.0,0.3333,0
376db31c7338c88937851204ddaa81559cc99049ac54c774b4445da30f9c4dc7,9,0,0.0,1,1,9.0,5,0,0,0,1,0.0,0,2025-12-03 14:38:01.777,2025-12-03 14:47:04.137,1.0,-1.0,0.0355,0.0,0,0.0,0.1111,0
f1ecfd26e465fe098cd1fb1dd02ad8e5d7479e661fc6dffb5160661f3e7122c5,3,0,0.0,2,2,1.5,2,0,0,0,0,0.0,0,2025-12-03 16:06:48.760,2025-12-06 07:21:18.712,2.64,-1.0,0.0142,0.0,0,0.0,0.0,0
ee3992785d8e6b4708434087cd7281af42a37a0787386fa85aec8f356e824b4c,5,0,0.0,1,1,5.0,5,0,0,0,1,0.0,0,2025-12-03 15:15:45.787,2025-12-03 15:16:57.728,1.0,-1.0,0.0355,0.0,0,0.0,0.2,0
484d54899de7d75683bac44a098807e4ef998d113c354307d0a0c18f03c1f58a,5,0,0.0,1,1,5.0,4,0,0,0,1,0.0,0,2025-12-03 12:57:30.963,2025-12-03 12:58:11.594,1.0,-1.0,0.0284,0.0,0,0.0,0.2,0
6c6862fb75dd9745dfa7f7c5150d057b4810bc2616a8d1019a85139cb18a5c73,9,0,0.0,1,2,4.5,5,0,0,0,1,0.0,0,2025-12-03 06:04:51.201,2025-12-03 08:55:50.917,1.0,-1.0,0.0355,0.0,0,0.0,0.1111,0
254cc81a39a81ece76f9ae3de4808ac265ddbf1090bb15a6e4555ccf1958cadf,7,0,0.0,1,1,7.0,1,0,0,0,0,0.0,0,2025-12-03 18:30:57.861,2025-12-03 18:32:00.422,1.0,-1.0,0.0071,0.0,0,0.0,0.0,0
35a4d0c678a7b4422dd8b8c2ad82a441990271e4926108f649c0213771c26ce4,203,66,0.3251,2,5,40.6,18,0,1,0,1,0.0,0,2025-12-03 15:01:09.744,2025-12-04 20:28:48.273,1.23,2.34,0.1277,0.0,1,0.024121979545454544,0.9458,0
f19fbc2fcd80184a73e2d4cbd5d25dc8db11cf14f0b3cbfb7295cb4dcd7ce0f0,232,68,0.2931,2,4,58.0,20,0,1,0,1,0.0,0,2025-12-03 08:37:42.814,2025-12-04 06:59:55.994,1.0,4.32,0.1418,0.0,1,0.025897265154639176,0.9397,0
11559ed9ab14c8f4ebb728ad04cd8941044f5310d999b2b2ebdb5f3f7b5b3ff2,15,1,0.0667,2,3,5.0,8,0,1,0,1,0.0,0,2025-12-03 07:23:50.514,2025-12-08 15:17:12.735,5.33,5.31,0.0567,0.0,0,0.0057,0.2,0
5f4da206b4672ca95743339767be409955affdd39ea8c17bc1a3c07ce27647c2,12,4,0.3333,1,2,6.0,6,0,1,0,1,0.0,1,2025-12-03 08:18:45.389,2025-12-03 11:30:33.529,1.0,179.45,0.0426,0.0,0,0.013633333333333332,0.6667,0
ee7bf56860da03176518c5354c7d50e216d970725ea505542813bee77a1399e9,15,0,0.0,2,6,2.5,7,0,0,0,1,0.0,0,2025-12-03 05:57:38.995,2025-12-04 15:15:01.615,1.39,-1.0,0.0496,0.0,0,0.0,0.0667,0
59b443b348c0cb047f2deae12fe87db61771cc931c4714f4c1eca1e6dd776d31,8,0,0.0,1,1,8.0,4,0,0,0,1,0.0,0,2025-12-03 17:10:05.735,2025-12-03 17:10:15.986,1.0,-1.0,0.0284,0.0,0,0.0,0.125,0
540a83ad6ab9606a91228dcdee356f400719aea6389989525d8571c2f02da8fc,134,48,0.3582,1,1,134.0,19,0,1,0,1,0.0,0,2025-12-03 17:54:48.363,2025-12-03 18:08:30.260,1.0,3.91,0.1348,0.0,1,0.033986898032786886,0.9328,0
96eff97824e4177749af6eba52bf8a12fa46221059e44ddd1d2542a974d60fa8,2,0,0.0,1,2,1.0,1,0,0,0,0,0.0,0,2025-12-03 06:04:31.773,2025-12-03 08:55:46.434,1.0,-1.0,0.0071,0.0,0,0.0,0.0,0
c2536e6ff89ed975801454ab0d74b4d18118afb446648103abc5449a35adc45b,1,1,1.0,1,1,1.0,1,0,1,0,0,0.0,0,2025-12-03 10:15:26.776,2025-12-03 10:15:26.776,1.0,0.0,0.0071,0.0,0,0.0,0.0,0
0633814f65619b58a92ef0f88185375fc45fb2e3c6e527e3d73178a0048f03fc,204,73,0.3578,2,3,68.0,20,0,1,0,1,0.0,1,2025-12-03 09:29:17.705,2025-12-04 10:01:36.604,1.02,0.2,0.1418,0.0,1,0.023177646559139783,0.902,0
ae3ae60bfc786c6a8af86892bde7473c785d7e73be535533971e1b7e2ec417ed,2,1,0.5,1,1,2.0,2,0,1,0,0,0.0,0,2025-12-03 10:38:58.142,2025-12-03 10:45:37.149,1.0,6.65,0.0142,0.0,0,0.0,0.0,0
afbad0cde009d5fad297c36934dd947d871c510e602f24e2693e7c01901cceb6,7,0,0.0,3,3,2.33,5,0,0,0,1,0.0,0,2025-12-03 18:28:53.068,2025-12-08 13:17:09.011,4.78,-1.0,0.0355,0.0,0,0.0,0.1429,0
6550191fec056f0745e3f24c12b19e42dc8da8c726c2e388f37b6422a95c95de,12,0,0.0,3,4,3.0,6,0,0,0,1,0.0,0,2025-12-03 07:43:58.694,2025-12-08 07:39:23.915,5.0,-1.0,0.0426,0.0,0,0.0,0.0833,0
fe7298bc1edbf70c35b0a0848ba6d47be83bd3211843b9202526aafdc9d00688,10,0,0.0,2,3,3.33,6,0,0,0,1,0.0,0,2025-12-03 04:34:35.112,2025-12-08 18:02:48.369,5.56,-1.0,0.0426,0.0,0,0.0,0.1,0
68417af143e775c92ecad1466291544cfda9672a4fad7c6d9dde2366e59bb08f,8,1,0.125,1,1,8.0,5,0,1,0,1,0.0,0,2025-12-03 10:14:00.505,2025-12-03 10:17:12.473,1.0,3.2,0.0355,0.0,0,0.0,0.125,0
d243dfc21a341a23015f2d0eeccacbe90d31d92f4d5671834892a39ec8e04f32,11,0,0.0,1,1,11.0,6,0,0,0,1,0.0,0,2025-12-03 06:05:12.759,2025-12-03 06:07:52.176,1.0,-1.0,0.0426,0.0,0,0.0,0.0909,0
24055635e4ed7445e6ca6e664c41bcaaa79ede0f51224e65ff132c3fa09adc5a,6,0,0.0,1,2,3.0,1,0,0,0,0,0.0,0,2025-12-03 11:41:56.084,2025-12-03 12:56:54.230,1.0,-1.0,0.0071,0.0,0,0.0,0.0,0
d2b5784611885428fcd376684f6b514c1c00bad7814233c9f5934c2d5d942e29,8,2,0.25,1,1,8.0,8,0,1,0,1,0.0,0,2025-12-03 06:53:14.991,2025-12-03 06:54:43.586,1.0,0.95,0.0567,0.0,0,0.0,0.125,0
0b4452b680733772acc51c086d18b89f19d45603fff3ffe61f2945965b132c5e,3,0,0.0,1,1,3.0,3,0,0,0,1,0.0,0,2025-12-03 14:46:03.480,2025-12-03 14:47:15.146,1.0,-1.0,0.0213,0.0,0,0.0,0.3333,0
6c9179ef9dd1d6f29e09faffdd5a51b3793dd9d90ef8563c29f4f227d5a68a38,11,0,0.0,3,4,2.75,5,0,0,0,1,0.0,0,2025-12-03 04:31:19.084,2025-12-08 18:31:17.877,5.58,-1.0,0.0355,0.0,0,0.0,0.0909,0
d847abd4f3f45823e231572e3a23ad0b926b6cff47a1c905a75563b26b70b86a,12,1,0.0833,1,1,12.0,7,0,1,0,1,0.0,0,2025-12-03 08:52:34.833,2025-12-03 08:55:10.397,1.0,0.97,0.0496,0.0,0,0.006749999999999999,0.25,0
8345be6243be69d6461fd163dbf5d1de0069d84bb2526aaaacd76f7f1796a82d,254,95,0.374,1,1,254.0,13,0,1,0,1,0.0,0,2025-12-03 05:23:28.655,2025-12-03 05:57:14.511,1.0,3.21,0.0922,0.0,1,0.03528172043010753,0.9646,0
27aeece9c2b92e0ac3460251dc1bc6d76f31c42a717fe29195fca5512206c2ee,1,1,1.0,1,1,1.0,1,0,1,0,0,0.0,0,2025-12-03 06:43:20.184,2025-12-03 06:43:20.184,1.0,0.0,0.0071,0.0,0,0.0,0.0,0
8aaf994c56bb9c26816c33ce77359315e9d41a744e2acd656f3495c91da3243a,1,0,0.0,1,1,1.0,1,0,0,0,0,0.0,0,2025-12-03 15:19:37.452,2025-12-03 15:19:37.452,1.0,-1.0,0.0071,0.0,0,0.0,0.0,0
7176ba8d9b58002958371f5b6a6540e9a352cd6e9160432c601ae9ea63364d7e,4,0,0.0,1,1,4.0,4,0,0,0,1,0.0,0,2025-12-03 02:51:00.191,2025-12-03 02:51:41.988,1.0,-1.0,0.0284,0.0,0,0.0,0.25,0
31766d8d998f96d6501afb714262856eded3965ea102e272d49caafe16bda352,5,1,0.2,2,2,2.5,2,0,1,0,0,0.0,0,2025-12-03 23:25:10.620,2025-12-04 23:32:22.868,1.01,1444.82,0.0142,0.0,0,0.0,0.0,0
d61d1a3c599ae326d81bb0961a538927b6ac0afb28dc2ce90d204461878cb13e,7,0,0.0,1,1,7.0,4,0,0,0,1,0.0,0,2025-12-03 02:29:07.925,2025-12-03 02:29:27.066,1.0,-1.0,0.0284,0.0,0,0.0,0.1429,0
cf9b92f283d7c4fdbd48e1749936984b1001a3c3bf5040aa8cb247b3961509d9,403,120,0.2978,1,2,201.5,25,0,1,0,1,0.0,0,2025-12-03 15:36:33.787,2025-12-03 18:00:23.590,1.0,0.89,0.1773,0.0,1,0.036389414580645166,0.9504,0
a4a29e75a4d9f7d80d6d59650b2513e17faf31d752b617e7bc1037ba35c19896,469,99,0.2111,1,3,156.33,31,0,1,0,1,0.0,0,2025-12-03 13:05:24.724,2025-12-03 18:13:50.930,1.0,165.97,0.2199,0.0,1,0.026129626994818654,0.9147,0
1246781c6e0b3bf03832f4e0277670db0c73088367b50ca6a61340a492f08678,241,101,0.4191,1,4,60.25,19,0,1,0,1,0.0,0,2025-12-03 10:38:25.733,2025-12-03 15:57:52.515,1.0,1.67,0.1348,0.0,1,0.02307475992307692,0.9378,0
7797d688c4ffb13223f847b7429e9c9f2a4df37f0405e2ee53ed5b4f5692a537,311,101,0.3248,1,1,311.0,18,0,1,0,1,0.0,0,2025-12-03 14:51:26.049,2025-12-03 15:35:12.287,1.0,1.29,0.1277,0.0,1,0.030838152032520324,0.9711,0
af5de44cc7cc527ac58a64203e28ac7f6988d87693b3d49ceab6c93c7e9069a5,7,0,0.0,3,4,1.75,1,0,0,0,0,0.0,0,2025-12-03 21:02:02.130,2025-12-05 18:36:59.511,1.9,-1.0,0.0071,0.0,0,0.0,0.0,0
049a57c437a5a10145f6f4db2c4b9d80de77dbcddb65bf91ab1d7f136f06f2be,2,0,0.0,2,1,2.0,2,0,0,0,1,0.0,0,2025-12-03 15:05:12.017,2025-12-04 09:38:17.886,1.0,-1.0,0.0142,0.0,0,0.0,0.5,0
b4a556bc80deb585c029185f3b36e8865b134315b4e5b50f81d7ed94311889e5,11,0,0.0,3,5,2.2,6,0,0,0,1,0.0,0,2025-12-03 09:49:30.494,2025-12-05 15:39:20.973,2.24,-1.0,0.0426,0.0,0,0.0,0.0909,0
9fda958cecd6751e59bd4cc0da8e9d98fcbdaa5ebc32e1513dedc43bf1573a78,10,0,0.0,1,2,5.0,6,0,0,0,1,0.0,0,2025-12-03 11:22:48.517,2025-12-03 13:41:01.997,1.0,-1.0,0.0426,0.0,0,0.0,0.1,0
0c769aa88dd6a726621394b3a3048ce04c7ce3ffb5f41da3602ef2a39004fe9f,3,0,0.0,1,1,3.0,3,0,0,0,1,0.0,0,2025-12-03 13:31:14.681,2025-12-03 13:31:34.795,1.0,-1.0,0.0213,0.0,0,0.0,0.3333,0
ac475ec7a12e772a6ef72e920c0ec90691732b0ca57ed9549a48a774970c7317,1,1,1.0,1,1,1.0,1,0,1,0,0,0.0,0,2025-12-03 10:18:09.611,2025-12-03 10:18:09.611,1.0,0.0,0.0071,0.0,0,0.0,0.0,0
cb739a715013216002dd994919baed4442cbd42137e29af9e358b6735e2d1976,2,0,0.0,1,1,2.0,2,0,0,0,0,0.0,0,2025-12-03 07:45:13.288,2025-12-03 07:53:54.590,1.0,-1.0,0.0142,0.0,0,0.0,0.0,0
917f6886e88761da14a76f64a751ab552d184c928b8383d99dd92134cdd277e9,1,0,0.0,1,1,1.0,1,0,0,0,0,0.0,0,2025-12-03 11:19:05.263,2025-12-03 11:19:05.263,1.0,-1.0,0.0071,0.0,0,0.0,0.0,0
98847fbabe42113c15db6ef3c2f3113c8b3a79919864640a209dfc4aedafa4f5,264,88,0.3333,4,4,66.0,16,0,1,0,1,0.0,0,2025-12-03 09:02:53.539,2025-12-07 09:46:00.291,4.03,2165.81,0.1135,0.0,1,0.02327472850877193,0.9697,0
4d102dea8699c92ecffa1e0a2cc2864f685611f969df9bf1005dc9c89271117f,10,0,0.0,1,1,10.0,6,0,0,0,1,0.0,0,2025-12-03 14:50:17.187,2025-12-03 14:55:17.339,1.0,-1.0,0.0426,0.0,0,0.0,0.1,0
f101851d83dea21e85770bf71bb404bd56c82cf570e82a62825707bb26b76b04,8,0,0.0,2,2,4.0,4,0,0,0,1,0.0,0,2025-12-03 03:34:43.204,2025-12-05 16:15:20.772,2.53,-1.0,0.0284,0.0,0,0.0,0.125,0
2e749154af46a1f7ea575a8117cfe55bcb891152eaf5a8fb3fff30763dd75edb,1,0,0.0,1,1,1.0,1,0,0,0,0,0.0,0,2025-12-03 08:30:26.247,2025-12-03 08:30:26.247,1.0,-1.0,0.0071,0.0,0,0.0,0.0,0
706cd234ea8b12fc49823f0d7a4f4987b78f8b647182c621111438b3e5a20f14,3,0,0.0,1,1,3.0,3,0,0,0,1,0.0,0,2025-12-03 07:21:55.113,2025-12-03 07:22:44.157,1.0,-1.0,0.0213,0.0,0,0.0,0.3333,0
42a09125ea3bb05a41eb377f3412bf760e38df8277a031a1005427d373c852f1,3,0,0.0,1,1,3.0,1,0,0,0,0,0.0,0,2025-12-03 15:09:39.413,2025-12-03 15:10:27.980,1.0,-1.0,0.0071,0.0,0,0.0,0.0,0
dd68dba8aeb96098b5d852788fa0d0c498c0d6216dac0cf1786362a908dd73ec,3,1,0.3333,1,1,3.0,3,0,1,0,0,0.0,0,2025-12-03 13:04:45.748,2025-12-03 13:05:10.810,1.0,0.0,0.0213,0.0,0,0.0,0.0,0
8f1a5c755bcbdaad9f3e8fb3597fdcf90ccb9a385486c7460c2ebbfee2504f62,4,1,0.25,1,3,1.33,2,0,1,0,0,0.0,0,2025-12-03 10:37:51.145,2025-12-03 15:57:59.582,1.0,320.14,0.0142,0.0,0,0.0,0.0,0
125c1de23b2f6e391dbac39cd9ce1fff2aa8b7cd5e71f4ec7bc7f5cd756cf885,4,0,0.0,1,1,4.0,4,0,0,0,1,0.0,0,2025-12-03 19:51:45.968,2025-12-03 19:52:34.301,1.0,-1.0,0.0284,0.0,0,0.0,0.25,0
3b1b63a814c3b2eabff291b57b6dbe6b8868ad527cadc254137b660db352c12f,4,0,0.0,1,1,4.0,4,0,0,0,1,0.0,0,2025-12-03 13:54:49.142,2025-12-03 13:56:04.555,1.0,-1.0,0.0284,0.0,0,0.0,0.25,0
feae4dbc6df8d21877177d054b36671bbb7ee5c0560e2a7332bb28dad6b6efca,1,1,1.0,1,1,1.0,1,0,1,0,0,0.0,0,2025-12-03 04:19:31.601,2025-12-03 04:19:31.601,1.0,0.0,0.0071,0.0,0,0.0,0.0,0
17f336e826f809a056bbee9eb404c883e7608eb26e2a51d9244536484ced956e,5,0,0.0,1,1,5.0,4,0,0,0,1,0.0,0,2025-12-03 10:57:04.604,2025-12-03 10:57:20.843,1.0,-1.0,0.0284,0.0,0,0.0,0.2,0
1bee84d1567b0e62c291797bbd8e0e3db5765876ccf64238673f1b9536b2757e,9,1,0.1111,2,2,4.5,7,0,1,0,1,0.0,0,2025-12-03 02:27:10.960,2025-12-04 10:42:27.090,1.34,3.52,0.0496,0.0,0,0.0,0.1111,0
a03f46b04e5c4e927480f1b12c99265ef5019fc5206b540436a5a2d699ade2ce,1,1,1.0,1,1,1.0,1,0,1,0,0,0.0,0,2025-12-03 12:40:11.102,2025-12-03 12:40:11.102,1.0,0.0,0.0071,0.0,0,0.0,0.0,0
b93d1a36a1cca91b5e7b67d0c5c998c70a890b14fab27b98f060dd970b2fc2da,5,0,0.0,1,1,5.0,4,0,0,0,1,0.0,0,2025-12-03 13:52:44.442,2025-12-03 13:54:13.865,1.0,-1.0,0.0284,0.0,0,0.0,0.2,0
7544e5d41ffc9e29301c768d557a35554d7681cb2654b1dee19f35a2b6355c82,1,0,0.0,1,1,1.0,1,0,0,0,0,0.0,0,2025-12-03 22:01:24.133,2025-12-03 22:01:24.133,1.0,-1.0,0.0071,0.0,0,0.0,0.0,0
5c62e116d074614ad58629896a65f223bdb6dca0df83ff1ddd4013cc1b736105,4,0,0.0,2,2,2.0,4,0,0,0,1,0.0,0,2025-12-03 04:34:41.600,2025-12-08 17:19:42.259,5.53,-1.0,0.0284,0.0,0,0.0,0.25,0
e198b1283bb92067454b1ad6fb9395eed08d09dc6a2c45c37edbbb6a23e085f6,1,1,1.0,1,1,1.0,1,0,1,0,0,0.0,0,2025-12-03 02:38:54.181,2025-12-03 02:38:54.181,1.0,0.0,0.0071,0.0,0,0.0,0.0,0
6891be2750cc6818e0c5b65d1ec17c98103643922e3331927a6a47b2d03b00d8,2,1,0.5,1,1,2.0,2,0,1,0,0,0.0,0,2025-12-03 06:04:29.919,2025-12-03 06:04:37.400,1.0,0.0,0.0142,0.0,0,0.0,0.0,0
098a75a4c0e1cbec31f0dac3287f34a3dee3ddf16dc80f1540bfa91b34d5fb12,14,2,0.1429,5,8,1.75,6,0,1,0,1,0.0,0,2025-12-03 07:46:17.472,2025-12-07 10:44:43.295,4.12,9.52,0.0426,0.0,0,0.0,0.0714,0
08bef21cc428e700e12a64ae10b6194ecfd8d4185f4ace7e6d4ac102560dc77e,1,1,1.0,1,1,1.0,1,0,1,0,0,0.0,0,2025-12-03 00:06:37.313,2025-12-03 00:06:37.313,1.0,0.0,0.0071,0.0,0,0.0,0.0,0
f8af3293ef034078fa71ab6dfac6b1b2d7085322a561053c9dada724208a6a28,2,0,0.0,1,2,1.0,1,0,0,0,0,0.0,0,2025-12-03 03:33:09.974,2025-12-03 03:34:25.319,1.0,-1.0,0.0071,0.0,0,0.0,0.0,0
c5653fa342b832268b585ae8885b0d78a6f13443a197a1ffdab47895a1d186c5,2,0,0.0,1,1,2.0,1,0,0,0,0,0.0,0,2025-12-03 08:14:37.205,2025-12-03 08:18:24.333,1.0,-1.0,0.0071,0.0,0,0.0,0.0,0
7d84c70ca7e31851f027a35380e2fd6d5937b6539892a42afd1b48d92fdba3a2,1,0,0.0,1,1,1.0,1,0,0,0,0,0.0,0,2025-12-03 07:21:32.829,2025-12-03 07:21:32.829,1.0,-1.0,0.0071,0.0,0,0.0,0.0,0
cd41c62e4e3ae11d152d21c113004a583cd7b19ce5f5227051e8e597071ca7d6,1,0,0.0,1,1,1.0,1,0,0,0,1,0.0,0,2025-12-03 15:28:21.566,2025-12-03 15:28:21.566,1.0,-1.0,0.0071,0.0,0,0.0,1.0,0
29aae9b3800a909cfa38122d87583ce0d7daec4f23b25fd181d252012d622493,2,0,0.0,1,1,2.0,2,0,0,0,1,0.0,0,2025-12-03 03:10:27.828,2025-12-03 03:10:29.499,1.0,-1.0,0.0142,0.0,0,0.0,0.5,0
dc9ef9a10f0871ee5aa386e518393a154e9dc45d38ab9fc81efa9c865d79c4ca,1,0,0.0,1,1,1.0,1,0,0,0,0,0.0,0,2025-12-03 17:09:38.760,2025-12-03 17:09:38.760,1.0,-1.0,0.0071,0.0,0,0.0,0.0,0
f6c4dcca25dda883d82625e3c82b60ae495dbfb6df15039dd4b9056c5cae74f4,11,1,0.0909,1,1,11.0,6,0,1,0,1,0.0,0,2025-12-03 14:25:01.301,2025-12-03 14:38:54.864,1.0,13.7,0.0426,0.0,0,0.005849999999999999,0.2727,0
043e3af9ea710ef5b6eb7b743edb7936365ddbee4fd80ae9acd2df77a21580d3,10,0,0.0,2,3,3.33,7,0,0,0,1,0.0,0,2025-12-03 15:20:11.015,2025-12-04 04:25:38.580,1.0,-1.0,0.0496,0.0,0,0.0,0.1,0
bc745582922daeecb1613e1aa5fd92b1ebf20caac2b1df71fd51cd2889ec8209,1,0,0.0,1,1,1.0,1,0,0,0,1,0.0,0,2025-12-03 02:13:47.022,2025-12-03 02:13:47.022,1.0,-1.0,0.0071,0.0,0,0.0,1.0,0
a037824bb2d56422ad78b651e7ed44e2c3b5250c63c115c598888497c2983865,1,1,1.0,1,1,1.0,1,0,1,0,0,0.0,0,2025-12-03 21:00:10.461,2025-12-03 21:00:10.461,1.0,0.0,0.0071,0.0,0,0.0,0.0,0
1195cd61b2d6fdb7a05b6bb8c0997f292aa1dde7f53407410fab15c60531b434,2,0,0.0,1,1,2.0,1,0,0,0,0,0.0,0,2025-12-03 03:41:31.886,2025-12-03 03:41:39.714,1.0,-1.0,0.0071,0.0,0,0.0,0.0,0
0b6cad936d71c4c0e3dd1e1238c6fd90e333bfc14c47a68a5f0663d2908385b8,1,0,0.0,1,1,1.0,1,0,0,0,0,0.0,0,2025-12-03 03:56:02.455,2025-12-03 03:56:02.455,1.0,-1.0,0.0071,0.0,0,0.0,0.0,0
57a365b0fa7ed9ecbfdb81f810d073a6f0f8496d258d1c290bdaa914d455dcfb,4,0,0.0,1,1,4.0,1,0,0,0,0,0.0,0,2025-12-03 10:43:20.597,2025-12-03 10:43:25.509,1.0,-1.0,0.0071,0.0,0,0.0,0.0,0
5c75567e878960a1d29b82e72c72a703dfbf7267acf905768e8b6f20cc661cf2,1,0,0.0,1,1,1.0,1,0,0,0,0,0.0,0,2025-12-03 17:54:27.949,2025-12-03 17:54:27.949,1.0,-1.0,0.0071,0.0,0,0.0,0.0,0
86df5565878058127005b098df1fb979833e4a58319cd7d18e77224f0febd0ec,4,0,0.0,1,1,4.0,4,0,0,0,1,0.0,0,2025-12-03 16:18:35.343,2025-12-03 16:19:13.808,1.0,-1.0,0.0284,0.0,0,0.0,0.25,0
21ef6d1eb4c02166efc440999d7e21765e281347ed4cc6175112b854aeef8994,2,1,0.5,1,1,2.0,2,0,1,0,0,0.0,0,2025-12-03 07:22:17.509,2025-12-03 07:36:03.858,1.0,0.0,0.0142,0.0,0,0.0,0.0,0
fbc355c0cf5c55257c3d01109fcfe5fbe7789f4ae6dc532c779871c62d520d0a,1,0,0.0,1,1,1.0,1,0,0,0,0,0.0,0,2025-12-03 11:54:45.445,2025-12-03 11:54:45.445,1.0,-1.0,0.0071,0.0,0,0.0,0.0,0
588125c25bea2692334cb2aea743e7261360899b0af9923accd4910b5a4cf6f3,1,1,1.0,1,1,1.0,1,0,1,0,0,0.0,0,2025-12-03 14:45:26.944,2025-12-03 14:45:26.944,1.0,0.0,0.0071,0.0,0,0.0,0.0,0
213984f7ff1b48092d1a428d2a3f79b8b28d1a8a8d37858563c50270f9177c4a,1,0,0.0,1,1,1.0,1,0,0,0,0,0.0,0,2025-12-03 11:23:41.657,2025-12-03 11:23:41.657,1.0,-1.0,0.0071,0.0,0,0.0,0.0,0
079811383189808b1fee6c5b791898ae9a9df280ed892f4223a5cddbf945a96b,3,0,0.0,1,1,3.0,1,0,0,0,0,0.0,0,2025-12-03 12:10:26.608,2025-12-03 12:10:33.721,1.0,-1.0,0.0071,0.0,0,0.0,0.0,0
29d5be54e83491c3c7d52a6b323bb2b2de621b435f07535adc2eed7646df2284,1,0,0.0,1,1,1.0,1,0,0,0,0,0.0,0,2025-12-03 08:29:20.667,2025-12-03 08:29:20.667,1.0,-1.0,0.0071,0.0,0,0.0,0.0,0
81affb412df4c3bf19351fd03b94355501eadc318df00f41b2e6bae35e43b654,2,0,0.0,1,1,2.0,1,0,0,0,0,0.0,0,2025-12-03 09:21:41.799,2025-12-03 09:21:42.904,1.0,-1.0,0.0071,0.0,0,0.0,0.0,0
d73a9aa52a65de5fc8f1633340ecd7b2e5e31be97e58d5ce2dc45c4d8870d436,3,0,0.0,2,2,1.5,1,0,0,0,0,0.0,0,2025-12-03 13:40:54.403,2025-12-05 16:59:00.288,2.14,-1.0,0.0071,0.0,0,0.0,0.0,0
d0bf7f2af512fca1bfe60f1c147c5a054158aa0c98ac5033f22c0b4d734889fc,1,0,0.0,1,1,1.0,1,0,0,0,0,0.0,0,2025-12-03 13:51:47.091,2025-12-03 13:51:47.091,1.0,-1.0,0.0071,0.0,0,0.0,0.0,0
6a628abb8f1322261cc2c7d93d7d035381e620337831db04ab2fc9f37413e464,1,0,0.0,1,1,1.0,1,0,0,0,1,0.0,0,2025-12-03 17:01:34.799,2025-12-03 17:01:34.799,1.0,-1.0,0.0071,0.0,0,0.0,1.0,0
dead513fa89600fbc9e238f5c85ee16ca4bfc0d93bc36e8865d84af5ece9d8c8,3,0,0.0,1,1,3.0,3,0,0,0,1,0.0,0,2025-12-03 10:17:38.209,2025-12-03 10:18:36.869,1.0,-1.0,0.0213,0.0,0,0.0,0.3333,0
4104e6ad784364bcd5b2816ba20ca23a51425f7236f5a1b7d9fd37d0181bd4dc,6,0,0.0,4,4,1.5,1,0,0,0,0,0.0,0,2025-12-03 18:24:52.658,2025-12-08 13:16:05.764,4.79,-1.0,0.0071,0.0,0,0.0,0.0,0
f9b58bb93382e47084e4169510e17ef8c019ca5dd7fac233a92ff4d63e85d7df,2,0,0.0,1,1,2.0,1,0,0,0,0,0.0,0,2025-12-03 09:53:51.897,2025-12-03 09:54:02.256,1.0,-1.0,0.0071,0.0,0,0.0,0.0,0
78c4515fa8cab39df800b215da195e08aecfc39d3b97b0401ccd46892994401f,1,0,0.0,1,1,1.0,1,0,0,0,0,0.0,0,2025-12-03 15:49:39.019,2025-12-03 15:49:39.019,1.0,-1.0,0.0071,0.0,0,0.0,0.0,0
ef244b4e97924a9deb21d19dee89c311f778bf0e241d2201b22d3b93833a7e3e,2,0,0.0,1,1,2.0,1,0,0,0,0,0.0,0,2025-12-03 13:30:05.363,2025-12-03 13:43:26.883,1.0,-1.0,0.0071,0.0,0,0.0,0.0,0
a6595bb26e8f64a72e43fab1c822400fda0de61437a9eb537dff64eea33301d3,1,0,0.0,1,1,1.0,1,0,0,0,0,0.0,0,2025-12-03 08:31:20.629,2025-12-03 08:31:20.629,1.0,-1.0,0.0071,0.0,0,0.0,0.0,0
7946d31965b55966ab308697a55ff5be1735e183e2a16aefd76e7447f0412fd7,2,0,0.0,1,1,2.0,2,0,0,0,1,0.0,0,2025-12-03 13:52:50.642,2025-12-03 13:56:23.997,1.0,-1.0,0.0142,0.0,0,0.0,0.5,0
5e8619d4f7702f73272c1ea3d0d19efe4cb8512d76ce6b8ab99b678b11f2d019,1,0,0.0,1,1,1.0,1,0,0,0,0,0.0,0,2025-12-03 11:01:21.165,2025-12-03 11:01:21.165,1.0,-1.0,0.0071,0.0,0,0.0,0.0,0
8eecf32e45abd7a2838298cbda58b214c012f6241fd8909b0da9c9697752d157,1,0,0.0,1,1,1.0,1,0,0,0,0,0.0,0,2025-12-03 02:50:38.831,2025-12-03 02:50:38.831,1.0,-1.0,0.0071,0.0,0,0.0,0.0,0
fbb15864001b69803f3d30cc60b5120872e748593eb58a3eaa4fca1d05b58a21,1,1,1.0,1,1,1.0,1,0,1,0,0,0.0,0,2025-12-03 13:44:28.849,2025-12-03 13:44:28.849,1.0,0.0,0.0071,0.0,0,0.0,0.0,0
4a573cabcc5f37b76ace8eede8eaec87dd1cb7c922d29bda30528e0584ed805b,1,1,1.0,1,1,1.0,1,0,1,0,0,0.0,0,2025-12-03 14:22:20.204,2025-12-03 14:22:20.204,1.0,0.0,0.0071,0.0,0,0.0,0.0,0
75de53718c7aeb4025b652702a951c4652ee5db45d98739cbe7bf400123d1822,1,1,1.0,1,1,1.0,1,0,1,0,0,0.0,0,2025-12-03 04:14:18.942,2025-12-03 04:14:18.942,1.0,0.0,0.0071,0.0,0,0.0,0.0,0
0b78f26825895de64cc7d3683a16349d360e85e87a7f067efd9076e16896fdec,1,0,0.0,1,1,1.0,1,0,0,0,0,0.0,0,2025-12-03 16:17:33.944,2025-12-03 16:17:33.944,1.0,-1.0,0.0071,0.0,0,0.0,0.0,0
1d0ecc5c2893e1614f964067083fe1bfd9d4d812e9dace89c858786d07c89df4,3,0,0.0,2,2,1.5,1,0,0,0,0,0.0,0,2025-12-03 07:43:39.754,2025-12-08 07:32:06.629,4.99,-1.0,0.0071,0.0,0,0.0,0.0,0
3184825a1637f7f7faf58bd03b5777f4fab102a00233312c371f6444fbc26906,1,0,0.0,1,1,1.0,1,0,0,0,1,0.0,0,2025-12-03 06:04:00.745,2025-12-03 06:04:00.745,1.0,-1.0,0.0071,0.0,0,0.0,1.0,0
c2ba9e005625dcc75ec040af1dff7fffcb6ef46d7c7e7db776cbf048fe352362,1,1,1.0,1,1,1.0,1,0,1,0,0,0.0,0,2025-12-03 10:29:35.498,2025-12-03 10:29:35.498,1.0,0.0,0.0071,0.0,0,0.0,0.0,0
8b342a37033917f19927dee704d4d3292aa2da5783ab71583a20f2cb4d2ff3fe,1,1,1.0,1,1,1.0,1,0,1,0,0,0.0,0,2025-12-03 00:47:34.512,2025-12-03 00:47:34.512,1.0,0.0,0.0071,0.0,0,0.0,0.0,0
8780c4ef6fd684b87916afb0083ccbf5f865436b946046dff44f5980a5485ea2,1,0,0.0,1,1,1.0,1,0,0,0,1,0.0,0,2025-12-03 11:24:52.467,2025-12-03 11:24:52.467,1.0,-1.0,0.0071,0.0,0,0.0,1.0,0
872c04e8b4cd0d933da6d4be207b31f3e40764d9af0c7b2aba49e198016e0c9a,1,0,0.0,1,1,1.0,1,0,0,0,0,0.0,0,2025-12-03 00:52:04.603,2025-12-03 00:52:04.603,1.0,-1.0,0.0071,0.0,0,0.0,0.0,0
b639b6180597123c727798098fd90a38d8714852e5379dfb92e5013066e6d8f3,1,1,1.0,1,1,1.0,1,0,1,0,0,0.0,0,2025-12-03 15:43:16.688,2025-12-03 15:43:16.688,1.0,0.0,0.0071,0.0,0,0.0,0.0,0
f9bcea0a1215d7d9a3be90e856892c3369e58f6d07a3ef4def17dea1e35a8e21,1,0,0.0,1,1,1.0,1,0,0,0,0,0.0,0,2025-12-03 07:04:53.538,2025-12-03 07:04:53.538,1.0,-1.0,0.0071,0.0,0,0.0,0.0,0
eb8ff2ab19857b4a70e9be3eb3c22857fa8627edb34f99dd9dab136ca9e0f220,1,0,0.0,1,1,1.0,1,0,0,0,0,0.0,0,2025-12-03 08:52:07.546,2025-12-03 08:52:07.546,1.0,-1.0,0.0071,0.0,0,0.0,0.0,0
8c88d88a2c4f6aef511c8d282c22b757cadffe5173e6b40b67eafcd709f12910,4,0,0.0,3,3,1.33,1,0,0,0,0,0.0,0,2025-12-03 07:32:02.656,2025-12-08 07:37:51.526,5.0,-1.0,0.0071,0.0,0,0.0,0.0,0
ffc1e2a95875c6d6adaef40812a32eacf8552497e108b7258394c09dfc46df45,1,0,0.0,1,1,1.0,1,0,0,0,0,0.0,0,2025-12-03 14:44:33.926,2025-12-03 14:44:33.926,1.0,-1.0,0.0071,0.0,0,0.0,0.0,0
8360e0c76428de4d8d7069f7e5d9605b809e73561bb0c70467edae82f52acbbb,1,0,0.0,1,1,1.0,1,0,0,0,0,0.0,0,2025-12-03 15:27:37.562,2025-12-03 15:27:37.562,1.0,-1.0,0.0071,0.0,0,0.0,0.0,0
fc5f6d8d45fb5972cf3065253c457539ef4f2890951e762010e86d05cc3be0bc,1,1,1.0,1,1,1.0,1,0,1,0,0,0.0,0,2025-12-03 00:25:20.676,2025-12-03 00:25:20.676,1.0,0.0,0.0071,0.0,0,0.0,0.0,0
e515d1bc7f0b196e90ffe331ee56fc13190eb849af51bb7f95d275140364f1e5,1,0,0.0,1,1,1.0,1,0,0,0,0,0.0,0,2025-12-03 08:29:10.463,2025-12-03 08:29:10.463,1.0,-1.0,0.0071,0.0,0,0.0,0.0,0
553c4a5f7b3c72e82aa2b9b0f8d70da099532e9543593fc7a580a9517922ce34,1,1,1.0,1,1,1.0,1,0,1,0,0,0.0,0,2025-12-03 09:25:43.390,2025-12-03 09:25:43.390,1.0,0.0,0.0071,0.0,0,0.0,0.0,0
16e1050287cd40ef762304b4ca1c1d0f76d84486e65e77edaf2350c0719b3fda,1,0,0.0,1,1,1.0,1,0,0,0,1,0.0,0,2025-12-03 15:09:47.926,2025-12-03 15:09:47.926,1.0,-1.0,0.0071,0.0,0,0.0,1.0,0
d1432a9180874be94d3290bc55817baa85fc28a1c59057503a84cb587713eec4,2,1,0.5,1,1,2.0,2,0,1,0,0,0.0,0,2025-12-03 17:56:24.829,2025-12-03 17:56:37.981,1.0,0.22,0.0142,0.0,0,0.0,0.0,0
b68528bd9018593a45c4611ff0b2f5b18b1e5455350e08e266cdfec9a649aa47,2,0,0.0,1,1,2.0,2,0,0,0,1,0.0,0,2025-12-03 13:56:56.509,2025-12-03 14:00:07.215,1.0,-1.0,0.0142,0.0,0,0.0,0.5,0
b119ff76dbc6bd6d44d08cd625256437a606e6eb62e845fb65a680d99e250a8b,1,0,0.0,1,1,1.0,1,0,0,0,1,0.0,0,2025-12-03 19:27:33.593,2025-12-03 19:27:33.593,1.0,-1.0,0.0071,0.0,0,0.0,1.0,0
7c7d4a00cdf7909143183b99892873db6fc405cba4802e38e2f97664c20a8b25,1,1,1.0,1,1,1.0,1,0,1,0,0,0.0,0,2025-12-03 01:09:24.759,2025-12-03 01:09:24.759,1.0,0.0,0.0071,0.0,0,0.0,0.0,0
6530d3a86e59be423df83dd6abe2f48a297300221f6cba46f931da726927bfb1,1,0,0.0,1,1,1.0,1,0,0,0,0,0.0,0,2025-12-03 11:54:33.019,2025-12-03 11:54:33.019,1.0,-1.0,0.0071,0.0,0,0.0,0.0,0
2024b4cdc01d6a34ba932c4972293b23156af46e940f34a05be4dd5918a7d57b,1,1,1.0,1,1,1.0,1,0,1,0,0,0.0,0,2025-12-03 12:51:18.372,2025-12-03 12:51:18.372,1.0,0.0,0.0071,0.0,0,0.0,0.0,0
96a3455bb0df78ec8acf3df62f09d2ee2db3598e43b93b1c38e7f0f4a2df978d,1,0,0.0,1,1,1.0,1,0,0,0,0,0.0,0,2025-12-03 08:38:23.344,2025-12-03 08:38:23.344,1.0,-1.0,0.0071,0.0,0,0.0,0.0,0
c6ce080bd502e733fe3808ae402d12591d3a78fc148624ad016d21ac1a52d570,1,0,0.0,1,1,1.0,1,0,0,0,0,0.0,0,2025-12-03 09:21:33.609,2025-12-03 09:21:33.609,1.0,-1.0,0.0071,0.0,0,0.0,0.0,0
f73f69e0f51b6de58c1120d9902ac579ba7ef7660a67ee4c45f8b2987a486a81,1,0,0.0,1,1,1.0,1,0,0,0,0,0.0,0,2025-12-03 19:30:24.824,2025-12-03 19:30:24.824,1.0,-1.0,0.0071,0.0,0,0.0,0.0,0
9c9cb556749f026b45a0e52a2b6b1a0e8ab110cba18e66e9075eeec5e8ad7788,1,1,1.0,1,1,1.0,1,0,1,0,0,0.0,0,2025-12-03 01:02:51.140,2025-12-03 01:02:51.140,1.0,0.0,0.0071,0.0,0,0.0,0.0,0
ef2c9c49044d57175cf598719655431089831a3f42c7b8e84a78330da2ab12c4,1,0,0.0,1,1,1.0,1,0,0,0,0,0.0,0,2025-12-03 12:40:15.841,2025-12-03 12:40:15.841,1.0,-1.0,0.0071,0.0,0,0.0,0.0,0
75e08bfa67f0cc98a1f48754d38acd0c3c4fd6a9996d4f94af12d368ee3dc905,1,0,0.0,1,1,1.0,1,0,0,0,0,0.0,0,2025-12-03 10:56:31.228,2025-12-03 10:56:31.228,1.0,-1.0,0.0071,0.0,0,0.0,0.0,0
72388a1e4553430d16e3b6a6505a01be65e6e189b874bfaa02011294719f4654,1,0,0.0,1,1,1.0,1,0,0,0,0,0.0,0,2025-12-03 15:15:03.580,2025-12-03 15:15:03.580,1.0,-1.0,0.0071,0.0,0,0.0,0.0,0
ba82e68da32c929a9b351a5b9431cafd4d9cbcc3d89b52006605ed23eccdabbe,1,1,1.0,1,1,1.0,1,0,1,0,0,0.0,0,2025-12-03 01:12:55.712,2025-12-03 01:12:55.712,1.0,0.0,0.0071,0.0,0,0.0,0.0,0
7f94381dbdaf24a61f92f9614a7104b9097fb9c07fa1fd5c2ae2e82c58bbad57,1,0,0.0,1,1,1.0,1,0,0,0,0,0.0,0,2025-12-03 10:13:30.403,2025-12-03 10:13:30.403,1.0,-1.0,0.0071,0.0,0,0.0,0.0,0
15862c3cf83b9443bcbc13eba44157ddc2edcb492f432274cf0b75b42cc6e887,1,1,1.0,1,1,1.0,1,0,1,0,0,0.0,0,2025-12-03 02:29:25.502,2025-12-03 02:29:25.502,1.0,0.0,0.0071,0.0,0,0.0,0.0,0
4244c18a941a1d1dedc92291d86940c2e9c9b735ed5f818f7e97670504505351,1,1,1.0,1,1,1.0,1,0,1,0,0,0.0,0,2025-12-03 08:35:32.535,2025-12-03 08:35:32.535,1.0,0.0,0.0071,0.0,0,0.0,0.0,0
bfb3b46d22fefa462e4c2cdeb0ae815b9ee8d103fae1c4013ffd3dcb6cbd6b40,1,0,0.0,1,1,1.0,1,0,0,0,0,0.0,0,2025-12-03 11:19:28.932,2025-12-03 11:19:28.932,1.0,-1.0,0.0071,0.0,0,0.0,0.0,0
ce04fb41773329348bdce00d3dd560fdb810f10e3f680bad4e99ab2228eff468,1,1,1.0,1,1,1.0,1,0,1,0,0,0.0,0,2025-12-03 10:35:09.378,2025-12-03 10:35:09.378,1.0,0.0,0.0071,0.0,0,0.0,0.0,0
d67cabdade8f4193537d2711702677d429d6935fe23977529b195c70db755927,1,1,1.0,1,1,1.0,1,0,1,0,0,0.0,0,2025-12-03 21:12:15.118,2025-12-03 21:12:15.118,1.0,0.0,0.0071,0.0,0,0.0,0.0,0
e9ab07c5deb7e578a9f5c191c703a3d00198f591a9a65f36edc38a0c43ef5d8d,1,0,0.0,1,1,1.0,1,0,0,0,0,0.0,0,2025-12-03 15:00:54.371,2025-12-03 15:00:54.371,1.0,-1.0,0.0071,0.0,0,0.0,0.0,0
e852fffad07daceb90af1849431166d6c7cdbbeaca71f20d9bd399c5d388b4b0,1,0,0.0,1,1,1.0,1,0,0,0,0,0.0,0,2025-12-03 02:28:34.122,2025-12-03 02:28:34.122,1.0,-1.0,0.0071,0.0,0,0.0,0.0,0
f4cc750249a4ff5b344c6e523b74e59c8a8307a70186bb35cc656ef15287fdc2,4,0,0.0,2,2,2.0,3,0,0,0,1,0.0,0,2025-12-03 08:09:55.526,2025-12-04 11:34:48.819,1.14,-1.0,0.0213,0.0,0,0.00021671,1.0,0
fe14df30ec2d7e9c4aced9488253d73824895f8f49e1f5a043c716f55636a358,1,0,0.0,1,1,1.0,1,0,0,0,0,0.0,0,2025-12-03 19:51:12.198,2025-12-03 19:51:12.198,1.0,-1.0,0.0071,0.0,0,0.0,0.0,0
60db1e3a14e7b97d83b9ecead2b7c6dc5a4110efc6842b019f0e339d049208ec,12,5,0.4167,1,1,12.0,7,0,1,0,1,0.0,0,2025-12-04 08:36:50.412,2025-12-04 08:39:40.630,1.0,2.41,0.0496,0.0,0,0.013066666666666666,0.6667,0
c850bd2b741b384f9698f86ed81449e3a2e3cc57995e55eecf6248766ce5dc93,10,3,0.3,1,1,10.0,5,0,1,0,1,0.0,1,2025-12-04 08:33:10.847,2025-12-04 08:35:15.508,1.0,0.66,0.0355,0.0,0,0.011966666666666667,0.7,0
c87d5accb8db799a3506419c9ebf05475ca56829184695106ce288443f1cf9a7,5,0,0.0,2,2,2.5,1,0,0,0,0,0.0,0,2025-12-04 08:28:05.883,2025-12-06 07:27:48.487,1.96,-1.0,0.0071,0.0,0,0.0,0.0,0
0a38f242d6cf3f2e0042e7d1450175ea21b1cf666ce83032c8aec4f2349da269,4,0,0.0,1,1,4.0,1,0,0,0,0,0.0,0,2025-12-04 06:51:36.647,2025-12-04 07:00:08.085,1.0,-1.0,0.0071,0.0,0,0.0,0.0,0
0bc177d1ead5ee7740ee2310abd9b28f5669a5fec66a1bfa1c0a8b8b7c1873ef,11,0,0.0,1,1,11.0,6,0,0,0,1,0.0,0,2025-12-04 12:45:19.484,2025-12-04 12:53:11.906,1.0,-1.0,0.0426,0.0,0,0.0,0.0909,0
219eee1f4f08e047d5570c45e23f015a0884298a6437a36e77ea4e4fae41cdfc,4,0,0.0,1,1,4.0,2,0,0,0,0,0.0,0,2025-12-04 07:11:55.653,2025-12-04 07:12:51.224,1.0,-1.0,0.0142,0.0,0,0.0,0.0,0
9e4877763e6ccac24853ac795883e0e784946a8b5bcbfba656562859c956b471,3,0,0.0,1,1,3.0,3,0,0,0,1,0.0,0,2025-12-04 11:33:08.856,2025-12-04 11:33:10.240,1.0,-1.0,0.0213,0.0,0,0.0,1.0,0
49b10f32ff3350eba143681cfb4364f5ce7475e6cfb2de3f9c5cf554d39ce189,11,1,0.0909,1,1,11.0,8,0,1,0,1,0.0,0,2025-12-04 19:28:34.252,2025-12-04 19:31:55.352,1.0,1.27,0.0567,0.0,0,0.00130026,0.1818,0
1596457f1da8034d0cbcbd896f50a4df4cfa40a04bd9a6cbab347be362548717,63,7,0.1111,3,8,7.88,15,0,1,0,1,0.0,1,2025-12-04 14:02:01.034,2025-12-08 17:00:45.520,4.12,3.52,0.1064,0.0,0,0.015827539776990366,0.254,0
8d7bcb8ce912b1d033f730002debf6dec6cbf78e8d4be3cb0d1c7f72ac87e8be,2,1,0.5,1,1,2.0,2,0,1,0,0,0.0,0,2025-12-04 14:42:25.468,2025-12-04 14:42:33.424,1.0,0.0,0.0142,0.0,0,0.0,0.0,0
abb15ae53cb37debabf76be80b2739c11c25672f57303765d78193fb73486e18,2,0,0.0,1,1,2.0,1,0,0,0,0,0.0,0,2025-12-04 19:18:45.086,2025-12-04 19:18:51.511,1.0,-1.0,0.0071,0.0,0,0.0,0.0,0
c06588108f6a661fd4e9bfbcb686bd96b0c3ef7c51cd008d0a6ffd9401a006d3,413,124,0.3002,3,4,103.25,23,0,1,0,1,0.0,0,2025-12-04 06:31:10.476,2025-12-07 04:38:23.729,2.92,1.63,0.1631,0.0,1,0.02352212660130719,0.9492,0
5a9f6e206e9b4cc10640d2af2adb8c378599ec00e6fba1b53740356867b01202,6,0,0.0,2,2,3.0,1,0,0,0,0,0.0,0,2025-12-04 12:11:07.578,2025-12-05 12:43:48.864,1.02,-1.0,0.0071,0.0,0,0.0,0.0,0
6a9ac9ad88981d108fdcc2f52326bb2a353444b223d2c76f0f0734804df448cb,11,0,0.0,3,3,3.67,4,0,0,0,1,0.0,0,2025-12-04 08:29:02.969,2025-12-08 12:16:38.491,4.16,-1.0,0.0284,0.0,0,0.0,0.0909,0
828ed6c11789f804c7c211931a842cabd0cc9c3da61abf1a19806794eba3959b,5,0,0.0,2,2,2.5,4,0,0,0,1,0.0,0,2025-12-04 23:32:34.355,2025-12-06 18:46:04.449,1.8,-1.0,0.0284,0.0,0,0.0,0.2,0
9eead84336210870351b2f6ec614c9bca927f2c7bcdef8e42f48c31ef3e50498,428,107,0.25,1,1,428.0,15,0,1,0,1,0.0,0,2025-12-04 14:45:41.949,2025-12-04 15:21:17.604,1.0,20.68,0.1064,0.0,1,0.02653204625698324,1.0,0
e75d5bd676ba9c4de2d7027ef3203b001efcc449cd7a21d6777a84edb6c60a57,3,0,0.0,2,2,1.5,1,0,0,0,0,0.0,0,2025-12-04 07:13:15.892,2025-12-07 14:19:17.707,3.3,-1.0,0.0071,0.0,0,0.0,0.0,0
db2bfda6125dcbf41c74975f7780fa8631cb29ff4eba4662cc460a02741255e0,8,2,0.25,1,2,4.0,2,0,1,0,0,0.0,0,2025-12-04 15:56:38.977,2025-12-04 15:56:57.996,1.0,0.14,0.0142,0.0,0,0.0,0.0,0
553f483f56a779b5edc9927a8d815ac57a68e4e412bb625ee1669ad75e79f83a,627,168,0.2679,1,1,627.0,29,0,1,0,1,0.0,0,2025-12-04 19:12:13.119,2025-12-04 19:54:13.154,1.0,1.74,0.2057,0.0,1,0.02007217395256917,0.9617,0
8f960f29240bc843408555fec303e3f8ff4c1859b871032073e2acaa5e2baca0,4,1,0.25,1,1,4.0,4,0,1,0,1,0.0,0,2025-12-04 06:50:58.266,2025-12-04 06:51:47.053,1.0,0.81,0.0284,0.0,0,0.0,0.25,0
354ca2b52c12251779624832dae3a4de0d20b654ee41e7ea6c89f18a5db778fd,11,0,0.0,2,2,5.5,7,0,0,0,1,0.0,0,2025-12-04 07:16:53.545,2025-12-07 14:19:22.078,3.29,-1.0,0.0496,0.0,0,0.0,0.0909,0
47b8bf4c098d763c8351bbc86d3d5f392de41445c7cee0aac46d4ff1fa06e5af,4,0,0.0,1,1,4.0,4,0,0,0,1,0.0,0,2025-12-04 14:42:18.058,2025-12-04 14:42:20.023,1.0,-1.0,0.0284,0.0,0,0.0,0.75,0
d3a7fdfd6144082cf09f49a70798e3c79772e2e997566f0c6a19378b41b82b8f,6,0,0.0,1,2,3.0,4,0,0,0,1,0.0,0,2025-12-04 15:46:59.237,2025-12-04 16:47:30.373,1.0,-1.0,0.0284,0.0,0,0.0,0.1667,0
c45adda4eb9f9366bf0c187a27982f98436b01890e9abd683cc28ef1fccd48c1,8,0,0.0,1,1,8.0,5,0,0,0,1,0.0,0,2025-12-04 08:17:54.639,2025-12-04 08:38:11.205,1.0,-1.0,0.0355,0.0,0,0.0,0.125,0
d1ba78bbfa5f7dcacabb3d51ca75cc3dc22820d27e1d1cb1cb976d84f27a506e,422,126,0.2986,1,3,140.67,24,0,1,0,1,0.0,0,2025-12-04 03:32:25.878,2025-12-04 17:14:22.872,1.0,0.78,0.1702,0.0,1,0.03859463786585366,0.9668,0
0c4d28f71cac32f6b2e545f1a8c4c2e0a8f6a7c9d88a70b6c34516f722a5225d,40,12,0.3,1,1,40.0,7,0,1,0,1,0.0,0,2025-12-04 14:52:12.296,2025-12-04 15:33:13.693,1.0,1.01,0.0496,0.0,0,0.007200000000000001,0.625,0
535d0f008b0fee451834acd7a372180c1219799811e6ebf4ab652ab6e135844a,4,0,0.0,1,1,4.0,4,0,0,0,1,0.0,0,2025-12-04 12:31:30.974,2025-12-04 12:31:54.287,1.0,-1.0,0.0284,0.0,0,0.0,0.25,0
b41910e1384d5c0d9a5122fef16669f77838dbb5715c2cced3e52cc83b65d6a7,4,0,0.0,2,2,2.0,4,0,0,0,1,0.0,0,2025-12-04 14:19:18.329,2025-12-07 12:40:29.571,2.93,-1.0,0.0284,0.0,0,0.0,0.25,0
8466402443560d099aab69e4b2498bc5e8134fa5b875b6aa6255ce1dded06b43,1,0,0.0,1,1,1.0,1,0,0,0,0,0.0,0,2025-12-04 10:40:11.431,2025-12-04 10:40:11.431,1.0,-1.0,0.0071,0.0,0,0.0,0.0,0
d7d06b8b6ddfc6acc6e503b2e9fa7a08e1870cb47d116a05eade195996ca7b28,3,0,0.0,3,3,1.0,1,0,0,0,0,0.0,0,2025-12-04 15:22:52.128,2025-12-08 17:26:16.179,4.09,-1.0,0.0071,0.0,0,0.0,0.0,0
075e89c5ad60fe9530b2eb3bcf6e8246bb4e716b69ec5ff03a8a2aaaa26e4f08,9,0,0.0,1,1,9.0,5,0,0,0,1,0.0,0,2025-12-04 09:40:01.397,2025-12-04 09:54:03.632,1.0,-1.0,0.0355,0.0,0,0.0,0.1111,0
215bcde9ca79c0d67349460c60aac6b20877ca31a50822dde0d056043b90ccf0,16,0,0.0,3,3,5.33,8,0,0,0,1,0.0,0,2025-12-04 14:19:09.757,2025-12-08 15:51:37.498,4.06,-1.0,0.0567,0.0,0,0.0,0.1875,0
267681160bf2c354a18319551b461bfb0ee381fcad8fcaf6e192b827ebb50fc5,5,0,0.0,1,1,5.0,5,0,0,0,1,0.0,0,2025-12-04 05:33:25.419,2025-12-04 05:37:35.731,1.0,-1.0,0.0355,0.0,0,0.0,0.2,0
0cb7b8e0de026e807702f99a7a6dc41d63e46edae35e97a913f170fbc94708f3,4,4,1.0,1,1,4.0,1,0,1,0,0,0.0,0,2025-12-04 17:21:10.630,2025-12-04 17:21:16.482,1.0,0.0,0.0071,0.0,0,0.0,0.0,0
396bdb856215a458b92d8b8998a8293274916d066c72b4164e1e511ed0d38291,6,1,0.1667,1,1,6.0,3,0,1,0,0,0.0,0,2025-12-04 08:35:05.976,2025-12-04 08:36:37.517,1.0,0.86,0.0213,0.0,0,0.0,0.0,0
dc7334edd7a75d16da08c8bc3de34912a68a93c471b2b1649826a4661e9f460e,1,0,0.0,1,1,1.0,1,0,0,0,0,0.0,0,2025-12-04 17:03:40.458,2025-12-04 17:03:40.458,1.0,-1.0,0.0071,0.0,0,0.0,0.0,0
67c82d73e70bbab4ed5781764fe843b0ea855f35d69b6aa58bf13248166919f7,8,0,0.0,1,1,8.0,4,0,0,0,1,0.0,0,2025-12-04 20:29:00.531,2025-12-04 20:29:20.136,1.0,-1.0,0.0284,0.0,0,0.0,0.125,0
ddfb3fbe4bd001f3abb88b62895341c25d8eff8822e5e9a3df05f63cee79f10e,1,1,1.0,1,1,1.0,1,0,1,0,0,0.0,0,2025-12-04 12:32:39.435,2025-12-04 12:32:39.435,1.0,0.0,0.0071,0.0,0,0.0,0.0,0
bdf015228646dbd72ad4193a57dd8b3cabb2cf190cce7f80a1afb02f2b6c3fe9,2,2,1.0,1,1,2.0,1,0,1,0,0,0.0,0,2025-12-04 17:03:41.713,2025-12-04 17:12:15.626,1.0,0.0,0.0071,0.0,0,0.0,0.0,0
f1414f8e04184b819a737bb3d0fd74f209211e2609c94ce3b45d71ef6797a2f4,11,0,0.0,1,1,11.0,1,0,0,0,0,0.0,0,2025-12-04 06:42:09.351,2025-12-04 06:47:59.834,1.0,-1.0,0.0071,0.0,0,0.0,0.0,0
65961774e173dc9feda9059884abf56cb3ace45c56e1b418dbddff770ad295f4,5,0,0.0,1,1,5.0,4,0,0,0,1,0.0,0,2025-12-04 07:08:40.769,2025-12-04 07:09:17.518,1.0,-1.0,0.0284,0.0,0,0.0,0.2,0
8ea8b491b041706c4087038e6ff08715870f12e7d4a0f0b514fc81b2dcec9d19,5,0,0.0,1,1,5.0,5,0,0,0,1,0.0,0,2025-12-04 09:00:35.269,2025-12-04 09:01:55.909,1.0,-1.0,0.0355,0.0,0,0.0,0.2,0
b5be90ff959d5db2301cf8a269b21b4cbe5b4578e31d0ade55a4ca099745c824,4,0,0.0,1,1,4.0,1,0,0,0,0,0.0,0,2025-12-04 02:32:35.576,2025-12-04 02:32:49.765,1.0,-1.0,0.0071,0.0,0,0.0,0.0,0
fe12551ffe7d4421303c55c5aba49c078cf5d1bd58c7f09b7b0cfc0d0fe6acc6,1,0,0.0,1,1,1.0,1,0,0,0,0,0.0,0,2025-12-04 14:51:28.838,2025-12-04 14:51:28.838,1.0,-1.0,0.0071,0.0,0,0.0,0.0,0
44a5a523fe4230441297ab066caa2cf4ce6c437ac206677edb4ccc43f85fd11d,3,0,0.0,1,1,3.0,3,0,0,0,1,0.0,0,2025-12-04 14:00:59.867,2025-12-04 14:01:24.813,1.0,-1.0,0.0213,0.0,0,0.0,0.3333,0
5aa4aa770b3a04aeb929a9e615838f57e7dbf8d8d1d5187d8d89661e3fdc4b6f,4,0,0.0,1,1,4.0,1,0,0,0,0,0.0,0,2025-12-04 10:51:56.797,2025-12-04 10:52:54.477,1.0,-1.0,0.0071,0.0,0,0.0,0.0,0
ae14359849be1f0c51b47c59e81dac21efea83c0ac5ce533320c21e6be1a9d58,6,0,0.0,2,2,3.0,5,0,0,0,1,0.0,0,2025-12-04 04:51:47.621,2025-12-07 12:05:19.928,3.3,-1.0,0.0355,0.0,0,0.0,0.1667,0
146c816fe3a140c31a7f63c1410cc422c5226c8b10e1f6f81a6195b837baaf5d,4,1,0.25,1,1,4.0,4,0,1,0,0,0.0,0,2025-12-04 12:38:30.475,2025-12-04 12:43:18.190,1.0,0.67,0.0284,0.0,0,0.0,0.0,0
521f9d98714665c9727023866dda413a80107bc9d870262aeb8bee95725ba913,1,0,0.0,1,1,1.0,1,0,0,0,1,0.0,0,2025-12-04 14:20:59.071,2025-12-04 14:20:59.071,1.0,-1.0,0.0071,0.0,0,0.0,1.0,0
3f42dc02c06a0fe54c23605eb0317da44eaa9de255c9cd4e13d32f046caf0f6e,4,0,0.0,1,1,4.0,4,0,0,0,1,0.0,0,2025-12-04 18:13:31.271,2025-12-04 18:14:00.573,1.0,-1.0,0.0284,0.0,0,0.0,0.25,0
3ac5b27ab5fcbaeb6101b0f434cb1a8ea3e6455bcba3f759db53d9f2e1b9892f,7,0,0.0,1,2,3.5,4,0,0,0,1,0.0,0,2025-12-04 09:55:05.229,2025-12-04 12:44:15.027,1.0,-1.0,0.0284,0.0,0,0.0,0.1429,0
2387108e6368b8f8651d7815aff18bccc53d9d6917d9b7ff8461b46cce46c74e,5,0,0.0,1,2,2.5,1,0,0,0,0,0.0,0,2025-12-04 15:46:15.394,2025-12-04 16:47:27.798,1.0,-1.0,0.0071,0.0,0,0.0,0.0,0
f9e8dc3c9bf3a7ca778e6dba797f7b006d4d48b6f5caa2bcfa007b8088b4ca96,1,0,0.0,1,1,1.0,1,0,0,0,0,0.0,0,2025-12-04 07:40:56.881,2025-12-04 07:40:56.881,1.0,-1.0,0.0071,0.0,0,0.0,0.0,0
966064ca48c420a52c03f90c19c86794b3d09c2eeb3c16e6f0c414a5fbf3ff6f,1,0,0.0,1,1,1.0,1,0,0,0,0,0.0,0,2025-12-04 15:43:17.930,2025-12-04 15:43:17.930,1.0,-1.0,0.0071,0.0,0,0.0,0.0,0
df41b3fbebfb0399fddaaac90c0808e6c4e82bc26f9da8a7134c19a01408a3b9,2,0,0.0,1,1,2.0,1,0,0,0,0,0.0,0,2025-12-04 11:19:31.752,2025-12-04 11:19:45.765,1.0,-1.0,0.0071,0.0,0,0.0,0.0,0
fa27d8a65797327211dde250b99075d58d57dc309f93ce395eb9fba2b1d69435,2,2,1.0,1,1,2.0,1,0,1,0,0,0.0,0,2025-12-04 08:28:10.015,2025-12-04 08:33:26.181,1.0,0.0,0.0071,0.0,0,0.0,0.0,0
b702d67fc22959cc2f87ba87dbd1b15cc305b5a5f092c5a64e8d49a71c6a8a4d,2,0,0.0,2,2,1.0,1,0,0,0,0,0.0,0,2025-12-04 15:24:29.674,2025-12-08 15:47:36.380,4.02,-1.0,0.0071,0.0,0,0.0,0.0,0
82ef93c31b1a769ebc221636916e3d256a48b8e5ce61ae7c45f6eef60ab49134,1,0,0.0,1,1,1.0,1,0,0,0,0,0.0,0,2025-12-04 23:42:38.157,2025-12-04 23:42:38.157,1.0,-1.0,0.0071,0.0,0,0.0,0.0,0
b325e3519b423935ad670b0e8d98b05dbf3e1ecce53664b0c055bca3561da37d,4,0,0.0,1,1,4.0,3,0,0,0,1,0.0,0,2025-12-04 18:40:07.139,2025-12-04 19:08:04.574,1.0,-1.0,0.0213,0.0,0,0.0057,0.75,0
976214e0a95705111b00de2b9df0c8f821434ebd6f707ba26b2dbd1fc73e1119,5,0,0.0,1,1,5.0,5,0,0,0,1,0.0,0,2025-12-04 18:27:22.918,2025-12-04 18:30:03.970,1.0,-1.0,0.0355,0.0,0,0.0,0.2,0
c8f43446817d0b75dce7970a14fc91d51a2df844d6a2da96ae13d7b3ce7e091f,1,1,1.0,1,1,1.0,1,0,1,0,0,0.0,0,2025-12-04 06:16:51.690,2025-12-04 06:16:51.690,1.0,0.0,0.0071,0.0,0,0.0,0.0,0
cf9678b36fb8a773c711605055d05ef9689c49b8b3f997b32886885df880a03b,7,0,0.0,1,1,7.0,7,0,0,0,1,0.0,0,2025-12-04 11:34:48.794,2025-12-04 12:01:05.013,1.0,-1.0,0.0496,0.0,0,0.0,0.4286,0
aa912bc2350f3a2f6456cc12df5a28e619ca75da047c9068b316bd3c37bf3dcc,1,0,0.0,1,1,1.0,1,0,0,0,0,0.0,0,2025-12-04 15:05:31.293,2025-12-04 15:05:31.293,1.0,-1.0,0.0071,0.0,0,0.0,0.0,0
1c9796614fb680bca4d488ef6cca5ac45415747a10fbf5f8aeadbd00b8ac2f71,1,0,0.0,1,1,1.0,1,0,0,0,0,0.0,0,2025-12-04 07:08:02.549,2025-12-04 07:08:02.549,1.0,-1.0,0.0071,0.0,0,0.0,0.0,0
4436b3374ff7023f90958d8ec9260cf334f016c45511ec7a502e6703ef9275d7,3,1,0.3333,1,1,3.0,2,0,1,0,0,0.0,0,2025-12-04 08:16:26.380,2025-12-04 08:17:53.204,1.0,0.11,0.0142,0.0,0,0.0,0.0,0
18e44432abaf7393732dffbe3fefcb6fff6356dc158804de65afc81b6e14d922,3,0,0.0,2,2,1.5,1,0,0,0,0,0.0,0,2025-12-04 04:51:30.240,2025-12-07 12:05:15.081,3.3,-1.0,0.0071,0.0,0,0.0,0.0,0
5b8f98573b7827d2097cb844390b8b1c8b8d0fd99b3862824a7e1d154a4610b1,8,0,0.0,3,3,2.67,5,0,0,0,1,0.0,0,2025-12-04 15:23:22.360,2025-12-08 17:26:23.416,4.09,-1.0,0.0355,0.0,0,0.0,0.125,0
790da477867eae4ac6f4cef4ba57c9b1d3091b820fa518d8ca9a8fa5cf1cb3aa,1,0,0.0,1,1,1.0,1,0,0,0,0,0.0,0,2025-12-04 14:18:55.640,2025-12-04 14:18:55.640,1.0,-1.0,0.0071,0.0,0,0.0,0.0,0
ee50050cbfc8aa16117b449b9f5ee0548fe8c13f31b33717b8aed04e1a72a217,9,0,0.0,2,2,4.5,6,0,0,0,1,0.0,0,2025-12-04 07:41:38.381,2025-12-08 15:37:49.150,4.33,-1.0,0.0426,0.0,0,0.0,0.1111,0
cd8d9712e3e583e079dc9385cfd29fb7cf7ade3c3f4b89870ec40e303fb279fb,1,1,1.0,1,1,1.0,1,0,1,0,0,0.0,0,2025-12-04 01:55:15.043,2025-12-04 01:55:15.043,1.0,0.0,0.0071,0.0,0,0.0,0.0,0
2a0c3148de8d974fb201e65b68a499f983389c1b3c8e994c6a8ca7b14986a29f,1,0,0.0,1,1,1.0,1,0,0,0,0,0.0,0,2025-12-04 15:38:29.138,2025-12-04 15:38:29.138,1.0,-1.0,0.0071,0.0,0,0.0,0.0,0
6933e20a759e6baf011cd34ed721d28af522fcc246dafb1139cd547baeed96a2,1,0,0.0,1,1,1.0,1,0,0,0,0,0.0,0,2025-12-04 09:10:18.691,2025-12-04 09:10:18.691,1.0,-1.0,0.0071,0.0,0,0.0,0.0,0
2335b1e76285a0cee396b1a5a627a6b8c8617938683e8e2cde6cd68f88cee3d7,1,0,0.0,1,1,1.0,1,0,0,0,0,0.0,0,2025-12-04 18:13:08.156,2025-12-04 18:13:08.156,1.0,-1.0,0.0071,0.0,0,0.0,0.0,0
60cde84cd7e880b96b1ec5a51495c5e205cda5e3cbe5ce197ec29c6a8a18c7e0,1,0,0.0,1,1,1.0,1,0,0,0,0,0.0,0,2025-12-04 10:17:45.591,2025-12-04 10:17:45.591,1.0,-1.0,0.0071,0.0,0,0.0,0.0,0
c9c9ac60c1d6b3d861c2a831046888d5747260287e0da73b6178ea3b695b7712,1,1,1.0,1,1,1.0,1,0,1,0,0,0.0,0,2025-12-04 07:34:38.662,2025-12-04 07:34:38.662,1.0,0.0,0.0071,0.0,0,0.0,0.0,0
f05ef1d68bc9c93dd21866eb3bb8d730578d1c89c75c12a36e7297be0783b052,2,0,0.0,1,1,2.0,2,0,0,0,0,0.0,0,2025-12-04 08:59:32.356,2025-12-04 09:00:17.611,1.0,-1.0,0.0142,0.0,0,0.0,0.0,0
d0630316e4d433b29cc666d9e93f7e857283cd28498c2ed1a3a8a9fce710e229,1,0,0.0,1,1,1.0,1,0,0,0,0,0.0,0,2025-12-04 09:13:49.847,2025-12-04 09:13:49.847,1.0,-1.0,0.0071,0.0,0,0.0,0.0,0
5367e7072f798ab8c0e17076103549c47decb91e7381b8b56cab0b7f3c10667c,2,0,0.0,2,2,1.0,1,0,0,0,0,0.0,0,2025-12-04 15:47:59.836,2025-12-08 14:28:33.730,3.94,-1.0,0.0071,0.0,0,0.0,0.0,0
22724be7602047cf87dca21b68e00a6175a67b06627fc0d7dfc35124195fbda6,1,0,0.0,1,1,1.0,1,0,0,0,0,0.0,0,2025-12-04 14:44:55.899,2025-12-04 14:44:55.899,1.0,-1.0,0.0071,0.0,0,0.0,0.0,0
9df7b6140612155bdd277822aa4e80ec348fb626e8a0730166ecf9a98f7c9d04,1,1,1.0,1,1,1.0,1,0,1,0,0,0.0,0,2025-12-04 10:20:51.522,2025-12-04 10:20:51.522,1.0,0.0,0.0071,0.0,0,0.0,0.0,0
1e46805262d394196cf64b64adc96977a946fb1d1921397e726d8d563bc5aba8,1,1,1.0,1,1,1.0,1,0,1,0,0,0.0,0,2025-12-04 17:29:20.255,2025-12-04 17:29:20.255,1.0,0.0,0.0071,0.0,0,0.0,0.0,0
95c65ceb5ee260744a3c7d652701c7fce0dd37e72a1507be8409ada100362cd8,1,0,0.0,1,1,1.0,1,0,0,0,0,0.0,0,2025-12-04 23:06:01.712,2025-12-04 23:06:01.712,1.0,-1.0,0.0071,0.0,0,0.0,0.0,0
a37e16a2ad54142870b51d08ae8c798a5aead8280432065cc1d1647b061f9ab7,1,1,1.0,1,1,1.0,1,0,1,0,0,0.0,0,2025-12-04 08:36:52.204,2025-12-04 08:36:52.204,1.0,0.0,0.0071,0.0,0,0.0,0.0,0
bbccc0b3dea1e3eea36c67425cde9dde08eacf5b93b0cc15f932afccb527fcf2,1,0,0.0,1,1,1.0,1,0,0,0,0,0.0,0,2025-12-04 01:43:05.288,2025-12-04 01:43:05.288,1.0,-1.0,0.0071,0.0,0,0.0,0.0,0
16aa56ad024938c8e41e42af49f6f2d87fe680ac4595040b03cdfb5bde95465b,1,0,0.0,1,1,1.0,1,0,0,0,1,0.0,0,2025-12-04 20:19:17.234,2025-12-04 20:19:17.234,1.0,-1.0,0.0071,0.0,0,0.0,1.0,0
0f353aebcafdf8f49207dddfa1ab2b9edd0dcc0f3b8f12ae63046b1672be9559,1,0,0.0,1,1,1.0,1,0,0,0,0,0.0,0,2025-12-04 03:31:34.084,2025-12-04 03:31:34.084,1.0,-1.0,0.0071,0.0,0,0.0,0.0,0
1c3a141747e322b8d9aec1927cc8a0395f4ce22ef6e47f2a304b8b687260571b,3,0,0.0,1,1,3.0,2,0,0,0,0,0.0,0,2025-12-04 13:34:52.470,2025-12-04 14:21:51.816,1.0,-1.0,0.0142,0.0,0,0.0,0.0,0
8543240e8f07a2428339e0d2efdbba6db1c9189bc9ce0b1eac3f80b727679f34,1,1,1.0,1,1,1.0,1,0,1,0,0,0.0,0,2025-12-04 01:39:14.333,2025-12-04 01:39:14.333,1.0,0.0,0.0071,0.0,0,0.0,0.0,0
a6f52ec0c97f8b8478fa02334e594574d1d4327d8c32b3206ce9683b268e975a,1,1,1.0,1,1,1.0,1,0,1,0,0,0.0,0,2025-12-04 15:18:35.213,2025-12-04 15:18:35.213,1.0,0.0,0.0071,0.0,0,0.0,0.0,0
1e1d3dd124d4a969d864ed72d1743aa98b1af0a0bf4ebe9291fc8690e97516e4,1,0,0.0,1,1,1.0,1,0,0,0,0,0.0,0,2025-12-04 19:11:55.121,2025-12-04 19:11:55.121,1.0,-1.0,0.0071,0.0,0,0.0,0.0,0
3273323b4e86262b7aa4e3d706dcb4f08602e2ca7a546b9acb031638dd9c5675,2,0,0.0,2,1,2.0,2,0,0,0,1,0.0,0,2025-12-04 14:19:10.197,2025-12-08 19:56:24.366,4.23,-1.0,0.0142,0.0,0,0.0,0.5,0
9853d34b555e2679034a2e26e890d1e85047180c48cbed51846644e528b43a30,1,0,0.0,1,1,1.0,1,0,0,0,0,0.0,0,2025-12-04 09:39:23.999,2025-12-04 09:39:23.999,1.0,-1.0,0.0071,0.0,0,0.0,0.0,0
3ddb16b95ec2e2dae313fe69ceb5a59d529e208e0c5f3671a2bb5e9642cef43a,1,0,0.0,1,1,1.0,1,0,0,0,0,0.0,0,2025-12-04 18:33:11.949,2025-12-04 18:33:11.949,1.0,-1.0,0.0071,0.0,0,0.0,0.0,0
bc9b12910a6b0e7031b3c2fd7dd22c0dfd91778b0b4a5b40f82822763a4ee10e,1,0,0.0,1,1,1.0,1,0,0,0,0,0.0,0,2025-12-04 20:29:07.367,2025-12-04 20:29:07.367,1.0,-1.0,0.0071,0.0,0,0.0,0.0,0
f7079cd276f3e589dc330a1819b712132eeabd894cda056e7dda9350fdb23822,1,0,0.0,1,1,1.0,1,0,0,0,0,0.0,0,2025-12-04 16:06:36.656,2025-12-04 16:06:36.656,1.0,-1.0,0.0071,0.0,0,0.0,0.0,0
6e5262004eb9b04c209221d4923c58b51ef0bbd76aff0c0b17d5549d4a212283,1,0,0.0,1,1,1.0,1,0,0,0,0,0.0,0,2025-12-04 20:27:57.112,2025-12-04 20:27:57.112,1.0,-1.0,0.0071,0.0,0,0.0,0.0,0
d515e01e87a9c7d163bf7235f32c32454214d2cf2147ba8952ef02598f0a7db1,1,0,0.0,1,1,1.0,1,0,0,0,0,0.0,0,2025-12-04 10:14:18.116,2025-12-04 10:14:18.116,1.0,-1.0,0.0071,0.0,0,0.0,0.0,0
51c2abe837db0772c3ad96b60ef5e8ee09fb6a45aab0f2cdbc0dbc34d77c97ee,1,1,1.0,1,1,1.0,1,0,1,0,0,0.0,0,2025-12-04 15:20:34.249,2025-12-04 15:20:34.249,1.0,0.0,0.0071,0.0,0,0.0,0.0,0
8cb5e9267422685a57776a020a342d0a0ebe95282aa61b2a55334c50dc46e848,1,0,0.0,1,1,1.0,1,0,0,0,0,0.0,0,2025-12-04 18:26:50.816,2025-12-04 18:26:50.816,1.0,-1.0,0.0071,0.0,0,0.0,0.0,0
c1f9dedcf1adb256519f07fa8f394502ccec8aa68746ca67a1f51a44c56e3329,1,0,0.0,1,1,1.0,1,0,0,0,0,0.0,0,2025-12-04 11:57:49.129,2025-12-04 11:57:49.129,1.0,-1.0,0.0071,0.0,0,0.0,0.0,0
8cbeb73e91d461bda0b890113f33f1b16fd5baef96b41bf524c3bb247faf0c4f,1,0,0.0,1,1,1.0,1,0,0,0,0,0.0,0,2025-12-04 13:30:17.121,2025-12-04 13:30:17.121,1.0,-1.0,0.0071,0.0,0,0.0,0.0,0
5b2c9ad3f78e3564ca4dde534989382ead9862f4e2ea7cf3d9aab2cf0ef2ce3e,1,0,0.0,1,1,1.0,1,0,0,0,0,0.0,0,2025-12-04 10:23:47.874,2025-12-04 10:23:47.874,1.0,-1.0,0.0071,0.0,0,0.0,0.0,0
5b30f5227e17a0351897b9a8361698319a43936b56e9d7ed2d33ff9f3e8cfb38,1,1,1.0,1,1,1.0,1,0,1,0,0,0.0,0,2025-12-04 15:47:58.255,2025-12-04 15:47:58.255,1.0,0.0,0.0071,0.0,0,0.0,0.0,0
1a2f8c9f37d81519b074bc1c951503a1d170d402b351d90a738e2e80709e5026,1,0,0.0,1,1,1.0,1,0,0,0,0,0.0,0,2025-12-04 12:04:53.292,2025-12-04 12:04:53.292,1.0,-1.0,0.0071,0.0,0,0.0,0.0,0
ebffc436c380379f0b4a049e322c9750a6c00a41e71452cde05973f28f0c4b5c,1,0,0.0,1,1,1.0,1,0,0,0,0,0.0,0,2025-12-04 14:00:28.909,2025-12-04 14:00:28.909,1.0,-1.0,0.0071,0.0,0,0.0,0.0,0
7b57577ec5e155197cdf3d45a17646994605ef4c547ba076802d023b531e39c6,1,0,0.0,1,1,1.0,1,0,0,0,0,0.0,0,2025-12-04 17:49:01.278,2025-12-04 17:49:01.278,1.0,-1.0,0.0071,0.0,0,0.0,0.0,0
40ffb303b0e53245ac9d6d10550207779675ceaa0b179136e917bdb127076ecd,2,0,0.0,2,2,1.0,1,0,0,0,0,0.0,0,2025-12-04 06:30:39.637,2025-12-06 08:06:48.147,2.07,-1.0,0.0071,0.0,0,0.0,0.0,0
a40efc3c4e6c597a9a6813e7937191d8130a6c40e31a7f736b82d87afa559ab5,2,0,0.0,2,2,1.0,1,0,0,0,0,0.0,0,2025-12-04 05:09:32.627,2025-12-05 05:07:21.177,1.0,-1.0,0.0071,0.0,0,0.0,0.0,0
5b49a91bbd1117ee92813c3ea1d7a72605417f1136af91a50599ff73d0a6dd23,1,0,0.0,1,1,1.0,1,0,0,0,0,0.0,0,2025-12-04 21:45:40.339,2025-12-04 21:45:40.339,1.0,-1.0,0.0071,0.0,0,0.0,0.0,0
9fb9079bb89b5fea9975bbbedd6e56ad1c3ac51e169ae5e7dd424ffd8c043642,2,2,1.0,1,1,2.0,1,0,1,0,0,0.0,0,2025-12-04 15:05:17.882,2025-12-04 15:05:19.778,1.0,0.0,0.0071,0.0,0,0.0,0.0,0
c83f82b4163b2d3ea6d27e0f432b644e7458661c65be3419304984fb8b402097,3,0,0.0,2,2,1.5,1,0,0,0,0,0.0,0,2025-12-04 16:43:34.181,2025-12-06 16:25:08.918,1.99,-1.0,0.0071,0.0,0,0.0,0.0,0
4bb51f9668209125b04ba02d2422c41ff4b24016545d69a9b36449a2af40795e,1,0,0.0,1,1,1.0,1,0,0,0,0,0.0,0,2025-12-04 18:21:06.667,2025-12-04 18:21:06.667,1.0,-1.0,0.0071,0.0,0,0.0,0.0,0
6e62d2b5fa26b2a61abf8e7b8fc76be9a5657bde6bb8c1dee7a324776f63239f,14,4,0.2857,1,1,14.0,7,0,1,0,1,0.0,1,2025-12-05 18:18:57.315,2025-12-05 18:21:38.272,1.0,2.57,0.0496,0.0,0,0.013233333333333333,0.5714,0
9e4c50c98cf4bbdb8dcbf8076932dfc284ad592ec8869c9cdd900cfe060d93fe,2,0,0.0,1,1,2.0,2,0,0,0,1,0.0,0,2025-12-05 16:58:58.439,2025-12-05 16:59:01.182,1.0,-1.0,0.0142,0.0,0,0.0,0.5,0
150c516af0e55bb1a598f6ec78b799fb785e406761cf0e670021d76c44c44226,8,0,0.0,1,1,8.0,4,0,0,0,1,0.0,0,2025-12-05 16:25:01.337,2025-12-05 16:25:13.281,1.0,-1.0,0.0284,0.0,0,0.0,0.125,0
7d8b4989077a6a65a4def27ef46f3f767dfa21bd31396475d56d3b0ad459ff4b,9,0,0.0,1,1,9.0,6,0,0,0,1,0.0,0,2025-12-05 15:50:03.325,2025-12-05 15:55:13.046,1.0,-1.0,0.0426,0.0,0,0.0,0.1111,0
8dcf8ed758405b40fbe885ab9664674d024b9c8f02b55999e7835108e1b57767,17,4,0.2353,1,2,8.5,10,0,1,0,1,0.0,0,2025-12-05 05:26:46.441,2025-12-05 06:05:43.414,1.0,36.29,0.0709,0.0,0,0.009519451666666666,0.4706,0
bccd3b092c28a3d9bface70ee6a03a400353df2cf92619726e633299b196f589,8,0,0.0,1,1,8.0,4,0,0,0,1,0.0,0,2025-12-05 16:17:32.566,2025-12-05 16:17:44.621,1.0,-1.0,0.0284,0.0,0,0.0,0.125,0
db7fefbb26e4731e1c0fb0c136ce6071a4c338ae8a883fb9ef867e9ac3567202,104,42,0.4038,1,1,104.0,13,0,1,0,1,0.0,0,2025-12-05 12:06:20.552,2025-12-05 12:13:25.457,1.0,0.94,0.0922,0.0,1,0.02490714551020408,0.9615,0
7621aec7fc09f5e4ae64071e345de8f43de06dbf653a2cdb8029f252de73912a,9,0,0.0,1,1,9.0,6,0,0,0,1,0.0,0,2025-12-05 15:20:10.843,2025-12-05 15:23:46.044,1.0,-1.0,0.0426,0.0,0,0.0,0.1111,0
bdd08b968423630687c0a445259ee590d4f6657d6a6e35d6086bbeaf91336838,11,0,0.0,1,1,11.0,6,0,0,0,1,0.0,0,2025-12-05 15:25:37.639,2025-12-05 15:29:54.098,1.0,-1.0,0.0426,0.0,0,0.0,0.0909,0
5cdcb1c0c3a5553d92ee18daf56e32be0d01ad89d5453a8004f7339c931c6439,12,5,0.4167,1,1,12.0,6,0,1,0,1,0.0,1,2025-12-05 16:23:04.295,2025-12-05 16:25:37.075,1.0,2.51,0.0426,0.0,0,0.013699999999999999,0.75,0
b3032b87c7a5b2f1cf5de7135999c9948eb329fb78f531f79a175e004bafebe0,8,0,0.0,1,1,8.0,5,0,0,0,1,0.0,0,2025-12-05 07:13:52.374,2025-12-05 07:14:37.145,1.0,-1.0,0.0355,0.0,0,0.0,0.125,0
f929270b7fa314f005387013308a264eb403013d07f63ac50696d9e1b03fcbf6,8,1,0.125,1,1,8.0,8,0,1,0,1,0.0,0,2025-12-05 07:55:20.432,2025-12-05 08:01:03.705,1.0,5.72,0.0567,0.0,0,0.0,0.375,0
b6338b5d0bbdc8253462736ee78a02fec93160bf3ab0e33bce6e4dc648c23cc8,9,0,0.0,2,2,4.5,5,0,0,0,1,0.0,0,2025-12-05 14:53:42.870,2025-12-07 17:56:59.827,2.13,-1.0,0.0355,0.0,0,0.0,0.1111,0
fee44ad3623f825710bba3c57318a47f157b87e8ff205fa45f92a39fe14dcd79,6,0,0.0,2,2,3.0,5,0,0,0,1,0.0,0,2025-12-05 16:45:58.175,2025-12-08 13:59:07.979,2.88,-1.0,0.0355,0.0,0,0.0,0.1667,0
dbc44ad9eebf8aa0fa7e99f947db7fdce53e1ef295219c1e0c257cadab76a00b,8,0,0.0,1,1,8.0,4,0,0,0,1,0.0,0,2025-12-05 05:12:33.335,2025-12-05 05:12:48.910,1.0,-1.0,0.0284,0.0,0,0.0,0.125,0
65862525b85ef43c568598e8669705858dd368e4fa91f09b6af58bb6a1476d13,1,1,1.0,1,1,1.0,1,0,1,0,0,0.0,0,2025-12-05 16:45:32.129,2025-12-05 16:45:32.129,1.0,0.0,0.0071,0.0,0,0.0,0.0,0
0c8df607032da44a352472c86d3c72012dbaa2f65fab6a459dbc76f914fc87dc,2,0,0.0,1,1,2.0,1,0,0,0,0,0.0,0,2025-12-05 07:13:34.506,2025-12-05 07:14:35.815,1.0,-1.0,0.0071,0.0,0,0.0,0.0,0
717d689e001c4526ba2b66c3bd9fde76bb89a698d2e9ae1fe4411472ab675292,4,0,0.0,1,1,4.0,4,0,0,0,1,0.0,0,2025-12-05 16:28:06.192,2025-12-05 16:29:18.231,1.0,-1.0,0.0284,0.0,0,0.0,0.25,0
ef6cdb82828771b74eb7d6c0ec8f8fa8bc4be34046332c87da756f3f96989fc7,10,1,0.1,1,1,10.0,2,0,1,0,0,0.0,0,2025-12-05 09:02:06.323,2025-12-05 09:03:01.625,1.0,0.92,0.0142,0.0,0,0.0,0.0,0
99d75f0cd391aeeae37841de71a1165f03c1fe1f66eef7df18f9a82a408e6ba4,1,1,1.0,1,1,1.0,1,0,1,0,0,0.0,0,2025-12-05 15:17:24.182,2025-12-05 15:17:24.182,1.0,0.0,0.0071,0.0,0,0.0,0.0,0
f35016713c23372f4c267432e330c7dedd60c52ad4b69d2d5f450701ef105fd4,1,0,0.0,1,1,1.0,1,0,0,0,0,0.0,0,2025-12-05 18:08:24.582,2025-12-05 18:08:24.582,1.0,-1.0,0.0071,0.0,0,0.0,0.0,0
5f38bd9d24865e35901b9b802ba9a2da647315acd9a62593d92287afcfdd3918,20,8,0.4,2,4,5.0,5,0,1,0,1,0.0,2,2025-12-05 15:26:06.931,2025-12-06 15:47:24.947,1.01,0.62,0.0355,0.0,0,0.0135,0.75,0
28630ab06570ea77896049e7f45a2570dd078bcde40a895f91b6b1e504b4d691,2,0,0.0,1,1,2.0,1,0,0,0,0,0.0,0,2025-12-05 16:14:13.729,2025-12-05 16:14:57.053,1.0,-1.0,0.0071,0.0,0,0.0,0.0,0
6125f18958bf53ac40cc92984fdf3b850c432239f4e983669843a2a0f7d1bd12,2,0,0.0,1,1,2.0,1,0,0,0,0,0.0,0,2025-12-05 09:24:32.580,2025-12-05 09:24:59.264,1.0,-1.0,0.0071,0.0,0,0.0,0.0,0
b85b7c4452c086c58cc47189c89d56ad2aa38971adabff35b0105810be137b9f,2,0,0.0,2,2,1.0,1,0,0,0,0,0.0,0,2025-12-05 00:35:50.927,2025-12-08 19:20:27.364,3.78,-1.0,0.0071,0.0,0,0.0,0.0,0
8f60e679f90122f5ed75d1044d357751713af1b1c4078c29d1b295c58e1461cc,17,0,0.0,2,2,8.5,7,0,0,0,1,0.0,0,2025-12-05 09:24:14.584,2025-12-08 08:59:45.366,2.98,-1.0,0.0496,0.0,0,0.0,0.0588,0
b6253ecf8bdcc5666771f37eefc6eb696fcbbdecf37a7c595fa81f9c3acb8e47,9,0,0.0,1,2,4.5,6,0,0,0,1,0.0,0,2025-12-05 13:42:46.517,2025-12-05 13:50:21.559,1.0,-1.0,0.0426,0.0,0,0.0,0.1111,0
0a8bd3a9c97200c8c1ed19847841a9bf3512395bce26337feb6e6a0b2041df17,10,0,0.0,1,1,10.0,6,0,0,0,1,0.0,0,2025-12-05 15:19:38.897,2025-12-05 15:21:35.614,1.0,-1.0,0.0426,0.0,0,0.0,0.1,0
2029eaac6721c775a9ea420229743248d1e3749d7419f0973c876fd6cbc9fff3,3,0,0.0,1,1,3.0,3,0,0,0,1,0.0,0,2025-12-05 04:36:04.625,2025-12-05 04:36:44.674,1.0,-1.0,0.0213,0.0,0,0.0,0.3333,0
53b634fb0708d482d57b3e48178a433d3353afb979f854bc97534865c5faf19c,247,82,0.332,1,1,247.0,16,0,1,0,1,0.0,0,2025-12-05 15:17:00.025,2025-12-05 15:34:46.031,1.0,0.81,0.1135,0.0,1,0.02836898891089109,0.9757,0
a396fe9ba16a41583a1c1a0e3d287cfd912d2bf09e36d5a9deb34a5a10f33116,8,0,0.0,1,1,8.0,1,0,0,0,1,0.0,0,2025-12-05 18:03:36.966,2025-12-05 18:09:57.502,1.0,-1.0,0.0071,0.0,0,0.0261875,1.0,0
f2ef09b28f4eb1f15d803d1e2d0301e416b5ebe907ea4152b88d1caea10a71fb,5,0,0.0,1,1,5.0,5,0,0,0,1,0.0,0,2025-12-05 16:01:30.559,2025-12-05 16:03:50.114,1.0,-1.0,0.0355,0.0,0,0.0,0.2,0
d7485b21e1f2f9530e89c87384de29f380db51d4b82c543f224793e48cdc6857,21,1,0.0476,1,3,7.0,9,0,1,0,1,0.0,0,2025-12-05 15:16:45.722,2025-12-05 15:41:38.568,1.0,2.73,0.0638,0.0,0,0.0109,0.1905,0
64694992d8e1c66bfffd3355a38c2a96c3fff809e53d7e181872e98bce33c202,6,0,0.0,1,1,6.0,4,0,0,0,1,0.0,0,2025-12-05 15:47:01.810,2025-12-05 15:47:21.869,1.0,-1.0,0.0284,0.0,0,0.0,0.1667,0
19dcb883bd815347da59c253c36103cb28f989d97dfb2d627b6a0dd0279a6134,1,0,0.0,1,1,1.0,1,0,0,0,0,0.0,0,2025-12-05 15:19:31.961,2025-12-05 15:19:31.961,1.0,-1.0,0.0071,0.0,0,0.0,0.0,0
8c0a997d6a2cbf7745f807ed8c4b55cd5048547e78c4f809c10cd15cc9ac268e,6,0,0.0,2,2,3.0,6,0,0,0,1,0.0,0,2025-12-05 17:08:21.885,2025-12-07 14:32:59.588,1.89,-1.0,0.0426,0.0,0,0.0,0.1667,0
6590eea11fad4a4e22077dc7653afdcdac1432a2cda8dd63498798db9bc7ac3f,7,1,0.1429,3,3,2.33,2,0,1,0,0,0.0,0,2025-12-05 05:04:44.921,2025-12-07 15:26:43.303,2.43,0.0,0.0142,0.0,0,0.0,0.0,0
23f76f01441e5d2994bb77bf19e46b95c8d6b228cae34475480472b6cc1e7d46,3,0,0.0,1,1,3.0,1,0,0,0,0,0.0,0,2025-12-05 16:04:37.867,2025-12-05 16:08:53.126,1.0,-1.0,0.0071,0.0,0,0.0,0.0,0
993d1e7b43d5fc2b54860742ec25c761cbcc2479d4c41d2d8685a9ece6653cef,8,0,0.0,1,2,4.0,5,0,0,0,1,0.0,0,2025-12-05 16:04:48.752,2025-12-05 17:20:01.353,1.0,-1.0,0.0355,0.0,0,0.0,0.125,0
23d66cc57c21e49e02722ae749808b2d87abef946139fd92242ee760f876d85f,4,0,0.0,1,1,4.0,1,0,0,0,0,0.0,0,2025-12-05 15:16:04.203,2025-12-05 15:28:42.476,1.0,-1.0,0.0071,0.0,0,0.0,0.0,0
bee025bf0fa19e6550f63096e58f0b20152323f3a31af032e637a31d3981f36e,10,1,0.1,1,1,10.0,6,0,1,0,1,0.0,0,2025-12-05 15:24:27.838,2025-12-05 15:29:56.120,1.0,5.47,0.0426,0.0,0,0.0,0.1,0
968b1ac151769c3b0456e9ee4587be092249a72c5ec5120f19d07c3d1e05efa2,10,0,0.0,1,1,10.0,6,0,0,0,1,0.0,0,2025-12-05 17:10:26.122,2025-12-05 17:10:54.214,1.0,-1.0,0.0426,0.0,0,0.0,0.1,0
17f38dee0f22adf3afdf0306ccf9981ac54db7f58b26a38fa14bd2ef53d11fad,1,1,1.0,1,1,1.0,1,0,1,0,0,0.0,0,2025-12-05 15:19:14.065,2025-12-05 15:19:14.065,1.0,0.0,0.0071,0.0,0,0.0,0.0,0
622719e9c6553a756a4a61b923646bc9346d526f4019fbb025cf9d4f553cab64,8,0,0.0,1,1,8.0,4,0,0,0,1,0.0,0,2025-12-05 15:33:40.150,2025-12-05 15:34:04.835,1.0,-1.0,0.0284,0.0,0,0.0,0.125,0
568ef2127b05fb4234112e84ed2173765e1f616fe49af1918f529d1abc07ba18,10,0,0.0,1,1,10.0,6,0,0,0,1,0.0,0,2025-12-05 16:19:41.609,2025-12-05 16:51:47.964,1.0,-1.0,0.0426,0.0,0,0.0,0.1,0
078136a1a6dc889a94755a49c965718f884796002f1e6e8ef865b42b138bd17e,1,0,0.0,1,1,1.0,1,0,0,0,0,0.0,0,2025-12-05 15:49:58.523,2025-12-05 15:49:58.523,1.0,-1.0,0.0071,0.0,0,0.0,0.0,0
444e2f0406bf6e529df66ad57be0b4a3c14ebe7b89f61b0391032492e854a423,3,0,0.0,1,1,3.0,1,0,0,0,0,0.0,0,2025-12-05 10:44:22.596,2025-12-05 10:44:46.271,1.0,-1.0,0.0071,0.0,0,0.0,0.0,0
a8e3533156a4c76f6ea9f76d2759fc3ef5317a28ad134f0e24affffceff97234,2,0,0.0,1,1,2.0,1,0,0,0,0,0.0,0,2025-12-05 21:15:41.524,2025-12-05 21:15:54.062,1.0,-1.0,0.0071,0.0,0,0.0,0.0,0
87db68634ff05466b7945f4bb55335d8f0ce58274d584c24eb4bacb63301c270,12,0,0.0,2,2,6.0,5,0,0,0,1,0.0,0,2025-12-05 05:10:19.489,2025-12-06 15:59:55.146,1.45,-1.0,0.0355,0.0,0,0.0,0.0833,0
2854f8597bb9ffa4b7307fd0acddbbcd318c3562790bd79f9243b4b64ec9beb8,8,0,0.0,2,4,2.0,6,0,0,0,1,0.0,0,2025-12-05 17:35:23.554,2025-12-08 14:14:31.995,2.86,-1.0,0.0426,0.0,0,0.0,0.125,0
b55fbb272386db6f79539196f616f2795c3f930a267fd9038b6632f7c5dca99d,6,4,0.6667,2,2,3.0,2,0,1,0,0,0.0,0,2025-12-05 16:07:19.734,2025-12-06 03:42:31.661,1.0,0.0,0.0142,0.0,0,0.0,0.0,0
3238f0d1b0dfad9a39ab4ec81e672baa6c2fa621115bdc2dc5f346408530dcaf,5,0,0.0,1,1,5.0,1,0,0,0,0,0.0,0,2025-12-05 15:54:15.471,2025-12-05 16:03:12.051,1.0,-1.0,0.0071,0.0,0,0.0,0.0,0
32ee2b3479d4eb2d61bef82e0970ecee5dafe94333cd7313bcac8897c82ad22a,1,0,0.0,1,1,1.0,1,0,0,0,0,0.0,0,2025-12-05 12:50:00.242,2025-12-05 12:50:00.242,1.0,-1.0,0.0071,0.0,0,0.0,0.0,0
0f98408ef1803de205f2b732ecb2b0d564fead8649209bf85c408acd00b17cce,3,0,0.0,1,1,3.0,1,0,0,0,0,0.0,0,2025-12-05 21:54:32.491,2025-12-05 21:55:50.167,1.0,-1.0,0.0071,0.0,0,0.0,0.0,0
8b3db6a8fa5c4bab0457db46e9c293487e285367b776642d7085d0f73cda3f45,8,0,0.0,1,1,8.0,4,0,0,0,1,0.0,0,2025-12-05 16:12:00.411,2025-12-05 16:12:39.739,1.0,-1.0,0.0284,0.0,0,0.0,0.125,0
a8861952d834fde56c67c89082fa0dc074ce8f7f2664b67f57aba7ec69ecea5d,9,0,0.0,2,2,4.5,5,0,0,0,1,0.0,0,2025-12-05 15:50:31.866,2025-12-06 07:39:35.702,1.0,-1.0,0.0355,0.0,0,0.0,0.1111,0
38250fccc69657efab5b7e6ca7a055c6c9cbf7c30e8f216a25ffb4dd84399f81,16,0,0.0,2,3,5.33,9,0,0,0,1,0.0,0,2025-12-05 09:24:19.628,2025-12-08 12:32:36.599,3.13,-1.0,0.0638,0.0,0,0.0,0.125,0
126b498138f67b9a0cad7ff0a7a2e9b042ff6a4ca5850ff8aabf8dcd0714efcf,1,0,0.0,1,1,1.0,1,0,0,0,0,0.0,0,2025-12-05 18:24:47.099,2025-12-05 18:24:47.099,1.0,-1.0,0.0071,0.0,0,0.0,0.0,0
13ca67df54accda5fb7526aab3132f84bdee46258ffe8b10bff4fd1c2740ceec,6,0,0.0,1,1,6.0,4,0,0,0,1,0.0,0,2025-12-05 15:59:45.375,2025-12-05 16:00:32.710,1.0,-1.0,0.0284,0.0,0,0.0,0.1667,0
af964f79e53d8593eaa31c83ee049f8e591b7bad8a2e16ec68f474bc7c5507e9,2,0,0.0,1,1,2.0,1,0,0,0,0,0.0,0,2025-12-05 16:01:10.818,2025-12-05 16:03:47.369,1.0,-1.0,0.0071,0.0,0,0.0,0.0,0
70565c4658ed35c1ad921d1f2f99e9e77ab744bed396dc362492f113ea343ecb,3,0,0.0,1,1,3.0,1,0,0,0,0,0.0,0,2025-12-05 07:11:24.784,2025-12-05 07:12:19.680,1.0,-1.0,0.0071,0.0,0,0.0,0.0,0
c183d71bc9c1dff9d733d4f74dbeba81080f233d1abe8b05d77026daaa6c285f,4,0,0.0,2,3,1.33,1,0,0,0,0,0.0,0,2025-12-05 14:52:55.984,2025-12-07 17:56:53.257,2.13,-1.0,0.0071,0.0,0,0.0,0.0,0
7b5c16c490574b7e5a11507ef11abb096e5c6fa872d7eb8cab765ee18bf52ad6,8,0,0.0,1,1,8.0,4,0,0,0,1,0.0,0,2025-12-05 12:27:48.477,2025-12-05 12:30:28.231,1.0,-1.0,0.0284,0.0,0,0.0,0.125,0
055ac9a88c8257da79e2feca2382f3573c12187f31d3a906e3ef0007d7ca587c,4,0,0.0,1,1,4.0,4,0,0,0,1,0.0,0,2025-12-05 20:04:39.177,2025-12-05 20:05:03.864,1.0,-1.0,0.0284,0.0,0,0.0,0.25,0
6c1bdf902703dd37d247a96c108aef1f3a24f7669ff2b0478464abd4c6fef620,7,0,0.0,1,1,7.0,4,0,0,0,1,0.0,0,2025-12-05 15:57:59.162,2025-12-05 15:58:06.331,1.0,-1.0,0.0284,0.0,0,0.0,0.1429,0
c54085c68ba54a8e8375ce8ad0ec668a204f5b3ae5ac0042a8ee5dad4e2ef1d7,9,0,0.0,2,2,4.5,5,0,0,0,1,0.0,0,2025-12-05 05:20:54.563,2025-12-06 15:35:17.108,1.43,-1.0,0.0355,0.0,0,0.0,0.1111,0
61c9fefac14f409402844a779f1b962bc91599071ab7a546ac7e005e4e3e8775,9,0,0.0,1,1,9.0,5,0,0,0,1,0.0,0,2025-12-05 13:44:16.118,2025-12-05 13:45:17.421,1.0,-1.0,0.0355,0.0,0,0.0,0.1111,0
05a4a536181214df67dcaf69effedf46a3c860a244feab06417fc9989f51620a,39,5,0.1282,4,10,3.9,10,0,1,0,1,0.0,1,2025-12-05 06:42:26.446,2025-12-08 06:55:42.618,3.01,3141.01,0.0709,0.0,0,0.013199999999999998,0.2308,0
31595873efca92db4833cc597170a5790f663bbd55ed9d7baa7874c234a1b2b3,4,0,0.0,1,1,4.0,4,0,0,0,1,0.0,0,2025-12-05 03:36:43.798,2025-12-05 04:06:02.836,1.0,-1.0,0.0284,0.0,0,0.0,0.25,0
c381bdd3900f7daa3f78cbd63af2395f5053c1e230cc17654b03ab4eb112f0ce,1,1,1.0,1,1,1.0,1,0,1,0,0,0.0,0,2025-12-05 20:31:39.993,2025-12-05 20:31:39.993,1.0,0.0,0.0071,0.0,0,0.0,0.0,0
45ccd4c15dc54f6ac45e3a181ced250b4f0832c800ff80d35dd549b66cb23f61,3,0,0.0,1,1,3.0,1,0,0,0,0,0.0,0,2025-12-05 12:17:08.030,2025-12-05 12:17:59.093,1.0,-1.0,0.0071,0.0,0,0.0,0.0,0
0a117ac837141901406eada52e3c2d99c9dc88e0e276631c33e30c0c2933451a,1,0,0.0,1,1,1.0,1,0,0,0,0,0.0,0,2025-12-05 15:40:44.717,2025-12-05 15:40:44.717,1.0,-1.0,0.0071,0.0,0,0.0,0.0,0
138365558d0a7baa7fb86286feaa89ba5ea52deb4257e0f7a885fa8f842bd7ad,1,0,0.0,1,1,1.0,1,0,0,0,0,0.0,0,2025-12-05 02:10:36.075,2025-12-05 02:10:36.075,1.0,-1.0,0.0071,0.0,0,0.0,0.0,0
775b1103fdb693b4746622b5078b220ec76be2aadce03c206ca2d1966dd0228f,8,0,0.0,1,1,8.0,4,0,0,0,1,0.0,0,2025-12-05 06:44:52.643,2025-12-05 06:45:04.454,1.0,-1.0,0.0284,0.0,0,0.0,0.125,0
8f6d1ad7d4b7a742ed6843be544121346a30c5e4e9c72d714634140a05867eba,5,1,0.2,1,1,5.0,3,0,1,0,0,0.0,0,2025-12-05 16:21:50.889,2025-12-05 16:25:07.415,1.0,3.28,0.0213,0.0,0,0.0,0.0,0
34813ff59b57f0da53bcd39560d49276e737c47bd35a0619fecb07dac2c766e2,1,0,0.0,1,1,1.0,1,0,0,0,0,0.0,0,2025-12-05 16:24:03.406,2025-12-05 16:24:03.406,1.0,-1.0,0.0071,0.0,0,0.0,0.0,0
9259b70568e3c094ac4c5d2c81e9427b792676bc839ce949e915ea05b01bd607,8,0,0.0,3,4,2.0,4,0,0,0,1,0.0,0,2025-12-05 15:41:17.439,2025-12-07 07:03:03.444,1.64,-1.0,0.0284,0.0,0,0.0,0.125,0
2cc200ab65b65b6c44bafb9c6f9ef7c367163ac939a0bb82b10bd80472f9de5c,3,0,0.0,1,1,3.0,1,0,0,0,0,0.0,0,2025-12-05 17:48:27.621,2025-12-05 17:53:17.139,1.0,-1.0,0.0071,0.0,0,0.0,0.0,0
ef0abf07b362625ef1e176a2bc7983dfc1bcdf14fbf280bd5a9fda62a8fdfc32,1,0,0.0,1,1,1.0,1,0,0,0,0,0.0,0,2025-12-05 03:36:24.238,2025-12-05 03:36:24.238,1.0,-1.0,0.0071,0.0,0,0.0,0.0,0
6413f22f7da919774e4df56b4125e6268f4014dad74971a5bde77e46c6cb2629,3,0,0.0,1,1,3.0,3,0,0,0,1,0.0,0,2025-12-05 16:27:51.990,2025-12-05 16:29:01.030,1.0,-1.0,0.0213,0.0,0,0.0,0.3333,0
2c4f0404aac6c5cec88bd48bc8fbc4b242f4aba11215eb1c4be41990882394fe,1,1,1.0,1,1,1.0,1,0,1,0,0,0.0,0,2025-12-05 16:19:42.432,2025-12-05 16:19:42.432,1.0,0.0,0.0071,0.0,0,0.0,0.0,0
c348b6f67fbdefd6502730ba51ab2356c5458f61c06be764308f5db592895b8d,1,1,1.0,1,1,1.0,1,0,1,0,0,0.0,0,2025-12-05 13:14:08.850,2025-12-05 13:14:08.850,1.0,0.0,0.0071,0.0,0,0.0,0.0,0
1419d522b900d4afd377b694d9dd1772956583ef2c745e7e16e9c31650b739d5,1,1,1.0,1,1,1.0,1,0,1,0,0,0.0,0,2025-12-05 15:20:40.199,2025-12-05 15:20:40.199,1.0,0.0,0.0071,0.0,0,0.0,0.0,0
d2ebeb4365f9e32e0dfe8e157349a57c65c6dc204b4493950be360e798ecd03b,1,1,1.0,1,1,1.0,1,0,1,0,0,0.0,0,2025-12-05 15:15:47.691,2025-12-05 15:15:47.691,1.0,0.0,0.0071,0.0,0,0.0,0.0,0
506ffe2cfcebb02c32bee22f85dbd5a31ce4040423ac2cfb0a50ec9c9159a701,1,0,0.0,1,1,1.0,1,0,0,0,0,0.0,0,2025-12-05 15:56:53.598,2025-12-05 15:56:53.598,1.0,-1.0,0.0071,0.0,0,0.0,0.0,0
ec2d882527623a31a7177f195c51479cc8c1bd41733ed0003d4aa9af3bd70cc5,1,0,0.0,1,1,1.0,1,0,0,0,1,0.0,0,2025-12-05 17:06:23.556,2025-12-05 17:06:23.556,1.0,-1.0,0.0071,0.0,0,0.0,1.0,0
bfce79ff8e0eb419135d2a8a1887f5f8f50f667687a77b8ac99e58145439e301,7,0,0.0,1,1,7.0,4,0,0,0,1,0.0,0,2025-12-05 14:40:30.476,2025-12-05 14:40:45.636,1.0,-1.0,0.0284,0.0,0,0.0,0.1429,0
3b14e6e11b4ba4f7c8aef19ca483a2f9ecfcb20d514364dc79a820ad17feaa06,4,3,0.75,2,2,2.0,2,0,1,0,0,0.0,0,2025-12-05 15:23:39.817,2025-12-06 15:42:01.988,1.01,0.0,0.0142,0.0,0,0.0,0.0,0
b2d4c2a18436971749ec2e107063543f46a0eda99e6399487f04df577547df79,3,0,0.0,1,1,3.0,3,0,0,0,1,0.0,0,2025-12-05 16:03:49.653,2025-12-05 16:04:38.831,1.0,-1.0,0.0213,0.0,0,0.0,0.3333,0
d620fe3c1b1dc801049d7e8a37f59094508033c00242c431ba3212b607724f63,1,0,0.0,1,1,1.0,1,0,0,0,0,0.0,0,2025-12-05 09:22:39.811,2025-12-05 09:22:39.811,1.0,-1.0,0.0071,0.0,0,0.0,0.0,0
b727cfd25afcd829a0dcb46ea693b13621eb80c84854e2dba108e9f4efeff639,1,0,0.0,1,1,1.0,1,0,0,0,0,0.0,0,2025-12-05 15:49:14.213,2025-12-05 15:49:14.213,1.0,-1.0,0.0071,0.0,0,0.0,0.0,0
d95640d05fa7a0bdd8ab456d16b28c9e1ab4166103b0808796a5e16850643d78,1,0,0.0,1,1,1.0,1,0,0,0,0,0.0,0,2025-12-05 16:16:52.353,2025-12-05 16:16:52.353,1.0,-1.0,0.0071,0.0,0,0.0,0.0,0
84e844db4c5b30f63770a10f0f68f1ae694c4d42ad4325a34d792e219d97e118,3,0,0.0,1,1,3.0,1,0,0,0,0,0.0,0,2025-12-05 13:41:05.947,2025-12-05 13:49:41.261,1.0,-1.0,0.0071,0.0,0,0.0,0.0,0
a80f957e6eead6d4da6d6cfc8f1b467b3835d1c6aa31b56021a5be76eb3a933c,2,0,0.0,2,1,2.0,2,0,0,0,1,0.0,0,2025-12-05 16:31:54.686,2025-12-08 15:22:14.833,2.95,-1.0,0.0142,0.0,0,0.0,0.5,0
be7c88f1b5b37668ac0d48e09c47a69a7423f9f77176082aaf74037bf6ca008e,1,0,0.0,1,1,1.0,1,0,0,0,0,0.0,0,2025-12-05 05:26:24.120,2025-12-05 05:26:24.120,1.0,-1.0,0.0071,0.0,0,0.0,0.0,0
ec9146b2f1a498ee41ba2e88935f88f65af64156d016795d3eb139e967f46fd4,1,0,0.0,1,1,1.0,1,0,0,0,0,0.0,0,2025-12-05 20:04:07.453,2025-12-05 20:04:07.453,1.0,-1.0,0.0071,0.0,0,0.0,0.0,0
b50bf725c911a1d0a438d9b7c831172ba7a8246b0978adafb9efedd2ecdd3d1a,8,0,0.0,1,1,8.0,5,0,0,0,1,0.0,0,2025-12-05 15:39:03.981,2025-12-05 15:39:34.028,1.0,-1.0,0.0355,0.0,0,0.0,0.125,0
529d2ce4ecfb5d3bd02827390d9f1da0989b79e16f4d4a06fef81468c5a74a0d,3,0,0.0,1,1,3.0,3,0,0,0,1,0.0,0,2025-12-05 15:49:36.567,2025-12-05 15:51:07.416,1.0,-1.0,0.0213,0.0,0,0.0,0.3333,0
27b9bae27235b3b164eff1bd1750785d3b754cdcecc9b156445aab5ed44aa7a8,2,1,0.5,1,1,2.0,2,0,1,0,0,0.0,0,2025-12-05 06:07:42.774,2025-12-05 06:07:52.584,1.0,0.0,0.0142,0.0,0,0.0,0.0,0
b272e4987526eed53c254e0af39a4ac26ef7936c351ac80e391e39268551bef7,2,1,0.5,2,2,1.0,2,0,1,0,0,0.0,0,2025-12-05 06:41:55.492,2025-12-07 11:02:55.152,2.18,3140.99,0.0142,0.0,0,0.0,0.0,0
17f8a1933abd5f27fe79bfcb6b06dce1c54b3b348ad84cb25e0826317e7b0e5d,1,0,0.0,1,1,1.0,1,0,0,0,0,0.0,0,2025-12-05 15:37:19.498,2025-12-05 15:37:19.498,1.0,-1.0,0.0071,0.0,0,0.0,0.0,0
c29e6d681b4868a7659fa88f71eaf2f33cf9697dd17ed7c0ab92afd1fe16a7f9,1,1,1.0,1,1,1.0,1,0,1,0,0,0.0,0,2025-12-05 13:19:36.105,2025-12-05 13:19:36.105,1.0,0.0,0.0071,0.0,0,0.0,0.0,0
c62faafda4f59deac2ace7a34d8749e8ffdfe1af4df70c0b6db47bee3cd7b0e2,1,0,0.0,1,1,1.0,1,0,0,0,0,0.0,0,2025-12-05 03:20:17.644,2025-12-05 03:20:17.644,1.0,-1.0,0.0071,0.0,0,0.0,0.0,0
de94cec4dfdd4b33f178db045571acec457efbbdc01eb577b0ac96fe812aa716,1,1,1.0,1,1,1.0,1,0,1,0,0,0.0,0,2025-12-05 02:03:53.978,2025-12-05 02:03:53.978,1.0,0.0,0.0071,0.0,0,0.0,0.0,0
5d46a96c689b9aa5afaa4428616d9142a87ae0dd0a12b398b0998bc59d929eac,2,2,1.0,1,1,2.0,1,0,1,0,0,0.0,0,2025-12-05 16:31:35.102,2025-12-05 16:32:19.884,1.0,0.0,0.0071,0.0,0,0.0,0.0,0
4f4bac236150731a12c02559775c804fc0f82ad31ded9928a274586dd804408c,2,0,0.0,1,1,2.0,1,0,0,0,0,0.0,0,2025-12-05 23:47:41.571,2025-12-05 23:48:33.582,1.0,-1.0,0.0071,0.0,0,0.0,0.0,0
2d2eaa535a139b3befbd3bcc5181edf820bbc1bab69ff5a6a38af9c3be7fd0aa,4,2,0.5,2,2,2.0,2,0,1,0,0,0.0,0,2025-12-05 15:47:53.307,2025-12-06 13:16:45.510,1.0,0.0,0.0142,0.0,0,0.0,0.0,0
ae4c8261ca94abc80b7444085318db0024880e1e9019ad241001bcb491231698,6,1,0.1667,2,3,2.0,5,0,1,0,1,0.0,0,2025-12-05 16:24:29.114,2025-12-07 17:49:06.433,2.06,10.68,0.0355,0.0,0,0.0,0.1667,0
fc4617b83d41b4de8e79b665f9a098d44e58072ec4ceef458df778a106bf8605,2,0,0.0,1,2,1.0,1,0,0,0,0,0.0,0,2025-12-05 09:24:00.392,2025-12-05 13:41:48.213,1.0,-1.0,0.0071,0.0,0,0.0,0.0,0
5291e9163078c8fe3663143f8d26af57ef6b232b133acfdfb16ba4f555a687a7,4,0,0.0,1,1,4.0,4,0,0,0,1,0.0,0,2025-12-05 16:33:24.437,2025-12-05 16:34:11.980,1.0,-1.0,0.0284,0.0,0,0.0,0.25,0
ab2105e5bad22a8863059989ca00411a4cf5e8f510eb412208a4de6c7a3848e2,1,0,0.0,1,1,1.0,1,0,0,0,0,0.0,0,2025-12-05 15:38:27.431,2025-12-05 15:38:27.431,1.0,-1.0,0.0071,0.0,0,0.0,0.0,0
d7aca20478d849c56ae27fcef3affece06c7522878a17fb453af143b2a4a3aef,8,0,0.0,2,4,2.0,1,0,0,0,0,0.0,0,2025-12-05 16:08:54.447,2025-12-08 21:00:32.808,3.2,-1.0,0.0071,0.0,0,0.0,0.0,0
080cf09a59cbfbd05448e6e696999236b383bc93a54f28796bac0ef0b4aa690f,3,0,0.0,1,1,3.0,3,0,0,0,1,0.0,0,2025-12-05 02:10:53.350,2025-12-05 02:11:47.962,1.0,-1.0,0.0213,0.0,0,0.0,0.3333,0
33ff384dc63854cb19bdc2354d4cf241a54e20967b70f806df4b7a3dc57eae19,2,2,1.0,1,1,2.0,1,0,1,0,0,0.0,0,2025-12-05 00:57:43.055,2025-12-05 00:59:03.040,1.0,0.0,0.0071,0.0,0,0.0,0.0,0
76528ee982cdff87e2072be41d4be631cbda0174d9ea9877847469db033a134f,1,1,1.0,1,1,1.0,1,0,1,0,0,0.0,0,2025-12-05 16:54:04.912,2025-12-05 16:54:04.912,1.0,0.0,0.0071,0.0,0,0.0,0.0,0
d823342df258173b089c191cfc008e41143b693d0fa6753eb1f9a76b36379256,12,4,0.3333,2,1,12.0,5,0,1,0,1,0.0,1,2025-12-05 15:49:22.242,2025-12-06 13:16:48.126,1.0,1285.67,0.0355,0.0,0,0.013866666666666666,0.6667,0
8cfe1dd967f7829d4813d3394022c2a2c444d687f2c82a3c5fa25be25f6bf829,1,0,0.0,1,1,1.0,1,0,0,0,1,0.0,0,2025-12-05 16:09:20.880,2025-12-05 16:09:20.880,1.0,-1.0,0.0071,0.0,0,0.0,1.0,0
9df0e9d648df50f9c8f5d35341260b3116f10a721fd73ce8e76c3e232737f9b8,2,0,0.0,2,2,1.0,1,0,0,0,0,0.0,0,2025-12-05 16:45:36.286,2025-12-08 13:22:06.089,2.86,-1.0,0.0071,0.0,0,0.0,0.0,0
a7b88fadb4fb45491ba3fc1f892dc276f5998710f427d503a84799b44b8429e9,1,0,0.0,1,1,1.0,1,0,0,0,0,0.0,0,2025-12-05 07:35:17.043,2025-12-05 07:35:17.043,1.0,-1.0,0.0071,0.0,0,0.0,0.0,0
4556b58381ac8e9857120be7e99f058a8fa9f1ab5955e46fb7f5bb8b3641c574,1,0,0.0,1,1,1.0,1,0,0,0,0,0.0,0,2025-12-05 02:54:18.858,2025-12-05 02:54:18.858,1.0,-1.0,0.0071,0.0,0,0.0,0.0,0
274336f56518ecec30072051cdf9bad51c7b2fb70703aaa608f76d5c4d3b4753,1,0,0.0,1,1,1.0,1,0,0,0,0,0.0,0,2025-12-05 15:58:50.165,2025-12-05 15:58:50.165,1.0,-1.0,0.0071,0.0,0,0.0,0.0,0
8808a24b22a4ad0362fd562c9abc8581925cddcc722c25f65d5d1f7c3cdae3e3,1,0,0.0,1,1,1.0,1,0,0,0,1,0.0,0,2025-12-05 16:49:09.757,2025-12-05 16:49:09.757,1.0,-1.0,0.0071,0.0,0,0.0,1.0,0
f79110320b2cd25b511700bc2a4b52b7d1775686968350b9ab1b8861225348c2,1,0,0.0,1,1,1.0,1,0,0,0,0,0.0,0,2025-12-05 12:06:04.399,2025-12-05 12:06:04.399,1.0,-1.0,0.0071,0.0,0,0.0,0.0,0
cb947f282ffd189b438c50aa61f5625476270de5a2426083af3b7f9cdb6f92cc,1,0,0.0,1,1,1.0,1,0,0,0,0,0.0,0,2025-12-05 11:46:21.107,2025-12-05 11:46:21.107,1.0,-1.0,0.0071,0.0,0,0.0,0.0,0
5ef41a272390e959086b61dfca209f03ed5ca9d220802317f313ef98c482afd1,1,0,0.0,1,1,1.0,1,0,0,0,0,0.0,0,2025-12-05 15:24:11.016,2025-12-05 15:24:11.016,1.0,-1.0,0.0071,0.0,0,0.0,0.0,0
d3f55ef3d776aa7cb80e4a90433011b960053d92b069260c5fa838c50d244de6,2,2,1.0,1,1,2.0,1,0,1,0,0,0.0,0,2025-12-05 05:44:58.137,2025-12-05 05:47:49.316,1.0,0.0,0.0071,0.0,0,0.0,0.0,0
5d5531c13fc3e4d05e0f20d2903ac6d44ef954d028de680f1dd0309d53338e46,1,1,1.0,1,1,1.0,1,0,1,0,0,0.0,0,2025-12-05 14:48:18.255,2025-12-05 14:48:18.255,1.0,0.0,0.0071,0.0,0,0.0,0.0,0
2346370c15668dc803155b840665943005be2b50ab3addac0fbb66c8c9bfe542,1,0,0.0,1,1,1.0,1,0,0,0,0,0.0,0,2025-12-05 11:45:24.915,2025-12-05 11:45:24.915,1.0,-1.0,0.0071,0.0,0,0.0,0.0,0
addfc8b7af6af3b7ee021a5bf45a54ce7416ca1c9446df1100b05f6dc91329a1,1,0,0.0,1,1,1.0,1,0,0,0,0,0.0,0,2025-12-05 04:33:52.951,2025-12-05 04:33:52.951,1.0,-1.0,0.0071,0.0,0,0.0,0.0,0
9fa854d8d2f485acc049218e0011a07a3a023c4f74ce971813bcb0e2bee646dd,1,1,1.0,1,1,1.0,1,0,1,0,0,0.0,0,2025-12-05 17:32:44.102,2025-12-05 17:32:44.102,1.0,0.0,0.0071,0.0,0,0.0,0.0,0
398309fcf8b7e7d42758353074826a254fcb9dd0dfa9c55e9394cb0da8a46836,1,0,0.0,1,1,1.0,1,0,0,0,0,0.0,0,2025-12-05 16:27:08.117,2025-12-05 16:27:08.117,1.0,-1.0,0.0071,0.0,0,0.0,0.0,0
59701dca972117936cd71b82571e6b4fe6b87ce30fef55316744cfcee78fb580,1,1,1.0,1,1,1.0,1,0,1,0,0,0.0,0,2025-12-05 07:42:29.597,2025-12-05 07:42:29.597,1.0,0.0,0.0071,0.0,0,0.0,0.0,0
5c9e90ea607ab6ea2c22717f62219d7405161af5cf1c9001c490a3d5469ebd11,1,0,0.0,1,1,1.0,1,0,0,0,0,0.0,0,2025-12-05 05:12:14.654,2025-12-05 05:12:14.654,1.0,-1.0,0.0071,0.0,0,0.0,0.0,0
7c2bb5c1da034e1d2f0b45e1ed11ba150fb5c9ecbf617aee4e5d7d97d3fc19aa,1,0,0.0,1,1,1.0,1,0,0,0,0,0.0,0,2025-12-05 17:07:09.543,2025-12-05 17:07:09.543,1.0,-1.0,0.0071,0.0,0,0.0,0.0,0
99954a8bff33cef74584b619b8faf984d273872486a67bee0b406eec96e58797,1,0,0.0,1,1,1.0,1,0,0,0,0,0.0,0,2025-12-05 00:14:24.499,2025-12-05 00:14:24.499,1.0,-1.0,0.0071,0.0,0,0.0,0.0,0
fd9c529624a607da683663348df36e761bfe373801f226ecbbe355cd9de0cf6e,2,0,0.0,1,1,2.0,1,0,0,0,0,0.0,0,2025-12-05 07:01:07.300,2025-12-05 07:01:10.854,1.0,-1.0,0.0071,0.0,0,0.0,0.0,0
59974fe4ca58bbdefce56a7a04c9daa2f45f627056a5b6cc80f006e404bb6132,1,1,1.0,1,1,1.0,1,0,1,0,0,0.0,0,2025-12-05 09:13:22.775,2025-12-05 09:13:22.775,1.0,0.0,0.0071,0.0,0,0.0,0.0,0
bb863fb5d0bdb1419e2a7c1ebd7dfc0ac9828f9d785ebd96b54244b58c4a0a45,1,0,0.0,1,1,1.0,1,0,0,0,0,0.0,0,2025-12-05 17:10:03.084,2025-12-05 17:10:03.084,1.0,-1.0,0.0071,0.0,0,0.0,0.0,0
02da72019cfff7e45c2a5d22c8c4165ce4a82a0414ae1f9fb9c891f8eb9cee62,1,1,1.0,1,1,1.0,1,0,1,0,0,0.0,0,2025-12-05 15:19:07.103,2025-12-05 15:19:07.103,1.0,0.0,0.0071,0.0,0,0.0,0.0,0
7c62f114eb0f990a389b7039b1d54ed646eee0a355d92a88af9b6e3ab9c5104b,1,0,0.0,1,1,1.0,1,0,0,0,1,0.0,0,2025-12-05 15:58:19.280,2025-12-05 15:58:19.280,1.0,-1.0,0.0071,0.0,0,0.0,1.0,0
31998c6f47ea2e24dba95f3e5ff1d9ea362628ed419d21fdf61d925dc36ee627,1,0,0.0,1,1,1.0,1,0,0,0,0,0.0,0,2025-12-05 16:22:01.980,2025-12-05 16:22:01.980,1.0,-1.0,0.0071,0.0,0,0.0,0.0,0
6943e37c15c33a5bcb35a6a5fdb7e309ce05c01abe65c500f3bf6bdf74f4dcc9,1,1,1.0,1,1,1.0,1,0,1,0,0,0.0,0,2025-12-05 05:42:49.491,2025-12-05 05:42:49.491,1.0,0.0,0.0071,0.0,0,0.0,0.0,0
fdc1f2d0ed1d589ad025218c62b6d47a32549a98618f79e493b46b0dc9a4af12,1,1,1.0,1,1,1.0,1,0,1,0,0,0.0,0,2025-12-05 17:56:24.251,2025-12-05 17:56:24.251,1.0,0.0,0.0071,0.0,0,0.0,0.0,0
a4fe09dc4cbe3775134b20bdbd7faa2dd723cbb0feec99fe100933a948b81fc9,3,2,0.6667,1,2,1.5,2,0,1,0,0,0.0,0,2025-12-05 17:05:00.728,2025-12-05 18:21:05.546,1.0,0.0,0.0142,0.0,0,0.0,0.0,0
56745792bd4b232a66a70bfbc1d9697473523172a3af26ce3bf85a138902d940,1,0,0.0,1,1,1.0,1,0,0,0,0,0.0,0,2025-12-05 07:07:45.106,2025-12-05 07:07:45.106,1.0,-1.0,0.0071,0.0,0,0.0,0.0,0
85532d4e9583c41d13457c7f8c53cfd22b52a73a304a734bd34634c17d78721f,1,0,0.0,1,1,1.0,1,0,0,0,0,0.0,0,2025-12-05 16:02:33.855,2025-12-05 16:02:33.855,1.0,-1.0,0.0071,0.0,0,0.0,0.0,0
539c610d62e96cc579ac138c7c1019dca36610a8b0d4fcaed16dae17d4e0adcc,1,1,1.0,1,1,1.0,1,0,1,0,0,0.0,0,2025-12-05 10:20:35.559,2025-12-05 10:20:35.559,1.0,0.0,0.0071,0.0,0,0.0,0.0,0
968e2a9cbe9c22bb174018518da2e82022e3c6078a403ab6500c0bc31331679d,136,47,0.3456,1,1,136.0,15,0,1,0,1,0.0,0,2025-12-06 13:51:51.932,2025-12-06 14:01:51.630,1.0,1.82,0.1064,0.0,1,0.02117038,0.9559,0
7cc9a9b759979d6c165689f7dfdb717098303c4429a692ea5eca38f63df0a7ba,3,0,0.0,1,1,3.0,1,0,0,0,0,0.0,0,2025-12-06 16:04:35.261,2025-12-06 16:06:06.854,1.0,-1.0,0.0071,0.0,0,0.0,0.0,0
0abb58cfcaba5cecceb3d084a490445ba0ae39f1461aaa3656a77c94a7cae669,3,0,0.0,1,1,3.0,3,0,0,0,1,0.0,0,2025-12-06 08:34:43.334,2025-12-06 08:35:12.217,1.0,-1.0,0.0213,0.0,0,0.0,0.3333,0
54be622dcc70989496324f52c9b5c772a4e05884b9ad0edc13e8611fc57fa9d5,4,0,0.0,1,1,4.0,4,0,0,0,1,0.0,0,2025-12-06 18:20:49.669,2025-12-06 18:21:27.605,1.0,-1.0,0.0284,0.0,0,0.0,0.25,0
9fe3a7de37d4af3fb4afd57c115e00829596ee7ebce4f5962b7af6243b8d24be,9,0,0.0,1,1,9.0,5,0,0,0,1,0.0,0,2025-12-06 18:11:52.093,2025-12-06 18:13:09.810,1.0,-1.0,0.0355,0.0,0,0.0,0.1111,0
f63f9f1cfc1f3816200217b7bdd79155dd86da52dd36f388ec6d820d30150855,7,0,0.0,1,2,3.5,5,0,0,0,1,0.0,0,2025-12-06 16:09:47.586,2025-12-06 16:10:50.789,1.0,-1.0,0.0355,0.0,0,0.0,0.1429,0
32fa83c97bf41da541fabcc3cdd7772526c366da9f89aa08153d37196782573c,103,36,0.3495,1,1,103.0,16,0,1,0,1,0.0,0,2025-12-06 12:31:19.939,2025-12-06 12:42:57.155,1.0,1.83,0.1135,0.0,1,0.02098815019230769,0.9029,0
5e085da42dc5e2660ef3d46a4eb7f67064404ae85373afc51805aa35901ff867,131,45,0.3435,2,2,65.5,19,0,1,0,1,0.0,0,2025-12-06 12:33:39.113,2025-12-08 11:26:14.211,1.95,18.83,0.1348,0.0,1,0.02253470868852459,0.916,0
80763195fb351a5731ff96a4378f165c9805d0bc1edae5d861fc2ddd1d9800d8,3,0,0.0,2,2,1.5,1,0,0,0,0,0.0,0,2025-12-06 12:33:17.231,2025-12-08 11:26:10.185,1.95,-1.0,0.0071,0.0,0,0.0,0.0,0
a800eceaa560ff3c64c6a96795b13ebb5cdb411ce0f54477cebe22606016e10e,9,0,0.0,1,1,9.0,5,0,0,0,1,0.0,0,2025-12-06 08:14:03.058,2025-12-06 08:22:15.771,1.0,-1.0,0.0355,0.0,0,0.0,0.1111,0
7ce5dd79501452e371933d39c6fb0a9dc65008e164df689678b7b4529e9da112,7,0,0.0,1,1,7.0,4,0,0,0,1,0.0,0,2025-12-06 15:53:13.200,2025-12-06 15:53:28.090,1.0,-1.0,0.0284,0.0,0,0.0,0.1429,0
73b262057a77c9c2a71e711d88182cd33a694dae8830298159765cd1268c3b2d,4,0,0.0,1,1,4.0,4,0,0,0,1,0.0,0,2025-12-06 17:22:17.741,2025-12-06 17:24:29.496,1.0,-1.0,0.0284,0.0,0,0.0,0.25,0
035f98a507fb6d4166ed02b49402464f3a880952b122498033b0a65ad5c4b3da,9,0,0.0,1,1,9.0,5,0,0,0,1,0.0,0,2025-12-06 16:36:13.007,2025-12-06 16:37:18.086,1.0,-1.0,0.0355,0.0,0,0.0,0.1111,0
a9b0da03482125c63cd529aa26106f5673f60ee9ce8fbc5a440559d7379a14a0,8,0,0.0,1,1,8.0,4,0,0,0,1,0.0,0,2025-12-06 15:46:23.782,2025-12-06 15:46:51.889,1.0,-1.0,0.0284,0.0,0,0.0,0.125,0
01ce437d8c12f4a8a803ec3f73df49a0a9b05bd930ef5438b9210c83d29ba46b,1,0,0.0,1,1,1.0,1,0,0,0,0,0.0,0,2025-12-06 15:50:11.593,2025-12-06 15:50:11.593,1.0,-1.0,0.0071,0.0,0,0.0,0.0,0
1d53033e59033e6eb9d404038a7b15f293f7fe2b45bea6aa0bfa9f7933afb57b,4,0,0.0,1,1,4.0,1,0,0,0,0,0.0,0,2025-12-06 19:00:19.677,2025-12-06 19:09:04.189,1.0,-1.0,0.0071,0.0,0,0.0,0.0,0
7bdf9a96146635e8602ae0f329d5d0cd6a646ed06607a5fa3b1b6c1cf280549c,2,0,0.0,1,1,2.0,1,0,0,0,0,0.0,0,2025-12-06 17:21:14.312,2025-12-06 17:21:25.170,1.0,-1.0,0.0071,0.0,0,0.0,0.0,0
96bd982d504164fa47aab981fd0b2b397bd1a81cbdce785494618240ad678547,16,0,0.0,2,3,5.33,7,0,0,0,1,0.0,0,2025-12-06 15:54:12.469,2025-12-07 19:57:42.647,1.17,-1.0,0.0496,0.0,0,0.0,0.0625,0
55a47cd6e5f99f9fa8ac6a4270df0573745060d857f629f84de27ed5171f5ec6,8,0,0.0,1,1,8.0,4,0,0,0,1,0.0,0,2025-12-06 15:54:05.906,2025-12-06 15:54:15.391,1.0,-1.0,0.0284,0.0,0,0.0,0.125,0
d397e03dc791eda460f1bacacb6e2f0d9a551dfbe1e8d7b25006092fb0b0f856,9,0,0.0,2,2,4.5,5,0,0,0,1,0.0,0,2025-12-06 18:58:45.017,2025-12-07 17:01:51.082,1.0,-1.0,0.0355,0.0,0,0.0,0.1111,0
1d76e25527b8d8208ffeaa8aa32326a4c2185cb1f8bced9b32459949fd252850,7,0,0.0,1,1,7.0,4,0,0,0,1,0.0,0,2025-12-06 16:20:48.473,2025-12-06 16:21:10.720,1.0,-1.0,0.0284,0.0,0,0.0,0.1429,0
39e1876326aa747a352afc7f7a919a9573dbcd3d117a5dcd1fd74dfafefdae11,167,55,0.3293,1,1,167.0,15,0,1,0,1,0.0,0,2025-12-06 13:37:03.040,2025-12-06 13:52:48.766,1.0,6.44,0.1064,0.0,1,0.021969492337662336,0.976,0
be75fb8afc1fe2882a6b8c6d73076bd6c94bfa9c31e3bf5bce5ae243e01ae375,7,0,0.0,1,2,3.5,6,0,0,0,1,0.0,0,2025-12-06 13:19:55.468,2025-12-06 13:21:57.304,1.0,-1.0,0.0426,0.0,0,0.0,0.1429,0
f751aa9b6c45335da81489ff0e7afc90c2103e53868aeb1ed8a2596d96c31ef5,7,0,0.0,1,1,7.0,4,0,0,0,1,0.0,0,2025-12-06 15:25:06.013,2025-12-06 15:25:18.150,1.0,-1.0,0.0284,0.0,0,0.0,0.1429,0
22a6e2775b4de9f75de661b7ed625be620263461c2ba0d01b99db8c64300c2f7,7,0,0.0,1,1,7.0,4,0,0,0,1,0.0,0,2025-12-06 11:07:25.368,2025-12-06 11:07:58.683,1.0,-1.0,0.0284,0.0,0,0.0,0.1429,0
1d0a8d4ba11bef42ac855e5949261c71c2dc03632b8ffe4caf68c826dbd0fceb,3,0,0.0,1,1,3.0,3,0,0,0,1,0.0,0,2025-12-06 08:06:53.004,2025-12-06 08:07:14.794,1.0,-1.0,0.0213,0.0,0,0.0,0.3333,0
a4cd26d6846f08d0a66172c3f37c0aa127b85aef506190e17befef2136e1c482,164,57,0.3476,2,2,82.0,16,0,1,0,1,0.0,0,2025-12-06 13:34:15.710,2025-12-08 18:20:15.214,2.2,8.99,0.1135,0.0,1,0.022613898333333333,0.9695,0
00952110d51f953012e6890acdeb607f39bc9f78e2a8688234b31283330ab7b5,170,57,0.3353,1,1,170.0,14,0,1,0,1,0.0,0,2025-12-06 13:54:57.636,2025-12-06 14:05:19.481,1.0,2.0,0.0993,0.0,1,0.02096477835443038,0.9824,0
681ea43ad08e628ad36640459057e574be78acb26c113c663c49ff3cad9d8d67,1,0,0.0,1,1,1.0,1,0,0,0,0,0.0,0,2025-12-06 05:44:07.669,2025-12-06 05:44:07.669,1.0,-1.0,0.0071,0.0,0,0.0,0.0,0
6f489a625847c446b8b8861c1a7d2457c426db6fd5ed29db7c5b622c4916a7e6,8,0,0.0,1,1,8.0,4,0,0,0,1,0.0,0,2025-12-06 23:21:40.480,2025-12-06 23:21:53.984,1.0,-1.0,0.0284,0.0,0,0.0,0.125,0
d9c7c9970a9392d46130076e8cb008232d56613eaabca94558500ffc3c1fdb6a,7,0,0.0,1,1,7.0,4,0,0,0,1,0.0,0,2025-12-06 16:05:07.591,2025-12-06 16:12:04.583,1.0,-1.0,0.0284,0.0,0,0.0,0.1429,0
1467f46783e523e10a011e8b4e9be6daaa40bdfbe9bb8d5d76e2b58956135581,4,0,0.0,1,3,1.33,3,0,0,0,1,0.0,0,2025-12-06 15:41:48.866,2025-12-06 17:09:25.609,1.0,-1.0,0.0213,0.0,0,0.0,0.25,0
84260ba0b0f74916d046b845ff12cc213663b60c6ca1dc26b4fa86db99f536a3,4,0,0.0,1,1,4.0,4,0,0,0,1,0.0,0,2025-12-06 19:02:40.764,2025-12-06 19:02:59.019,1.0,-1.0,0.0284,0.0,0,0.0,0.25,0
3d83e8ef0c3e1a06985bf396904178d95af7bd98ef4b9e899fbf4b388515bfee,9,0,0.0,1,1,9.0,5,0,0,0,1,0.0,0,2025-12-06 16:05:25.304,2025-12-06 16:37:20.427,1.0,-1.0,0.0355,0.0,0,0.0,0.1111,0
ad0cc94ff46720bbd8350e632cd8c1616ae2cdcea71ecfd948cd92e318782a66,12,0,0.0,2,3,4.0,6,0,0,0,1,0.0,0,2025-12-06 17:28:47.360,2025-12-07 11:31:52.251,1.0,-1.0,0.0426,0.0,0,0.0,0.0833,0
5c9b6c7f9ccd126f7f8758c91c242b7e09c0cc0a6c2e068b2cbc9e51cac0af24,4,0,0.0,1,1,4.0,4,0,0,0,1,0.0,0,2025-12-06 17:32:39.593,2025-12-06 17:33:47.555,1.0,-1.0,0.0284,0.0,0,0.0,0.25,0
7c48211d22252d3fb41caa7cc65a153d0b01d934b4eb22d0967ff2ba5c6650d3,136,52,0.3824,1,1,136.0,13,0,1,0,1,0.0,0,2025-12-06 04:33:26.675,2025-12-06 05:01:09.866,1.0,8.93,0.0922,0.0,1,0.026645700862068966,0.9706,0
08c4818ea80a5d61ce2b05ccbb9c220a4ad2dbbe50ec3cc03bc32ac01d9ffc86,168,57,0.3393,1,2,84.0,18,0,1,0,1,0.0,0,2025-12-06 13:51:31.325,2025-12-06 18:38:25.762,1.0,2.07,0.1277,0.0,1,0.021061412631578947,0.9464,0
79eea51ffacae3e88ef97a9f028b038e4a8896cf353b695510cfcafdbd8be9f5,152,53,0.3487,1,1,152.0,19,0,1,0,1,0.0,0,2025-12-06 13:34:02.348,2025-12-06 14:04:26.124,1.0,5.51,0.1348,0.0,1,0.020689449436619718,0.9474,0
0d9d5acac438b25c90b5d94004f1751958fe4439406ccaf2d38d425a4200ac60,170,55,0.3235,1,1,170.0,15,0,1,0,1,0.0,0,2025-12-06 13:44:01.094,2025-12-06 13:57:42.652,1.0,0.84,0.1064,0.0,1,0.021410316710526317,0.9529,0
59d180bb148a3775e6268613264933c6d50663b3a3550325fbdbedd93abf2595,141,46,0.3262,1,1,141.0,14,0,1,0,1,0.0,0,2025-12-06 02:22:18.372,2025-12-06 02:30:07.112,1.0,1.79,0.0993,0.0,1,0.026854037931034483,0.9433,0
5599ed98a3ecea91d686310c9d28dddb8c4211f74b50cc82d0e00bc5cbd8c82b,17,7,0.4118,1,1,17.0,10,0,1,0,1,0.0,0,2025-12-06 13:38:42.068,2025-12-06 13:44:25.834,1.0,3.24,0.0709,0.0,0,0.013233333333333333,0.5294,0
5c0c1de0910ddc4c65c54d2fb6b6e821f7c3f82bac3db8fa771d4248fe9bfbb5,28,7,0.25,1,2,14.0,12,0,1,0,1,0.0,0,2025-12-06 13:45:48.434,2025-12-06 15:49:35.728,1.0,0.71,0.0851,0.0,0,0.005073342,0.5714,0
e6c4009c0d27815adff98f36561ed7c0ad2ebc98e0460fd3bf61a97bad18eb1e,1,0,0.0,1,1,1.0,1,0,0,0,0,0.0,0,2025-12-06 13:19:29.272,2025-12-06 13:19:29.272,1.0,-1.0,0.0071,0.0,0,0.0,0.0,0
f798d97868b069ebf9d2f20d4b2fd91deb7951b6fa1cc66df8ca80f45f3ae48a,2,0,0.0,1,1,2.0,1,0,0,0,0,0.0,0,2025-12-06 15:52:32.280,2025-12-06 15:57:26.124,1.0,-1.0,0.0071,0.0,0,0.0,0.0,0
75e8548a23835c070fd70d69d0fc5233b0ea729322ff52c393d6f3b7e39a9973,165,54,0.3273,1,1,165.0,14,0,1,0,1,0.0,0,2025-12-06 13:34:03.624,2025-12-06 13:51:31.840,1.0,9.11,0.0993,0.0,1,0.02061119405063291,0.9818,0
f3c9bea88367d001fca15ad8995e11bbdcde3b005a37effa1d34600c987cad6f,161,54,0.3354,1,1,161.0,15,0,1,0,1,0.0,0,2025-12-06 13:33:55.864,2025-12-06 13:51:19.133,1.0,9.14,0.1064,0.0,1,0.021782894594594593,0.9752,0
c7f6c27bbf4d3277693c14ea06db9462aba7a916af2ab19265c74d31b6b21955,216,73,0.338,1,1,216.0,17,0,1,0,1,0.0,0,2025-12-06 13:34:08.854,2025-12-06 13:54:16.184,1.0,9.09,0.1206,0.0,1,0.02916632666666667,0.9815,0
84956271c62af0036538996e9a6de63474221a2c3f069b46bab96daa3e84cc04,19,8,0.4211,2,2,9.5,4,0,1,0,1,0.0,2,2025-12-06 16:05:00.683,2025-12-07 20:00:14.143,1.16,0.54,0.0284,0.0,0,0.01335,0.7895,0
08132a0f0185161944efedabcf1ca3a4b2178d65a95ccf132ca2cfc1db27e403,13,3,0.2308,1,1,13.0,9,0,1,0,1,0.0,0,2025-12-06 05:44:17.794,2025-12-06 05:46:04.989,1.0,1.3,0.0638,0.0,0,0.0058,0.2308,0
1cfe92b1061fc22c6a700fd7e981b3e2edbc24ec39249d4e1747d6befde9acba,1,0,0.0,1,1,1.0,1,0,0,0,0,0.0,0,2025-12-06 07:49:44.442,2025-12-06 07:49:44.442,1.0,-1.0,0.0071,0.0,0,0.0,0.0,0
084c2a6292adb24e88b9689516f436dab86298d824850c98b35f88ae41894b4c,8,0,0.0,1,1,8.0,4,0,0,0,1,0.0,0,2025-12-06 09:45:27.754,2025-12-06 09:45:36.149,1.0,-1.0,0.0284,0.0,0,0.0,0.125,0
73192602780cfc5b2e32ba71e9ae82cf3c0ab44e7192d0f662eb800115e04155,9,1,0.1111,1,1,9.0,8,0,1,0,1,0.0,0,2025-12-06 11:07:16.302,2025-12-06 11:11:47.539,1.0,1.19,0.0567,0.0,0,0.005849999999999999,0.3333,0
a882ef9364e284ff02c5c567908ebaaf72ea4434a4e36095635243fbd3e66376,4,0,0.0,1,2,2.0,4,0,0,0,1,0.0,0,2025-12-06 16:11:42.127,2025-12-06 18:19:57.482,1.0,-1.0,0.0284,0.0,0,0.0,0.25,0
9b37c753ca74ca1e566de8e4f3c2ec1bb117455fc41ca5104fcc77ba20f8a4c9,8,0,0.0,1,1,8.0,4,0,0,0,1,0.0,0,2025-12-06 15:44:19.567,2025-12-06 15:44:29.925,1.0,-1.0,0.0284,0.0,0,0.0,0.125,0
b159c9af441609b06e7da6d6f57bcfa73e68d19b9bceadbb0d31991204921dd5,8,0,0.0,1,1,8.0,5,0,0,0,1,0.0,0,2025-12-06 02:17:51.090,2025-12-06 02:21:59.180,1.0,-1.0,0.0355,0.0,0,0.0,0.125,0
d0b26afae0ef54e14a7c15d5e002136d21a83b3e820dbf24a898845608238d9f,162,56,0.3457,1,1,162.0,16,0,1,0,1,0.0,0,2025-12-06 13:34:03.330,2025-12-06 13:51:49.805,1.0,9.15,0.1135,0.0,1,0.02345992162162162,0.9691,0
c788aa173238caec83e32b1643bd5e9734ef08b69776603528b9a19960ff870d,169,59,0.3491,1,1,169.0,16,0,1,0,1,0.0,0,2025-12-06 13:41:16.648,2025-12-06 13:58:14.571,1.0,2.09,0.1135,0.0,1,0.02138587759493671,0.9704,0
6ff4c263c29fd46b416cea058e97c25b89b4629b699053e4568f7ba433465b96,11,0,0.0,2,3,3.67,5,0,0,0,1,0.0,0,2025-12-06 09:42:12.745,2025-12-07 08:26:47.915,1.0,-1.0,0.0355,0.0,0,0.0,0.0909,0
26a6e1bb676eb0f7d2d445cd258d31eaa00d025c49b95a898ef78efd9b204f1e,13,0,0.0,1,1,13.0,6,0,0,0,1,0.0,0,2025-12-06 09:36:39.223,2025-12-06 09:41:16.282,1.0,-1.0,0.0426,0.0,0,0.0,0.0769,0
a4fdf3a037f7fd18cdaf28a6d7fbff61e1961213aef478d2e4038694153cf6ce,9,0,0.0,1,1,9.0,5,0,0,0,1,0.0,0,2025-12-06 16:37:52.662,2025-12-06 16:38:17.972,1.0,-1.0,0.0355,0.0,0,0.0,0.1111,0
23c4c3771818830e409e89e4affd1cbca9578340e122b9047486b0283e4e6a94,9,0,0.0,1,1,9.0,5,0,0,0,1,0.0,0,2025-12-06 15:17:12.748,2025-12-06 15:30:48.952,1.0,-1.0,0.0355,0.0,0,0.0,0.1111,0
4fdfa82a4900de455ba910f5c6aa5d39f91174f9fc963a78572753b599f6c9aa,31,8,0.2581,1,1,31.0,10,0,1,0,1,0.0,0,2025-12-06 13:42:07.684,2025-12-06 13:56:27.438,1.0,1.65,0.0709,0.0,0,0.006903038181818182,0.5484,0
a97900ce5948a7eb470d3cdec2b53323f98a1a80e0c4693198b67ae2eaeedbc2,403,114,0.2829,1,1,403.0,17,0,1,0,1,0.0,0,2025-12-06 13:33:53.828,2025-12-06 13:53:12.268,1.0,4.14,0.1206,0.0,1,0.01938383976331361,0.9876,0
f81d8fc312f78de5e569ec8e802968517b5ad0506f9f335abc22dfe4ed0eacf1,237,79,0.3333,1,1,237.0,15,0,1,0,1,0.0,0,2025-12-06 09:21:25.115,2025-12-06 09:36:56.243,1.0,3.88,0.1064,0.0,1,0.031289347200000005,0.9831,0
0cc1a3fcbb44e19de837e0e7a7c804035ad25ac31424da2e0e6a3515589204f9,328,101,0.3079,1,1,328.0,17,0,1,0,1,0.0,0,2025-12-06 13:34:02.313,2025-12-06 13:50:27.334,1.0,7.03,0.1206,0.0,1,0.022720535,0.9848,0
1a40b8b5020103088625d167642209c806e66051d30f041f979c503766a30043,168,55,0.3274,1,1,168.0,15,0,1,0,1,0.0,0,2025-12-06 13:34:24.339,2025-12-06 13:58:11.738,1.0,8.68,0.1064,0.0,1,0.022491345466666667,0.9643,0
59fc5541ad60e80411773b3d02d040d8820b456513996c5880aeb62231874f87,324,98,0.3025,1,1,324.0,24,0,1,0,1,0.0,0,2025-12-06 13:41:32.197,2025-12-06 14:23:19.015,1.0,1.55,0.1702,0.0,1,0.021116933358778622,0.9475,0
04dbd1079b7a8160d10fffe857c85f95273ca884e4369d7a068cdf67372f020e,1,0,0.0,1,1,1.0,1,0,0,0,0,0.0,0,2025-12-06 04:32:57.807,2025-12-06 04:32:57.807,1.0,-1.0,0.0071,0.0,0,0.0,0.0,0
624ffdc982aba55c6042c04c662be0e86a94485f78a5c9a48797fb9b9d4b910e,1,0,0.0,1,1,1.0,1,0,0,0,0,0.0,0,2025-12-06 14:34:44.145,2025-12-06 14:34:44.145,1.0,-1.0,0.0071,0.0,0,0.0,0.0,0
62e61b62b116e35a09024d25a1d5c689fd79aba299426b81875aa8f47eca5fad,3,0,0.0,1,2,1.5,1,0,0,0,0,0.0,0,2025-12-06 16:03:51.266,2025-12-06 16:37:13.487,1.0,-1.0,0.0071,0.0,0,0.0,0.0,0
97a5d78ab7a8b489079de27e0ed3804e534d4628be25b51744356ef4406905fe,8,0,0.0,1,1,8.0,4,0,0,0,1,0.0,0,2025-12-06 14:20:03.872,2025-12-06 14:20:25.962,1.0,-1.0,0.0284,0.0,0,0.0,0.125,0
85c8097fa03bb680868143cefe0d4388ede78a3ed82d5c8e2c7660241a3d1bdb,7,1,0.1429,1,1,7.0,7,0,1,0,1,0.0,0,2025-12-06 16:13:51.669,2025-12-06 16:27:47.947,1.0,2.65,0.0496,0.0,0,0.0,0.1429,0
24e237cec3cf6c9c6c45cd16b413c7f581f8d9b5656c729fafa6f418c30a138c,8,0,0.0,1,1,8.0,4,0,0,0,1,0.0,0,2025-12-06 16:36:29.237,2025-12-06 16:36:38.169,1.0,-1.0,0.0284,0.0,0,0.0,0.125,0
01e5a2562d87ecdcbf1f6f6ac27f20ad29ced3b3b29088976755e54340e207ac,8,0,0.0,1,1,8.0,4,0,0,0,1,0.0,0,2025-12-06 15:44:07.015,2025-12-06 15:44:19.471,1.0,-1.0,0.0284,0.0,0,0.0,0.125,0
a659b64481be6584dfb202e9927104d21989f923273192e61125baac8426ed24,8,0,0.0,1,1,8.0,4,0,0,0,1,0.0,0,2025-12-06 14:46:29.738,2025-12-06 14:46:55.058,1.0,-1.0,0.0284,0.0,0,0.0,0.125,0
7f62337d23de100c289523e1f8aee9a6c2775016f7d9ad4dfbc17164590c937a,7,0,0.0,1,1,7.0,4,0,0,0,1,0.0,0,2025-12-06 16:18:20.130,2025-12-06 16:18:39.879,1.0,-1.0,0.0284,0.0,0,0.0,0.1429,0
ff2130e102efbfe7e170d8f615b4e56dcd5d79b415932ab789bac3bf683a1e39,1,0,0.0,1,1,1.0,1,0,0,0,0,0.0,0,2025-12-06 13:36:20.774,2025-12-06 13:36:20.774,1.0,-1.0,0.0071,0.0,0,0.0,0.0,0
d6ae9f9e5809e4af04d909b98f37a82257de20bbfc7bcf40c94b4314eb628acb,4,0,0.0,1,1,4.0,4,0,0,0,1,0.0,0,2025-12-06 09:34:07.703,2025-12-06 09:36:17.308,1.0,-1.0,0.0284,0.0,0,0.0,0.25,0
52b9a7763e96d57c5a68c0f7d64e5c762f137b557b9b04fbcf6c472a68ffc561,12,0,0.0,2,3,4.0,6,0,0,0,1,0.0,0,2025-12-06 16:18:46.002,2025-12-07 15:26:44.977,1.0,-1.0,0.0426,0.0,0,0.0,0.0833,0
d153068b195a66e548028f5399857f5fcd8ae5c66f76fed3d7aba53e8e9c4a07,3,1,0.3333,1,1,3.0,2,0,1,0,0,0.0,0,2025-12-06 09:26:56.698,2025-12-06 09:36:13.975,1.0,3.94,0.0142,0.0,0,0.0,0.0,0
ba5b4eb4c789966bc75af5bc7a8611fd1553da80810113aff2062e52967043e2,1,0,0.0,1,1,1.0,1,0,0,0,1,0.0,0,2025-12-06 09:42:33.791,2025-12-06 09:42:33.791,1.0,-1.0,0.0071,0.0,0,0.0,1.0,0
54b6f2785e2806a4764c9069cecd709a42de8881adcac51d4788f97650323d01,8,0,0.0,1,1,8.0,4,0,0,0,1,0.0,0,2025-12-06 07:22:09.354,2025-12-06 07:22:33.158,1.0,-1.0,0.0284,0.0,0,0.0,0.125,0
afdc15ab6a11a0f05f7f4c711d6b49acc5ea972b63bab629f5fac47217307fb9,1,0,0.0,1,1,1.0,1,0,0,0,1,0.0,0,2025-12-06 15:51:04.870,2025-12-06 15:51:04.870,1.0,-1.0,0.0071,0.0,0,0.0,1.0,0
4cd1f7abe6493e5ac42d809080d76860e7639b3dd9e5a4d04ea48dac8d27aa4a,1,1,1.0,1,1,1.0,1,0,1,0,0,0.0,0,2025-12-06 16:15:12.628,2025-12-06 16:15:12.628,1.0,0.0,0.0071,0.0,0,0.0,0.0,0
ac0ab97a2da6679d02a98939fc41fafe5fd3db8ae6088509fe08b51a7d51ed45,7,0,0.0,1,1,7.0,4,0,0,0,1,0.0,0,2025-12-06 18:23:30.204,2025-12-06 18:23:37.572,1.0,-1.0,0.0284,0.0,0,0.0,0.1429,0
c350f76529c88722d76c661a23f2e6e576457ab210666d670520b820fca344f6,1,0,0.0,1,1,1.0,1,0,0,0,0,0.0,0,2025-12-06 08:19:04.557,2025-12-06 08:19:04.557,1.0,-1.0,0.0071,0.0,0,0.0,0.0,0
7f7076fbe8fb17ea887180126edfc9618c585552a6e1c124dd8924a8da5aaefc,8,0,0.0,1,1,8.0,4,0,0,0,1,0.0,0,2025-12-06 13:05:43.249,2025-12-06 13:05:51.164,1.0,-1.0,0.0284,0.0,0,0.0,0.125,0
b2c516fd6a856860c6b5beb1f51b18a1e3eddaefb9cd83e655478e0d5e9ee2cf,9,0,0.0,1,2,4.5,6,0,0,0,1,0.0,0,2025-12-06 17:15:52.585,2025-12-06 17:17:56.780,1.0,-1.0,0.0426,0.0,0,0.0,0.1111,0
2b0fb764dbce1f802da0802852c7848c93b797c0c9ce83638a2611547a00e27c,3,1,0.3333,1,1,3.0,2,0,1,0,0,0.0,0,2025-12-06 15:53:41.177,2025-12-06 16:00:14.405,1.0,0.0,0.0142,0.0,0,0.0,0.0,0
b7e69029d49e11ee4c38a5f6a01c184170c152552cd42cd51b0627d3768f4ed0,1,0,0.0,1,1,1.0,1,0,0,0,0,0.0,0,2025-12-06 16:07:38.338,2025-12-06 16:07:38.338,1.0,-1.0,0.0071,0.0,0,0.0,0.0,0
959f8d5ed3fab90372c79d83e69cf837afb3f0d5ed7b95c51ad7ca8644258277,7,0,0.0,1,1,7.0,4,0,0,0,1,0.0,0,2025-12-06 15:56:44.966,2025-12-06 15:57:07.314,1.0,-1.0,0.0284,0.0,0,0.0,0.1429,0
4a8052b3ec206df4e6de929646da5a93538b30cb950407db3e03fe446e779fa0,4,0,0.0,1,1,4.0,4,0,0,0,1,0.0,0,2025-12-06 15:43:38.485,2025-12-06 15:45:19.940,1.0,-1.0,0.0284,0.0,0,0.0,0.25,0
e5f584be62e2bb7028c9971ad5fcbc99bd41e92b3d64a401442290bc98dc72bd,1,0,0.0,1,1,1.0,1,0,0,0,1,0.0,0,2025-12-06 21:38:12.669,2025-12-06 21:38:12.669,1.0,-1.0,0.0071,0.0,0,0.0,1.0,0
369aa02654f71f3b16dbda81f18c7eeeabce90830bd60f401dab468430888763,1,1,1.0,1,1,1.0,1,0,1,0,0,0.0,0,2025-12-06 18:19:03.748,2025-12-06 18:19:03.748,1.0,0.0,0.0071,0.0,0,0.0,0.0,0
9e6eab3162c0539a82af92a7c3531f14872f91a19dd135f780186cdd992b44be,8,0,0.0,1,1,8.0,4,0,0,0,1,0.0,0,2025-12-06 17:58:30.496,2025-12-06 17:59:28.392,1.0,-1.0,0.0284,0.0,0,0.0,0.125,0
83ea7e049f1adb134ae43a9ec7a2747bd6d73066d1380cd5f122689271e32756,7,0,0.0,1,1,7.0,4,0,0,0,1,0.0,0,2025-12-06 13:10:37.531,2025-12-06 13:10:44.535,1.0,-1.0,0.0284,0.0,0,0.0,0.1429,0
757e06e591d4e60e03449669c658cd201313de799106e75a93639954d5c081d0,8,0,0.0,1,1,8.0,4,0,0,0,1,0.0,0,2025-12-06 14:28:53.284,2025-12-06 14:29:03.598,1.0,-1.0,0.0284,0.0,0,0.0,0.125,0
6ad8d40d1ae31a15843370d97c1471359120ff0669712f7ac8a6f9d9586d4705,4,0,0.0,1,1,4.0,4,0,0,0,1,0.0,0,2025-12-06 14:43:41.848,2025-12-06 14:44:37.235,1.0,-1.0,0.0284,0.0,0,0.0,0.25,0
9f8f97b3c7fb0e07f63820e4417f44ce42e51dbd8f1a6048b369f26b64a59116,1,1,1.0,1,1,1.0,1,0,1,0,0,0.0,0,2025-12-06 08:43:55.252,2025-12-06 08:43:55.252,1.0,0.0,0.0071,0.0,0,0.0,0.0,0
406bb8c63b859a4a645136290fda88b717a49bc8e6180f7f3aeb69c7eeed5b6d,10,4,0.4,1,1,10.0,8,0,1,0,1,0.0,0,2025-12-06 02:52:45.756,2025-12-06 02:54:08.450,1.0,0.78,0.0567,0.0,0,0.0056,0.3,0
5ea8e45de34d51e504d41daf75fbfad111da0389fd0804eed8b51b00c54bd886,27,5,0.1852,2,2,13.5,14,0,1,0,1,0.0,0,2025-12-06 14:51:46.571,2025-12-07 06:53:37.273,1.0,0.58,0.0993,0.0,0,0.0073375,0.3704,0
88f23035ffd5ae43f7906c4b914cb634c69f822be68fdc7a2d9ff994e89a6952,1,0,0.0,1,1,1.0,1,0,0,0,0,0.0,0,2025-12-06 13:05:14.955,2025-12-06 13:05:14.955,1.0,-1.0,0.0071,0.0,0,0.0,0.0,0
1c90b01ac6f1c24354b51a4c2d477e7650a9f26a7c76477743924ee6920959c2,5,0,0.0,1,1,5.0,5,0,0,0,1,0.0,0,2025-12-06 13:48:57.570,2025-12-06 13:50:56.805,1.0,-1.0,0.0355,0.0,0,0.0,0.6,0
e97ef645998ba1ca45db5e7227dafad911e4b40f9fd45185d7b1c67534ba6acf,8,0,0.0,1,4,2.0,3,0,0,0,1,0.0,0,2025-12-06 17:30:09.017,2025-12-06 20:29:42.573,1.0,-1.0,0.0213,0.0,0,0.0,0.125,0
9254b8623ea7f6af601fc3925d2eef15c383ebf1e0edebb8c2039948c1c90b45,6,0,0.0,1,1,6.0,6,0,0,0,1,0.0,0,2025-12-06 13:45:33.052,2025-12-06 13:48:57.592,1.0,-1.0,0.0426,0.0,0,0.0,0.3333,0
1e09cdf2d867a198ea3da661a6efa516e43dcccd86a17bfa7eabad8adf0653f6,4,0,0.0,1,1,4.0,4,0,0,0,1,0.0,0,2025-12-06 19:33:49.877,2025-12-06 19:35:05.821,1.0,-1.0,0.0284,0.0,0,0.0,0.25,0
23c7354f6f38afcccc8511e85f42a3d079278ab8a2f4c3e86823a3902a4b2b5a,14,0,0.0,2,2,7.0,6,0,0,0,1,0.0,0,2025-12-06 13:33:40.690,2025-12-08 14:54:38.239,2.06,-1.0,0.0426,0.0,0,0.0,0.0714,0
3f2855a43d584d019d82c765ae1d8d1fb45ccebca1de8a1a4885ec91aa35f78a,5,0,0.0,1,1,5.0,5,0,0,0,1,0.0,0,2025-12-06 16:34:35.834,2025-12-06 16:36:43.727,1.0,-1.0,0.0355,0.0,0,0.0,0.2,0
be3249b4f27c833bb80bfc72233bc8a107087b76c8bb4f70a0fc4b8f0cef5ae4,1,1,1.0,1,1,1.0,1,0,1,0,0,0.0,0,2025-12-06 09:30:15.093,2025-12-06 09:30:15.093,1.0,0.0,0.0071,0.0,0,0.0,0.0,0
c54499e36b0dd1385a5fe1227dd54abae469359fb08928b35fa965b76939aea5,1,0,0.0,1,1,1.0,1,0,0,0,0,0.0,0,2025-12-06 07:40:18.853,2025-12-06 07:40:18.853,1.0,-1.0,0.0071,0.0,0,0.0,0.0,0
fbccc6220b5f37cdc980d0cb204b5514e6e3a0ff35ee5c0c8e7ccc8e12fae507,2,0,0.0,1,1,2.0,2,0,0,0,1,0.0,0,2025-12-06 14:35:40.055,2025-12-06 14:35:41.793,1.0,-1.0,0.0142,0.0,0,0.0,0.5,0
807490f66a3835d973cb36a67bd735621e5c3a56b3112333cf8c57a9c8ad0b13,1,0,0.0,1,1,1.0,1,0,0,0,1,0.0,0,2025-12-06 15:55:57.439,2025-12-06 15:55:57.439,1.0,-1.0,0.0071,0.0,0,0.0,1.0,0
1f731bb1c44ea78d2a78aecf30f96ff8c2a9f278368c899620eae1d338632770,6,0,0.0,1,1,6.0,4,0,0,0,1,0.0,0,2025-12-06 13:28:16.060,2025-12-06 13:29:20.676,1.0,-1.0,0.0284,0.0,0,0.0,0.1667,0
6231178b6f72b082ae91e81bf66462a64803acd2b944f6d8a9159840b58176f4,4,4,1.0,1,2,2.0,1,0,1,0,0,0.0,0,2025-12-06 04:48:34.761,2025-12-06 09:55:43.048,1.0,0.0,0.0071,0.0,0,0.0,0.0,0
099c36dee96e23a18502f1ab03c8d871f1cba88988e28e6dc3f592246a4c6281,6,0,0.0,1,1,6.0,6,0,0,0,1,0.0,0,2025-12-06 13:19:59.467,2025-12-06 13:42:30.920,1.0,-1.0,0.0426,0.0,0,0.0,0.1667,0
43bb3001a30977247ae854ce6e0cdade2c4ed30acad493deb151c770c128aa4a,10,1,0.1,1,1,10.0,6,0,1,0,1,0.0,0,2025-12-06 16:18:19.158,2025-12-06 16:27:04.143,1.0,2.43,0.0426,0.0,0,0.0,0.1,0
1009bf8f97a1bef1c8f16ab90751f217dd51131cfd2ee69b9e25933c61a9b442,1,0,0.0,1,1,1.0,1,0,0,0,0,0.0,0,2025-12-06 23:21:21.504,2025-12-06 23:21:21.504,1.0,-1.0,0.0071,0.0,0,0.0,0.0,0
c143937e7206ebfc3f4195ddcedc2252ff9949cabb1acdfe60e89ef8285c86bf,1,0,0.0,1,1,1.0,1,0,0,0,0,0.0,0,2025-12-06 08:34:24.182,2025-12-06 08:34:24.182,1.0,-1.0,0.0071,0.0,0,0.0,0.0,0
134707ab83dd2de006580ef2f05a33ad8f4e7f47ed7822f923ff7c9d558e3d7b,1,0,0.0,1,1,1.0,1,0,0,0,0,0.0,0,2025-12-06 12:30:29.522,2025-12-06 12:30:29.522,1.0,-1.0,0.0071,0.0,0,0.0,0.0,0
1cd6b507a377e0f2c8e8d4fb3c8e178f805fcfb82be7e1adc865c17fb8e103c5,2,0,0.0,1,1,2.0,1,0,0,0,0,0.0,0,2025-12-06 13:19:43.772,2025-12-06 13:21:41.165,1.0,-1.0,0.0071,0.0,0,0.0,0.0,0
ce896b7e4a6fc21b7cb3d357aafb2278802a19dbf3d1474ff6ac66b63862c8c2,1,1,1.0,1,1,1.0,1,0,1,0,0,0.0,0,2025-12-06 13:34:35.500,2025-12-06 13:34:35.500,1.0,0.0,0.0071,0.0,0,0.0,0.0,0
1c94f1cc4f1f8d0db51330e3ffa812d50e81bdc84012230e185aa7d734f91441,1,0,0.0,1,1,1.0,1,0,0,0,0,0.0,0,2025-12-06 16:31:31.525,2025-12-06 16:31:31.525,1.0,-1.0,0.0071,0.0,0,0.0,0.0,0
47be621404b84ec43c43fef3f09a7aabf849927a047464b53c4aee91d5ba22e2,7,0,0.0,1,1,7.0,4,0,0,0,1,0.0,0,2025-12-06 18:28:04.083,2025-12-06 18:28:10.188,1.0,-1.0,0.0284,0.0,0,0.0,0.1429,0
95b87847978c61f3a5bc36d6a95691df40ce33c15a6b96918bead89eb9d17253,1,0,0.0,1,1,1.0,1,0,0,0,0,0.0,0,2025-12-06 16:45:04.123,2025-12-06 16:45:04.123,1.0,-1.0,0.0071,0.0,0,0.0,0.0,0
470a2e073ba1e44cde1bfc8be4a0afa2dd46220f8c820d6abf4cb5857fe93946,10,1,0.1,1,1,10.0,7,0,1,0,1,0.0,0,2025-12-06 19:17:33.769,2025-12-06 19:21:07.036,1.0,2.71,0.0496,0.0,0,0.005900000000000001,0.3,0
441edf34efa867d9c920124b71edbe4c5125240764187a7f3d83e7f6232ae72e,1,1,1.0,1,1,1.0,1,0,1,0,0,0.0,0,2025-12-06 13:44:06.588,2025-12-06 13:44:06.588,1.0,0.0,0.0071,0.0,0,0.0,0.0,0
dbf0748d00ca0dcf0922b81acf0f2451375f7b86b60f1eac4d3dd41e5ddac458,2,0,0.0,1,1,2.0,1,0,0,0,0,0.0,0,2025-12-06 15:22:36.274,2025-12-06 15:25:01.300,1.0,-1.0,0.0071,0.0,0,0.0,0.0,0
ef49ba991968f72c4296a8792dafbf4a84bc431dca4e7d30237e37fc901b4bd5,1,0,0.0,1,1,1.0,1,0,0,0,0,0.0,0,2025-12-06 16:34:21.109,2025-12-06 16:34:21.109,1.0,-1.0,0.0071,0.0,0,0.0,0.0,0
7e2a8bedf84d1e775d3f258c22f49ccbad0892d16ef42f250b4e2342a4bdefe6,1,0,0.0,1,1,1.0,1,0,0,0,0,0.0,0,2025-12-06 15:42:56.598,2025-12-06 15:42:56.598,1.0,-1.0,0.0071,0.0,0,0.0,0.0,0
09f41b2fa99e2cf517d81dc71579f66866893273aaa3f18df6443c99a9dfe8a1,2,0,0.0,1,1,2.0,2,0,0,0,1,0.0,0,2025-12-06 08:07:25.869,2025-12-06 08:07:27.448,1.0,-1.0,0.0142,0.0,0,0.0,0.5,0
a4030b494bb21d4533d139b8777dc6017770f547f22c9699ebbbb71e2c3e642b,4,0,0.0,1,1,4.0,4,0,0,0,1,0.0,0,2025-12-06 17:37:43.020,2025-12-06 17:39:04.605,1.0,-1.0,0.0284,0.0,0,0.0,0.25,0
3c745fc482972f34a4b97e715217b95809b35808674cc20d05a3aeb5d1848920,2,0,0.0,1,2,1.0,1,0,0,0,0,0.0,0,2025-12-06 16:11:04.720,2025-12-06 18:19:55.557,1.0,-1.0,0.0071,0.0,0,0.0,0.0,0
47d572a3a14551a8f5ac94c7108fc667c4ebddc25cebd6fe200c13666ee5a9dc,7,0,0.0,1,1,7.0,4,0,0,0,1,0.0,0,2025-12-06 15:43:45.914,2025-12-06 15:43:59.696,1.0,-1.0,0.0284,0.0,0,0.0,0.1429,0
037f38a0480037c009bf3f4b49187b5dcae844e523e873473b856c2e375d0341,5,0,0.0,1,1,5.0,5,0,0,0,1,0.0,0,2025-12-06 15:52:59.451,2025-12-06 15:57:31.276,1.0,-1.0,0.0355,0.0,0,0.0,0.2,0
d615b32b74b3030ee2d4d6253f9e7c7dd501b785a9cc4bd11ff146d09d066ef2,1,1,1.0,1,1,1.0,1,0,1,0,0,0.0,0,2025-12-06 12:59:40.041,2025-12-06 12:59:40.041,1.0,0.0,0.0071,0.0,0,0.0,0.0,0
a90c9bbafa5a8100aa1032a1714bdc8abc86187316cb14300090ef64ce312c36,1,0,0.0,1,1,1.0,1,0,0,0,0,0.0,0,2025-12-06 13:33:36.676,2025-12-06 13:33:36.676,1.0,-1.0,0.0071,0.0,0,0.0,0.0,0
1241b214f10feb5669c65842ab37da0367f39437e15ecbfffe30e2df4f1f75ee,1,0,0.0,1,1,1.0,1,0,0,0,0,0.0,0,2025-12-06 11:06:54.840,2025-12-06 11:06:54.840,1.0,-1.0,0.0071,0.0,0,0.0,0.0,0
bc2dd9e111c7aecef8abaff847fcec37dbb1f0fa2b3e0bdc4765f88ab0e0355c,5,0,0.0,1,1,5.0,4,0,0,0,1,0.0,0,2025-12-06 07:50:01.077,2025-12-06 07:51:40.549,1.0,-1.0,0.0284,0.0,0,0.0,0.2,0
01ac788b4f08cec84fb18a169a026ab48d96bd354618b6818422122efb245a9f,1,1,1.0,1,1,1.0,1,0,1,0,0,0.0,0,2025-12-06 03:58:34.216,2025-12-06 03:58:34.216,1.0,0.0,0.0071,0.0,0,0.0,0.0,0
ad205e2a0f2186fec12e61833b3e541248cbf70bbf4506a231ab1df8bdccdefd,1,0,0.0,1,1,1.0,1,0,0,0,0,0.0,0,2025-12-06 15:46:13.336,2025-12-06 15:46:13.336,1.0,-1.0,0.0071,0.0,0,0.0,0.0,0
a5bc27c5da0c08194316bb2fa7f1994bcb1b262af564b945d0e9e888e31d1a22,2,0,0.0,1,1,2.0,1,0,0,0,0,0.0,0,2025-12-06 13:36:07.522,2025-12-06 13:50:45.260,1.0,-1.0,0.0071,0.0,0,0.0,0.0,0
332e12ed466589409d1698f1b6100fed6b38fd6c4161614e78b11102f8e03b93,1,0,0.0,1,1,1.0,1,0,0,0,0,0.0,0,2025-12-06 08:13:45.021,2025-12-06 08:13:45.021,1.0,-1.0,0.0071,0.0,0,0.0,0.0,0
6435a73122e5716750ac942694205cc8cd5a6bc419e3a8329afca17c1397b43d,6,0,0.0,1,1,6.0,4,0,0,0,1,0.0,0,2025-12-06 16:45:44.828,2025-12-06 16:46:09.943,1.0,-1.0,0.0284,0.0,0,0.0,0.1667,0
c231d50a365b878696e2d5c765e2cfc8f9f2271c4edda62313eb8d3a1fd9ae64,1,1,1.0,1,1,1.0,1,0,1,0,0,0.0,0,2025-12-06 03:38:05.610,2025-12-06 03:38:05.610,1.0,0.0,0.0071,0.0,0,0.0,0.0,0
d4e5a5b8ce2378f0d5d100e971ff5b07fdc9b77b0ae29c11c54e4a3841ea44ed,2,0,0.0,1,1,2.0,2,0,0,0,1,0.0,0,2025-12-06 09:15:07.243,2025-12-06 09:15:09.073,1.0,-1.0,0.0142,0.0,0,0.0,0.5,0
a2a5740c0cb1d1a27e6b445efddc7cbb7a8ce10f441599047529a0f9a8cbb1b7,1,0,0.0,1,1,1.0,1,0,0,0,0,0.0,0,2025-12-06 11:06:26.411,2025-12-06 11:06:26.411,1.0,-1.0,0.0071,0.0,0,0.0,0.0,0
46a93208bfbcef98bc85db30e7dc242b925235d79d7e5cd0c43d0b7bfcab9422,2,0,0.0,1,1,2.0,2,0,0,0,1,0.0,0,2025-12-06 15:46:42.040,2025-12-06 15:46:44.129,1.0,-1.0,0.0142,0.0,0,0.0,0.5,0
47e1c90d7dedaca9ce6a6292b1c5948419df545dd75f34f3c4a2b92aadea2a48,4,2,0.5,1,1,4.0,2,0,1,0,0,0.0,0,2025-12-06 13:11:16.792,2025-12-06 13:16:40.970,1.0,0.0,0.0142,0.0,0,0.0,0.0,0
f49057c0cea8f695810e215e896aeb43320049478a03308549b882868fd897ac,1,0,0.0,1,1,1.0,1,0,0,0,0,0.0,0,2025-12-06 02:16:05.448,2025-12-06 02:16:05.448,1.0,-1.0,0.0071,0.0,0,0.0,0.0,0
003e55770f4222deb2db5d2509cf58c11b4e2cfb0cecebf93d88ee77e7cafc26,18,0,0.0,2,5,3.6,9,0,0,0,1,0.0,0,2025-12-06 12:51:53.333,2025-12-07 14:40:37.405,1.08,-1.0,0.0638,0.0,0,0.0,0.0556,0
5682ba59d132b64e02217809177927d5ca08284784f604c4ffec5cd7dab883eb,1,0,0.0,1,1,1.0,1,0,0,0,0,0.0,0,2025-12-06 14:19:32.997,2025-12-06 14:19:32.997,1.0,-1.0,0.0071,0.0,0,0.0,0.0,0
3e0eecea1e08885b4e49d4986a446e61c8c2d7a8246b128de267e42a452046bb,1,0,0.0,1,1,1.0,1,0,0,0,0,0.0,0,2025-12-06 15:53:42.830,2025-12-06 15:53:42.830,1.0,-1.0,0.0071,0.0,0,0.0,0.0,0
05bbcffc37c53834b885ba800188c61db1d037736fe3d60c19e9abe5b935a66f,1,0,0.0,1,1,1.0,1,0,0,0,0,0.0,0,2025-12-06 19:11:16.287,2025-12-06 19:11:16.287,1.0,-1.0,0.0071,0.0,0,0.0,0.0,0
a715ddca552e868c81aae8f024074b991442090073b077f6d0992372bb88f951,1,0,0.0,1,1,1.0,1,0,0,0,0,0.0,0,2025-12-06 13:10:14.961,2025-12-06 13:10:14.961,1.0,-1.0,0.0071,0.0,0,0.0,0.0,0
a246d5cec47370a6d9abd764fedcd0dd685538f42e80805e4c5016f8601bd358,6,0,0.0,1,1,6.0,4,0,0,0,1,0.0,0,2025-12-06 17:24:42.057,2025-12-06 17:25:32.215,1.0,-1.0,0.0284,0.0,0,0.0,0.1667,0
767374a9fc90a5e3c84c96f0bdc7a292c45b45381b7c1350d2d5053cd898869f,1,0,0.0,1,1,1.0,1,0,0,0,0,0.0,0,2025-12-06 15:43:54.549,2025-12-06 15:43:54.549,1.0,-1.0,0.0071,0.0,0,0.0,0.0,0
44da6f8d5e2edc9aa0397f46512d2f336068e9900365545c79f9ed813c8cd8c7,1,0,0.0,1,1,1.0,1,0,0,0,0,0.0,0,2025-12-06 14:28:02.944,2025-12-06 14:28:02.944,1.0,-1.0,0.0071,0.0,0,0.0,0.0,0
c6aea126fa286540f2f6d3e2653b9ee80e008dfab5ec6b095b166946be995de2,7,0,0.0,1,1,7.0,4,0,0,0,1,0.0,0,2025-12-06 03:58:47.838,2025-12-06 03:59:09.154,1.0,-1.0,0.0284,0.0,0,0.0,0.1429,0
9e8d1851c774c2d32ea2702b6cfdc17386032e2dcaa36ca03ee6dd1e6435d93d,5,0,0.0,2,3,1.67,4,0,0,0,1,0.0,0,2025-12-06 10:47:06.603,2025-12-07 12:07:52.056,1.06,-1.0,0.0284,0.0,0,0.0,0.2,0
64f86ba103e415f8e5407649e0bc25227a1ffdbbbfeb01cdfce052eb7a83bfc5,1,0,0.0,1,1,1.0,1,0,0,0,0,0.0,0,2025-12-06 18:11:28.414,2025-12-06 18:11:28.414,1.0,-1.0,0.0071,0.0,0,0.0,0.0,0
55f4f1b541588080b44eb00fe7b6aac46f2aa8aee390c1c727064ccc47bd38a7,1,0,0.0,1,1,1.0,1,0,0,0,0,0.0,0,2025-12-06 13:27:35.052,2025-12-06 13:27:35.052,1.0,-1.0,0.0071,0.0,0,0.0,0.0,0
8c20639bfa380f7e7469780e131b8e4f7ed70c3788633daffb7ffc2fa8752dcc,1,0,0.0,1,1,1.0,1,0,0,0,0,0.0,0,2025-12-06 06:22:23.711,2025-12-06 06:22:23.711,1.0,-1.0,0.0071,0.0,0,0.0,0.0,0
527e6290f763ed72f4fb89f3b18c22f528c820a56321580c53bfadcf38cae710,1,0,0.0,1,1,1.0,1,0,0,0,0,0.0,0,2025-12-06 13:37:22.657,2025-12-06 13:37:22.657,1.0,-1.0,0.0071,0.0,0,0.0,0.0,0
31e99f5882cea6e3e27c8c1c3c32756064e57f1b21813989a7d077e9eeeb0f72,1,0,0.0,1,1,1.0,1,0,0,0,0,0.0,0,2025-12-06 18:26:40.914,2025-12-06 18:26:40.914,1.0,-1.0,0.0071,0.0,0,0.0,0.0,0
363d42774005c59b788351ef23ec449b02dfe6742dabe7752789278d77753cb0,1,0,0.0,1,1,1.0,1,0,0,0,1,0.0,0,2025-12-06 15:10:28.808,2025-12-06 15:10:28.808,1.0,-1.0,0.0071,0.0,0,0.0,1.0,0
20080cb13d54a4838ff4ffee49fdf731471639a404b88ad94278d11dc5de2e6b,2,0,0.0,2,2,1.0,2,0,0,0,0,0.0,0,2025-12-06 12:51:01.899,2025-12-07 08:05:28.584,1.0,-1.0,0.0142,0.0,0,0.0,0.0,0
20925d0119192d1373e380d3d77c36819b812b6d7effe4ae52e7e0a46221a994,1,0,0.0,1,1,1.0,1,0,0,0,0,0.0,0,2025-12-06 14:43:17.752,2025-12-06 14:43:17.752,1.0,-1.0,0.0071,0.0,0,0.0,0.0,0
66e94b349178a06ba86427665af0ce082a2494e586e2e642e62d19e6aa2a4b10,6,0,0.0,1,1,6.0,4,0,0,0,1,0.0,0,2025-12-06 16:31:53.516,2025-12-06 16:32:19.176,1.0,-1.0,0.0284,0.0,0,0.0,0.1667,0
3aead352d0ec51303663d6b7d537ec54842692026455f36ebe95274458e43e5b,1,1,1.0,1,1,1.0,1,0,1,0,0,0.0,0,2025-12-06 10:09:26.877,2025-12-06 10:09:26.877,1.0,0.0,0.0071,0.0,0,0.0,0.0,0
8173cfc1be5fecda5ecd47f524d9b87e84babf7a92923d023272dc37fd997978,1,0,0.0,1,1,1.0,1,0,0,0,0,0.0,0,2025-12-06 15:44:15.188,2025-12-06 15:44:15.188,1.0,-1.0,0.0071,0.0,0,0.0,0.0,0
8cef35f93d800b702d73624d17370ca6ee52b1542ba51c16b1e3cdfe7dfda619,1,0,0.0,1,1,1.0,1,0,0,0,0,0.0,0,2025-12-06 15:46:51.466,2025-12-06 15:46:51.466,1.0,-1.0,0.0071,0.0,0,0.0,0.0,0
b91ccdeda34c15138fba23d801433d4f7bd5f9510506523b621d7a065f63097c,1,0,0.0,1,1,1.0,1,0,0,0,0,0.0,0,2025-12-06 09:45:07.172,2025-12-06 09:45:07.172,1.0,-1.0,0.0071,0.0,0,0.0,0.0,0
031c70595266895a5d686db484c67af122296bed3084181c57b459f3dd8d39dc,1,0,0.0,1,1,1.0,1,0,0,0,0,0.0,0,2025-12-06 18:56:02.125,2025-12-06 18:56:02.125,1.0,-1.0,0.0071,0.0,0,0.0,0.0,0
eb705db934caadc968fba0accb9a6feb6f01bafa2f36a1a51258d247da5c8aa5,1,0,0.0,1,1,1.0,1,0,0,0,1,0.0,0,2025-12-06 16:17:55.832,2025-12-06 16:17:55.832,1.0,-1.0,0.0071,0.0,0,0.0,1.0,0
e3ba7408836da60f793ef128f89572adae3be49d8a9d19b2d145aec27c833bde,1,0,0.0,1,1,1.0,1,0,0,0,0,0.0,0,2025-12-06 13:43:37.599,2025-12-06 13:43:37.599,1.0,-1.0,0.0071,0.0,0,0.0,0.0,0
c28c85b59673c9ab4e4376a00cde23794ccb0907bc55be7ffbb65dd409a3bf01,3,1,0.3333,2,2,1.5,2,0,1,0,0,0.0,0,2025-12-06 14:48:54.337,2025-12-07 06:48:30.977,1.0,0.0,0.0142,0.0,0,0.0,0.0,0
0303993b4adb9befa02859e67579a81ade65acace701f643e05c21ad45ac5a78,1,0,0.0,1,1,1.0,1,0,0,0,0,0.0,0,2025-12-06 10:46:42.041,2025-12-06 10:46:42.041,1.0,-1.0,0.0071,0.0,0,0.0,0.0,0
4310d4743b9e3d0a1e15c7a68fb00c3ba25b7c8be8a2e5eb10ce16765d536c3e,4,0,0.0,1,1,4.0,4,0,0,0,1,0.0,0,2025-12-06 13:19:45.419,2025-12-06 13:22:27.590,1.0,-1.0,0.0284,0.0,0,0.0,0.25,0
74638087bb5c14aa2bc3c0f737fda2156098365a137ac2f15c209b3a8a0671b0,1,0,0.0,1,1,1.0,1,0,0,0,0,0.0,0,2025-12-06 15:42:51.423,2025-12-06 15:42:51.423,1.0,-1.0,0.0071,0.0,0,0.0,0.0,0
a1b9f7a1204593429f184952689a1d8bd7299b8a7af5a8016f5455d6048e89d3,1,0,0.0,1,1,1.0,1,0,0,0,0,0.0,0,2025-12-06 16:34:37.375,2025-12-06 16:34:37.375,1.0,-1.0,0.0071,0.0,0,0.0,0.0,0
65a1a2fd14c794a7130d6ce1afc46088e85c9ed633e295f7151d5ffa1c39092d,1,0,0.0,1,1,1.0,1,0,0,0,0,0.0,0,2025-12-06 16:33:58.608,2025-12-06 16:33:58.608,1.0,-1.0,0.0071,0.0,0,0.0,0.0,0
9a1313fb34c6542c08066b6f9a529b885aebc77a7faf82085c0289d20fdf1d6b,1,1,1.0,1,1,1.0,1,0,1,0,0,0.0,0,2025-12-06 06:24:49.890,2025-12-06 06:24:49.890,1.0,0.0,0.0071,0.0,0,0.0,0.0,0
5179cfd03ae2ed7833001d05365d3eff2ea4a8709a857b14f6ffe53ea7693b26,1,0,0.0,1,1,1.0,1,0,0,0,0,0.0,0,2025-12-06 08:06:29.049,2025-12-06 08:06:29.049,1.0,-1.0,0.0071,0.0,0,0.0,0.0,0
c5a6d529961ce196b5bdd750fe98644a25ad8a14f8f480b310ee4ea5a6a6f89b,2,0,0.0,1,1,2.0,2,0,0,0,1,0.0,0,2025-12-06 16:06:03.447,2025-12-06 16:06:05.278,1.0,-1.0,0.0142,0.0,0,0.0,0.5,0
92488fcea2330f15944bf23dc465b33c105f72d3b39bdf49e43c1623a58f537a,1,0,0.0,1,1,1.0,1,0,0,0,0,0.0,0,2025-12-06 13:05:33.063,2025-12-06 13:05:33.063,1.0,-1.0,0.0071,0.0,0,0.0,0.0,0
80596205dde0ec635785b5d7a0887428451c9cede768b864d7da1420693412c7,1,1,1.0,1,1,1.0,1,0,1,0,0,0.0,0,2025-12-06 15:53:59.168,2025-12-06 15:53:59.168,1.0,0.0,0.0071,0.0,0,0.0,0.0,0
fa1ea96ae43b934ce4129497075733429193ab0d862ecd739e149df5c90069d4,2,0,0.0,2,2,1.0,1,0,0,0,0,0.0,0,2025-12-06 17:27:57.389,2025-12-07 05:00:20.175,1.0,-1.0,0.0071,0.0,0,0.0,0.0,0
1bc99f1af1ef55ebf443293363684af26ba72f8a22e3f142fe9488c192e2452e,1,1,1.0,1,1,1.0,1,0,1,0,0,0.0,0,2025-12-06 13:04:13.278,2025-12-06 13:04:13.278,1.0,0.0,0.0071,0.0,0,0.0,0.0,0
06bb7602a634bfe9e7e507be994e72243e974ad11920812aca5ed895f8ef3eb2,1,1,1.0,1,1,1.0,1,0,1,0,0,0.0,0,2025-12-06 07:56:09.649,2025-12-06 07:56:09.649,1.0,0.0,0.0071,0.0,0,0.0,0.0,0
0dd43b38336066145759eff3201de7d3c3e6191753e0723a12955b89bd37658a,1,0,0.0,1,1,1.0,1,0,0,0,0,0.0,0,2025-12-06 15:41:09.497,2025-12-06 15:41:09.497,1.0,-1.0,0.0071,0.0,0,0.0,0.0,0
a6b19bfbb9d4f7b4e8b779ae4e0b0ba250ce9fe22238d9fd9fb6299752a1c72a,2,0,0.0,1,1,2.0,1,0,0,0,0,0.0,0,2025-12-06 15:43:21.321,2025-12-06 15:45:18.692,1.0,-1.0,0.0071,0.0,0,0.0,0.0,0
23a7cc4241a50990d9afc55e5f3466c2417c884c894e37512118b5917fd01aeb,2,0,0.0,1,1,2.0,2,0,0,0,1,0.0,0,2025-12-06 09:34:28.679,2025-12-06 09:34:30.151,1.0,-1.0,0.0142,0.0,0,0.0,0.5,0
7a643181408a478e335f35c6e3c9e8f90fe19723c0341f1e9427d01f57db76e2,1,0,0.0,1,1,1.0,1,0,0,0,0,0.0,0,2025-12-06 07:39:22.092,2025-12-06 07:39:22.092,1.0,-1.0,0.0071,0.0,0,0.0,0.0,0
764f819aca3d262abf5a61aa4bb3c1eb175fc9ec4da1dfca3f72b81b36ef7596,1,0,0.0,1,1,1.0,1,0,0,0,0,0.0,0,2025-12-06 19:31:44.223,2025-12-06 19:31:44.223,1.0,-1.0,0.0071,0.0,0,0.0,0.0,0
8eefad61b2aa6019be9957d6acfaa00e10f0bb239f48b2952df26b29263cdb2d,1,0,0.0,1,1,1.0,1,0,0,0,0,0.0,0,2025-12-06 17:57:53.895,2025-12-06 17:57:53.895,1.0,-1.0,0.0071,0.0,0,0.0,0.0,0
e65ef13816724a9b48c33e8d63f40de9bc8b1323c086cce7dddc41602b3d4f2b,6,0,0.0,2,2,3.0,5,0,0,0,1,0.0,0,2025-12-06 16:25:23.877,2025-12-08 09:53:32.680,1.73,-1.0,0.0355,0.0,0,0.0,0.1667,0
53a19468267396c8f5815f1c3d5c41e732341cd63411aaef9471e15122984d8a,1,1,1.0,1,1,1.0,1,0,1,0,0,0.0,0,2025-12-06 09:21:58.580,2025-12-06 09:21:58.580,1.0,0.0,0.0071,0.0,0,0.0,0.0,0
052712a671dcef27a889c4cdd62aae1e69c9feba70eb04c16ab912f5e5e80f1b,1,0,0.0,1,1,1.0,1,0,0,0,0,0.0,0,2025-12-06 17:24:54.453,2025-12-06 17:24:54.453,1.0,-1.0,0.0071,0.0,0,0.0,0.0,0
e1211545d940b7a35a6d808578319d07696ed75ced926f1b8e562b07e7fc6908,1,0,0.0,1,1,1.0,1,0,0,0,0,0.0,0,2025-12-06 13:11:05.485,2025-12-06 13:11:05.485,1.0,-1.0,0.0071,0.0,0,0.0,0.0,0
ce76fa02b4d6d340ad97e8e7aab0eb988157bdc214c45ce8e12ec02e9052a91b,1,0,0.0,1,1,1.0,1,0,0,0,0,0.0,0,2025-12-06 15:43:50.281,2025-12-06 15:43:50.281,1.0,-1.0,0.0071,0.0,0,0.0,0.0,0
e6634c05b1903ce9b62f1c7fe5e3ef85768dd98b73b305d63fb48cee7ef361f4,3,3,1.0,1,1,3.0,1,0,1,0,0,0.0,0,2025-12-06 16:02:56.705,2025-12-06 16:06:33.452,1.0,0.0,0.0071,0.0,0,0.0,0.0,0
5785297578fbd62ae7f15d1f49cb3ca3d140fe0f738a9776583794c0aca4db76,1,0,0.0,1,1,1.0,1,0,0,0,0,0.0,0,2025-12-06 18:19:32.406,2025-12-06 18:19:32.406,1.0,-1.0,0.0071,0.0,0,0.0,0.0,0
a190db026b406e09faca0b7f49d66f37493d77863336bd0eb99e00407676146e,1,0,0.0,1,1,1.0,1,0,0,0,0,0.0,0,2025-12-06 17:12:49.578,2025-12-06 17:12:49.578,1.0,-1.0,0.0071,0.0,0,0.0,0.0,0
ab8c4b6faa01661bf81199ed768b057e0ee26d3cb678fbe26aacf99b99d95eeb,1,0,0.0,1,1,1.0,1,0,0,0,0,0.0,0,2025-12-06 16:17:55.022,2025-12-06 16:17:55.022,1.0,-1.0,0.0071,0.0,0,0.0,0.0,0
482e2f4cf38f591244307b7e7224796a8f83abfb8e53fe073f4d5044f59fc024,1,0,0.0,1,1,1.0,1,0,0,0,0,0.0,0,2025-12-06 04:40:03.280,2025-12-06 04:40:03.280,1.0,-1.0,0.0071,0.0,0,0.0,0.0,0
a415a2b2e328428bff4c80a58634d9f76a120db7817565b3c3c00fd6bf44edb8,1,0,0.0,1,1,1.0,1,0,0,0,0,0.0,0,2025-12-06 17:24:15.325,2025-12-06 17:24:15.325,1.0,-1.0,0.0071,0.0,0,0.0,0.0,0
c24049aad70502cd909afdd2e224ff7ce7c0b900c175018aaf407889ce703a22,1,0,0.0,1,1,1.0,1,0,0,0,0,0.0,0,2025-12-06 03:57:32.121,2025-12-06 03:57:32.121,1.0,-1.0,0.0071,0.0,0,0.0,0.0,0
5e5f9fa6adfb45f3f9994472e4b2cef7ea0f84c606c78e75c4005414fc04c189,1,0,0.0,1,1,1.0,1,0,0,0,0,0.0,0,2025-12-06 14:45:33.306,2025-12-06 14:45:33.306,1.0,-1.0,0.0071,0.0,0,0.0,0.0,0
0b1b875ed288c58c56c56a0084c58790158baaa357279e2aa1c620b598a18efb,1,0,0.0,1,1,1.0,1,0,0,0,0,0.0,0,2025-12-06 15:46:00.137,2025-12-06 15:46:00.137,1.0,-1.0,0.0071,0.0,0,0.0,0.0,0
525cefd3d9583cc21a99f228f0c05631a907512355fbded2804e1fdcc8ea37ee,3,1,0.3333,2,2,1.5,2,0,1,0,0,0.0,0,2025-12-06 16:14:55.915,2025-12-07 06:21:42.094,1.0,0.0,0.0142,0.0,0,0.0,0.0,0
56473cdc9b82144eb18477a368686c0635f9acf137c7ad12326c1ca5a6df09e8,1,0,0.0,1,1,1.0,1,0,0,0,0,0.0,0,2025-12-06 09:33:46.794,2025-12-06 09:33:46.794,1.0,-1.0,0.0071,0.0,0,0.0,0.0,0
ba7dadf4e0567da45f635f5069f8d90e8631a75e4650651d54746578920d6480,1,0,0.0,1,1,1.0,1,0,0,0,0,0.0,0,2025-12-06 13:33:45.052,2025-12-06 13:33:45.052,1.0,-1.0,0.0071,0.0,0,0.0,0.0,0
fa2545aea95776bff48255b9d66af42002b8ac99d0336c44d010c2202156ba99,2,0,0.0,1,1,2.0,1,0,0,0,0,0.0,0,2025-12-06 15:13:24.690,2025-12-06 15:30:46.679,1.0,-1.0,0.0071,0.0,0,0.0,0.0,0
e3f8674aa23ff93170da4f57f607ec439e8449916d021e28ca14dc6a53556043,1,0,0.0,1,1,1.0,1,0,0,0,0,0.0,0,2025-12-06 11:06:55.334,2025-12-06 11:06:55.334,1.0,-1.0,0.0071,0.0,0,0.0,0.0,0
07ca7dd14c4b95e0569e03cde4522e2743b109a0eba703f558fb5e8efc3775dc,1,0,0.0,1,1,1.0,1,0,0,0,0,0.0,0,2025-12-06 15:23:08.412,2025-12-06 15:23:08.412,1.0,-1.0,0.0071,0.0,0,0.0,0.0,0
4bf6611dbbdba20d92c7d46d16ce1c5bd39c0b0ddc75bdd23840fa27205e94b5,1,1,1.0,1,1,1.0,1,0,1,0,0,0.0,0,2025-12-06 16:44:13.431,2025-12-06 16:44:13.431,1.0,0.0,0.0071,0.0,0,0.0,0.0,0
d87994fd157e1226a66cefe3b1c2f593da8eb6e0d0ddc322143df9b1fd5daecf,1,0,0.0,1,1,1.0,1,0,0,0,0,0.0,0,2025-12-06 16:02:33.835,2025-12-06 16:02:33.835,1.0,-1.0,0.0071,0.0,0,0.0,0.0,0
0282c4150067dbadf3d10bee553c3be6b2985ea1077c5fdf69e58e8b1b911d0b,1,1,1.0,1,1,1.0,1,0,1,0,0,0.0,0,2025-12-06 17:56:13.858,2025-12-06 17:56:13.858,1.0,0.0,0.0071,0.0,0,0.0,0.0,0
38ce63ac05040b093885d45480f08ff942aacd6a7e0fbe101f6ee32b66207311,1,0,0.0,1,1,1.0,1,0,0,0,0,0.0,0,2025-12-06 16:30:41.866,2025-12-06 16:30:41.866,1.0,-1.0,0.0071,0.0,0,0.0,0.0,0
e46ffc08e98a70d9d94db13dbb2492267e9ec749d8c6072d8cf09241c326703b,1,0,0.0,1,1,1.0,1,0,0,0,0,0.0,0,2025-12-06 13:33:38.292,2025-12-06 13:33:38.292,1.0,-1.0,0.0071,0.0,0,0.0,0.0,0
601d9b07c0783c0daa98ea3d0450bdc1406cba233f6111939d1f010fd1b85096,1,0,0.0,1,1,1.0,1,0,0,0,1,0.0,0,2025-12-06 14:05:01.067,2025-12-06 14:05:01.067,1.0,-1.0,0.0071,0.0,0,0.0,1.0,0
11d176ecd21c5786bc08247e0549591864b92b81426b6a6781e19c5af68e32d8,1,0,0.0,1,1,1.0,1,0,0,0,0,0.0,0,2025-12-06 17:22:03.217,2025-12-06 17:22:03.217,1.0,-1.0,0.0071,0.0,0,0.0,0.0,0
b95ce90f1e113b74d59f35283b480084820fd115ff64222cf04c338100f5d2d6,1,0,0.0,1,1,1.0,1,0,0,0,0,0.0,0,2025-12-06 15:52:48.765,2025-12-06 15:52:48.765,1.0,-1.0,0.0071,0.0,0,0.0,0.0,0
58a500469ea0d69fd092a32399bb649db3368c33198e1b7bdafbf0c33f27be0c,1,0,0.0,1,1,1.0,1,0,0,0,0,0.0,0,2025-12-06 09:21:07.972,2025-12-06 09:21:07.972,1.0,-1.0,0.0071,0.0,0,0.0,0.0,0
44e2007898b1b6ff9f89f7aced84c15e21b6b39b3658de0086ca1f2e64ee12ad,1,0,0.0,1,1,1.0,1,0,0,0,0,0.0,0,2025-12-06 09:36:23.536,2025-12-06 09:36:23.536,1.0,-1.0,0.0071,0.0,0,0.0,0.0,0
45646a77bf672d633db7ff966162ab2da6a1c888dc0eae6b1aea72b7410b780f,1,0,0.0,1,1,1.0,1,0,0,0,0,0.0,0,2025-12-06 16:16:46.784,2025-12-06 16:16:46.784,1.0,-1.0,0.0071,0.0,0,0.0,0.0,0
afce0a6463f4089e889179cb81a034fa25be70e63c016ab82db436df650d6c7c,1,0,0.0,1,1,1.0,1,0,0,0,0,0.0,0,2025-12-06 15:56:26.233,2025-12-06 15:56:26.233,1.0,-1.0,0.0071,0.0,0,0.0,0.0,0
3b1b61ff48a2e02581164cbc480a2e0872ef6936cd81aaf5c32e94936206db7a,1,0,0.0,1,1,1.0,1,0,0,0,0,0.0,0,2025-12-06 16:19:03.494,2025-12-06 16:19:03.494,1.0,-1.0,0.0071,0.0,0,0.0,0.0,0
64c5e7cd519e93121d15cdc5141f19f1ad35884c5a188c1932636bc97360537a,1,0,0.0,1,1,1.0,1,0,0,0,0,0.0,0,2025-12-06 21:47:08.615,2025-12-06 21:47:08.615,1.0,-1.0,0.0071,0.0,0,0.0,0.0,0
02aff153ff98e0f2f286477f9060de390d2eb506b4943aed061b58b4b0536852,1,0,0.0,1,1,1.0,1,0,0,0,0,0.0,0,2025-12-06 16:17:55.917,2025-12-06 16:17:55.917,1.0,-1.0,0.0071,0.0,0,0.0,0.0,0
7c22accefe1d2b28f59609dd5421ce8dc82afcb4551c20dc419119b2b35ab503,1,0,0.0,1,1,1.0,1,0,0,0,1,0.0,0,2025-12-06 18:20:01.238,2025-12-06 18:20:01.238,1.0,-1.0,0.0071,0.0,0,0.0,1.0,0
309d3a9ad20d2446997083a04f1ca61d0efef8e3e983d1ef8cb3a30892d51af5,2,0,0.0,1,1,2.0,2,0,0,0,1,0.0,0,2025-12-06 07:16:46.384,2025-12-06 07:40:52.460,1.0,-1.0,0.0142,0.0,0,0.0,0.5,0
7a338792103d756c7fe0c303902fb88ed54044eb016de77f037893cbc2a74db1,1,0,0.0,1,1,1.0,1,0,0,0,0,0.0,0,2025-12-06 13:45:33.647,2025-12-06 13:45:33.647,1.0,-1.0,0.0071,0.0,0,0.0,0.0,0
3e6957299be3ad7abcfaa8f70ffffdab925cc24ac477c65ba880c8560f6321ba,1,1,1.0,1,1,1.0,1,0,1,0,0,0.0,0,2025-12-06 13:41:47.656,2025-12-06 13:41:47.656,1.0,0.0,0.0071,0.0,0,0.0,0.0,0
18ef4c36d8b0a421d40aac4973e8526228a3621be60645a822ec1c167952cfc1,3,0,0.0,2,3,1.0,1,0,0,0,0,0.0,0,2025-12-06 09:41:27.472,2025-12-07 08:26:44.114,1.0,-1.0,0.0071,0.0,0,0.0,0.0,0
01d345820e99a8de7e313a6d99482018985c4483d963f0ebf33368b9254d90db,1,0,0.0,1,1,1.0,1,0,0,0,0,0.0,0,2025-12-06 13:40:36.722,2025-12-06 13:40:36.722,1.0,-1.0,0.0071,0.0,0,0.0,0.0,0
82a0587399325a6e3c894a8136242567a1615e09f9fc483fc42d6185126a2991,1,0,0.0,1,1,1.0,1,0,0,0,0,0.0,0,2025-12-06 03:36:38.715,2025-12-06 03:36:38.715,1.0,-1.0,0.0071,0.0,0,0.0,0.0,0
ff19ce029b42f6ebed288d99996a5322c71c8b7be0e512fb039142c2c97fe025,1,0,0.0,1,1,1.0,1,0,0,0,1,0.0,0,2025-12-06 17:56:30.487,2025-12-06 17:56:30.487,1.0,-1.0,0.0071,0.0,0,0.0,1.0,0
23874dfe6a6a7959011388c74f8e7ab1334550ecd052196048d66e123957c3df,1,1,1.0,1,1,1.0,1,0,1,0,0,0.0,0,2025-12-06 01:52:08.537,2025-12-06 01:52:08.537,1.0,0.0,0.0071,0.0,0,0.0,0.0,0
2db4e38a8d0817fbb10ec48e99e543b5c05e8a7ad18601307f84d25fb5e0ec57,1,0,0.0,1,1,1.0,1,0,0,0,0,0.0,0,2025-12-06 02:22:08.484,2025-12-06 02:22:08.484,1.0,-1.0,0.0071,0.0,0,0.0,0.0,0
932cc34ccff12e2e0a497ac50476d6200deed933a155280fe4d1e98d97398ef0,1,0,0.0,1,1,1.0,1,0,0,0,1,0.0,0,2025-12-06 16:54:25.751,2025-12-06 16:54:25.751,1.0,-1.0,0.0071,0.0,0,0.0,1.0,0
7908e8b759d937841af451c2fd5d75224aa6b208742f020abd200e0155fe0c22,1,1,1.0,1,1,1.0,1,0,1,0,0,0.0,0,2025-12-06 05:43:08.673,2025-12-06 05:43:08.673,1.0,0.0,0.0071,0.0,0,0.0,0.0,0
8860e51cd06e8799c0a8ebd1c385cb28d40237f7737386c5e517b23348764035,3,0,0.0,2,2,1.5,1,0,0,0,0,0.0,0,2025-12-06 13:33:17.569,2025-12-08 14:47:19.954,2.05,-1.0,0.0071,0.0,0,0.0,0.0,0
b10d2f241f40f0bd8eb6c563a467a18c1e5e0f1f3582062e6e63869a04b7d29f,2,1,0.5,1,2,1.0,2,0,1,0,0,0.0,0,2025-12-07 07:33:16.430,2025-12-07 08:08:56.048,1.0,35.66,0.0142,0.0,0,0.0,0.0,0
a2e18edd84ab53146c4d750a59d779c035abbd8ec8ae61fe1a4dd4b9d619c6c0,1,0,0.0,1,1,1.0,1,0,0,0,0,0.0,0,2025-12-07 12:56:00.235,2025-12-07 12:56:00.235,1.0,-1.0,0.0071,0.0,0,0.0,0.0,0
61281179eee9d1096a58b6493e16720cb57a94cbb29de3564855725a16bd0d97,4,0,0.0,1,1,4.0,4,0,0,0,1,0.0,0,2025-12-07 09:07:31.957,2025-12-07 09:08:06.340,1.0,-1.0,0.0284,0.0,0,0.0,0.25,0
b8d39252fa8300800421a9d8ab0de548cfbe22320f2d091babd7c1360b962d96,2,0,0.0,1,1,2.0,2,0,0,0,1,0.0,0,2025-12-07 16:44:50.236,2025-12-07 16:44:52.272,1.0,-1.0,0.0142,0.0,0,0.0,0.5,0
ee824d69224162eb313a3c0d7426f8543b9da6dbe59d44c7c496a9361ff7d427,10,0,0.0,2,2,5.0,5,0,0,0,1,0.0,0,2025-12-07 08:47:47.048,2025-12-08 12:50:29.112,1.17,-1.0,0.0355,0.0,0,0.0,0.1,0
2d11eda2d92b58f51cfce9790c65e3354e6df1a3412e3c40612e39e48b86698e,8,0,0.0,1,1,8.0,4,0,0,0,1,0.0,0,2025-12-07 16:33:35.610,2025-12-07 16:35:08.496,1.0,-1.0,0.0284,0.0,0,0.0,0.125,0
8aa0b119e165925f849efe408375e2042ecc86dfc840a9a224309f0fe3e029a3,268,85,0.3172,1,1,268.0,18,0,1,0,1,0.0,0,2025-12-07 04:40:31.272,2025-12-07 05:04:27.346,1.0,10.76,0.1277,0.0,1,0.023480043301886792,0.9776,0
2dec4f7828c980a1984bc3c642dd6cc543f4d83b8dc78966740f9d538939fa33,207,62,0.2995,1,1,207.0,14,0,1,0,1,0.0,0,2025-12-07 04:40:56.138,2025-12-07 04:58:36.292,1.0,10.83,0.0993,0.0,1,0.02456510823529412,0.9614,0
39eb3e8d8a055cf70106c86aaa9fa57b18d5813d2744cffbe14e9c35ad3b4e77,422,120,0.2844,1,1,422.0,18,0,1,0,1,0.0,0,2025-12-07 04:41:26.750,2025-12-07 05:22:44.638,1.0,5.04,0.1277,0.0,1,0.023686582392638038,0.9882,0
180f82b048eaeb0f0b2906ec210f229302aad1706e8943cb067e6a41f6fc9eb8,183,57,0.3115,1,1,183.0,15,0,1,0,1,0.0,0,2025-12-07 04:40:42.326,2025-12-07 05:04:51.385,1.0,6.42,0.1064,0.0,1,0.02415316135135135,0.9672,0
3434af192717459df4aa22321df8fc4b892696fc3779dbd96a5087fe8def605b,142,49,0.3451,1,1,142.0,13,0,1,0,1,0.0,0,2025-12-07 04:41:25.914,2025-12-07 04:56:24.125,1.0,10.1,0.0922,0.0,1,0.023962973968253965,0.9648,0
f274643937707d7d47bb0ed30c90e0fc10b11faee32df8f270df5d74edb1f07b,1,0,0.0,1,1,1.0,1,0,0,0,0,0.0,0,2025-12-07 16:30:26.570,2025-12-07 16:30:26.570,1.0,-1.0,0.0071,0.0,0,0.0,0.0,0
cfb6462fef37bc4d449ed31ad7541cd23d603ccee3b6d93e0aaae0c25cfe432e,3,0,0.0,1,1,3.0,3,0,0,0,1,0.0,0,2025-12-07 15:44:28.868,2025-12-07 15:44:42.382,1.0,-1.0,0.0213,0.0,0,0.0,0.3333,0
aceea05677fa0c4b2ff0c554d99dfecb1a81e36447f4d83c55ff98f98171b667,145,49,0.3379,1,1,145.0,13,0,1,0,1,0.0,0,2025-12-07 04:40:57.484,2025-12-07 04:51:08.488,1.0,4.9,0.0922,0.0,1,0.02470212603174603,0.9724,0
a1776fdb99d808975052cceb590595e85bc9dd3aaa3af78c9e309d5219c2a323,2,0,0.0,2,2,1.0,1,0,0,0,0,0.0,0,2025-12-07 08:47:18.419,2025-12-08 12:50:22.880,1.17,-1.0,0.0071,0.0,0,0.0,0.0,0
107ad8df6acf9f51bed15115b9d609b5991c708bd680839fa2f1cd4fdd9f833e,8,0,0.0,1,1,8.0,4,0,0,0,1,0.0,0,2025-12-07 07:57:04.958,2025-12-07 07:57:20.609,1.0,-1.0,0.0284,0.0,0,0.0,0.125,0
44f0add3d40ab4abd0cea41396f1df7d0d3110d351a390f77d83bbb42f0a7b63,14,2,0.1429,2,4,3.5,7,0,1,0,1,0.0,0,2025-12-07 10:50:13.433,2025-12-08 09:38:34.413,1.0,0.77,0.0496,0.0,0,0.0,0.0714,0
87db5211a5c80e79f900cbd027746273e3f9cbb79e46aedf93cc9d0b90595c9d,244,72,0.2951,1,1,244.0,16,0,1,0,1,0.0,0,2025-12-07 04:40:43.171,2025-12-07 05:00:33.302,1.0,11.03,0.1135,0.0,1,0.02338952381443299,0.9795,0
e62ef932b479f35ccb6d4eee2e3e98a68671a4a295511e0d797777968e69ebbd,26,4,0.1538,1,3,8.67,11,0,1,0,1,0.0,1,2025-12-07 06:18:17.153,2025-12-07 11:22:23.013,1.0,111.0,0.078,0.0,0,0.0176,0.3846,0
2894ac2705deaf3e24f39e2cc471e9dd6051d0649368236615e83897016ca30b,1,0,0.0,1,1,1.0,1,0,0,0,0,0.0,0,2025-12-07 04:42:34.007,2025-12-07 04:42:34.007,1.0,-1.0,0.0071,0.0,0,0.0,0.0,0
8b7efd8ebf34640df41023daa7ed2535f12ad32317dda0ec349baade4829a51c,8,1,0.125,1,2,4.0,8,0,1,0,1,0.0,0,2025-12-07 08:12:00.763,2025-12-07 15:43:50.975,1.0,0.93,0.0567,0.0,0,0.0,0.375,0
c73c3868273160caddaaa2b7574803e5fad590686fa46d1e9dbeca0c0fb09eb3,17,0,0.0,1,3,5.67,6,0,0,0,1,0.0,0,2025-12-07 08:08:59.824,2025-12-07 11:09:23.644,1.0,-1.0,0.0426,0.0,0,0.0,0.0588,0
7b1f932c282a994e4727a258853dcd911dcb8fdd82dd2fe090f0fce8809f5147,12,0,0.0,1,1,12.0,7,0,0,0,1,0.0,0,2025-12-07 06:26:11.831,2025-12-07 06:42:08.050,1.0,-1.0,0.0496,0.0,0,0.0,0.0833,0
c617f4a75d284b9304b331a3b4c82fff272ce58cea3dfd7d3175b5c386c76490,9,0,0.0,1,2,4.5,6,0,0,0,1,0.0,0,2025-12-07 15:57:50.110,2025-12-07 16:24:52.408,1.0,-1.0,0.0426,0.0,0,0.0,0.1111,0
1a8d5cf75b1741a10151c2ca766b5361df020d3744be10c1f55aa0e4ce067272,240,74,0.3083,1,1,240.0,17,0,1,0,1,0.0,0,2025-12-07 04:49:17.665,2025-12-07 05:06:24.047,1.0,2.62,0.1206,0.0,1,0.02322358755319149,0.9792,0
4e2a0284b43a3289c5de5813f9545912652a484ea91f853019fcba28fb93e0ea,1,0,0.0,1,1,1.0,1,0,0,0,0,0.0,0,2025-12-07 08:08:37.093,2025-12-07 08:08:37.093,1.0,-1.0,0.0071,0.0,0,0.0,0.0,0
1385b76cbfe92f58d45fc2200ea94bf3d35c15c863580b3ef38deb712078d64c,9,0,0.0,1,1,9.0,6,0,0,0,1,0.0,0,2025-12-07 13:04:07.473,2025-12-07 13:04:42.681,1.0,-1.0,0.0426,0.0,0,0.0,0.1111,0
8beb8cd106c9d3f71db200fb4cd3ec3312e881f144f5aaa82f96458cb11b29fc,6,0,0.0,1,1,6.0,4,0,0,0,1,0.0,0,2025-12-07 12:44:08.983,2025-12-07 12:44:32.748,1.0,-1.0,0.0284,0.0,0,0.0,0.1667,0
d419823f56eeea573e6cac0712a1090a91f623dc0aa97930a4c3ecfbe2df2667,10,0,0.0,1,3,3.33,8,0,0,0,1,0.0,0,2025-12-07 09:41:01.098,2025-12-07 15:43:17.618,1.0,-1.0,0.0567,0.0,0,0.0,0.3,0
89a47378e09c52e2476cb4d04b9cb04a8266aa6e3ddb7161f90325e9fdce5218,7,0,0.0,1,1,7.0,4,0,0,0,1,0.0,0,2025-12-07 09:40:52.273,2025-12-07 09:41:30.081,1.0,-1.0,0.0284,0.0,0,0.0,0.1429,0
6bdf22b042cc3ed44b68eecf3d8640c04be607b91287676a64dd5df26c91906a,12,0,0.0,1,2,6.0,6,0,0,0,1,0.0,0,2025-12-07 12:07:00.728,2025-12-07 12:11:09.395,1.0,-1.0,0.0426,0.0,0,0.0,0.0833,0
f41aef71e2b32e454971876dd7c5b1643abd5aca652dda07e8da72c062601928,1,1,1.0,1,1,1.0,1,0,1,0,0,0.0,0,2025-12-07 16:09:58.333,2025-12-07 16:09:58.333,1.0,0.0,0.0071,0.0,0,0.0,0.0,0
909e5a62c9e7c01d6c5993b89cf13af54540fcde6cbb92e9c13d94f2b601683c,205,67,0.3268,1,1,205.0,15,0,1,0,1,0.0,0,2025-12-07 04:40:36.691,2025-12-07 04:52:14.027,1.0,5.28,0.1064,0.0,1,0.025075110843373494,0.9756,0
157956bbf4745b540adaf2c536063319b2a83d7d0cea753f2d3902be2bd59f66,170,48,0.2824,1,1,170.0,23,0,1,0,1,0.0,0,2025-12-07 05:27:25.406,2025-12-07 05:50:45.653,1.0,2.02,0.1631,0.0,1,0.015328436790123455,0.8706,0
55c6bbd92f8340ef90edcc894db316848545540b3742a87d584e16a33680053b,15,8,0.5333,1,1,15.0,7,0,1,0,1,0.0,0,2025-12-07 04:41:29.361,2025-12-07 04:52:33.160,1.0,10.63,0.0496,0.0,0,0.014199999999999999,0.7333,0
48b7b7eefd76e153eeabe74763b4694ad370d0f0a4a4f9fb4e56b14bbfcc646e,1,0,0.0,1,1,1.0,1,0,0,0,0,0.0,0,2025-12-07 04:40:48.749,2025-12-07 04:40:48.749,1.0,-1.0,0.0071,0.0,0,0.0,0.0,0
ff985f8f5dc063d44b0fca74b8cc19817b15b41e07f669371e2b81778c71a31a,34,13,0.3824,2,2,17.0,11,0,1,0,1,0.0,0,2025-12-07 04:42:38.656,2025-12-08 08:33:42.768,1.16,1668.92,0.078,0.0,1,0.01873041,0.8824,0
3c913b857380178e4835853d482c716d0b6f299485e57d3458475dfff2d3cc03,10,0,0.0,1,1,10.0,5,0,0,0,1,0.0,0,2025-12-07 04:34:08.165,2025-12-07 04:37:42.317,1.0,-1.0,0.0355,0.0,0,0.0,0.1,0
ca3b6cf39e41fdde597730277877f38baf5a70e147102398eb51eae94b76e167,7,0,0.0,1,1,7.0,4,0,0,0,1,0.0,0,2025-12-07 04:42:50.912,2025-12-07 04:43:16.021,1.0,-1.0,0.0284,0.0,0,0.0,0.1429,0
c9f4961a5106ce27633379760d72dc918bec0ac0e68cbea72f69c83442c61415,7,0,0.0,1,2,3.5,5,0,0,0,1,0.0,0,2025-12-07 04:40:35.857,2025-12-07 15:43:39.927,1.0,-1.0,0.0355,0.0,0,0.0,0.1429,0
7c92349115ff78621cf203adf5fea239d8691312b49f4c25cb14b81a37457a2f,235,80,0.3404,1,1,235.0,19,0,1,0,1,0.0,0,2025-12-07 23:02:11.629,2025-12-07 23:38:50.950,1.0,0.96,0.1348,0.0,1,0.032701285384615385,0.9277,0
8303ddac574361da3118791ddd3d5a6e6ae4ee34cd0160f921519d9f1e3996fe,1,0,0.0,1,1,1.0,1,0,0,0,0,0.0,0,2025-12-07 17:20:38.046,2025-12-07 17:20:38.046,1.0,-1.0,0.0071,0.0,0,0.0,0.0,0
346996d5fe54ebfd8617edbc6530e6ee2de09381bbe7e8e6e8691b54bf641f9c,1,0,0.0,1,1,1.0,1,0,0,0,0,0.0,0,2025-12-07 12:43:20.219,2025-12-07 12:43:20.219,1.0,-1.0,0.0071,0.0,0,0.0,0.0,0
edf6bc4e738eb3d97569d3dd9549f5237df901328cb8002b3fee63e065bd8804,8,0,0.0,1,1,8.0,4,0,0,0,1,0.0,0,2025-12-07 17:49:15.066,2025-12-07 17:49:34.412,1.0,-1.0,0.0284,0.0,0,0.0,0.125,0
f8c8cccf3024b6742ca813bebc7fde2cda584f1f90650bec8b3e2bdc51647401,7,0,0.0,1,3,2.33,7,0,0,0,1,0.0,0,2025-12-07 09:42:00.266,2025-12-07 15:42:36.712,1.0,-1.0,0.0496,0.0,0,0.0,0.4286,0
d5cace2ebeada60e35e6177970e4ad249f50202bdb5718bdde33d91d5a7efa1e,8,0,0.0,1,1,8.0,4,0,0,0,1,0.0,0,2025-12-07 16:44:53.067,2025-12-07 16:45:07.550,1.0,-1.0,0.0284,0.0,0,0.0,0.125,0
060c3a844d663942d3a384847072d8b6fca6c71b55b50cfca55765712c14097b,6,0,0.0,1,1,6.0,4,0,0,0,1,0.0,0,2025-12-07 16:08:57.650,2025-12-07 16:09:30.940,1.0,-1.0,0.0284,0.0,0,0.0,0.1667,0
dbe27a3c6f7981b3651d5dad758d099913cb10211e10843775e55c3a93a2c318,5,0,0.0,1,1,5.0,4,0,0,0,1,0.0,0,2025-12-07 11:19:39.004,2025-12-07 11:22:47.535,1.0,-1.0,0.0284,0.0,0,0.0,0.2,0
9cf0459f58f39e352f6c2a7ef5b093ad63a032f892ff855fc33c832a751cf9d2,252,86,0.3413,2,2,126.0,22,0,1,0,1,0.0,0,2025-12-07 04:50:10.377,2025-12-08 15:04:36.028,1.43,2.09,0.156,0.0,1,0.031318291941747574,0.8452,0
58629d3c0b5268ea0832cb66a3ac39b9203841aaee4a3f6184ae4a122e1a51bf,581,151,0.2599,1,3,193.67,26,0,1,0,1,0.0,0,2025-12-07 04:45:26.593,2025-12-07 08:41:01.467,1.0,7.25,0.1844,0.0,1,0.02411768136752137,0.9725,0
b249bfd2c88974951cf9353526981d9f2a04563f4c6871dfc97f27e7d6c9082f,52,20,0.3846,1,1,52.0,13,0,1,0,1,0.0,0,2025-12-07 07:39:47.178,2025-12-07 07:44:12.537,1.0,0.69,0.0922,0.0,1,0.024209007692307695,0.8654,0
7927f1103b5ac14f91d0b040af0163a640be5ef1bfa50bcfb06d8675cbafc01d,9,0,0.0,1,2,4.5,7,0,0,0,1,0.0,0,2025-12-07 09:38:26.646,2025-12-07 15:40:26.310,1.0,-1.0,0.0496,0.0,0,0.0,0.3333,0
29a9846a801e5088053969b4511b453123501a30aec592dc3280b84bd0996207,1,0,0.0,1,1,1.0,1,0,0,0,1,0.0,0,2025-12-07 19:36:43.064,2025-12-07 19:36:43.064,1.0,-1.0,0.0071,0.0,0,0.0,1.0,0
07f88caec607b35b17ed126c78796ae57cce0ec11e5dcc55540c957ceccff2ca,6,0,0.0,2,2,3.0,4,0,0,0,1,0.0,0,2025-12-07 16:28:35.596,2025-12-08 07:58:50.925,1.0,-1.0,0.0284,0.0,0,0.0,0.1667,0
ee9af75fb35614490373c5d80c983ca8068e4bd1b79afea6890677de877cedcb,10,0,0.0,1,1,10.0,7,0,0,0,1,0.0,0,2025-12-07 15:30:49.220,2025-12-07 16:09:42.153,1.0,-1.0,0.0496,0.0,0,0.0,0.1,0
39651693b25871994c8d7b0f101bd4c4e55f37f5290132bdd9d4bd5a26819542,2,0,0.0,1,1,2.0,1,0,0,0,0,0.0,0,2025-12-07 21:42:07.729,2025-12-07 21:42:09.494,1.0,-1.0,0.0071,0.0,0,0.0,0.0,0
6ae664ebbb04de55e81f1b20990dc370c0b09e736bad15024808f89499dd16dc,254,81,0.3189,1,1,254.0,18,0,1,0,1,0.0,0,2025-12-07 08:49:12.961,2025-12-07 09:12:52.092,1.0,6.76,0.1277,0.0,1,0.02505711742857143,0.9803,0
ef1c916e78f5f90b107ef7ba6a8b82a8fe3d9819f6835385de2c36b6c15c0573,276,78,0.2826,1,1,276.0,16,0,1,0,1,0.0,0,2025-12-07 04:53:01.971,2025-12-07 05:01:37.273,1.0,1.01,0.1135,0.0,1,0.02163985518181818,0.9855,0
e26dfd283ea9ce38c91674eb41da6e7a0a60099cf2d94b46e317be4be08ce5f9,207,63,0.3043,1,1,207.0,15,0,1,0,1,0.0,0,2025-12-07 04:41:24.477,2025-12-07 04:52:44.529,1.0,4.43,0.1064,0.0,1,0.02362578476744186,0.9807,0
b3b93a0d04fea7a4c5d37fe8057038ec7252aaf88e36d4be57ff57d82a37b012,245,74,0.302,1,1,245.0,16,0,1,0,1,0.0,0,2025-12-07 04:40:29.198,2025-12-07 04:53:45.750,1.0,5.32,0.1135,0.0,1,0.0228398459,0.9796,0
fcb2c2f2957ae13f5f7aca6a216b68251beb267f9af0a26761d3f31f81745faa,199,61,0.3065,1,1,199.0,14,0,1,0,1,0.0,0,2025-12-07 04:40:43.753,2025-12-07 04:52:34.577,1.0,5.95,0.0993,0.0,1,0.021485666976744186,0.9749,0
004f1f5df7e73c3d2210f4cb50150ccc97a04b5a39303295625f0facf7b9b858,20,5,0.25,1,1,20.0,8,0,1,0,1,0.0,1,2025-12-07 12:32:55.302,2025-12-07 12:43:12.862,1.0,9.84,0.0567,0.0,0,0.013300000000000001,0.4,0
e927d9070c4ffff28b0e8bcddb522367452a66162b699bc8433b5f240434dc47,1,0,0.0,1,1,1.0,1,0,0,0,0,0.0,0,2025-12-07 10:49:26.414,2025-12-07 10:49:26.414,1.0,-1.0,0.0071,0.0,0,0.0,0.0,0
d0c69424e51b74adcb8ba81ce428ce26ea3662dc413f4f6e3dc745de4d0d0ea0,3,0,0.0,1,1,3.0,3,0,0,0,1,0.0,0,2025-12-07 10:32:46.381,2025-12-07 10:33:14.379,1.0,-1.0,0.0213,0.0,0,0.0,0.3333,0
83adc2d622e596143586f0ee0089ac7a2ec37fe12c7617438da240c638594298,2,0,0.0,1,1,2.0,2,0,0,0,1,0.0,0,2025-12-07 06:38:00.083,2025-12-07 06:38:02.709,1.0,-1.0,0.0142,0.0,0,0.0,0.5,0
5384388974970d23fe07dc07d7999dadba6a55256957419abca8a2d81e7fed90,5,0,0.0,1,1,5.0,5,0,0,0,1,0.0,0,2025-12-07 18:05:09.611,2025-12-07 18:05:29.778,1.0,-1.0,0.0355,0.0,0,0.0,0.6,0
2e588c52f7b79a1526ffe71589f30cc462d1bc687fbb8a3cac8b477ccb0c237b,1,0,0.0,1,1,1.0,1,0,0,0,0,0.0,0,2025-12-07 17:08:32.803,2025-12-07 17:08:32.803,1.0,-1.0,0.0071,0.0,0,0.0,0.0,0
c0d310219ac907f7136b851ef496c7e79cc582e7cb9e3ce946c90f502727af27,5,0,0.0,1,1,5.0,5,0,0,0,1,0.0,0,2025-12-07 18:56:44.460,2025-12-07 18:56:49.847,1.0,-1.0,0.0355,0.0,0,0.0,0.6,0
546092967de8e7202ab13dcdd775ea64be150e9d1368d0cd933f1ac7a7ab3239,4,0,0.0,1,1,4.0,4,0,0,0,1,0.0,0,2025-12-07 13:14:16.675,2025-12-07 13:15:11.086,1.0,-1.0,0.0284,0.0,0,0.0,0.25,0
5658d7664f346a81eb827e4eb65badd1dd269bc0e60c8b7e60742b783e3d1e4d,2,0,0.0,1,1,2.0,1,0,0,0,0,0.0,0,2025-12-07 04:45:24.871,2025-12-07 04:49:07.041,1.0,-1.0,0.0071,0.0,0,0.0,0.0,0
f9912a652ab8650fde1f6c080ad0134cbc4ce20b71f9ac5b79491aca2c80b290,3,0,0.0,1,1,3.0,3,0,0,0,1,0.0,0,2025-12-07 05:58:07.577,2025-12-07 06:02:47.476,1.0,-1.0,0.0213,0.0,0,0.0,0.3333,0
4b2e78c54390b3f9ea8ffc1d97a4c60011c5a8f52e0a7c4ac3fd67357321342e,10,0,0.0,2,3,3.33,5,0,0,0,1,0.0,0,2025-12-07 15:44:56.315,2025-12-08 09:41:52.343,1.0,-1.0,0.0355,0.0,0,0.0,0.1,0
5da9f1d6b74750585971b50cdd47694d2d1ace743f670ed8df27e3657879cd8b,6,0,0.0,1,1,6.0,6,0,0,0,1,0.0,0,2025-12-07 11:22:22.972,2025-12-07 11:22:50.505,1.0,-1.0,0.0426,0.0,0,0.0,0.5,0
c5d1937e71d957eeaa99f0387b9fb6bb3c164940f44250dcae891750b836a025,8,0,0.0,2,2,4.0,5,0,0,0,1,0.0,0,2025-12-07 17:09:07.003,2025-12-08 06:08:35.289,1.0,-1.0,0.0355,0.0,0,0.0,0.125,0
2374f5641a0c4af2203b42fcd1a606e7254e63f6f61676ec2b13c9bbf0320de3,13,0,0.0,2,2,6.5,7,0,0,0,1,0.0,0,2025-12-07 12:35:39.250,2025-12-08 13:27:24.268,1.04,-1.0,0.0496,0.0,0,0.0,0.0769,0
c46b2585564802fb9034daccce2d232908fba14966c3100eec59ab0287b2c15a,8,0,0.0,2,3,2.67,5,0,0,0,1,0.0,0,2025-12-07 16:08:56.495,2025-12-08 07:25:15.950,1.0,-1.0,0.0355,0.0,0,0.0,0.125,0
64c804288713e4712d1223a1e5724ea115c8057c32e7d8b2e90ed42e4b6c4226,8,0,0.0,1,1,8.0,4,0,0,0,1,0.0,0,2025-12-07 17:36:15.414,2025-12-07 17:36:26.345,1.0,-1.0,0.0284,0.0,0,0.0,0.125,0
1a55482e2c4dd8f91c8618a173c749699404f4c7c86e50cf23baf96a99fcdd33,9,0,0.0,2,2,4.5,5,0,0,0,1,0.0,0,2025-12-07 20:26:58.720,2025-12-08 14:27:08.668,1.0,-1.0,0.0355,0.0,0,0.0,0.1111,0
dd25e03bcd8d10dfa4fbdba9c0964a187ada6b0a1973b8696ab054c3f6f61b82,4,0,0.0,2,2,2.0,1,0,0,0,0,0.0,0,2025-12-07 20:17:45.733,2025-12-08 14:27:01.911,1.0,-1.0,0.0071,0.0,0,0.0,0.0,0
514a7d1f735414d52802d88994b85fd74916665ca76b79b9c180e83133642ad1,4,0,0.0,2,3,1.33,1,0,0,0,0,0.0,0,2025-12-07 11:30:17.511,2025-12-08 13:23:58.965,1.08,-1.0,0.0071,0.0,0,0.0,0.0,0
f9d8447cb2a5e5763b20b88b318fa7d31b79b298ac3ebad0be1ea35b1cbb2c93,2,0,0.0,1,1,2.0,2,0,0,0,1,0.0,0,2025-12-07 13:45:24.253,2025-12-07 16:22:22.817,1.0,-1.0,0.0142,0.0,0,0.0,0.5,0
14c22f275343678483244cf6b3549ece6fbd38cbcdb523095883c45365ae4107,16,7,0.4375,2,3,5.33,9,0,1,0,1,0.0,0,2025-12-07 11:31:29.769,2025-12-08 13:24:03.311,1.08,546.67,0.0638,0.0,0,0.012266666666666667,0.5625,0
9ebe50e68be50d1a76f7b990d8401334ee1bd53011c9b65272fae47415abcc1a,2,0,0.0,2,2,1.0,1,0,0,0,0,0.0,0,2025-12-07 16:08:32.839,2025-12-08 07:25:13.475,1.0,-1.0,0.0071,0.0,0,0.0,0.0,0
89480e76ec621e3fa8be2896152cf38a2a4e7d34fbc3643a3b9fbc895ab772a0,3,0,0.0,1,2,1.5,1,0,0,0,0,0.0,0,2025-12-07 15:01:23.019,2025-12-07 16:33:04.816,1.0,-1.0,0.0071,0.0,0,0.0,0.0,0
43a979780ec0e271c9e43f08ac776fc08768f0949378d4818cdb8185b356a93f,4,1,0.25,1,1,4.0,2,0,1,0,0,0.0,0,2025-12-07 04:40:37.455,2025-12-07 04:42:31.021,1.0,0.64,0.0142,0.0,0,0.0,0.0,0
97cbe6b4f00a4a7e80a65cc04dd156a8d21a53d7eefb989365f7bebf17069dc1,1,1,1.0,1,1,1.0,1,0,1,0,0,0.0,0,2025-12-07 13:50:08.940,2025-12-07 13:50:08.940,1.0,0.0,0.0071,0.0,0,0.0,0.0,0
0a88cf9e6d202daf4f49a275c43f08aadbdbe0a1d8b4948c7a6a083c15a8bc3f,1,0,0.0,1,1,1.0,1,0,0,0,1,0.0,0,2025-12-07 20:57:51.608,2025-12-07 20:57:51.608,1.0,-1.0,0.0071,0.0,0,0.0,1.0,0
e8f2dbd7857f465f14582c372e05a48d99dae6071420ff1e17a0b745115442a1,5,0,0.0,1,1,5.0,5,0,0,0,1,0.0,0,2025-12-07 15:23:06.752,2025-12-07 15:26:00.130,1.0,-1.0,0.0355,0.0,0,0.0,0.2,0
1df29bcb85126915a6a626466fe12f7d9ee076122930dd644c34bed5907df79b,1,1,1.0,1,1,1.0,1,0,1,0,0,0.0,0,2025-12-07 15:43:00.406,2025-12-07 15:43:00.406,1.0,0.0,0.0071,0.0,0,0.0,0.0,0
f479b12b66bba00805997c9fbe52cd183a1564533bd42e2cf81eed1426cfca74,3,1,0.3333,1,2,1.5,2,0,1,0,0,0.0,0,2025-12-07 13:45:20.697,2025-12-07 16:19:40.529,1.0,0.0,0.0142,0.0,0,0.0,0.0,0
7a92a8a761c8ec2c3813a3f8660c25d3c2454dd3187a58b9bf238e29484c9588,2,0,0.0,1,1,2.0,1,0,0,0,0,0.0,0,2025-12-07 16:45:10.875,2025-12-07 16:46:39.206,1.0,-1.0,0.0071,0.0,0,0.0,0.0,0
668343ae663a8e19cc52d47723fa4dd356763e3e4d6dc7c165cc95b335076376,7,0,0.0,1,1,7.0,4,0,0,0,1,0.0,0,2025-12-07 16:47:52.227,2025-12-07 16:48:00.708,1.0,-1.0,0.0284,0.0,0,0.0,0.1429,0
57523495bc0fbfbab1e9f1ce2bc4e111ff854eb1f50cb017b77f8154ceaf07db,3,0,0.0,1,1,3.0,3,0,0,0,1,0.0,0,2025-12-07 02:58:12.760,2025-12-07 02:58:57.417,1.0,-1.0,0.0213,0.0,0,0.0,0.3333,0
0bdfb03b19bd4d3ea26ec772300bc1ab4c6578df8b78f7c41e0e7f643a005eb3,9,0,0.0,1,1,9.0,5,0,0,0,1,0.0,0,2025-12-07 06:17:02.801,2025-12-07 06:17:50.326,1.0,-1.0,0.0355,0.0,0,0.0,0.1111,0
012cd6be65d9d8ec38933444660e707e566c18ffdb1208799ccdbc46c558c704,1,1,1.0,1,1,1.0,1,0,1,0,0,0.0,0,2025-12-07 17:27:53.597,2025-12-07 17:27:53.597,1.0,0.0,0.0071,0.0,0,0.0,0.0,0
d78ea784cf351c9fefc253a4b7cd7b3e2c26b08139cc659ac1ea9c29407e525b,1,1,1.0,1,1,1.0,1,0,1,0,0,0.0,0,2025-12-07 16:48:57.317,2025-12-07 16:48:57.317,1.0,0.0,0.0071,0.0,0,0.0,0.0,0
f4f18cd38fc3e573f1932170b9b6a5a0ad47de9eba2d0452989ec94797ca1bd8,1,0,0.0,1,1,1.0,1,0,0,0,0,0.0,0,2025-12-07 15:11:57.305,2025-12-07 15:11:57.305,1.0,-1.0,0.0071,0.0,0,0.0,0.0,0
e8ba2cb4e19195e9fd26f1d9b3b50110a24fbcf111cad3b1c4d087920072a504,1,0,0.0,1,1,1.0,1,0,0,0,1,0.0,0,2025-12-07 11:36:36.732,2025-12-07 11:36:36.732,1.0,-1.0,0.0071,0.0,0,0.0,1.0,0
18cff52cc7eefc169b597c2f36cd7663234d6db3c35f970dfa3b149713061d45,8,0,0.0,1,1,8.0,4,0,0,0,1,0.0,0,2025-12-07 15:13:16.678,2025-12-07 15:13:56.132,1.0,-1.0,0.0284,0.0,0,0.0,0.125,0
9a86d3350cb5e414d4865ba8ab25bd866da88f83dbf87251f58ad46c42ad195f,2,1,0.5,1,1,2.0,2,0,1,0,0,0.0,0,2025-12-07 03:14:44.544,2025-12-07 03:16:40.762,1.0,0.0,0.0142,0.0,0,0.0,0.0,0
9d1a0e0a67eec92fa645ec83f9906cb6cdaf1e9b0d7b731cc86f494e66f54765,9,0,0.0,1,1,9.0,5,0,0,0,1,0.0,0,2025-12-07 11:52:13.811,2025-12-07 11:53:00.088,1.0,-1.0,0.0355,0.0,0,0.0,0.1111,0
3b9836499b73012315538fdaf2be7f381ad63cc908fd47106c00004ae568f2cb,2,0,0.0,1,1,2.0,1,0,0,0,0,0.0,0,2025-12-07 04:33:44.788,2025-12-07 04:37:40.276,1.0,-1.0,0.0071,0.0,0,0.0,0.0,0
905bdd5dae60b9be877020963814fb4815ff57c121a461836ae290253019c184,5,0,0.0,1,1,5.0,4,0,0,0,1,0.0,0,2025-12-07 04:41:08.673,2025-12-07 04:41:28.408,1.0,-1.0,0.0284,0.0,0,0.0,0.2,0
98677086b8d8a26603d2949578355ea1440f1235c148fe789189255318d54a38,9,0,0.0,2,3,3.0,6,0,0,0,1,0.0,0,2025-12-07 15:06:36.705,2025-12-08 05:24:52.070,1.0,-1.0,0.0426,0.0,0,0.0,0.1111,0
075c6fcbd86c71ec7b26dedd5e78f713dc2112975d4976c4dd9337c8cdccaecd,5,0,0.0,1,1,5.0,5,0,0,0,1,0.0,0,2025-12-07 18:51:55.274,2025-12-07 18:53:54.193,1.0,-1.0,0.0355,0.0,0,0.0,0.6,0
09868aaf53e57f25e4365fe235588f375122b28055c9e57184e7a0a7e09fafc4,9,0,0.0,1,2,4.5,5,0,0,0,1,0.0,0,2025-12-07 17:08:30.479,2025-12-07 17:20:57.178,1.0,-1.0,0.0355,0.0,0,0.0,0.1111,0
41e93331dace0d5a90ff6d2f6fe6a0deda399cfe581bfc331c503efc92ccfa25,2,1,0.5,1,1,2.0,2,0,1,0,0,0.0,0,2025-12-07 15:53:42.581,2025-12-07 15:57:33.597,1.0,0.0,0.0142,0.0,0,0.0,0.0,0
348463544b09731f93fac5e741481a1e910edc64d19ce9062097a5cee1b514ad,1,1,1.0,1,1,1.0,1,0,1,0,0,0.0,0,2025-12-07 05:39:37.915,2025-12-07 05:39:37.915,1.0,0.0,0.0071,0.0,0,0.0,0.0,0
b112e11739dced9802ee2aba6b690e1a74e4cd4f373f5d9f936b808825d87735,1,0,0.0,1,1,1.0,1,0,0,0,1,0.0,0,2025-12-07 12:27:02.504,2025-12-07 12:27:02.504,1.0,-1.0,0.0071,0.0,0,0.0,1.0,0
d5cee35ced91a847428d40f4a0d9f955fb74c549ad596ae81e05169b9549cae8,10,0,0.0,1,1,10.0,5,0,0,0,1,0.0,0,2025-12-07 16:47:01.034,2025-12-07 17:08:18.959,1.0,-1.0,0.0355,0.0,0,0.0,0.1,0
b0e839c4169bfde6f92dd05a0fe20366da6103e7c6065140c6711a149beb6aa6,4,0,0.0,1,1,4.0,1,0,0,0,0,0.0,0,2025-12-07 12:20:02.259,2025-12-07 12:21:33.253,1.0,-1.0,0.0071,0.0,0,0.0,0.0,0
bf58875156c122ed6c6b3a621a8f93579e55ad8aa67891f5b090f42cc954e0f7,11,0,0.0,2,3,3.67,5,0,0,0,1,0.0,0,2025-12-07 19:32:39.308,2025-12-08 17:43:29.191,1.0,-1.0,0.0355,0.0,0,0.0,0.0909,0
0d87569fedcadbcf175dec137c4b4b414c77ecadb06cc214dd8ced456767f7fc,5,0,0.0,1,1,5.0,5,0,0,0,1,0.0,0,2025-12-07 18:55:25.032,2025-12-07 18:55:31.342,1.0,-1.0,0.0355,0.0,0,0.0,0.6,0
24540f41e801f662bf25b689bb7330e51133feedd53d5be2f849a85e47d796f1,7,0,0.0,1,1,7.0,4,0,0,0,1,0.0,0,2025-12-07 20:00:41.564,2025-12-07 20:00:51.951,1.0,-1.0,0.0284,0.0,0,0.0,0.1429,0
2bfa80bb6f5500c7344962e953ec4ab100d9b6b89a601323ac5bcb919c3c8ff3,1,1,1.0,1,1,1.0,1,0,1,0,0,0.0,0,2025-12-07 05:06:04.287,2025-12-07 05:06:04.287,1.0,0.0,0.0071,0.0,0,0.0,0.0,0
d470109a1de4746f962c735d1bb9cff099d421f7307380f43c3461b787f187e2,1,0,0.0,1,1,1.0,1,0,0,0,0,0.0,0,2025-12-07 17:06:43.027,2025-12-07 17:06:43.027,1.0,-1.0,0.0071,0.0,0,0.0,0.0,0
edc2631fc2e6a84927aece8152a155a6cd4cc9d4616b40a9de21f75a6e72e906,4,1,0.25,1,1,4.0,2,0,1,0,0,0.0,0,2025-12-07 06:02:09.136,2025-12-07 06:26:17.357,1.0,0.0,0.0142,0.0,0,0.0,0.0,0
6ae8efabf6739ace111a354dbe1636912fc37c0e83850e18972c22649ae78243,6,1,0.1667,2,2,3.0,2,0,1,0,0,0.0,0,2025-12-07 18:15:44.343,2025-12-08 06:19:07.993,1.0,0.0,0.0142,0.0,0,0.0,0.0,0
41448f99b82f13fa6b2941ae9db2829ad050da1ea8e3206be9bc669e9aa7d2dd,1,0,0.0,1,1,1.0,1,0,0,0,1,0.0,0,2025-12-07 16:04:55.516,2025-12-07 16:04:55.516,1.0,-1.0,0.0071,0.0,0,0.0,1.0,0
0b720e155d6f5fb212caddc4217d79c1a57d0005fc90e25fab364f3d44d84f69,5,0,0.0,2,2,2.5,5,0,0,0,1,0.0,0,2025-12-07 16:31:12.916,2025-12-08 18:27:52.962,1.08,-1.0,0.0355,0.0,0,0.0,0.2,0
f05a6ae9d5f9a9f112351bdad946add7e336fe7f3eab357c0a4c7ee769bc9ce5,8,0,0.0,1,1,8.0,4,0,0,0,1,0.0,0,2025-12-07 15:23:12.533,2025-12-07 15:23:28.530,1.0,-1.0,0.0284,0.0,0,0.0,0.125,0
2beb1b98d2edf7be818e6b1d9a949254c44d6a1f931a5291ec358899349213e2,1,0,0.0,1,1,1.0,1,0,0,0,0,0.0,0,2025-12-07 10:31:28.715,2025-12-07 10:31:28.715,1.0,-1.0,0.0071,0.0,0,0.0,0.0,0
121d2848ff792be2bb57fff2bf5a58116f7cfd7f915f1205066c5b1daac5d6f0,2,0,0.0,1,1,2.0,2,0,0,0,1,0.0,0,2025-12-07 16:12:29.778,2025-12-07 16:12:32.919,1.0,-1.0,0.0142,0.0,0,0.0,0.5,0
5f8e473024c3329280914716d55b238c1b4e6925a11fa8ae737f579564a7458e,1,0,0.0,1,1,1.0,1,0,0,0,1,0.0,0,2025-12-07 11:35:56.555,2025-12-07 11:35:56.555,1.0,-1.0,0.0071,0.0,0,0.0,1.0,0
29dae7a8fbf38e98db0ea10cd16eeef49e4766865fd7162bbf22574df0f0a150,1,1,1.0,1,1,1.0,1,0,1,0,0,0.0,0,2025-12-07 17:34:27.774,2025-12-07 17:34:27.774,1.0,0.0,0.0071,0.0,0,0.0,0.0,0
2c9c01ff759629fd940cad1726166bf27e464f3c90e1cf646a2deb1dd4529505,7,1,0.1429,1,1,7.0,7,0,1,0,1,0.0,0,2025-12-07 05:48:00.658,2025-12-07 05:51:45.888,1.0,1.04,0.0496,0.0,0,0.0,0.1429,0
67e007bcf835c482c2b4f3bdb88f782278ce0f0eb669e65e605a83c5127c63cf,2,0,0.0,1,2,1.0,1,0,0,0,0,0.0,0,2025-12-07 09:38:08.679,2025-12-07 15:40:22.602,1.0,-1.0,0.0071,0.0,0,0.0,0.0,0
304c6cbff092225ec74209eb3065da8df4831c4046597d17bb93f5f479276903,2,0,0.0,1,1,2.0,1,0,0,0,0,0.0,0,2025-12-07 14:49:09.921,2025-12-07 14:49:17.473,1.0,-1.0,0.0071,0.0,0,0.0,0.0,0
e43988537bb0bd565cf235524bf640fe3e60c22856ea71c8a892532803171246,1,0,0.0,1,1,1.0,1,0,0,0,1,0.0,0,2025-12-07 16:04:22.735,2025-12-07 16:04:22.735,1.0,-1.0,0.0071,0.0,0,0.0,1.0,0
a2f3f5466d4185d70ec20d11de73f3267c6cdc2d87730ced0c7ee571d9e8b2da,12,0,0.0,2,5,2.4,6,0,0,0,1,0.0,0,2025-12-07 11:43:30.797,2025-12-08 16:26:17.567,1.2,-1.0,0.0426,0.0,0,0.0,0.0833,0
f19c8d67234779790cb75321176e2289ac3f70b3ecb973ff98c47471a2bfccb5,1,0,0.0,1,1,1.0,1,0,0,0,0,0.0,0,2025-12-07 21:59:19.098,2025-12-07 21:59:19.098,1.0,-1.0,0.0071,0.0,0,0.0,0.0,0
0ade471cd3c64543901a678aea97993e1de03d927759ec939eed2dfa1115f5dd,1,0,0.0,1,1,1.0,1,0,0,0,0,0.0,0,2025-12-07 15:46:35.651,2025-12-07 15:46:35.651,1.0,-1.0,0.0071,0.0,0,0.0,0.0,0
e06973cf0a6d7d850d537dc82fb09d22c9ca18d1f109c24619368e049e4caff4,2,0,0.0,1,1,2.0,1,0,0,0,0,0.0,0,2025-12-07 15:22:38.837,2025-12-07 15:25:58.288,1.0,-1.0,0.0071,0.0,0,0.0,0.0,0
232337ccde08f97c6b4def1fdb1c21d83f7ddecaf9814fcc4040d91f44ba856a,7,0,0.0,1,2,3.5,7,0,0,0,1,0.0,0,2025-12-07 08:13:23.816,2025-12-07 14:07:44.614,1.0,-1.0,0.0496,0.0,0,0.0,0.4286,0
627a5a9de09657bc449e6e70f5a7004d915e2c882e31748e2b5eb0845c0d1f2d,3,3,1.0,1,1,3.0,1,0,1,0,0,0.0,0,2025-12-07 12:04:10.938,2025-12-07 12:13:58.729,1.0,0.0,0.0071,0.0,0,0.0,0.0,0
c32022d9d56fe543c9d9075c10da1dae609ffd9e55b248300d05af3cf3d563b6,1,1,1.0,1,1,1.0,1,0,1,0,0,0.0,0,2025-12-07 11:12:28.105,2025-12-07 11:12:28.105,1.0,0.0,0.0071,0.0,0,0.0,0.0,0
37dd5b7441fb70688e9f53e63feb432d4c1fe7da5960fd3b8a5780cb9f5cadd2,1,0,0.0,1,1,1.0,1,0,0,0,0,0.0,0,2025-12-07 11:52:03.015,2025-12-07 11:52:03.015,1.0,-1.0,0.0071,0.0,0,0.0,0.0,0
b867018f421157c40e43ac96b93eddb8a8e699b1b82732dbcdd4ea88ab2e5837,5,0,0.0,1,1,5.0,4,0,0,0,1,0.0,0,2025-12-07 16:30:51.900,2025-12-07 16:31:17.196,1.0,-1.0,0.0284,0.0,0,0.0,0.2,0
e8bda63f1489c45af1b535a1206d7ebfa28b25e3b8deebf6d9f086e683e9155e,4,0,0.0,1,1,4.0,4,0,0,0,1,0.0,0,2025-12-07 16:19:41.566,2025-12-07 16:23:55.862,1.0,-1.0,0.0284,0.0,0,0.0,0.25,0
f0d29a5765d23bed877ef9532f8b6bfe82bb3f21bc9775b189d469cc9544c440,4,1,0.25,1,1,4.0,2,0,1,0,0,0.0,0,2025-12-07 15:28:20.860,2025-12-07 16:09:19.347,1.0,0.0,0.0142,0.0,0,0.0,0.0,0
182943f70769a87bc59c53ce81e92448e1614992c1a11c47f4950e91ca895b46,4,4,1.0,1,2,2.0,1,0,1,0,0,0.0,0,2025-12-07 02:30:34.319,2025-12-07 04:29:31.294,1.0,0.0,0.0071,0.0,0,0.0,0.0,0
47d6b647844bdb4912dd4482dc60935c0d728858c09359b533a18cc2c75d591c,1,0,0.0,1,1,1.0,1,0,0,0,1,0.0,0,2025-12-07 12:01:56.609,2025-12-07 12:01:56.609,1.0,-1.0,0.0071,0.0,0,0.0,1.0,0
e5679360dc5779c14f26b8f4d882beccc35ffb2ec48347a4e53e84f44e44d871,2,0,0.0,1,1,2.0,1,0,0,0,0,0.0,0,2025-12-07 12:05:30.150,2025-12-07 12:06:44.165,1.0,-1.0,0.0071,0.0,0,0.0,0.0,0
25b7bfd98d3b8fe0f7977ba300d96dfe6b18657b6b21273e6af6e31bcd735092,3,0,0.0,1,1,3.0,3,0,0,0,1,0.0,0,2025-12-07 03:16:27.507,2025-12-07 03:16:42.381,1.0,-1.0,0.0213,0.0,0,0.0,0.3333,0
69153f3a824e62ed80325bd8f5952bbaa2fba474a706a17f386aa7ba3535da99,1,1,1.0,1,1,1.0,1,0,1,0,0,0.0,0,2025-12-07 21:49:07.316,2025-12-07 21:49:07.316,1.0,0.0,0.0071,0.0,0,0.0,0.0,0
fd81652482c8dd03f56ce80d865d4a473af2d78b8d38ff920419123e844365fd,1,0,0.0,1,1,1.0,1,0,0,0,0,0.0,0,2025-12-07 12:40:13.094,2025-12-07 12:40:13.094,1.0,-1.0,0.0071,0.0,0,0.0,0.0,0
806f606b29d23e95820a623715f37a8762f839c4f18da2c7137cc6ecd2ce5432,1,0,0.0,1,1,1.0,1,0,0,0,0,0.0,0,2025-12-07 14:05:31.521,2025-12-07 14:05:31.521,1.0,-1.0,0.0071,0.0,0,0.0,0.0,0
b40dcce3306ca4dce3f83b3c72f4e2b1a453b00867e60adc6d7368835059ace2,3,0,0.0,2,2,1.5,1,0,0,0,0,0.0,0,2025-12-07 12:35:05.566,2025-12-08 13:23:23.079,1.03,-1.0,0.0071,0.0,0,0.0,0.0,0
b11ac411bcd67738f620d20b616e661159c8b0aa4db9844dd1e721a7e0baf2d5,2,0,0.0,2,2,1.0,1,0,0,0,0,0.0,0,2025-12-07 11:43:03.004,2025-12-08 15:41:10.042,1.17,-1.0,0.0071,0.0,0,0.0,0.0,0
69ca2400eb9cb38e344b6475527ce61048f3babd47e7d4d44dbb379599186cd9,2,0,0.0,1,1,2.0,1,0,0,0,0,0.0,0,2025-12-07 12:25:24.467,2025-12-07 12:25:38.627,1.0,-1.0,0.0071,0.0,0,0.0,0.0,0
71b958693d6ce678c4c2b189d58414a7b881a57258977666853b1468f1416a42,1,0,0.0,1,1,1.0,1,0,0,0,0,0.0,0,2025-12-07 23:01:54.716,2025-12-07 23:01:54.716,1.0,-1.0,0.0071,0.0,0,0.0,0.0,0
85eea860b8f8643a155729eebdc6f2c9b5c5e5214a2fc920806c00f0c65dc6db,1,0,0.0,1,1,1.0,1,0,0,0,0,0.0,0,2025-12-07 16:43:44.945,2025-12-07 16:43:44.945,1.0,-1.0,0.0071,0.0,0,0.0,0.0,0
26eea36f86d347635d78c097a0dda6f3c4b018f0a95849ceba654a2d4c17ebf0,1,0,0.0,1,1,1.0,1,0,0,0,0,0.0,0,2025-12-07 04:31:57.166,2025-12-07 04:31:57.166,1.0,-1.0,0.0071,0.0,0,0.0,0.0,0
1535d5e6671cc05cdafda1b091679d2e3687f5c8c13e785457e43ed2dd49e238,1,0,0.0,1,1,1.0,1,0,0,0,0,0.0,0,2025-12-07 16:46:55.430,2025-12-07 16:46:55.430,1.0,-1.0,0.0071,0.0,0,0.0,0.0,0
e5f62df47408a4dc431e0592add31f8d204df7b1ddf4fd56f98a9fb773f24f66,2,0,0.0,1,1,2.0,1,0,0,0,0,0.0,0,2025-12-07 05:57:50.067,2025-12-07 06:02:45.627,1.0,-1.0,0.0071,0.0,0,0.0,0.0,0
3679161f272ce8ec4a04b5fa5cbaf4de669d0e3b86d25132d2ced618b681745d,1,0,0.0,1,1,1.0,1,0,0,0,0,0.0,0,2025-12-07 16:28:18.502,2025-12-07 16:28:18.502,1.0,-1.0,0.0071,0.0,0,0.0,0.0,0
dcf0d56d09ab5d398d997d3df907805582d7854aff1ffe80ada6a4c77987610b,4,0,0.0,2,2,2.0,4,0,0,0,1,0.0,0,2025-12-07 18:29:14.770,2025-12-08 10:13:21.875,1.0,-1.0,0.0284,0.0,0,0.0,0.25,0
c3999b1eb7968feea8ef4cd316d9ae78b0f723fc1ee514e8baf90d9951ae6eb3,1,0,0.0,1,1,1.0,1,0,0,0,0,0.0,0,2025-12-07 04:05:24.413,2025-12-07 04:05:24.413,1.0,-1.0,0.0071,0.0,0,0.0,0.0,0
6318b4f77f8aa6e86a8a72f0d4c519f2a3f9ac5bdbcf58b1d26810414ccf1b1c,1,1,1.0,1,1,1.0,1,0,1,0,0,0.0,0,2025-12-07 21:49:02.859,2025-12-07 21:49:02.859,1.0,0.0,0.0071,0.0,0,0.0,0.0,0
d5edb8b63b379071dc1929d715f73e339223df25ebef2a458060f0276c3cd930,1,0,0.0,1,1,1.0,1,0,0,0,0,0.0,0,2025-12-07 16:24:17.477,2025-12-07 16:24:17.477,1.0,-1.0,0.0071,0.0,0,0.0,0.0,0
df9829e326e709cd8dade9c7aed5bb4bc535ef40d058c7c196d8cee51f81fac9,1,0,0.0,1,1,1.0,1,0,0,0,0,0.0,0,2025-12-07 11:19:24.145,2025-12-07 11:19:24.145,1.0,-1.0,0.0071,0.0,0,0.0,0.0,0
237f3508e1c82df841966688d4ec85afe009801f492a0fe9cfb7600460682ae3,1,0,0.0,1,1,1.0,1,0,0,0,0,0.0,0,2025-12-07 18:28:48.888,2025-12-07 18:28:48.888,1.0,-1.0,0.0071,0.0,0,0.0,0.0,0
12dffeef8062603f6cacab10f07807df48e1ccf80555fb6730efa60b21abc12e,1,0,0.0,1,1,1.0,1,0,0,0,0,0.0,0,2025-12-07 09:07:00.026,2025-12-07 09:07:00.026,1.0,-1.0,0.0071,0.0,0,0.0,0.0,0
3bb6dcfcc916e9ab9b2ac998a47808acd1ef29ba284defe9087b769096e05b07,1,0,0.0,1,1,1.0,1,0,0,0,0,0.0,0,2025-12-07 16:08:40.001,2025-12-07 16:08:40.001,1.0,-1.0,0.0071,0.0,0,0.0,0.0,0
87b7ea0ad78a056cd72b3c2d087fd4b8cda940bc08e4691de5182b2dc636e11b,1,1,1.0,1,1,1.0,1,0,1,0,0,0.0,0,2025-12-07 19:12:58.809,2025-12-07 19:12:58.809,1.0,0.0,0.0071,0.0,0,0.0,0.0,0
782ef127d7b539b869e4bf96a3b8fce0f683cb575dae0348245ca62b500de45f,1,0,0.0,1,1,1.0,1,0,0,0,0,0.0,0,2025-12-07 14:31:19.151,2025-12-07 14:31:19.151,1.0,-1.0,0.0071,0.0,0,0.0,0.0,0
5d80728cdb1705a597c3e355b019f716caf0507a48469fa62214c25c5f15bcac,1,0,0.0,1,1,1.0,1,0,0,0,0,0.0,0,2025-12-07 11:51:24.639,2025-12-07 11:51:24.639,1.0,-1.0,0.0071,0.0,0,0.0,0.0,0
fab3aaffaf80188ff616660d81db1ce4cb42f5725e6e08c29cbf48f5ab23637d,1,0,0.0,1,1,1.0,1,0,0,0,1,0.0,0,2025-12-07 15:09:11.062,2025-12-07 15:09:11.062,1.0,-1.0,0.0071,0.0,0,0.0,1.0,0
01cb50e6d1a726c4d29a13d5613cfdd933f34282989ca5904b9f8488598dbe5c,1,0,0.0,1,1,1.0,1,0,0,0,1,0.0,0,2025-12-07 19:39:54.492,2025-12-07 19:39:54.492,1.0,-1.0,0.0071,0.0,0,0.0,1.0,0
94f012dde676b0afdc6cd31e8a39e044ccfe079a61dc57009675df71f4dcdf5d,1,0,0.0,1,1,1.0,1,0,0,0,1,0.0,0,2025-12-07 11:13:22.732,2025-12-07 11:13:22.732,1.0,-1.0,0.0071,0.0,0,0.0,1.0,0
7b1439bc4163b12296d17544ecb930ee45188371108ecb91601fbc69a5cf5f5c,1,0,0.0,1,1,1.0,1,0,0,0,0,0.0,0,2025-12-07 12:07:40.816,2025-12-07 12:07:40.816,1.0,-1.0,0.0071,0.0,0,0.0,0.0,0
5b6e865156c29d81454ab2c5015d7a3662c2d3ae19582279bfb373fec04ceb8a,1,0,0.0,1,1,1.0,1,0,0,0,0,0.0,0,2025-12-07 19:32:02.625,2025-12-07 19:32:02.625,1.0,-1.0,0.0071,0.0,0,0.0,0.0,0
80b53a570e39b3bf49b6765983d9066d55a422047ff07e64a2c28ea086df2fa4,1,1,1.0,1,1,1.0,1,0,1,0,0,0.0,0,2025-12-07 00:43:26.003,2025-12-07 00:43:26.003,1.0,0.0,0.0071,0.0,0,0.0,0.0,0
ca1d6fcea652fabd269f4da2f6ace891dc50f22dd9dee1b0c90f2f5d9b933cb8,1,0,0.0,1,1,1.0,1,0,0,0,0,0.0,0,2025-12-07 04:40:43.487,2025-12-07 04:40:43.487,1.0,-1.0,0.0071,0.0,0,0.0,0.0,0
4d9c97b83cefa9af956cb5630daaaf6a853e26fb6c01e0a9f55950ddd4197a22,1,0,0.0,1,1,1.0,1,0,0,0,0,0.0,0,2025-12-07 07:36:16.745,2025-12-07 07:36:16.745,1.0,-1.0,0.0071,0.0,0,0.0,0.0,0
2d38d7e64fca5015a27b7ede0c30cef324666171bae42ee62f6b52e1dce252e0,1,0,0.0,1,1,1.0,1,0,0,0,0,0.0,0,2025-12-07 15:44:30.161,2025-12-07 15:44:30.161,1.0,-1.0,0.0071,0.0,0,0.0,0.0,0
2a6d92d433dab98ec9a4a4b025bbdee6624add6e9c3b9a396138dbe1099252c6,2,0,0.0,1,1,2.0,2,0,0,0,1,0.0,0,2025-12-07 15:46:13.888,2025-12-07 15:46:16.850,1.0,-1.0,0.0142,0.0,0,0.0,0.5,0
82db7b59066d576857d3eee61f5d7e01aac7531ea02c98fac30e7e61dc5e2f0c,1,1,1.0,1,1,1.0,1,0,1,0,0,0.0,0,2025-12-07 19:10:11.364,2025-12-07 19:10:11.364,1.0,0.0,0.0071,0.0,0,0.0,0.0,0
ee85d45c1951fa693f11e08463f08042a3c3198e192b1d560d3a91899d288e33,2,0,0.0,1,1,2.0,1,0,0,0,0,0.0,0,2025-12-07 17:44:53.062,2025-12-07 17:47:54.773,1.0,-1.0,0.0071,0.0,0,0.0,0.0,0
bcd760f78377b4eaa54a3a7b10e6794e84d71102695cd3d8db6f3aeebe673116,1,0,0.0,1,1,1.0,1,0,0,0,0,0.0,0,2025-12-07 02:57:45.317,2025-12-07 02:57:45.317,1.0,-1.0,0.0071,0.0,0,0.0,0.0,0
ece76a13cbdff313d252677c831bb3b1f2b9e7ccb92334a2bc8ebfb1513031d3,1,0,0.0,1,1,1.0,1,0,0,0,0,0.0,0,2025-12-07 16:44:34.249,2025-12-07 16:44:34.249,1.0,-1.0,0.0071,0.0,0,0.0,0.0,0
96296e277a31473f994502288197627ec5525e24bb6e6b5ee20c0dead8a9a84a,1,0,0.0,1,1,1.0,1,0,0,0,0,0.0,0,2025-12-07 15:22:39.724,2025-12-07 15:22:39.724,1.0,-1.0,0.0071,0.0,0,0.0,0.0,0
f1b4ad4d147aa73d4e206a489e26c24aeb2afe36e527e4c43d9f24ada3a6d7c1,1,0,0.0,1,1,1.0,1,0,0,0,0,0.0,0,2025-12-07 07:54:00.932,2025-12-07 07:54:00.932,1.0,-1.0,0.0071,0.0,0,0.0,0.0,0
86a2269470b3d77e032a2b198fa95d9c2905a9a185373b7d9101b9275fe1d1a1,1,0,0.0,1,1,1.0,1,0,0,0,0,0.0,0,2025-12-07 06:16:02.196,2025-12-07 06:16:02.196,1.0,-1.0,0.0071,0.0,0,0.0,0.0,0
6e4a00d2c2f4e858a4e3f4e1779357f1dd9ed46f62369a3bcf28855db225e22d,1,0,0.0,1,1,1.0,1,0,0,0,0,0.0,0,2025-12-07 04:45:47.323,2025-12-07 04:45:47.323,1.0,-1.0,0.0071,0.0,0,0.0,0.0,0
2046bca8468299833478b0a7078afeeae22d488374dc8dc14f030ef1d91f5dc9,1,0,0.0,1,1,1.0,1,0,0,0,1,0.0,0,2025-12-07 01:10:42.264,2025-12-07 01:10:42.264,1.0,-1.0,0.0071,0.0,0,0.0,1.0,0
ca4376a7a7405777dfddb23edb795687931274cacda3418b932068406950a0db,1,0,0.0,1,1,1.0,1,0,0,0,0,0.0,0,2025-12-07 02:38:16.334,2025-12-07 02:38:16.334,1.0,-1.0,0.0071,0.0,0,0.0,0.0,0
ed2272960434d9fdff679171598447d572367bd13cefeca12da73e0e4bcc540d,1,0,0.0,1,1,1.0,1,0,0,0,0,0.0,0,2025-12-07 09:40:05.262,2025-12-07 09:40:05.262,1.0,-1.0,0.0071,0.0,0,0.0,0.0,0
ac0447217450a6049f12e500b20af07ec9077823627d5397d2a5a30de5320c97,1,0,0.0,1,1,1.0,1,0,0,0,0,0.0,0,2025-12-07 16:30:47.832,2025-12-07 16:30:47.832,1.0,-1.0,0.0071,0.0,0,0.0,0.0,0
5cc7f3409acf3bceecc272373612dce09b60c05d8bef648eecde307ca2dc08e5,1,0,0.0,1,1,1.0,1,0,0,0,0,0.0,0,2025-12-07 01:35:32.268,2025-12-07 01:35:32.268,1.0,-1.0,0.0071,0.0,0,0.0,0.0,0
da4f08cdd4f01fb7552dd614550bdd5e3c3829bb98344b46a57ef8338949e50f,3,1,0.3333,1,1,3.0,2,0,1,0,0,0.0,0,2025-12-08 20:51:01.668,2025-12-08 20:54:13.806,1.0,0.0,0.0142,0.0,0,0.0,0.0,0
86fabac11c16f35c1ca1b23b48c1e25c7e84f9e35a531493e5384ee3275a0eff,12,0,0.0,1,2,6.0,7,0,0,0,1,0.0,0,2025-12-08 13:27:09.289,2025-12-08 17:36:31.906,1.0,-1.0,0.0496,0.0,0,0.0,0.0833,0
85b507fdd29a7218b89c45aa7e1e1a4fba1acd59f26d608039191ba5a6d62e1c,10,0,0.0,1,1,10.0,6,0,0,0,1,0.0,0,2025-12-08 18:10:12.545,2025-12-08 18:10:28.287,1.0,-1.0,0.0426,0.0,0,0.0,0.1,0
65f94854bcc03f9cf6ae00bafaec948a708d718fa5c07a0e95e53ee9f1d2a120,4,0,0.0,1,1,4.0,4,0,0,0,1,0.0,0,2025-12-08 18:23:55.857,2025-12-08 18:24:57.625,1.0,-1.0,0.0284,0.0,0,0.0,0.25,0
b6bd004377313d65ebe808e47dd52cba9f6747f3e821e8747e99ed2affa9a15c,483,141,0.2919,1,1,483.0,26,0,1,0,1,0.0,0,2025-12-08 04:52:37.961,2025-12-08 05:37:23.126,1.0,9.09,0.1844,0.0,1,0.03244106430851064,0.9627,0
25e3396888f5bb1f3815eb1353fbf50c3cabe9867a593e53925312a45f57a3f0,1,0,0.0,1,1,1.0,1,0,0,0,0,0.0,0,2025-12-08 15:21:58.462,2025-12-08 15:21:58.462,1.0,-1.0,0.0071,0.0,0,0.0,0.0,0
342a31fbb7b64779070a47391d2c52ba2c89fff1953e31ad7708c28160d2c52e,1,0,0.0,1,1,1.0,1,0,0,0,0,0.0,0,2025-12-08 07:12:51.926,2025-12-08 07:12:51.926,1.0,-1.0,0.0071,0.0,0,0.0,0.0,0
0116db2b074dbc80c73e2e1abf91b11678ed0184e8a8e24d97020e8216a81bde,1,0,0.0,1,1,1.0,1,0,0,0,1,0.0,0,2025-12-08 16:15:25.308,2025-12-08 16:15:25.308,1.0,-1.0,0.0071,0.0,0,0.0,1.0,0
fa6991efcb05ef0fbf478aaecda7e9e9e5dd87f23d6ccf3dd16bff0cac26cf40,2,0,0.0,1,1,2.0,2,0,0,0,1,0.0,0,2025-12-08 15:07:40.051,2025-12-08 16:43:08.765,1.0,-1.0,0.0142,0.0,0,0.0,0.5,0
b3d3689e30f4e4449ea49faae66e44d355ebfb25a8211c9c7dd59cb4c16c292c,12,0,0.0,1,3,4.0,5,0,0,0,1,0.0,0,2025-12-08 11:58:21.616,2025-12-08 12:54:08.429,1.0,-1.0,0.0355,0.0,0,0.0,0.0833,0
680e853b56af72ee2f3020db7517437b17867f529e3feaa1a35999812087e623,8,0,0.0,1,1,8.0,5,0,0,0,1,0.0,0,2025-12-08 03:36:45.240,2025-12-08 03:38:18.879,1.0,-1.0,0.0355,0.0,0,0.0,0.125,0
a803772dcfdb36d80cff8edec5f9003d95adb25d76aceda976e3600079afd055,145,51,0.3517,1,1,145.0,14,0,1,0,1,0.0,0,2025-12-08 08:34:34.894,2025-12-08 08:53:50.753,1.0,4.89,0.0993,0.0,1,0.022769662089552237,0.9586,0
7631d8f6c0b3f7391752a5895eda9fa78d9e3ff81e8cf96dbb42b71c0afe8d83,1,0,0.0,1,1,1.0,1,0,0,0,0,0.0,0,2025-12-08 12:19:18.889,2025-12-08 12:19:18.889,1.0,-1.0,0.0071,0.0,0,0.0,0.0,0
4f6ab9ab8c611c34cba8b00ee55aa04e33521dd25c6877a5cc67fa3ee0024f1c,4,0,0.0,1,1,4.0,4,0,0,0,1,0.0,0,2025-12-08 14:26:17.247,2025-12-08 14:26:18.977,1.0,-1.0,0.0284,0.0,0,0.0,0.75,0
b765787770dcff6213e1c0773026de3707fe97bb4eb06fa919e38521782a1f9d,9,0,0.0,1,1,9.0,5,0,0,0,1,0.0,0,2025-12-08 09:11:41.126,2025-12-08 09:13:25.704,1.0,-1.0,0.0355,0.0,0,0.0,0.1111,0
5efed6c1ac117c0642053bdea5092a04ae6129a8b1a524f91088245878a5ba19,8,1,0.125,1,2,4.0,5,0,1,0,1,0.0,0,2025-12-08 07:34:05.077,2025-12-08 16:40:32.492,1.0,529.68,0.0355,0.0,0,0.00545,0.375,0
3cb199d0d47b3fc80032b732f3082879d46d44df52de29fae7a281fdc83beb4b,5,0,0.0,1,2,2.5,5,0,0,0,1,0.0,0,2025-12-08 12:49:34.155,2025-12-08 16:00:07.354,1.0,-1.0,0.0355,0.0,0,0.0,0.2,0
88fa7e044d7f067cac5e217b1e06a2bdf6cde06d903bad646e6a48f03e1381fe,1,1,1.0,1,1,1.0,1,0,1,0,0,0.0,0,2025-12-08 15:27:32.279,2025-12-08 15:27:32.279,1.0,0.0,0.0071,0.0,0,0.0,0.0,0
2cab3fc9c7bcb000862868dfc88f48c1df6907d88df5559ed25f305ace042b1b,9,0,0.0,1,1,9.0,2,0,0,0,1,0.0,0,2025-12-08 18:25:36.843,2025-12-08 18:53:22.632,1.0,-1.0,0.0142,0.0,0,0.000108355,1.0,0
a902b8e32a6ab9e5add6c5c9e45b3d76601de2099de154027ab3e1446abe80c1,8,0,0.0,1,1,8.0,4,0,0,0,1,0.0,0,2025-12-08 20:09:36.502,2025-12-08 20:09:56.737,1.0,-1.0,0.0284,0.0,0,0.0,0.125,0
1c8e7c1ab52d660b887be5c5cad0e47e3c284981b8e7130fe45dcbf8d402500c,9,0,0.0,1,1,9.0,6,0,0,0,1,0.0,0,2025-12-08 17:35:27.811,2025-12-08 17:37:44.978,1.0,-1.0,0.0426,0.0,0,0.0,0.1111,0
3207fcb612c6769bbee1394a76a7d3924aa3ced4a393129c69bfe1569d467660,6,0,0.0,1,1,6.0,5,0,0,0,1,0.0,0,2025-12-08 17:55:46.676,2025-12-08 18:03:45.843,1.0,-1.0,0.0355,0.0,0,0.0,0.1667,0
db9a6863096595cba9cf057cc69b57cc9b091155ec8cb72bb8daccc03894c59d,9,0,0.0,1,2,4.5,5,0,0,0,1,0.0,0,2025-12-08 17:48:27.911,2025-12-08 18:00:29.539,1.0,-1.0,0.0355,0.0,0,0.0,0.1111,0
9d7beb35fbbf65d62ff39f3837a34a5f2b359b9a02ef479c488793670d01768c,4,0,0.0,1,1,4.0,4,0,0,0,1,0.0,0,2025-12-08 23:38:24.697,2025-12-08 23:38:26.300,1.0,-1.0,0.0284,0.0,0,0.0,0.75,0
8bad9b4e7544402c29f3fc3f2098f84ee07df584c6403ae90492447befe0561f,7,0,0.0,1,1,7.0,4,0,0,0,1,0.0,0,2025-12-08 14:37:51.354,2025-12-08 14:38:00.532,1.0,-1.0,0.0284,0.0,0,0.0,0.1429,0
ff98ae4cd4878f9224bb9f3bf569d52cdf29fe5600ea8daeabcf3f3f3143fe49,9,0,0.0,1,1,9.0,5,0,0,0,1,0.0,0,2025-12-08 15:26:23.856,2025-12-08 15:28:50.426,1.0,-1.0,0.0355,0.0,0,0.0,0.1111,0
6dcd796acbe4acb25cae70af49ea712e4dc891a3f2a9d69741cb1a5164244d2a,7,2,0.2857,1,1,7.0,6,0,1,0,1,0.0,0,2025-12-08 03:54:23.311,2025-12-08 03:56:24.992,1.0,1.71,0.0426,0.0,0,0.0,0.1429,0
d9575c40827f9c875be84ca137f3dfde797438b4a051cf589abdf8a03087349b,1,0,0.0,1,1,1.0,1,0,0,0,0,0.0,0,2025-12-08 13:49:42.642,2025-12-08 13:49:42.642,1.0,-1.0,0.0071,0.0,0,0.0,0.0,0
693e93994e696b53d3450b081747c1e3f7bb673df43c88f5c4c90030f8be5ebc,3,0,0.0,1,1,3.0,2,0,0,0,1,0.0,0,2025-12-08 12:14:21.327,2025-12-08 13:33:29.498,1.0,-1.0,0.0142,0.0,0,0.0,0.3333,0
420446256d2bd0c1bafed107224fafb3f6bc4ad18d56dce588c084eb213d0df1,4,0,0.0,1,1,4.0,3,0,0,0,1,0.0,0,2025-12-08 11:52:10.916,2025-12-08 11:58:36.968,1.0,-1.0,0.0213,0.0,0,0.0,0.25,0
0d2a6e7d1ac333e529665c7027b4e93942d96d3899a6229c85385f930aeb0b47,8,0,0.0,1,2,4.0,5,0,0,0,1,0.0,0,2025-12-08 04:46:42.508,2025-12-08 08:51:04.801,1.0,-1.0,0.0355,0.0,0,0.0,0.125,0
99154df882a6302cb1d8bc0a05433e25d59f249dd41b392545fc237caab4630e,2,1,0.5,1,1,2.0,2,0,1,0,0,0.0,0,2025-12-08 02:39:37.511,2025-12-08 02:41:39.733,1.0,2.04,0.0142,0.0,0,0.0,0.0,0
160d4d54a0930feb7f6d4f18ef1a63666963d20731a98d342de28e8a03437e5b,52,2,0.0385,1,1,52.0,6,0,1,0,1,0.0,1,2025-12-08 04:31:24.841,2025-12-08 04:42:53.761,1.0,9.6,0.0426,0.0,0,0.00046437857142857144,0.6731,0
139ef16d30062677c159d503b9a1ba41583f435624ccb2722452cb280c9a449b,2,0,0.0,1,2,1.0,1,0,0,0,0,0.0,0,2025-12-08 07:06:32.510,2025-12-08 07:49:53.802,1.0,-1.0,0.0071,0.0,0,0.0,0.0,0
4b6bed773ff4533fa8eb343a34b5476d99c342946af1d745b835eeaae056482e,9,0,0.0,1,1,9.0,5,0,0,0,1,0.0,0,2025-12-08 07:18:08.749,2025-12-08 07:18:45.013,1.0,-1.0,0.0355,0.0,0,0.0,0.1111,0
b689362d26e9407be62a82b287ecb765b009a1640ff566bcd8344a702654a63d,8,0,0.0,1,1,8.0,4,0,0,0,1,0.0,0,2025-12-08 11:53:25.509,2025-12-08 11:54:19.285,1.0,-1.0,0.0284,0.0,0,0.0,0.125,0
bd47457b7e79cac7a92baf9c3e0b21d88eb3cc629922a0eaf81054e09a6fb7d7,3,0,0.0,1,1,3.0,1,0,0,0,0,0.0,0,2025-12-08 17:00:34.742,2025-12-08 17:10:16.560,1.0,-1.0,0.0071,0.0,0,0.0,0.0,0
606aa97482263dc0fbcca73ba10fdeb7c44b1868742884c5e1763665420b9628,8,0,0.0,1,2,4.0,8,0,0,0,1,0.0,0,2025-12-08 14:22:29.526,2025-12-08 17:58:19.697,1.0,-1.0,0.0567,0.0,0,0.0,0.375,0
278298980101e0bcf77ca6a6156edf28d2243b68fb5b604035401c2700310f2b,11,0,0.0,1,1,11.0,7,0,0,0,1,0.0,0,2025-12-08 17:48:27.038,2025-12-08 23:38:24.757,1.0,-1.0,0.0496,0.0,0,0.0,0.1818,0
16a283c051c24339ac75f2933bbc358a236c8e3ca0dca62214f8e1791ca19256,5,0,0.0,1,1,5.0,4,0,0,0,1,0.0,0,2025-12-08 15:27:20.325,2025-12-08 15:28:09.411,1.0,-1.0,0.0284,0.0,0,0.0,0.2,0
b77d1b478ad66d949e064b5848dfe745f6da37ce054c8b67c12b0fe4d61cdbf7,3,0,0.0,1,1,3.0,3,0,0,0,1,0.0,0,2025-12-08 12:55:34.271,2025-12-08 12:56:18.380,1.0,-1.0,0.0213,0.0,0,0.0,0.3333,0
c3a298e3590f7ac914964ae7697d3006e5849e15ab31a5253c1432255df1a957,99,34,0.3434,1,1,99.0,15,0,1,0,1,0.0,0,2025-12-08 16:44:01.754,2025-12-08 16:55:50.713,1.0,2.64,0.1064,0.0,1,0.019157740925925926,0.9192,0
dd6120149525646a5cc993aeacb5e6d8266777eb44926a0c44316f59f667ab42,13,0,0.0,1,2,6.5,6,0,0,0,1,0.0,0,2025-12-08 09:39:26.040,2025-12-08 11:43:28.917,1.0,-1.0,0.0426,0.0,0,0.0,0.0769,0
7cd0ff8e73be6772e4799dc339b21a5509b902a2cfdbd6d830bde738c60d6161,2,0,0.0,1,1,2.0,2,0,0,0,1,0.0,0,2025-12-08 19:37:16.782,2025-12-08 19:37:18.538,1.0,-1.0,0.0142,0.0,0,0.0,0.5,0
acf1ad46e63e1d0b4f0fde7491f3b89bb31d66f987efe11baca511883d913019,3,0,0.0,1,2,1.5,3,0,0,0,1,0.0,0,2025-12-08 12:50:02.379,2025-12-08 14:20:48.016,1.0,-1.0,0.0213,0.0,0,0.0,0.3333,0
9a5485d2497f3384cfbc6509e749335194ac713aa8cdbd1f267603f9cb3adb29,17,5,0.2941,1,1,17.0,8,0,1,0,1,0.0,0,2025-12-08 13:52:25.828,2025-12-08 14:02:15.675,1.0,5.2,0.0567,0.0,0,0.013900000000000001,0.5294,0
82b487604c767c6284a649525a6976b4a5e421dfc17bf1a9339fdafc01ef92b2,6,0,0.0,1,1,6.0,5,0,0,0,1,0.0,0,2025-12-08 12:06:20.026,2025-12-08 12:17:08.419,1.0,-1.0,0.0355,0.0,0,0.0,0.1667,0
3fc959650b6ab9b6679d0ae4f1b4b8522a4e2bc955a67441e38e457f93d5ecca,11,2,0.1818,1,1,11.0,6,0,1,0,1,0.0,0,2025-12-08 16:04:10.889,2025-12-08 16:24:28.400,1.0,19.14,0.0426,0.0,0,0.0,0.0909,0
b53b3260092fdc2d7e4ef9161515a004f12e57052829d485e73658752b0840c0,8,0,0.0,1,1,8.0,4,0,0,0,1,0.0,0,2025-12-08 15:29:53.791,2025-12-08 15:31:02.190,1.0,-1.0,0.0284,0.0,0,0.0,0.125,0
fa865984db14879a3d28f5f1b5f014a2d0dc51af792a3b87f95bf7c32ca9b965,4,0,0.0,1,1,4.0,4,0,0,0,1,0.0,0,2025-12-08 07:07:34.342,2025-12-08 07:49:55.697,1.0,-1.0,0.0284,0.0,0,0.0,0.25,0
460ae241b4895203368ef09010e4f9f48754d68df6d90a8fdfa2a689d0211c2c,5,0,0.0,1,1,5.0,5,0,0,0,1,0.0,0,2025-12-08 07:27:04.064,2025-12-08 07:30:10.401,1.0,-1.0,0.0355,0.0,0,0.0,0.2,0
ffe677a5ed4ece3c7c775a981e9cc437d08edc09511cb0e6fe44755e945610c9,1,1,1.0,1,1,1.0,1,0,1,0,0,0.0,0,2025-12-08 20:02:54.690,2025-12-08 20:02:54.690,1.0,0.0,0.0071,0.0,0,0.0,0.0,0
fe7dcb3db9e1c470f3cdb58c36a7af8df17192185ccb9606fbd856b6de571d4a,1,1,1.0,1,1,1.0,1,0,1,0,0,0.0,0,2025-12-08 20:29:21.558,2025-12-08 20:29:21.558,1.0,0.0,0.0071,0.0,0,0.0,0.0,0
6a36e06e6795b62f1449f13d7bda208329ef14d75734166b40590b6962f6ef59,2,1,0.5,1,1,2.0,2,0,1,0,0,0.0,0,2025-12-08 16:33:17.701,2025-12-08 16:54:34.022,1.0,0.0,0.0142,0.0,0,0.0,0.0,0
af4c08c65cd7e2e43f1fa5b962c9838e604a5eea45e1d5729bd94f1c82c04544,8,4,0.5,1,1,8.0,3,0,1,0,1,0.0,0,2025-12-08 13:25:48.954,2025-12-08 15:36:44.722,1.0,130.91,0.0213,0.0,0,0.013433333333333334,1.0,0
2b8f7d30f594fd8829f19da49ca5940ec98cf9c133fd4c872ff2a461d8d9e505,4,0,0.0,1,2,2.0,1,0,0,0,0,0.0,0,2025-12-08 11:41:29.488,2025-12-08 12:25:22.021,1.0,-1.0,0.0071,0.0,0,0.0,0.0,0
cfaf26ae144de5a7ee56d7735ad2a8f4a0ff81d1e07f9bbdebc1641a99175d3f,1,0,0.0,1,1,1.0,1,0,0,0,0,0.0,0,2025-12-08 15:49:55.988,2025-12-08 15:49:55.988,1.0,-1.0,0.0071,0.0,0,0.0,0.0,0
c5d63386d7663044b223f906f1be1c644b2452d660fb6c932f5154fcec2c1a09,8,0,0.0,1,1,8.0,5,0,0,0,1,0.0,0,2025-12-08 12:45:00.102,2025-12-08 13:00:10.806,1.0,-1.0,0.0355,0.0,0,0.0,0.125,0
0bd08040421663685301d385d9b6301a20217c61527f7efdbc010ee6b6ba7867,16,1,0.0625,1,2,8.0,9,0,1,0,1,0.0,0,2025-12-08 16:33:53.061,2025-12-08 17:46:42.769,1.0,7.19,0.0638,0.0,0,0.0055,0.1875,0
4a39b4f371bf8aee24f19aaeade3453343f5be612972183366a1b1b3d09b63fb,717,126,0.1757,1,1,717.0,22,0,1,0,1,0.0,0,2025-12-08 04:02:18.879,2025-12-08 05:43:02.102,1.0,1.15,0.156,0.0,1,0.01581674864779874,0.9749,0
b994f03e78f442685877a55997f6093a79b7667427e2caec114c4ea48883e99e,10,4,0.4,1,1,10.0,4,0,1,0,1,0.0,1,2025-12-08 02:13:54.014,2025-12-08 02:14:21.873,1.0,0.44,0.0284,0.0,0,0.012366666666666666,0.8,0
a9ad7a4d107d2e0f563ce4aa50411da96d545898fbe491207e34bf0fed28f295,14,3,0.2143,1,1,14.0,9,0,1,0,1,0.0,0,2025-12-08 07:13:26.069,2025-12-08 07:17:48.414,1.0,2.28,0.0638,0.0,0,0.005849999999999999,0.2143,0
0644c2b3f22aa863f8161a128aa6706f886c4ece3c1709d554e614b757417d39,8,0,0.0,1,2,4.0,7,0,0,0,1,0.0,0,2025-12-08 05:30:39.277,2025-12-08 18:03:42.158,1.0,-1.0,0.0496,0.0,0,0.0,0.125,0
8f11eb3e1802ac98af63ec3791cba621f5e12478f8e07db465ac56280a65b267,7,0,0.0,1,1,7.0,1,0,0,0,0,0.0,0,2025-12-08 11:55:11.256,2025-12-08 12:00:17.984,1.0,-1.0,0.0071,0.0,0,0.0,0.0,0
56fee27fb95ebb261b5bd1e3c332a730aea754452796242d6c654942c346896b,13,0,0.0,1,1,13.0,7,0,0,0,1,0.0,0,2025-12-08 14:20:27.021,2025-12-08 14:25:50.096,1.0,-1.0,0.0496,0.0,0,0.0,0.2308,0
fb2db58753acabd7d22b0b3ab088e12bbeda59a5fac0927bc5f659540b46d2dd,12,4,0.3333,1,2,6.0,6,0,1,0,1,0.0,1,2025-12-08 06:41:28.405,2025-12-08 12:13:42.434,1.0,1.55,0.0426,0.0,0,0.013666666666666667,0.6667,0
7f237d783d506a69e10b6866b8d99909c23130fc14ef4d4d0e93819578e6d723,9,0,0.0,1,2,4.5,5,0,0,0,1,0.0,0,2025-12-08 10:02:32.325,2025-12-08 10:55:18.934,1.0,-1.0,0.0355,0.0,0,0.0,0.1111,0
fbc4464dbe79e7904e66afa141fa11da243a4f14510fcec682b96422dfe98c8b,8,0,0.0,1,1,8.0,4,0,0,0,1,0.0,0,2025-12-08 11:50:27.543,2025-12-08 11:50:33.985,1.0,-1.0,0.0284,0.0,0,0.0,0.125,0
91713acda791b430b58d2b90c3f91697ee7034ec98e3e0d077f13662fcef36d1,9,0,0.0,1,1,9.0,5,0,0,0,1,0.0,0,2025-12-08 09:11:41.115,2025-12-08 09:13:02.736,1.0,-1.0,0.0355,0.0,0,0.0,0.1111,0
44c736af913e7352f2cde387a629f7e4d0bc382946440de125c9c4bc61eec66e,12,0,0.0,1,2,6.0,7,0,0,0,1,0.0,0,2025-12-08 13:19:42.183,2025-12-08 17:54:30.966,1.0,-1.0,0.0496,0.0,0,0.0,0.0833,0
c31c72aeea6b5a4f1bf841cd78c7494d8a6af2596543be5de76c11a24ad72648,9,0,0.0,1,1,9.0,5,0,0,0,1,0.0,0,2025-12-08 13:51:42.643,2025-12-08 13:54:40.391,1.0,-1.0,0.0355,0.0,0,0.0,0.1111,0
452d9cc6134c5b62be3d55c84afafbafdddc8f2ef1d15b71624b1b070845558e,8,0,0.0,1,1,8.0,4,0,0,0,1,0.0,0,2025-12-08 09:13:09.651,2025-12-08 09:13:28.221,1.0,-1.0,0.0284,0.0,0,0.0,0.125,0
0d29b9111cb5cc7f5155ea6298e271d460df0950969f337b87e841a41b4f63a2,8,0,0.0,1,1,8.0,5,0,0,0,1,0.0,0,2025-12-08 05:02:26.585,2025-12-08 05:04:26.424,1.0,-1.0,0.0355,0.0,0,0.0,0.125,0
1dbde7856f3648474034ed5d32cfbda4350be5d86a8b84df0d10e875bfb3d103,9,0,0.0,1,2,4.5,5,0,0,0,1,0.0,0,2025-12-08 09:11:49.057,2025-12-08 09:55:21.841,1.0,-1.0,0.0355,0.0,0,0.0,0.1111,0
17bf772d3a4fb85c86616ee4a9414149745d293abe224f8d5fafcff99f4634f6,26,7,0.2692,1,4,6.5,10,0,1,0,1,0.0,0,2025-12-08 13:20:56.852,2025-12-08 19:08:05.112,1.0,2.06,0.0709,0.0,0,0.014799999999999999,0.3846,0
01e70579e39b5cd325e20cd58d67ed51bae30d74184bd3a4372bed702c0adba6,9,0,0.0,1,1,9.0,7,0,0,0,1,0.0,0,2025-12-08 13:40:16.856,2025-12-08 13:48:29.216,1.0,-1.0,0.0496,0.0,0,0.0,0.1111,0
b602945f0fb1d34e4d60fde9bb896c197f0c69df2524ac123562a3d380d7b338,8,0,0.0,1,1,8.0,5,0,0,0,1,0.0,0,2025-12-08 14:24:39.797,2025-12-08 14:34:06.334,1.0,-1.0,0.0355,0.0,0,0.0,0.125,0
d645242ec4b286537d2e41a6417c6971d1130cbd3e23beca266ce0530bdf3798,5,0,0.0,1,1,5.0,3,0,0,0,1,0.0,0,2025-12-08 11:44:52.562,2025-12-08 12:25:29.026,1.0,-1.0,0.0213,0.0,0,0.0,0.2,0
e19f96a46d3e11a68c1c27b93e59a3bb18e0163837250c809d7873b0edcbd5a8,10,1,0.1,1,1,10.0,6,0,1,0,1,0.0,0,2025-12-08 16:56:32.467,2025-12-08 16:57:22.676,1.0,0.69,0.0426,0.0,0,0.0055,0.3,0
32ee35168717dacd14fea12348a2f56441bd064edd01b83ce35e3e62098ad3d9,4,0,0.0,1,1,4.0,1,0,0,0,0,0.0,0,2025-12-08 20:24:32.160,2025-12-08 20:25:22.622,1.0,-1.0,0.0071,0.0,0,0.0,0.0,0
fab24377fa6d987728e2b102f6e6514a651232320cb1448b89dc9643c1f355da,10,1,0.1,1,1,10.0,6,0,1,0,1,0.0,0,2025-12-08 17:09:55.051,2025-12-08 17:11:32.764,1.0,1.48,0.0426,0.0,0,0.0055,0.3,0
6043eea7566b3eaef254ffe9649599c998df6634f2e4b9ec6a39824bc609600d,8,0,0.0,1,1,8.0,4,0,0,0,1,0.0,0,2025-12-08 16:49:05.217,2025-12-08 16:49:27.172,1.0,-1.0,0.0284,0.0,0,0.0,0.125,0
11c84b4d27220745e552b205a643e2954def8f4fdbd6b5e60b1aca46e7843670,8,0,0.0,1,1,8.0,4,0,0,0,1,0.0,0,2025-12-08 13:27:28.181,2025-12-08 13:27:37.106,1.0,-1.0,0.0284,0.0,0,0.0,0.125,0
78d6a2129e1b4efe14bf68df9600bf07cd71fcc08df06af8ab2e8e274f563a2d,1,1,1.0,1,1,1.0,1,0,1,0,0,0.0,0,2025-12-08 06:08:50.918,2025-12-08 06:08:50.918,1.0,0.0,0.0071,0.0,0,0.0,0.0,0
a125a8c2c913c1aa95d09601ee7deaa653fd3e58310e9982d48dc328b045de92,15,3,0.2,1,1,15.0,8,0,1,0,1,0.0,0,2025-12-08 14:34:09.825,2025-12-08 14:57:55.184,1.0,1.46,0.0567,0.0,0,0.0061666666666666675,0.4667,0
1f254da8a3161e1819f50332c0d07d76095cf8a3a6c0771ab8ab7045026c9fac,8,0,0.0,1,1,8.0,4,0,0,0,1,0.0,0,2025-12-08 12:52:55.974,2025-12-08 12:53:02.907,1.0,-1.0,0.0284,0.0,0,0.0,0.125,0
87907ab6ccd78e59287289aa41185f306466111c693e238a449b9990dcac6836,1,0,0.0,1,1,1.0,1,0,0,0,0,0.0,0,2025-12-08 18:17:02.660,2025-12-08 18:17:02.660,1.0,-1.0,0.0071,0.0,0,0.0,0.0,0
b3c0978ea859919f987b3942f949820c5162bfce2de4e7adc95d69735dd70366,3,0,0.0,1,2,1.5,2,0,0,0,0,0.0,0,2025-12-08 13:18:39.831,2025-12-08 17:53:59.402,1.0,-1.0,0.0142,0.0,0,0.0,0.0,0
084386ba7b8911d9ce0124fe0c41c7d8f2785517ba5b72b2d528c6ce2f61802f,4,0,0.0,1,1,4.0,4,0,0,0,1,0.0,0,2025-12-08 18:17:38.325,2025-12-08 18:18:06.065,1.0,-1.0,0.0284,0.0,0,0.0,0.25,0
dec2aa09b07563a8d651751854f84708f151e6e3ef8c1575e29ad2561e5d4c2f,1,0,0.0,1,1,1.0,1,0,0,0,0,0.0,0,2025-12-08 19:36:51.197,2025-12-08 19:36:51.197,1.0,-1.0,0.0071,0.0,0,0.0,0.0,0
cb05cab3489d09249c8745a00c84ec1aafb9cc536e93dbe70ffc29b1d3fe1e8a,8,0,0.0,1,1,8.0,4,0,0,0,1,0.0,0,2025-12-08 13:32:26.205,2025-12-08 13:32:44.002,1.0,-1.0,0.0284,0.0,0,0.0,0.125,0
50cf7a58347d7c6479a1fe82ad5f37f3dc14432d74af9f645f19d4f3b8ee967e,4,0,0.0,1,1,4.0,4,0,0,0,1,0.0,0,2025-12-08 05:36:38.009,2025-12-08 05:37:06.386,1.0,-1.0,0.0284,0.0,0,0.0,0.25,0
98ae5c8a830b1575df51cddd0fc2d92c2ebbbd33900863bb7a8b993bb5aa242e,8,0,0.0,1,1,8.0,4,0,0,0,1,0.0,0,2025-12-08 12:24:01.594,2025-12-08 12:24:14.404,1.0,-1.0,0.0284,0.0,0,0.0,0.125,0
c461e8c0afe8638be60eaee26f70f4e47df9745fec88a61bfbfaca77a229a5bb,1,0,0.0,1,1,1.0,1,0,0,0,0,0.0,0,2025-12-08 17:19:27.002,2025-12-08 17:19:27.002,1.0,-1.0,0.0071,0.0,0,0.0,0.0,0
24a2d8669cf793abc38fc3c30d979295068936b53ef6e9d425afba5dedac3924,6,0,0.0,1,1,6.0,4,0,0,0,1,0.0,0,2025-12-08 15:51:03.683,2025-12-08 15:51:24.529,1.0,-1.0,0.0284,0.0,0,0.0,0.1667,0
c2e134b4707b7c244a319ff12984d297fb8248daecf427951fcb21583fbc47d3,8,0,0.0,1,1,8.0,4,0,0,0,1,0.0,0,2025-12-08 16:08:51.279,2025-12-08 16:09:08.642,1.0,-1.0,0.0284,0.0,0,0.0,0.125,0
f3447cade259b570a7efed8e26903f86680fdff0c3b19c38f5d3a059ca850fdd,3,0,0.0,1,1,3.0,1,0,0,0,0,0.0,0,2025-12-08 15:11:50.513,2025-12-08 15:32:55.766,1.0,-1.0,0.0071,0.0,0,0.0,0.0,0
90208810cd27e4744079d58d38daabfc46ec7ec801237f4e62b4819e5d694d8c,1,0,0.0,1,1,1.0,1,0,0,0,0,0.0,0,2025-12-08 13:38:28.044,2025-12-08 13:38:28.044,1.0,-1.0,0.0071,0.0,0,0.0,0.0,0
06de523b49ffe8408131aafa048005d9b2dc991d4d61b1a691a6646675fc89c6,2,0,0.0,1,1,2.0,1,0,0,0,0,0.0,0,2025-12-08 09:11:23.995,2025-12-08 09:11:31.624,1.0,-1.0,0.0071,0.0,0,0.0,0.0,0
87b1a753ab0c6943a83ade5e54fdd12be7aefa2dd163cf8d68b330416a7d675b,1,0,0.0,1,1,1.0,1,0,0,0,1,0.0,0,2025-12-08 06:48:08.882,2025-12-08 06:48:08.882,1.0,-1.0,0.0071,0.0,0,0.0,1.0,0
74948a8cf3b2ece9ad88ee6f1ddc629021a4a44607ab4386b0e3ad963a707c2f,1,0,0.0,1,1,1.0,1,0,0,0,1,0.0,0,2025-12-08 18:19:39.350,2025-12-08 18:19:39.350,1.0,-1.0,0.0071,0.0,0,0.0,1.0,0
dd48f59639f3cf74ab2c3e067823d4d47358fb45af61013aabbec934dd6c6311,4,0,0.0,1,1,4.0,4,0,0,0,1,0.0,0,2025-12-08 17:20:58.969,2025-12-08 17:22:40.022,1.0,-1.0,0.0284,0.0,0,0.0,0.25,0
6a73080370f3ad0876402bee0ccb8c40ddbfe727a935948a1cdc3bb83e9fd2db,8,0,0.0,1,2,4.0,5,0,0,0,1,0.0,0,2025-12-08 07:21:34.121,2025-12-08 08:29:22.049,1.0,-1.0,0.0355,0.0,0,0.0,0.125,0
1e079f7aefe1732c046c96d25143d603f1b38deb0c249b02be9a50c917fee62e,7,0,0.0,1,1,7.0,5,0,0,0,1,0.0,0,2025-12-08 04:57:35.172,2025-12-08 05:00:44.235,1.0,-1.0,0.0355,0.0,0,0.0,0.1429,0
7478cd376739862bb48eaf836cbaff6ed6c63370727bd548fea59efcf4e315fb,5,0,0.0,1,1,5.0,3,0,0,0,1,0.0,0,2025-12-08 12:16:47.909,2025-12-08 12:17:41.719,1.0,-1.0,0.0213,0.0,0,0.0,0.2,0
909602f359174990b8112f674d1ceb0b55e2e83802c8a8c2186dffcaaa2dcc22,1,1,1.0,1,1,1.0,1,0,1,0,0,0.0,0,2025-12-08 17:34:42.127,2025-12-08 17:34:42.127,1.0,0.0,0.0071,0.0,0,0.0,0.0,0
781c90d36a37fe6b7d6fe578664a6f189eb38107f787f7a73be81cb080881425,3,3,1.0,1,2,1.5,1,0,1,0,0,0.0,0,2025-12-08 17:01:53.178,2025-12-08 17:45:42.422,1.0,0.0,0.0071,0.0,0,0.0,0.0,0
fba43276c05aa8d8ababdcee1c0bb2920082c930b246db204898841ed9e8d467,1,0,0.0,1,1,1.0,1,0,0,0,0,0.0,0,2025-12-08 16:43:38.545,2025-12-08 16:43:38.545,1.0,-1.0,0.0071,0.0,0,0.0,0.0,0
6425c28c0ccec0aa3c83b51c106ca87a4e509153e1436c351605c6906509ec0b,1,0,0.0,1,1,1.0,1,0,0,0,0,0.0,0,2025-12-08 09:10:57.406,2025-12-08 09:10:57.406,1.0,-1.0,0.0071,0.0,0,0.0,0.0,0
153936a68a5c55b866ce959786636dd148a0eba54ad888c9d6ddb0c2ec724975,4,0,0.0,1,1,4.0,1,0,0,0,0,0.0,0,2025-12-08 12:15:53.776,2025-12-08 12:17:39.586,1.0,-1.0,0.0071,0.0,0,0.0,0.0,0
d92b57463ec2cea0aaa4714b6444e586f012e3952a9c5ff58d3a05359d04e58f,1,0,0.0,1,1,1.0,1,0,0,0,0,0.0,0,2025-12-08 09:11:19.488,2025-12-08 09:11:19.488,1.0,-1.0,0.0071,0.0,0,0.0,0.0,0
4331142d62ee43c6069d86670a4c59736caa2cc2431a961575a2537f3295cd56,1,0,0.0,1,1,1.0,1,0,0,0,1,0.0,0,2025-12-08 08:45:27.986,2025-12-08 08:45:27.986,1.0,-1.0,0.0071,0.0,0,0.0,1.0,0
7e964a1b77ef66077daaa25ebc5dd0e44fb8888e2ba7d87d6c0fa0bea2733b0a,5,0,0.0,1,1,5.0,5,0,0,0,1,0.0,0,2025-12-08 09:56:58.551,2025-12-08 10:09:11.454,1.0,-1.0,0.0355,0.0,0,0.0,0.2,0
018d13ce6baaa73b48f926ab81d1277f53c40bb64ccee578d0fb1128e109ddec,10,0,0.0,1,1,10.0,5,0,0,0,1,0.0,0,2025-12-08 07:27:14.235,2025-12-08 07:55:13.945,1.0,-1.0,0.0355,0.0,0,0.0,0.1,0
abe633f8e1605b42b9e49599fa23a303b8984f923af108e22ca3438056f30f2c,7,0,0.0,1,1,7.0,4,0,0,0,1,0.0,0,2025-12-08 16:46:33.570,2025-12-08 16:46:40.671,1.0,-1.0,0.0284,0.0,0,0.0,0.1429,0
ed4e471a52736cc7b8a998879c6347100d449f7214374c29490cdd3e7cffb455,9,0,0.0,1,1,9.0,5,0,0,0,1,0.0,0,2025-12-08 12:30:40.184,2025-12-08 12:33:32.978,1.0,-1.0,0.0355,0.0,0,0.0,0.1111,0
f29efde66ec8b2227e3429a3c7218565850c7da03e2850834554f0122351afed,9,0,0.0,1,1,9.0,5,0,0,0,1,0.0,0,2025-12-08 16:15:17.504,2025-12-08 16:30:14.968,1.0,-1.0,0.0355,0.0,0,0.0,0.1111,0
418e60aa887ca280fe1873d2a0b3aa985637fadc3fc35d3c4534e50f4c00f82c,2,1,0.5,1,1,2.0,2,0,1,0,0,0.0,0,2025-12-08 10:00:10.202,2025-12-08 10:02:30.905,1.0,0.0,0.0142,0.0,0,0.0,0.0,0
07a663c0c62536e610abbef080c37353b47ad04a7a081e72b8a1c08ff815f241,2,0,0.0,1,1,2.0,2,0,0,0,0,0.0,0,2025-12-08 04:01:27.558,2025-12-08 04:01:49.794,1.0,-1.0,0.0142,0.0,0,0.0,0.0,0
c8777d57e0189dcd154edc75d2b1016c0267ea9a1c19082a3468ad1b29efce3b,9,0,0.0,1,1,9.0,5,0,0,0,1,0.0,0,2025-12-08 09:08:18.688,2025-12-08 09:14:15.436,1.0,-1.0,0.0355,0.0,0,0.0,0.1111,0
5062c44beedf97454e696792f46272ffed4d6c15d8b50620c7de8b9396725200,16,4,0.25,1,1,16.0,7,0,1,0,1,0.0,1,2025-12-08 02:40:21.016,2025-12-08 02:42:04.811,1.0,1.69,0.0496,0.0,0,0.013,0.5,0
fb032b1f5e978a251bd679a1b0173d7d4f3f8547ca83e3fae4f4360c543ccef9,1,1,1.0,1,1,1.0,1,0,1,0,0,0.0,0,2025-12-08 16:41:58.658,2025-12-08 16:41:58.658,1.0,0.0,0.0071,0.0,0,0.0,0.0,0
eebb45e1f4a1dc7b81c5d632bf9398a97ba7b8594d66ca5edec0dde9ca7484f2,1,0,0.0,1,1,1.0,1,0,0,0,0,0.0,0,2025-12-08 18:23:33.819,2025-12-08 18:23:33.819,1.0,-1.0,0.0071,0.0,0,0.0,0.0,0
9b59b9d4d9668ece3df0ee310132e44b57aadb59378c156184b7ffeb1a83eefd,1,0,0.0,1,1,1.0,1,0,0,0,1,0.0,0,2025-12-08 17:35:17.119,2025-12-08 17:35:17.119,1.0,-1.0,0.0071,0.0,0,0.0,1.0,0
08812fdb8893a6de45edd2b6223caf038183c6862685cb90fb47ea2ab701108a,1,0,0.0,1,1,1.0,1,0,0,0,1,0.0,0,2025-12-08 10:56:30.293,2025-12-08 10:56:30.293,1.0,-1.0,0.0071,0.0,0,0.0,1.0,0
df1220758110ff0029817b88a95dfa8c8416989888de2bfd07c9c0404a3d43f7,11,0,0.0,1,2,5.5,7,0,0,0,1,0.0,0,2025-12-08 18:07:23.356,2025-12-08 18:26:32.227,1.0,-1.0,0.0496,0.0,0,0.0,0.0909,0
3e0a6805225d4c80b0d23182995f04e4e27b11c925d1db692a7625d7a864e7d5,2,0,0.0,1,2,1.0,1,0,0,0,0,0.0,0,2025-12-08 05:22:48.137,2025-12-08 17:33:47.986,1.0,-1.0,0.0071,0.0,0,0.0,0.0,0
807f20213baea4cb5692486de143f8b65138616be16cd7ffc89037791484ce07,3,0,0.0,1,1,3.0,1,0,0,0,0,0.0,0,2025-12-08 07:21:45.881,2025-12-08 08:01:21.789,1.0,-1.0,0.0071,0.0,0,0.0,0.0,0
afeceee3486ebbe1879317bdb369141c021ee0c53f538f58e993b3646dc5cf9c,3,0,0.0,1,2,1.5,1,0,0,0,0,0.0,0,2025-12-08 10:00:21.505,2025-12-08 11:51:41.141,1.0,-1.0,0.0071,0.0,0,0.0,0.0,0
64362b528d13fc908a8739092491bd3507c989ee129c673855d33ad70cf6f1af,9,0,0.0,1,1,9.0,5,0,0,0,1,0.0,0,2025-12-08 12:48:15.542,2025-12-08 12:56:13.635,1.0,-1.0,0.0355,0.0,0,0.0,0.1111,0
a3402c0bcdba4a29caf7742661cec966cdc9365fd0e5070b10544ac1b5ae77b1,3,1,0.3333,1,1,3.0,2,0,1,0,0,0.0,0,2025-12-08 13:51:55.962,2025-12-08 13:57:16.657,1.0,5.2,0.0142,0.0,0,0.0,0.0,0
9359143df8d0f914687be25d62b593e2628698cf5b24c58295736cb8c0f27e77,1,0,0.0,1,1,1.0,1,0,0,0,0,0.0,0,2025-12-08 14:17:13.281,2025-12-08 14:17:13.281,1.0,-1.0,0.0071,0.0,0,0.0,0.0,0
174e979513ea955a113d372394180a726b2c6142ee317f79e49c1b66f8885357,3,0,0.0,1,1,3.0,1,0,0,0,0,0.0,0,2025-12-08 02:24:51.195,2025-12-08 02:24:59.591,1.0,-1.0,0.0071,0.0,0,0.0,0.0,0
2bd2a519f7b22b1e1fa76c90bf720304d590a1ba43a6bb9789d68210dc7df090,4,0,0.0,1,1,4.0,1,0,0,0,0,0.0,0,2025-12-08 04:58:40.072,2025-12-08 05:04:22.124,1.0,-1.0,0.0071,0.0,0,0.0,0.0,0
1ac4c6bd6472cdbd942efafdd6c6178c9dd07aef8251c9b10f1483134841b1ac,1,0,0.0,1,1,1.0,1,0,0,0,1,0.0,0,2025-12-08 06:48:47.901,2025-12-08 06:48:47.901,1.0,-1.0,0.0071,0.0,0,0.0,1.0,0
25118c7e4b69268a12f44d5e63d354f5f1ac519bad992508f70ff15d1a0c3843,4,0,0.0,1,1,4.0,4,0,0,0,1,0.0,0,2025-12-08 07:47:17.026,2025-12-08 07:50:12.992,1.0,-1.0,0.0284,0.0,0,0.0,0.25,0
b63afe0e61f86a7a825c0efebecb4da9e32d0f9475b5e5bfbc82321bed054c5e,4,2,0.5,1,1,4.0,2,0,1,0,0,0.0,0,2025-12-08 16:14:04.464,2025-12-08 16:19:40.656,1.0,0.0,0.0142,0.0,0,0.0,0.0,0
4fa8a53619dd15aac6f2fd1e63337109dd3c48c8bf10764fe9766c8763f93c89,1,0,0.0,1,1,1.0,1,0,0,0,0,0.0,0,2025-12-08 20:08:50.467,2025-12-08 20:08:50.467,1.0,-1.0,0.0071,0.0,0,0.0,0.0,0
59ae8300aa88225c3d46ca81d687117781fa418dc204ecbd29e74fb4e7d3a8a0,1,0,0.0,1,1,1.0,1,0,0,0,1,0.0,0,2025-12-08 18:24:00.096,2025-12-08 18:24:00.096,1.0,-1.0,0.0071,0.0,0,0.0,1.0,0
967b4260dd6c80f0423ccb6d4672df8fe4c0651283f87b553f8a8dda845ebd23,1,0,0.0,1,1,1.0,1,0,0,0,0,0.0,0,2025-12-08 16:18:52.068,2025-12-08 16:18:52.068,1.0,-1.0,0.0071,0.0,0,0.0,0.0,0
c8fab1a6ac254c298552f2d1548e5f51151db0fed6a2791159b7d29f818fed80,9,0,0.0,1,2,4.5,5,0,0,0,1,0.0,0,2025-12-08 10:00:35.777,2025-12-08 11:51:42.938,1.0,-1.0,0.0355,0.0,0,0.0,0.1111,0
a85e096691067add4bea749b153286f4e28dd669a2e084b1018ab26336ef9bb7,2,2,1.0,1,1,2.0,1,0,1,0,0,0.0,0,2025-12-08 02:12:30.611,2025-12-08 02:14:00.837,1.0,0.0,0.0071,0.0,0,0.0,0.0,0
84d9241f47853a7fe1a62dd396f2414b5c5ec8651bdcf657f4c4c1330e2e194f,8,0,0.0,1,1,8.0,4,0,0,0,1,0.0,0,2025-12-08 06:08:54.395,2025-12-08 06:09:03.679,1.0,-1.0,0.0284,0.0,0,0.0,0.125,0
338f677dc5c48646483f23b0321a2640f2b5a101d14f9851e655ae8382bcaf8e,1,0,0.0,1,1,1.0,1,0,0,0,0,0.0,0,2025-12-08 14:10:20.562,2025-12-08 14:10:20.562,1.0,-1.0,0.0071,0.0,0,0.0,0.0,0
b9d8a8275fddfc2563838137fb1a978c91c93fd756b2150e8009771b8aa6f195,8,0,0.0,1,1,8.0,5,0,0,0,1,0.0,0,2025-12-08 17:45:24.814,2025-12-08 17:46:14.346,1.0,-1.0,0.0355,0.0,0,0.0,0.125,0
ed8e726f90943965d2c4df84da7a6987375b8538e3275e32994d7a4188fff40b,8,0,0.0,1,1,8.0,4,0,0,0,1,0.0,0,2025-12-08 18:09:54.928,2025-12-08 18:10:13.029,1.0,-1.0,0.0284,0.0,0,0.0,0.125,0
1cfa341f9531d2ba6f1d71c1d6febc595f73208a2a5801999ec7339bd609c7a2,2,0,0.0,1,1,2.0,1,0,0,0,0,0.0,0,2025-12-08 17:45:05.588,2025-12-08 17:46:12.834,1.0,-1.0,0.0071,0.0,0,0.0,0.0,0
23dfb4997c7c92936ee51edfc302b613de667a5580f1b40e1639a788391feea6,2,0,0.0,1,1,2.0,2,0,0,0,1,0.0,0,2025-12-08 17:20:07.518,2025-12-08 17:20:10.521,1.0,-1.0,0.0142,0.0,0,0.0,0.5,0
e9549a1a59780fb2b9b137f338bbf4620e7875710105a22dc801e5805f40d23c,3,0,0.0,1,1,3.0,3,0,0,0,1,0.0,0,2025-12-08 15:47:53.043,2025-12-08 15:48:20.668,1.0,-1.0,0.0213,0.0,0,0.0,0.3333,0
fe9d8789fe1cedd049f2b7282f5048ed3bd0f6cae19feff34fdf64548005340b,4,0,0.0,1,1,4.0,4,0,0,0,1,0.0,0,2025-12-08 16:27:11.159,2025-12-08 16:27:52.906,1.0,-1.0,0.0284,0.0,0,0.0,0.25,0
f1dd7fa8ea07cc1d013642bacc9048f139b20c3befb692298c164ce2b0f633cd,5,0,0.0,1,1,5.0,5,0,0,0,1,0.0,0,2025-12-08 18:10:04.524,2025-12-08 18:32:46.429,1.0,-1.0,0.0355,0.0,0,0.0,0.2,0
cec06b00154675ca65f0da28f1d3a305beab3cd3a6058397ffea00689f91f673,4,0,0.0,1,1,4.0,1,0,0,0,0,0.0,0,2025-12-08 16:11:02.308,2025-12-08 16:13:41.052,1.0,-1.0,0.0071,0.0,0,0.0,0.0,0
05e779db2930e9f2ee258c4193811cd694c33152f5a7121b51e5052e7ae83e94,3,0,0.0,1,1,3.0,1,0,0,0,0,0.0,0,2025-12-08 07:26:38.402,2025-12-08 07:51:19.940,1.0,-1.0,0.0071,0.0,0,0.0,0.0,0
68ba60c8bc6e3a3104ea6c899c2ce39bb2c8c5f97e98c6b1c1b62f428630cff2,7,0,0.0,1,1,7.0,4,0,0,0,1,0.0,0,2025-12-08 11:00:45.826,2025-12-08 11:01:57.792,1.0,-1.0,0.0284,0.0,0,0.0,0.1429,0
07604f838e9efa29537f425f96f5c7ca25ab1c8727b3a6de5a9364b4b04c7d84,1,1,1.0,1,1,1.0,1,0,1,0,0,0.0,0,2025-12-08 07:10:39.767,2025-12-08 07:10:39.767,1.0,0.0,0.0071,0.0,0,0.0,0.0,0
44cc86b406a08987a6ec2d5a74639b929ad5d46a75337e04c01c491913b9a8db,2,0,0.0,1,1,2.0,1,0,0,0,0,0.0,0,2025-12-08 07:25:12.211,2025-12-08 07:29:53.832,1.0,-1.0,0.0071,0.0,0,0.0,0.0,0
72d64a842c4e728404fcf62599c46c4b7f322e6d95762cf4392a225bec1d0883,3,0,0.0,1,1,3.0,3,0,0,0,1,0.0,0,2025-12-08 07:43:57.047,2025-12-08 07:44:50.488,1.0,-1.0,0.0213,0.0,0,0.0,0.3333,0
7e4c4c993673b6159eec015fb6984f053eba3c2a64c8a95f38621312fc2ce7a3,2,0,0.0,1,1,2.0,1,0,0,0,0,0.0,0,2025-12-08 16:37:43.790,2025-12-08 16:47:03.671,1.0,-1.0,0.0071,0.0,0,0.0,0.0,0
de2ba151e492dcd511a33aecce993ea1340825a506c6a3a28402d58aa2cf45ac,1,0,0.0,1,1,1.0,1,0,0,0,0,0.0,0,2025-12-08 18:09:46.036,2025-12-08 18:09:46.036,1.0,-1.0,0.0071,0.0,0,0.0,0.0,0
b60a36dd490c9f3897d82452a908be5e907d88b338e68a692ee41957951d7038,5,0,0.0,1,1,5.0,4,0,0,0,1,0.0,0,2025-12-08 17:02:06.322,2025-12-08 17:10:18.059,1.0,-1.0,0.0284,0.0,0,0.0,0.2,0
659d45b58550f17825a235a0c3857e7dc5bc5aff29d38d871f76d9731565ca25,4,0,0.0,1,1,4.0,4,0,0,0,1,0.0,0,2025-12-08 14:12:26.033,2025-12-08 14:14:16.782,1.0,-1.0,0.0284,0.0,0,0.0,0.25,0
997da60ecb749db53ea4512ea766e3d80e424e4e0c965b04ebaf174f2d3ff576,1,1,1.0,1,1,1.0,1,0,1,0,0,0.0,0,2025-12-08 02:33:17.393,2025-12-08 02:33:17.393,1.0,0.0,0.0071,0.0,0,0.0,0.0,0
e7e913a141bc3944118dd97a698e45fc76dc2d73e68439f0dd3e171bb07bd943,1,0,0.0,1,1,1.0,1,0,0,0,0,0.0,0,2025-12-08 15:26:05.802,2025-12-08 15:26:05.802,1.0,-1.0,0.0071,0.0,0,0.0,0.0,0
67ae418611795b053aefbbb31e7f96eab914c5fc1eb27ec4d50006ac45d3ed9f,3,0,0.0,1,1,3.0,1,0,0,0,0,0.0,0,2025-12-08 12:05:52.100,2025-12-08 12:17:05.740,1.0,-1.0,0.0071,0.0,0,0.0,0.0,0
67a714d9537a52ecbd00477691ebc77e06a4e972bf87c03177d2b27b8c85eeaf,1,0,0.0,1,1,1.0,1,0,0,0,0,0.0,0,2025-12-08 16:33:06.907,2025-12-08 16:33:06.907,1.0,-1.0,0.0071,0.0,0,0.0,0.0,0
1bf536497cd942dc6e530feba12f8d93e19647030919f16550956b6501e78a14,1,0,0.0,1,1,1.0,1,0,0,0,0,0.0,0,2025-12-08 16:03:07.695,2025-12-08 16:03:07.695,1.0,-1.0,0.0071,0.0,0,0.0,0.0,0
c807031c4334b19067f18017d75d7ccad9c7f69513291132b17177301e721ab5,7,0,0.0,1,1,7.0,4,0,0,0,1,0.0,0,2025-12-08 16:44:03.318,2025-12-08 16:44:18.390,1.0,-1.0,0.0284,0.0,0,0.0,0.1429,0
37f437d38957b83828043747d4a481ef2500bf1220b85eea362c4279af1001dd,1,0,0.0,1,1,1.0,1,0,0,0,0,0.0,0,2025-12-08 15:23:34.314,2025-12-08 15:23:34.314,1.0,-1.0,0.0071,0.0,0,0.0,0.0,0
3cfe02cabb722ec7d46369396ad6398420e1da08d5d6ddd1a88933d54663a8e8,1,0,0.0,1,1,1.0,1,0,0,0,0,0.0,0,2025-12-08 17:55:31.015,2025-12-08 17:55:31.015,1.0,-1.0,0.0071,0.0,0,0.0,0.0,0
d69d4b1717912a611bb10fd181824c8e71ffd7cc6980b84fdb8c4e570d8173fe,4,0,0.0,1,1,4.0,4,0,0,0,1,0.0,0,2025-12-08 18:26:02.394,2025-12-08 18:26:23.964,1.0,-1.0,0.0284,0.0,0,0.0,0.25,0
52c7fef325b7c08e9df1cb5504958dd9a9184e1d5547683fc9b90e14012d791e,3,0,0.0,1,1,3.0,1,0,0,0,0,0.0,0,2025-12-08 06:07:43.586,2025-12-08 06:08:33.864,1.0,-1.0,0.0071,0.0,0,0.0,0.0,0
4cded54858d609e1a1b8473ecfad2dfe4c084448e9f77b3693539a2e885968ee,2,0,0.0,1,2,1.0,1,0,0,0,0,0.0,0,2025-12-08 05:23:48.279,2025-12-08 18:08:25.337,1.0,-1.0,0.0071,0.0,0,0.0,0.0,0
3a1327951968fad4f68bf9cc27803c47a94939e1dba502fd06428a54f3681117,1,0,0.0,1,1,1.0,1,0,0,0,1,0.0,0,2025-12-08 13:51:58.653,2025-12-08 13:51:58.653,1.0,-1.0,0.0071,0.0,0,0.0,1.0,0
b67265863dfc26b26fedee9f88190de0fb8f156d187f63082a7b5e8b60f58210,1,0,0.0,1,1,1.0,1,0,0,0,0,0.0,0,2025-12-08 22:40:55.561,2025-12-08 22:40:55.561,1.0,-1.0,0.0071,0.0,0,0.0,0.0,0
6feb7fdcfb5acdc9194a263a066a02e517112e9002a82b2a581fd71789217465,1,0,0.0,1,1,1.0,1,0,0,0,0,0.0,0,2025-12-08 13:17:13.453,2025-12-08 13:17:13.453,1.0,-1.0,0.0071,0.0,0,0.0,0.0,0
68b3e80dc47bfc47f43b2a97dd14c0c299117d3ea37130f95abddfd8c9ce332c,4,0,0.0,1,1,4.0,4,0,0,0,1,0.0,0,2025-12-08 16:54:02.571,2025-12-08 16:54:55.930,1.0,-1.0,0.0284,0.0,0,0.0,0.25,0
5545567cb388a55d41e326754fd6258a9bda73d7e6a7c8a8ca8a1df32ccef664,5,0,0.0,1,1,5.0,5,0,0,0,1,0.0,0,2025-12-08 12:32:36.549,2025-12-08 12:33:16.743,1.0,-1.0,0.0355,0.0,0,0.0,0.6,0
8bfa1adfe36d8a2a259937735ba14b9972aee7c2dabf2ddd6d89ac2db4d56462,2,0,0.0,1,1,2.0,1,0,0,0,0,0.0,0,2025-12-08 10:57:26.704,2025-12-08 10:57:28.665,1.0,-1.0,0.0071,0.0,0,0.0,0.0,0
c4e1b37def6c1451692d8b94ee4a8f3ef6096cbc4004fba9ca893b87ddd803b6,3,1,0.3333,1,2,1.5,2,0,1,0,0,0.0,0,2025-12-08 06:40:51.223,2025-12-08 12:13:40.482,1.0,1.7,0.0142,0.0,0,0.0,0.0,0
a75447b02bb04d2fa09b45492830dbb05b7cce070d2e4435dc74d9c20c747720,3,0,0.0,1,1,3.0,3,0,0,0,1,0.0,0,2025-12-08 04:42:22.859,2025-12-08 04:43:33.425,1.0,-1.0,0.0213,0.0,0,0.0,0.3333,0
b305b79e2cccc1bb2284ba78b617304b54ab1b2748c3098c71640f423d3bcc90,1,0,0.0,1,1,1.0,1,0,0,0,0,0.0,0,2025-12-08 14:39:00.431,2025-12-08 14:39:00.431,1.0,-1.0,0.0071,0.0,0,0.0,0.0,0
b0be5014bc92670d5c20e7a5f98734fd08fcd34e737aa54224792d1fb21bbb66,1,0,0.0,1,1,1.0,1,0,0,0,0,0.0,0,2025-12-08 16:41:46.946,2025-12-08 16:41:46.946,1.0,-1.0,0.0071,0.0,0,0.0,0.0,0
73274ba209c67ed4434fca38f1a233f417b78f5b44d78bcd4957aeb14e73c068,4,0,0.0,1,1,4.0,4,0,0,0,1,0.0,0,2025-12-08 05:52:44.322,2025-12-08 05:53:13.024,1.0,-1.0,0.0284,0.0,0,0.0,0.25,0
8ce70c270fe130e0a881a4d1fa189a9b754313d21a56983a8508a1b03d7e8ffb,3,0,0.0,1,1,3.0,1,0,0,0,0,0.0,0,2025-12-08 16:05:49.845,2025-12-08 16:06:00.523,1.0,-1.0,0.0071,0.0,0,0.0,0.0,0
037d21950a6b068c60e2880c07dece295beea019e272fdce3c7b54b3fb9d2e17,1,0,0.0,1,1,1.0,1,0,0,0,1,0.0,0,2025-12-08 16:14:25.056,2025-12-08 16:14:25.056,1.0,-1.0,0.0071,0.0,0,0.0,1.0,0
51de02673de5425cca821cd52b69bf53e12fe8d7cf941b86ad4052154bb72b26,1,0,0.0,1,1,1.0,1,0,0,0,1,0.0,0,2025-12-08 16:00:06.025,2025-12-08 16:00:06.025,1.0,-1.0,0.0071,0.0,0,0.0,1.0,0
5b22f25898dcc0e3431c73b2c6fef39337635006e7c4fc297fa34e982f3ffa82,3,0,0.0,1,1,3.0,3,0,0,0,1,0.0,0,2025-12-08 16:01:24.919,2025-12-08 16:01:57.568,1.0,-1.0,0.0213,0.0,0,0.0,0.3333,0
cd7e0c9e121d204f888800f77aa4671d783c292a605b8e08acacb651efa9dae6,1,1,1.0,1,1,1.0,1,0,1,0,0,0.0,0,2025-12-08 17:28:48.915,2025-12-08 17:28:48.915,1.0,0.0,0.0071,0.0,0,0.0,0.0,0
73bd39905556ab4768497d992045e49ad1682fe299c4ac3d7922baefa1290420,1,0,0.0,1,1,1.0,1,0,0,0,0,0.0,0,2025-12-08 05:29:19.058,2025-12-08 05:29:19.058,1.0,-1.0,0.0071,0.0,0,0.0,0.0,0
e78cb9ec91e077d8301ba31e736b1bc5a0f65bd96970b6b482decd91cf3936fe,2,0,0.0,1,1,2.0,1,0,0,0,0,0.0,0,2025-12-08 09:08:53.942,2025-12-08 09:08:56.452,1.0,-1.0,0.0071,0.0,0,0.0,0.0,0
96af25f1edb8b0f4543c84fc9f249b1034a03e3b23bae0dab1f2d63d1eb0d04d,4,0,0.0,1,2,2.0,4,0,0,0,1,0.0,0,2025-12-08 07:35:18.530,2025-12-08 09:25:51.987,1.0,-1.0,0.0284,0.0,0,0.0,0.25,0
ba54c3fd48df1d60388a151f10042ebae7da0b811ec685eab1a1d6794f63199b,1,1,1.0,1,1,1.0,1,0,1,0,0,0.0,0,2025-12-08 04:40:57.690,2025-12-08 04:40:57.690,1.0,0.0,0.0071,0.0,0,0.0,0.0,0
926a4026090ce38359be9a861b74a3497c7fd251652a3adcaf6969d768caefe1,3,0,0.0,1,1,3.0,1,0,0,0,0,0.0,0,2025-12-08 11:18:57.320,2025-12-08 11:20:08.466,1.0,-1.0,0.0071,0.0,0,0.0,0.0,0
75f9b25aa1117722e257109d9532b0079a5b484fd60b702471ce356c784efc5e,3,0,0.0,1,1,3.0,1,0,0,0,0,0.0,0,2025-12-08 07:47:55.924,2025-12-08 07:49:35.160,1.0,-1.0,0.0071,0.0,0,0.0,0.0,0
67e61bb892668fc30f568e9a053a2cc0ce68f900ad4071191c0be9792b9ccb05,5,0,0.0,1,1,5.0,5,0,0,0,1,0.0,0,2025-12-08 14:26:14.763,2025-12-08 14:46:06.668,1.0,-1.0,0.0355,0.0,0,0.0,0.2,0
978391d498ae3b428e8a9a726fcbe0cfe73cddeadeaa7197da296a7a97eeac13,2,0,0.0,1,1,2.0,1,0,0,0,0,0.0,0,2025-12-08 07:46:51.905,2025-12-08 07:50:10.712,1.0,-1.0,0.0071,0.0,0,0.0,0.0,0
a84ac534f23ab4ebffab472c5c6cd3f16ae7817b4945805f806fde461e79433e,4,0,0.0,1,1,4.0,4,0,0,0,1,0.0,0,2025-12-08 18:18:09.569,2025-12-08 18:18:30.022,1.0,-1.0,0.0284,0.0,0,0.0,0.25,0
8fdf0258f542455cb520b854ddc711dfea2f573f891d1725071a9dc68f4807af,2,0,0.0,1,1,2.0,1,0,0,0,0,0.0,0,2025-12-08 14:25:33.818,2025-12-08 14:29:17.542,1.0,-1.0,0.0071,0.0,0,0.0,0.0,0
a6ba7f712ee49693d2743dd7efd38a72cb5cdf3b54e307fe2e6d13e0e03240ae,1,0,0.0,1,1,1.0,1,0,0,0,0,0.0,0,2025-12-08 10:42:08.503,2025-12-08 10:42:08.503,1.0,-1.0,0.0071,0.0,0,0.0,0.0,0
4f96178b8aff605692458df2e5bb82ea8c882398c4e087a8b233a3ca94484773,1,0,0.0,1,1,1.0,1,0,0,0,0,0.0,0,2025-12-08 16:56:19.538,2025-12-08 16:56:19.538,1.0,-1.0,0.0071,0.0,0,0.0,0.0,0
de0860f0d081ca3eeb7a935d95dca40823f96d69e177253a3a85c4a5e056c885,3,0,0.0,1,1,3.0,3,0,0,0,1,0.0,0,2025-12-08 16:04:06.978,2025-12-08 16:04:24.443,1.0,-1.0,0.0213,0.0,0,0.0,0.3333,0
7dbbdd79896606417a11ac24fa7e3a8a4eeb1d8a69bdbba09af79f9482344467,2,0,0.0,1,1,2.0,1,0,0,0,0,0.0,0,2025-12-08 15:39:13.045,2025-12-08 15:39:20.444,1.0,-1.0,0.0071,0.0,0,0.0,0.0,0
724d12351527703e5fdc8aa424fcfc36797b2d451784c3c2c43bd465d8735aa8,1,0,0.0,1,1,1.0,1,0,0,0,1,0.0,0,2025-12-08 16:43:28.574,2025-12-08 16:43:28.574,1.0,-1.0,0.0071,0.0,0,0.0,1.0,0
bc2113bb2b6757c46d61a59e99c0b4e393908f466d8e5d47857a8d3cfaefe715,2,0,0.0,1,2,1.0,1,0,0,0,0,0.0,0,2025-12-08 12:49:14.515,2025-12-08 16:00:02.661,1.0,-1.0,0.0071,0.0,0,0.0,0.0,0
bc207901ebc4f01df2424c3637079211cdb465bfb07fbfb9b9ae5654048bbcb0,1,0,0.0,1,1,1.0,1,0,0,0,1,0.0,0,2025-12-08 17:52:39.907,2025-12-08 17:52:39.907,1.0,-1.0,0.0071,0.0,0,0.0,1.0,0
d619e05028f8266a0e396172cdef74a8ef740ad805b3c7551186c774a672d7c1,1,0,0.0,1,1,1.0,1,0,0,0,0,0.0,0,2025-12-08 19:56:05.023,2025-12-08 19:56:05.023,1.0,-1.0,0.0071,0.0,0,0.0,0.0,0
cc690550dbad9ff266256bd1d95ff7c08092cd49e97930f753196f0c70f10818,1,0,0.0,1,1,1.0,1,0,0,0,0,0.0,0,2025-12-08 16:26:12.680,2025-12-08 16:26:12.680,1.0,-1.0,0.0071,0.0,0,0.0,0.0,0
55cb4fae15423ca596d82d19b1ce5bc898fa0b0edf4efc24da78d7b375210b3a,3,0,0.0,1,2,1.5,1,0,0,0,0,0.0,0,2025-12-08 06:14:37.689,2025-12-08 17:43:22.885,1.0,-1.0,0.0071,0.0,0,0.0,0.0,0
2659160ebcd1714bfb43892db3021b2387164c337e7199f1b516b7e3a0878951,1,0,0.0,1,1,1.0,1,0,0,0,0,0.0,0,2025-12-08 09:56:13.475,2025-12-08 09:56:13.475,1.0,-1.0,0.0071,0.0,0,0.0,0.0,0
5e64cdf948356cd3a3d3b97b89434c63129da93b9dfc9059825b9e4c584bcae1,3,0,0.0,1,1,3.0,1,0,0,0,0,0.0,0,2025-12-08 16:28:06.194,2025-12-08 16:28:10.950,1.0,-1.0,0.0071,0.0,0,0.0,0.0,0
f1c8e50a445c0b8f6256a0420f514274c76156dab3f14a157e07be7ad5d2f979,1,0,0.0,1,1,1.0,1,0,0,0,1,0.0,0,2025-12-08 09:41:16.806,2025-12-08 09:41:16.806,1.0,-1.0,0.0071,0.0,0,0.0,1.0,0
d7e9eec63b7b200ec012873f435b32b92e26ed7170371830a9b7140d184b62f7,1,0,0.0,1,1,1.0,1,0,0,0,0,0.0,0,2025-12-08 14:11:29.238,2025-12-08 14:11:29.238,1.0,-1.0,0.0071,0.0,0,0.0,0.0,0
89d4e1e948e62553fbf1bd8d0f886655907547b6a8de7a1d6244174cdafca112,2,1,0.5,1,1,2.0,2,0,1,0,0,0.0,0,2025-12-08 10:09:11.703,2025-12-08 10:09:19.089,1.0,0.12,0.0142,0.0,0,0.0,0.0,0
f2b5a399da4f213b76cb0c246ea501276f51de4e47083fabf30f845387e68cd6,1,0,0.0,1,1,1.0,1,0,0,0,0,0.0,0,2025-12-08 12:53:11.957,2025-12-08 12:53:11.957,1.0,-1.0,0.0071,0.0,0,0.0,0.0,0
c9b27db548368f1939370f8cb289341582ebff49e4ee3cd7471c6ad70776b4bd,1,1,1.0,1,1,1.0,1,0,1,0,0,0.0,0,2025-12-08 11:41:18.216,2025-12-08 11:41:18.216,1.0,0.0,0.0071,0.0,0,0.0,0.0,0
0776c62144088e380e8a76ac3e45997e578177f994491a914d563c89c61e4384,1,0,0.0,1,1,1.0,1,0,0,0,0,0.0,0,2025-12-08 13:26:57.722,2025-12-08 13:26:57.722,1.0,-1.0,0.0071,0.0,0,0.0,0.0,0
472e70dcb1461b00b77b1c969fd11c5d5c0f87bab98e5acda2d250c0d778fd98,3,0,0.0,1,2,1.5,3,0,0,0,1,0.0,0,2025-12-08 12:35:19.268,2025-12-08 12:49:05.061,1.0,-1.0,0.0213,0.0,0,0.0,0.3333,0
b3d01c40cd341529c8ef739e6b34ef4150b7d7c8c7af3afe945c99fd1574ff34,1,0,0.0,1,1,1.0,1,0,0,0,1,0.0,0,2025-12-08 16:57:52.683,2025-12-08 16:57:52.683,1.0,-1.0,0.0071,0.0,0,0.0,1.0,0
dca3c6e1cd8a63faf62529db7bb0756f8abe2f7ef04bfd5457dafd255f119c2f,1,0,0.0,1,1,1.0,1,0,0,0,1,0.0,0,2025-12-08 18:30:12.321,2025-12-08 18:30:12.321,1.0,-1.0,0.0071,0.0,0,0.0,1.0,0
7a3051c6a2587783778bc594307109a11aba7d8a6028bee78fcd2757848bdbba,1,1,1.0,1,1,1.0,1,0,1,0,0,0.0,0,2025-12-08 09:21:11.630,2025-12-08 09:21:11.630,1.0,0.0,0.0071,0.0,0,0.0,0.0,0
c43c25d6405a0470cfdda09dc0383812fb30af7648fb7372ee86bb5acbc62058,2,1,0.5,1,1,2.0,2,0,1,0,0,0.0,0,2025-12-08 07:15:46.170,2025-12-08 07:17:45.618,1.0,0.0,0.0142,0.0,0,0.0,0.0,0
e1fc03fccf1b4780d37107787e0513da3f25c9b5761ef91247062ae9ba3ead5e,1,0,0.0,1,1,1.0,1,0,0,0,0,0.0,0,2025-12-08 10:57:33.943,2025-12-08 10:57:33.943,1.0,-1.0,0.0071,0.0,0,0.0,0.0,0
26d8dd770fd4841f58e820556af42d2fb3d2c0edd33f5d9da4215166469c534c,1,0,0.0,1,1,1.0,1,0,0,0,0,0.0,0,2025-12-08 19:38:04.640,2025-12-08 19:38:04.640,1.0,-1.0,0.0071,0.0,0,0.0,0.0,0
cf870aac87a7f76b0912ebe5478f94c1a7e752a500eddc2ab639830471aeef49,1,0,0.0,1,1,1.0,1,0,0,0,0,0.0,0,2025-12-08 05:30:08.937,2025-12-08 05:30:08.937,1.0,-1.0,0.0071,0.0,0,0.0,0.0,0
72fad8cba1332ccfddb5075093d3c3777415d722893ba5e1b8cc69544f144839,3,0,0.0,1,1,3.0,3,0,0,0,1,0.0,0,2025-12-08 16:19:12.549,2025-12-08 16:19:41.869,1.0,-1.0,0.0213,0.0,0,0.0,0.3333,0
c10edadceca9d0fff8f97578cd63f3678c536cacbb01aca14df094afd4f646a8,1,0,0.0,1,1,1.0,1,0,0,0,0,0.0,0,2025-12-08 05:50:18.457,2025-12-08 05:50:18.457,1.0,-1.0,0.0071,0.0,0,0.0,0.0,0
0cd24c8a88650d5ffc5b6396e4247d4b37c17bf52c169bf5dfc6fa26f45629af,2,0,0.0,1,1,2.0,2,0,0,0,1,0.0,0,2025-12-08 05:29:53.468,2025-12-08 05:29:55.594,1.0,-1.0,0.0142,0.0,0,0.0,0.5,0
b30c610d1abdcea49bf5156223e0b8717141cb9e9d519de060e5bd3a0c64b166,1,0,0.0,1,1,1.0,1,0,0,0,0,0.0,0,2025-12-08 14:24:18.595,2025-12-08 14:24:18.595,1.0,-1.0,0.0071,0.0,0,0.0,0.0,0
b3a6c978abd2ce7371cc8fc92f12ae5b767a5079789d1deeb8298c3706193380,1,1,1.0,1,1,1.0,1,0,1,0,0,0.0,0,2025-12-08 04:51:20.436,2025-12-08 04:51:20.436,1.0,0.0,0.0071,0.0,0,0.0,0.0,0
1cd5b33a70e84eed2d720ce86b47c17e35a1a76e01b03731e455feb0cf147e78,1,0,0.0,1,1,1.0,1,0,0,0,1,0.0,0,2025-12-08 11:32:11.595,2025-12-08 11:32:11.595,1.0,-1.0,0.0071,0.0,0,0.0,1.0,0
24d2e31fcec43458abacb381c6a185ef42224f37f204c1247e59eaa278100204,2,2,1.0,1,1,2.0,1,0,1,0,0,0.0,0,2025-12-08 09:43:14.991,2025-12-08 09:45:45.892,1.0,0.0,0.0071,0.0,0,0.0,0.0,0
aa06b36b6bca32cb2b5c04903c9229b305347900622a667617bb39fed6cf7903,1,0,0.0,1,1,1.0,1,0,0,0,0,0.0,0,2025-12-08 16:14:56.860,2025-12-08 16:14:56.860,1.0,-1.0,0.0071,0.0,0,0.0,0.0,0
a6b341a663a2b56000f05459dab47bf6901cb955f02b4e7d9484fc0983904286,1,0,0.0,1,1,1.0,1,0,0,0,0,0.0,0,2025-12-08 13:51:12.649,2025-12-08 13:51:12.649,1.0,-1.0,0.0071,0.0,0,0.0,0.0,0
35739e28c9d27e85674038fcd6609a26f8ddbc9b30e8ba3bcd12f6976f3498ef,1,0,0.0,1,1,1.0,1,0,0,0,0,0.0,0,2025-12-08 13:39:52.937,2025-12-08 13:39:52.937,1.0,-1.0,0.0071,0.0,0,0.0,0.0,0
882a3813da2cb315e22e305685652ce337d62645f93cce0e92105cbe0db4b646,1,0,0.0,1,1,1.0,1,0,0,0,0,0.0,0,2025-12-08 11:52:41.078,2025-12-08 11:52:41.078,1.0,-1.0,0.0071,0.0,0,0.0,0.0,0
1e97a24ad63e549c468d9cdcc40601a8b41dd7c95e509f4cc236cb0f7504affe,1,0,0.0,1,1,1.0,1,0,0,0,0,0.0,0,2025-12-08 03:53:31.243,2025-12-08 03:53:31.243,1.0,-1.0,0.0071,0.0,0,0.0,0.0,0
2313645e214af565732b9747a2e1f05f5ec6d5214c9b861fa0589adea285a291,2,0,0.0,1,1,2.0,1,0,0,0,0,0.0,0,2025-12-08 04:56:16.738,2025-12-08 04:56:53.531,1.0,-1.0,0.0071,0.0,0,0.0,0.0,0
dac3dc5eab9207588bc96190a92d941491d4d43ad204cf738fd95c9e77482661,1,0,0.0,1,1,1.0,1,0,0,0,0,0.0,0,2025-12-08 17:47:39.821,2025-12-08 17:47:39.821,1.0,-1.0,0.0071,0.0,0,0.0,0.0,0
fb221523689caea15b0f4306f4fc58da6a4568c431196b59ff04fd6b00c59acb,1,0,0.0,1,1,1.0,1,0,0,0,0,0.0,0,2025-12-08 17:09:29.237,2025-12-08 17:09:29.237,1.0,-1.0,0.0071,0.0,0,0.0,0.0,0
b88d118eceb81d42e7bef88be1c7153c1d95ace67c1c8ca2d498e92b8b66afbf,1,0,0.0,1,1,1.0,1,0,0,0,1,0.0,0,2025-12-08 18:26:22.322,2025-12-08 18:26:22.322,1.0,-1.0,0.0071,0.0,0,0.0,1.0,0
086e12bfa2c067d8dc43c637b116b76fd042aa2ff4afdcec51ae8d63ee1c5611,1,1,1.0,1,1,1.0,1,0,1,0,0,0.0,0,2025-12-08 14:26:55.391,2025-12-08 14:26:55.391,1.0,0.0,0.0071,0.0,0,0.0,0.0,0
db00b682722f71b0c2e5562500b3c3abf4b6298cff9d30b778c92c028a5af81a,1,0,0.0,1,1,1.0,1,0,0,0,0,0.0,0,2025-12-08 07:39:08.650,2025-12-08 07:39:08.650,1.0,-1.0,0.0071,0.0,0,0.0,0.0,0
a09b32705be49cb070c430c279fdbd58907ee7617613f87a10093ef4c6b385a3,1,0,0.0,1,1,1.0,1,0,0,0,0,0.0,0,2025-12-08 03:35:54.596,2025-12-08 03:35:54.596,1.0,-1.0,0.0071,0.0,0,0.0,0.0,0
34c85d28835466b069a7a097193849e9e25eb8f7f492116d4be503a39b767a0a,4,0,0.0,1,1,4.0,2,0,0,0,1,0.0,0,2025-12-08 13:39:17.371,2025-12-08 14:26:17.280,1.0,-1.0,0.0142,0.0,0,0.0,1.0,0
3823032626301fe7260601808d8c5f12480b46decae23135d801687831de2585,3,0,0.0,1,1,3.0,1,0,0,0,0,0.0,0,2025-12-08 05:30:35.682,2025-12-08 05:34:20.222,1.0,-1.0,0.0071,0.0,0,0.0,0.0,0
b16e5740bfe52a09a6c955c03d5e1591be8949ec0f863a2a39b1f6609a593906,1,0,0.0,1,1,1.0,1,0,0,0,0,0.0,0,2025-12-08 05:52:00.582,2025-12-08 05:52:00.582,1.0,-1.0,0.0071,0.0,0,0.0,0.0,0
f2fde4af4845724d7756eacd7664c14241cfdbac3e64207cfea375b9fcc2323a,3,0,0.0,1,1,3.0,3,0,0,0,1,0.0,0,2025-12-08 12:54:32.664,2025-12-08 12:55:16.474,1.0,-1.0,0.0213,0.0,0,0.0,0.3333,0
4970e9f7d0c24be8f2cb8fc58bde7db492dd7e400c3bfef772cf14f52f2d3701,1,0,0.0,1,1,1.0,1,0,0,0,1,0.0,0,2025-12-08 17:33:32.698,2025-12-08 17:33:32.698,1.0,-1.0,0.0071,0.0,0,0.0,1.0,0
e633c12db75b68cc3935432bfb24e169e208f730edb67e641ab3029720223c61,1,0,0.0,1,1,1.0,1,0,0,0,1,0.0,0,2025-12-08 16:03:25.856,2025-12-08 16:03:25.856,1.0,-1.0,0.0071,0.0,0,0.0,1.0,0
5d4f8ab02da9e888f448e5560fd3965e674c82cb4f4c315efab2ea26755808af,1,1,1.0,1,1,1.0,1,0,1,0,0,0.0,0,2025-12-08 17:50:37.918,2025-12-08 17:50:37.918,1.0,0.0,0.0071,0.0,0,0.0,0.0,0
49f1680fdcfcc309849965f11474c81b3aefc762de32fe49b66985450d1fa9bb,1,0,0.0,1,1,1.0,1,0,0,0,0,0.0,0,2025-12-08 18:19:57.079,2025-12-08 18:19:57.079,1.0,-1.0,0.0071,0.0,0,0.0,0.0,0
926d9e66824e53e90a611413986b7803059cb734ccf295d23322667be0dbfd41,1,0,0.0,1,1,1.0,1,0,0,0,1,0.0,0,2025-12-08 16:17:33.187,2025-12-08 16:17:33.187,1.0,-1.0,0.0071,0.0,0,0.0,1.0,0
2dcc9bb619b878829b69f518c91c7b2bfa106536b3e320c9badc5cd9f9d22cc6,1,0,0.0,1,1,1.0,1,0,0,0,0,0.0,0,2025-12-08 07:18:50.691,2025-12-08 07:18:50.691,1.0,-1.0,0.0071,0.0,0,0.0,0.0,0
d59eaf8313fa5689756f4f678122f6279a6d67d580b940daed115b1b516afeaa,1,1,1.0,1,1,1.0,1,0,1,0,0,0.0,0,2025-12-08 09:39:35.688,2025-12-08 09:39:35.688,1.0,0.0,0.0071,0.0,0,0.0,0.0,0
7de65a921453cdff1b25619e45e5ce455d0bbe76376b51efbfc705f7b5013a6d,1,1,1.0,1,1,1.0,1,0,1,0,0,0.0,0,2025-12-08 16:04:22.263,2025-12-08 16:04:22.263,1.0,0.0,0.0071,0.0,0,0.0,0.0,0
0bf41f65a1d5ded9f53c803c418863ceb661cc2a2144deede073b2589f8867ca,1,0,0.0,1,1,1.0,1,0,0,0,0,0.0,0,2025-12-08 04:46:09.325,2025-12-08 04:46:09.325,1.0,-1.0,0.0071,0.0,0,0.0,0.0,0
c3a345212970039cad715f7b82b8ba60dc9a21e4239f087b8da37ca75331080a,1,0,0.0,1,1,1.0,1,0,0,0,0,0.0,0,2025-12-08 16:46:13.180,2025-12-08 16:46:13.180,1.0,-1.0,0.0071,0.0,0,0.0,0.0,0
0e3e789d379537b00f814bd720473c4300d44119f1e004a90db7e5318df09782,2,0,0.0,1,1,2.0,2,0,0,0,1,0.0,0,2025-12-08 18:20:23.459,2025-12-08 18:20:25.013,1.0,-1.0,0.0142,0.0,0,0.0,0.5,0
fd551c0b0ce74da1d756d91ef394689c6550d7c988485718629429cd683e84c1,1,0,0.0,1,1,1.0,1,0,0,0,0,0.0,0,2025-12-08 06:23:41.909,2025-12-08 06:23:41.909,1.0,-1.0,0.0071,0.0,0,0.0,0.0,0
59a01df0ee53769c0fbe951e2015e2373d82498422c79be05546398944cba83c,1,0,0.0,1,1,1.0,1,0,0,0,0,0.0,0,2025-12-08 13:17:12.335,2025-12-08 13:17:12.335,1.0,-1.0,0.0071,0.0,0,0.0,0.0,0
f05190a83d969eccff7ecafe70eef85ffc095e1b642dd2760195fd29736644b9,1,1,1.0,1,1,1.0,1,0,1,0,0,0.0,0,2025-12-08 01:39:49.377,2025-12-08 01:39:49.377,1.0,0.0,0.0071,0.0,0,0.0,0.0,0
8e6d5b87f9a7a45275d4347d0141a8b56826e9a5434cfd9243d4812b506eb3a0,1,0,0.0,1,1,1.0,1,0,0,0,0,0.0,0,2025-12-08 07:30:56.733,2025-12-08 07:30:56.733,1.0,-1.0,0.0071,0.0,0,0.0,0.0,0
19588c41df99d9fd133c7ed1fd7c1b334d4a0e4f237409bbd60d174e7c8f924e,1,0,0.0,1,1,1.0,1,0,0,0,1,0.0,0,2025-12-08 09:49:54.796,2025-12-08 09:49:54.796,1.0,-1.0,0.0071,0.0,0,0.0,1.0,0
a010f53499a1cc7b687280f16522709e13e3bd0fdf0d30f5e63ee0586354ab37,1,1,1.0,1,1,1.0,1,0,1,0,0,0.0,0,2025-12-08 17:19:05.932,2025-12-08 17:19:05.932,1.0,0.0,0.0071,0.0,0,0.0,0.0,0
45e1f33355ed15e2dff56dc08cee50e90a19745ef622e41ef2a9bc5458d5c9e6,2,2,1.0,1,2,1.0,1,0,1,0,0,0.0,0,2025-12-08 15:36:39.575,2025-12-08 17:58:17.593,1.0,0.0,0.0071,0.0,0,0.0,0.0,0
bfcab07d458bd2ef39fb2783aee0e3e9836f23d48c7d1b7163d331835db32883,1,0,0.0,1,1,1.0,1,0,0,0,0,0.0,0,2025-12-08 20:56:26.194,2025-12-08 20:56:26.194,1.0,-1.0,0.0071,0.0,0,0.0,0.0,0
75d3f67f1012cb97cc93bff722bd0504733f60c8a281c88b1e2467d30f8a4ac6,1,0,0.0,1,1,1.0,1,0,0,0,0,0.0,0,2025-12-08 14:37:30.972,2025-12-08 14:37:30.972,1.0,-1.0,0.0071,0.0,0,0.0,0.0,0
103ebe7cd608acf6f074735e93ab9525df9a0323dea9d31428a76bb8c71537b7,1,0,0.0,1,1,1.0,1,0,0,0,1,0.0,0,2025-12-08 16:30:12.068,2025-12-08 16:30:12.068,1.0,-1.0,0.0071,0.0,0,0.0,1.0,0
f940889b91b3a275c49d3e23b5c271575d2cf0cb424181f4b6c92e165249f569,1,0,0.0,1,1,1.0,1,0,0,0,1,0.0,0,2025-12-08 15:32:40.901,2025-12-08 15:32:40.901,1.0,-1.0,0.0071,0.0,0,0.0,1.0,0
4394a3fedc29dd94725c21ca40d258918d804fd439b4263cb9d76677d0f63ca7,1,0,0.0,1,1,1.0,1,0,0,0,0,0.0,0,2025-12-08 14:33:10.839,2025-12-08 14:33:10.839,1.0,-1.0,0.0071,0.0,0,0.0,0.0,0
e8c10d7b8e904ef955572ade818964f131576d72f4eea49dfd3e4a73b674eae3,1,0,0.0,1,1,1.0,1,0,0,0,0,0.0,0,2025-12-08 15:26:30.294,2025-12-08 15:26:30.294,1.0,-1.0,0.0071,0.0,0,0.0,0.0,0
6ac7e118ed792701f6b1b2c32a43717e1ea36fff484f90d9f89f9dabef825785,1,0,0.0,1,1,1.0,1,0,0,0,0,0.0,0,2025-12-08 13:31:45.270,2025-12-08 13:31:45.270,1.0,-1.0,0.0071,0.0,0,0.0,0.0,0
2751b4f6f96ee8185cd116b6ea3c721f7ca62dff3cdae5f96366f333c33caf11,1,0,0.0,1,1,1.0,1,0,0,0,0,0.0,0,2025-12-08 17:20:34.423,2025-12-08 17:20:34.423,1.0,-1.0,0.0071,0.0,0,0.0,0.0,0
